
Project_8_Based_Shadow_Alarm_With_GSM_Interface.elf:     file format elf32-avr

Sections:
Idx Name          Size      VMA       LMA       File off  Algn
  0 .text         00003064  00000000  00000000  00000074  2**1
                  CONTENTS, ALLOC, LOAD, READONLY, CODE
  1 .data         00000084  00800060  00003064  000030d8  2**0
                  CONTENTS, ALLOC, LOAD, DATA
  2 .stab         000026e8  00000000  00000000  0000315c  2**2
                  CONTENTS, READONLY, DEBUGGING
  3 .stabstr      00000d00  00000000  00000000  00005844  2**0
                  CONTENTS, READONLY, DEBUGGING
  4 .debug_aranges 00000140  00000000  00000000  00006544  2**0
                  CONTENTS, READONLY, DEBUGGING
  5 .debug_pubnames 00000170  00000000  00000000  00006684  2**0
                  CONTENTS, READONLY, DEBUGGING
  6 .debug_info   00001c49  00000000  00000000  000067f4  2**0
                  CONTENTS, READONLY, DEBUGGING
  7 .debug_abbrev 00000eeb  00000000  00000000  0000843d  2**0
                  CONTENTS, READONLY, DEBUGGING
  8 .debug_line   00000dad  00000000  00000000  00009328  2**0
                  CONTENTS, READONLY, DEBUGGING
  9 .debug_frame  00000160  00000000  00000000  0000a0d8  2**2
                  CONTENTS, READONLY, DEBUGGING
 10 .debug_str    0000028d  00000000  00000000  0000a238  2**0
                  CONTENTS, READONLY, DEBUGGING
 11 .debug_loc    000007ce  00000000  00000000  0000a4c5  2**0
                  CONTENTS, READONLY, DEBUGGING
 12 .debug_ranges 00000050  00000000  00000000  0000ac93  2**0
                  CONTENTS, READONLY, DEBUGGING

Disassembly of section .text:

00000000 <__vectors>:
       0:	0c 94 2a 00 	jmp	0x54	; 0x54 <__ctors_end>
       4:	0c 94 3f 00 	jmp	0x7e	; 0x7e <__bad_interrupt>
       8:	0c 94 3f 00 	jmp	0x7e	; 0x7e <__bad_interrupt>
       c:	0c 94 3f 00 	jmp	0x7e	; 0x7e <__bad_interrupt>
      10:	0c 94 3f 00 	jmp	0x7e	; 0x7e <__bad_interrupt>
      14:	0c 94 3f 00 	jmp	0x7e	; 0x7e <__bad_interrupt>
      18:	0c 94 3f 00 	jmp	0x7e	; 0x7e <__bad_interrupt>
      1c:	0c 94 3f 00 	jmp	0x7e	; 0x7e <__bad_interrupt>
      20:	0c 94 3f 00 	jmp	0x7e	; 0x7e <__bad_interrupt>
      24:	0c 94 3f 00 	jmp	0x7e	; 0x7e <__bad_interrupt>
      28:	0c 94 3f 00 	jmp	0x7e	; 0x7e <__bad_interrupt>
      2c:	0c 94 3f 00 	jmp	0x7e	; 0x7e <__bad_interrupt>
      30:	0c 94 3f 00 	jmp	0x7e	; 0x7e <__bad_interrupt>
      34:	0c 94 3f 00 	jmp	0x7e	; 0x7e <__bad_interrupt>
      38:	0c 94 3f 00 	jmp	0x7e	; 0x7e <__bad_interrupt>
      3c:	0c 94 3f 00 	jmp	0x7e	; 0x7e <__bad_interrupt>
      40:	0c 94 3f 00 	jmp	0x7e	; 0x7e <__bad_interrupt>
      44:	0c 94 3f 00 	jmp	0x7e	; 0x7e <__bad_interrupt>
      48:	0c 94 3f 00 	jmp	0x7e	; 0x7e <__bad_interrupt>
      4c:	0c 94 3f 00 	jmp	0x7e	; 0x7e <__bad_interrupt>
      50:	0c 94 3f 00 	jmp	0x7e	; 0x7e <__bad_interrupt>

00000054 <__ctors_end>:
      54:	11 24       	eor	r1, r1
      56:	1f be       	out	0x3f, r1	; 63
      58:	cf e5       	ldi	r28, 0x5F	; 95
      5a:	d8 e0       	ldi	r29, 0x08	; 8
      5c:	de bf       	out	0x3e, r29	; 62
      5e:	cd bf       	out	0x3d, r28	; 61

00000060 <__do_copy_data>:
      60:	10 e0       	ldi	r17, 0x00	; 0
      62:	a0 e6       	ldi	r26, 0x60	; 96
      64:	b0 e0       	ldi	r27, 0x00	; 0
      66:	e4 e6       	ldi	r30, 0x64	; 100
      68:	f0 e3       	ldi	r31, 0x30	; 48
      6a:	02 c0       	rjmp	.+4      	; 0x70 <.do_copy_data_start>

0000006c <.do_copy_data_loop>:
      6c:	05 90       	lpm	r0, Z+
      6e:	0d 92       	st	X+, r0

00000070 <.do_copy_data_start>:
      70:	a4 3e       	cpi	r26, 0xE4	; 228
      72:	b1 07       	cpc	r27, r17
      74:	d9 f7       	brne	.-10     	; 0x6c <.do_copy_data_loop>
      76:	0e 94 5b 16 	call	0x2cb6	; 0x2cb6 <main>
      7a:	0c 94 30 18 	jmp	0x3060	; 0x3060 <_exit>

0000007e <__bad_interrupt>:
      7e:	0c 94 00 00 	jmp	0	; 0x0 <__vectors>

00000082 <__fixunssfsi>:
      82:	ef 92       	push	r14
      84:	ff 92       	push	r15
      86:	0f 93       	push	r16
      88:	1f 93       	push	r17
      8a:	7b 01       	movw	r14, r22
      8c:	8c 01       	movw	r16, r24
      8e:	20 e0       	ldi	r18, 0x00	; 0
      90:	30 e0       	ldi	r19, 0x00	; 0
      92:	40 e0       	ldi	r20, 0x00	; 0
      94:	5f e4       	ldi	r21, 0x4F	; 79
      96:	0e 94 41 03 	call	0x682	; 0x682 <__gesf2>
      9a:	88 23       	and	r24, r24
      9c:	8c f0       	brlt	.+34     	; 0xc0 <__fixunssfsi+0x3e>
      9e:	c8 01       	movw	r24, r16
      a0:	b7 01       	movw	r22, r14
      a2:	20 e0       	ldi	r18, 0x00	; 0
      a4:	30 e0       	ldi	r19, 0x00	; 0
      a6:	40 e0       	ldi	r20, 0x00	; 0
      a8:	5f e4       	ldi	r21, 0x4F	; 79
      aa:	0e 94 b9 01 	call	0x372	; 0x372 <__subsf3>
      ae:	0e 94 a1 03 	call	0x742	; 0x742 <__fixsfsi>
      b2:	9b 01       	movw	r18, r22
      b4:	ac 01       	movw	r20, r24
      b6:	20 50       	subi	r18, 0x00	; 0
      b8:	30 40       	sbci	r19, 0x00	; 0
      ba:	40 40       	sbci	r20, 0x00	; 0
      bc:	50 48       	sbci	r21, 0x80	; 128
      be:	06 c0       	rjmp	.+12     	; 0xcc <__fixunssfsi+0x4a>
      c0:	c8 01       	movw	r24, r16
      c2:	b7 01       	movw	r22, r14
      c4:	0e 94 a1 03 	call	0x742	; 0x742 <__fixsfsi>
      c8:	9b 01       	movw	r18, r22
      ca:	ac 01       	movw	r20, r24
      cc:	b9 01       	movw	r22, r18
      ce:	ca 01       	movw	r24, r20
      d0:	1f 91       	pop	r17
      d2:	0f 91       	pop	r16
      d4:	ff 90       	pop	r15
      d6:	ef 90       	pop	r14
      d8:	08 95       	ret

000000da <_fpadd_parts>:
      da:	a0 e0       	ldi	r26, 0x00	; 0
      dc:	b0 e0       	ldi	r27, 0x00	; 0
      de:	e3 e7       	ldi	r30, 0x73	; 115
      e0:	f0 e0       	ldi	r31, 0x00	; 0
      e2:	0c 94 f0 17 	jmp	0x2fe0	; 0x2fe0 <__prologue_saves__>
      e6:	dc 01       	movw	r26, r24
      e8:	2b 01       	movw	r4, r22
      ea:	fa 01       	movw	r30, r20
      ec:	9c 91       	ld	r25, X
      ee:	92 30       	cpi	r25, 0x02	; 2
      f0:	08 f4       	brcc	.+2      	; 0xf4 <_fpadd_parts+0x1a>
      f2:	39 c1       	rjmp	.+626    	; 0x366 <_fpadd_parts+0x28c>
      f4:	eb 01       	movw	r28, r22
      f6:	88 81       	ld	r24, Y
      f8:	82 30       	cpi	r24, 0x02	; 2
      fa:	08 f4       	brcc	.+2      	; 0xfe <_fpadd_parts+0x24>
      fc:	33 c1       	rjmp	.+614    	; 0x364 <_fpadd_parts+0x28a>
      fe:	94 30       	cpi	r25, 0x04	; 4
     100:	69 f4       	brne	.+26     	; 0x11c <_fpadd_parts+0x42>
     102:	84 30       	cpi	r24, 0x04	; 4
     104:	09 f0       	breq	.+2      	; 0x108 <_fpadd_parts+0x2e>
     106:	2f c1       	rjmp	.+606    	; 0x366 <_fpadd_parts+0x28c>
     108:	11 96       	adiw	r26, 0x01	; 1
     10a:	9c 91       	ld	r25, X
     10c:	11 97       	sbiw	r26, 0x01	; 1
     10e:	89 81       	ldd	r24, Y+1	; 0x01
     110:	98 17       	cp	r25, r24
     112:	09 f4       	brne	.+2      	; 0x116 <_fpadd_parts+0x3c>
     114:	28 c1       	rjmp	.+592    	; 0x366 <_fpadd_parts+0x28c>
     116:	a2 ec       	ldi	r26, 0xC2	; 194
     118:	b0 e0       	ldi	r27, 0x00	; 0
     11a:	25 c1       	rjmp	.+586    	; 0x366 <_fpadd_parts+0x28c>
     11c:	84 30       	cpi	r24, 0x04	; 4
     11e:	09 f4       	brne	.+2      	; 0x122 <_fpadd_parts+0x48>
     120:	21 c1       	rjmp	.+578    	; 0x364 <_fpadd_parts+0x28a>
     122:	82 30       	cpi	r24, 0x02	; 2
     124:	a9 f4       	brne	.+42     	; 0x150 <_fpadd_parts+0x76>
     126:	92 30       	cpi	r25, 0x02	; 2
     128:	09 f0       	breq	.+2      	; 0x12c <_fpadd_parts+0x52>
     12a:	1d c1       	rjmp	.+570    	; 0x366 <_fpadd_parts+0x28c>
     12c:	9a 01       	movw	r18, r20
     12e:	ad 01       	movw	r20, r26
     130:	88 e0       	ldi	r24, 0x08	; 8
     132:	ea 01       	movw	r28, r20
     134:	09 90       	ld	r0, Y+
     136:	ae 01       	movw	r20, r28
     138:	e9 01       	movw	r28, r18
     13a:	09 92       	st	Y+, r0
     13c:	9e 01       	movw	r18, r28
     13e:	81 50       	subi	r24, 0x01	; 1
     140:	c1 f7       	brne	.-16     	; 0x132 <_fpadd_parts+0x58>
     142:	e2 01       	movw	r28, r4
     144:	89 81       	ldd	r24, Y+1	; 0x01
     146:	11 96       	adiw	r26, 0x01	; 1
     148:	9c 91       	ld	r25, X
     14a:	89 23       	and	r24, r25
     14c:	81 83       	std	Z+1, r24	; 0x01
     14e:	08 c1       	rjmp	.+528    	; 0x360 <_fpadd_parts+0x286>
     150:	92 30       	cpi	r25, 0x02	; 2
     152:	09 f4       	brne	.+2      	; 0x156 <_fpadd_parts+0x7c>
     154:	07 c1       	rjmp	.+526    	; 0x364 <_fpadd_parts+0x28a>
     156:	12 96       	adiw	r26, 0x02	; 2
     158:	2d 90       	ld	r2, X+
     15a:	3c 90       	ld	r3, X
     15c:	13 97       	sbiw	r26, 0x03	; 3
     15e:	eb 01       	movw	r28, r22
     160:	8a 81       	ldd	r24, Y+2	; 0x02
     162:	9b 81       	ldd	r25, Y+3	; 0x03
     164:	14 96       	adiw	r26, 0x04	; 4
     166:	ad 90       	ld	r10, X+
     168:	bd 90       	ld	r11, X+
     16a:	cd 90       	ld	r12, X+
     16c:	dc 90       	ld	r13, X
     16e:	17 97       	sbiw	r26, 0x07	; 7
     170:	ec 80       	ldd	r14, Y+4	; 0x04
     172:	fd 80       	ldd	r15, Y+5	; 0x05
     174:	0e 81       	ldd	r16, Y+6	; 0x06
     176:	1f 81       	ldd	r17, Y+7	; 0x07
     178:	91 01       	movw	r18, r2
     17a:	28 1b       	sub	r18, r24
     17c:	39 0b       	sbc	r19, r25
     17e:	b9 01       	movw	r22, r18
     180:	37 ff       	sbrs	r19, 7
     182:	04 c0       	rjmp	.+8      	; 0x18c <_fpadd_parts+0xb2>
     184:	66 27       	eor	r22, r22
     186:	77 27       	eor	r23, r23
     188:	62 1b       	sub	r22, r18
     18a:	73 0b       	sbc	r23, r19
     18c:	60 32       	cpi	r22, 0x20	; 32
     18e:	71 05       	cpc	r23, r1
     190:	0c f0       	brlt	.+2      	; 0x194 <_fpadd_parts+0xba>
     192:	61 c0       	rjmp	.+194    	; 0x256 <_fpadd_parts+0x17c>
     194:	12 16       	cp	r1, r18
     196:	13 06       	cpc	r1, r19
     198:	6c f5       	brge	.+90     	; 0x1f4 <_fpadd_parts+0x11a>
     19a:	37 01       	movw	r6, r14
     19c:	48 01       	movw	r8, r16
     19e:	06 2e       	mov	r0, r22
     1a0:	04 c0       	rjmp	.+8      	; 0x1aa <_fpadd_parts+0xd0>
     1a2:	96 94       	lsr	r9
     1a4:	87 94       	ror	r8
     1a6:	77 94       	ror	r7
     1a8:	67 94       	ror	r6
     1aa:	0a 94       	dec	r0
     1ac:	d2 f7       	brpl	.-12     	; 0x1a2 <_fpadd_parts+0xc8>
     1ae:	21 e0       	ldi	r18, 0x01	; 1
     1b0:	30 e0       	ldi	r19, 0x00	; 0
     1b2:	40 e0       	ldi	r20, 0x00	; 0
     1b4:	50 e0       	ldi	r21, 0x00	; 0
     1b6:	04 c0       	rjmp	.+8      	; 0x1c0 <_fpadd_parts+0xe6>
     1b8:	22 0f       	add	r18, r18
     1ba:	33 1f       	adc	r19, r19
     1bc:	44 1f       	adc	r20, r20
     1be:	55 1f       	adc	r21, r21
     1c0:	6a 95       	dec	r22
     1c2:	d2 f7       	brpl	.-12     	; 0x1b8 <_fpadd_parts+0xde>
     1c4:	21 50       	subi	r18, 0x01	; 1
     1c6:	30 40       	sbci	r19, 0x00	; 0
     1c8:	40 40       	sbci	r20, 0x00	; 0
     1ca:	50 40       	sbci	r21, 0x00	; 0
     1cc:	2e 21       	and	r18, r14
     1ce:	3f 21       	and	r19, r15
     1d0:	40 23       	and	r20, r16
     1d2:	51 23       	and	r21, r17
     1d4:	21 15       	cp	r18, r1
     1d6:	31 05       	cpc	r19, r1
     1d8:	41 05       	cpc	r20, r1
     1da:	51 05       	cpc	r21, r1
     1dc:	21 f0       	breq	.+8      	; 0x1e6 <_fpadd_parts+0x10c>
     1de:	21 e0       	ldi	r18, 0x01	; 1
     1e0:	30 e0       	ldi	r19, 0x00	; 0
     1e2:	40 e0       	ldi	r20, 0x00	; 0
     1e4:	50 e0       	ldi	r21, 0x00	; 0
     1e6:	79 01       	movw	r14, r18
     1e8:	8a 01       	movw	r16, r20
     1ea:	e6 28       	or	r14, r6
     1ec:	f7 28       	or	r15, r7
     1ee:	08 29       	or	r16, r8
     1f0:	19 29       	or	r17, r9
     1f2:	3c c0       	rjmp	.+120    	; 0x26c <_fpadd_parts+0x192>
     1f4:	23 2b       	or	r18, r19
     1f6:	d1 f1       	breq	.+116    	; 0x26c <_fpadd_parts+0x192>
     1f8:	26 0e       	add	r2, r22
     1fa:	37 1e       	adc	r3, r23
     1fc:	35 01       	movw	r6, r10
     1fe:	46 01       	movw	r8, r12
     200:	06 2e       	mov	r0, r22
     202:	04 c0       	rjmp	.+8      	; 0x20c <_fpadd_parts+0x132>
     204:	96 94       	lsr	r9
     206:	87 94       	ror	r8
     208:	77 94       	ror	r7
     20a:	67 94       	ror	r6
     20c:	0a 94       	dec	r0
     20e:	d2 f7       	brpl	.-12     	; 0x204 <_fpadd_parts+0x12a>
     210:	21 e0       	ldi	r18, 0x01	; 1
     212:	30 e0       	ldi	r19, 0x00	; 0
     214:	40 e0       	ldi	r20, 0x00	; 0
     216:	50 e0       	ldi	r21, 0x00	; 0
     218:	04 c0       	rjmp	.+8      	; 0x222 <_fpadd_parts+0x148>
     21a:	22 0f       	add	r18, r18
     21c:	33 1f       	adc	r19, r19
     21e:	44 1f       	adc	r20, r20
     220:	55 1f       	adc	r21, r21
     222:	6a 95       	dec	r22
     224:	d2 f7       	brpl	.-12     	; 0x21a <_fpadd_parts+0x140>
     226:	21 50       	subi	r18, 0x01	; 1
     228:	30 40       	sbci	r19, 0x00	; 0
     22a:	40 40       	sbci	r20, 0x00	; 0
     22c:	50 40       	sbci	r21, 0x00	; 0
     22e:	2a 21       	and	r18, r10
     230:	3b 21       	and	r19, r11
     232:	4c 21       	and	r20, r12
     234:	5d 21       	and	r21, r13
     236:	21 15       	cp	r18, r1
     238:	31 05       	cpc	r19, r1
     23a:	41 05       	cpc	r20, r1
     23c:	51 05       	cpc	r21, r1
     23e:	21 f0       	breq	.+8      	; 0x248 <_fpadd_parts+0x16e>
     240:	21 e0       	ldi	r18, 0x01	; 1
     242:	30 e0       	ldi	r19, 0x00	; 0
     244:	40 e0       	ldi	r20, 0x00	; 0
     246:	50 e0       	ldi	r21, 0x00	; 0
     248:	59 01       	movw	r10, r18
     24a:	6a 01       	movw	r12, r20
     24c:	a6 28       	or	r10, r6
     24e:	b7 28       	or	r11, r7
     250:	c8 28       	or	r12, r8
     252:	d9 28       	or	r13, r9
     254:	0b c0       	rjmp	.+22     	; 0x26c <_fpadd_parts+0x192>
     256:	82 15       	cp	r24, r2
     258:	93 05       	cpc	r25, r3
     25a:	2c f0       	brlt	.+10     	; 0x266 <_fpadd_parts+0x18c>
     25c:	1c 01       	movw	r2, r24
     25e:	aa 24       	eor	r10, r10
     260:	bb 24       	eor	r11, r11
     262:	65 01       	movw	r12, r10
     264:	03 c0       	rjmp	.+6      	; 0x26c <_fpadd_parts+0x192>
     266:	ee 24       	eor	r14, r14
     268:	ff 24       	eor	r15, r15
     26a:	87 01       	movw	r16, r14
     26c:	11 96       	adiw	r26, 0x01	; 1
     26e:	9c 91       	ld	r25, X
     270:	d2 01       	movw	r26, r4
     272:	11 96       	adiw	r26, 0x01	; 1
     274:	8c 91       	ld	r24, X
     276:	98 17       	cp	r25, r24
     278:	09 f4       	brne	.+2      	; 0x27c <_fpadd_parts+0x1a2>
     27a:	45 c0       	rjmp	.+138    	; 0x306 <_fpadd_parts+0x22c>
     27c:	99 23       	and	r25, r25
     27e:	39 f0       	breq	.+14     	; 0x28e <_fpadd_parts+0x1b4>
     280:	a8 01       	movw	r20, r16
     282:	97 01       	movw	r18, r14
     284:	2a 19       	sub	r18, r10
     286:	3b 09       	sbc	r19, r11
     288:	4c 09       	sbc	r20, r12
     28a:	5d 09       	sbc	r21, r13
     28c:	06 c0       	rjmp	.+12     	; 0x29a <_fpadd_parts+0x1c0>
     28e:	a6 01       	movw	r20, r12
     290:	95 01       	movw	r18, r10
     292:	2e 19       	sub	r18, r14
     294:	3f 09       	sbc	r19, r15
     296:	40 0b       	sbc	r20, r16
     298:	51 0b       	sbc	r21, r17
     29a:	57 fd       	sbrc	r21, 7
     29c:	08 c0       	rjmp	.+16     	; 0x2ae <_fpadd_parts+0x1d4>
     29e:	11 82       	std	Z+1, r1	; 0x01
     2a0:	33 82       	std	Z+3, r3	; 0x03
     2a2:	22 82       	std	Z+2, r2	; 0x02
     2a4:	24 83       	std	Z+4, r18	; 0x04
     2a6:	35 83       	std	Z+5, r19	; 0x05
     2a8:	46 83       	std	Z+6, r20	; 0x06
     2aa:	57 83       	std	Z+7, r21	; 0x07
     2ac:	1d c0       	rjmp	.+58     	; 0x2e8 <_fpadd_parts+0x20e>
     2ae:	81 e0       	ldi	r24, 0x01	; 1
     2b0:	81 83       	std	Z+1, r24	; 0x01
     2b2:	33 82       	std	Z+3, r3	; 0x03
     2b4:	22 82       	std	Z+2, r2	; 0x02
     2b6:	88 27       	eor	r24, r24
     2b8:	99 27       	eor	r25, r25
     2ba:	dc 01       	movw	r26, r24
     2bc:	82 1b       	sub	r24, r18
     2be:	93 0b       	sbc	r25, r19
     2c0:	a4 0b       	sbc	r26, r20
     2c2:	b5 0b       	sbc	r27, r21
     2c4:	84 83       	std	Z+4, r24	; 0x04
     2c6:	95 83       	std	Z+5, r25	; 0x05
     2c8:	a6 83       	std	Z+6, r26	; 0x06
     2ca:	b7 83       	std	Z+7, r27	; 0x07
     2cc:	0d c0       	rjmp	.+26     	; 0x2e8 <_fpadd_parts+0x20e>
     2ce:	22 0f       	add	r18, r18
     2d0:	33 1f       	adc	r19, r19
     2d2:	44 1f       	adc	r20, r20
     2d4:	55 1f       	adc	r21, r21
     2d6:	24 83       	std	Z+4, r18	; 0x04
     2d8:	35 83       	std	Z+5, r19	; 0x05
     2da:	46 83       	std	Z+6, r20	; 0x06
     2dc:	57 83       	std	Z+7, r21	; 0x07
     2de:	82 81       	ldd	r24, Z+2	; 0x02
     2e0:	93 81       	ldd	r25, Z+3	; 0x03
     2e2:	01 97       	sbiw	r24, 0x01	; 1
     2e4:	93 83       	std	Z+3, r25	; 0x03
     2e6:	82 83       	std	Z+2, r24	; 0x02
     2e8:	24 81       	ldd	r18, Z+4	; 0x04
     2ea:	35 81       	ldd	r19, Z+5	; 0x05
     2ec:	46 81       	ldd	r20, Z+6	; 0x06
     2ee:	57 81       	ldd	r21, Z+7	; 0x07
     2f0:	da 01       	movw	r26, r20
     2f2:	c9 01       	movw	r24, r18
     2f4:	01 97       	sbiw	r24, 0x01	; 1
     2f6:	a1 09       	sbc	r26, r1
     2f8:	b1 09       	sbc	r27, r1
     2fa:	8f 5f       	subi	r24, 0xFF	; 255
     2fc:	9f 4f       	sbci	r25, 0xFF	; 255
     2fe:	af 4f       	sbci	r26, 0xFF	; 255
     300:	bf 43       	sbci	r27, 0x3F	; 63
     302:	28 f3       	brcs	.-54     	; 0x2ce <_fpadd_parts+0x1f4>
     304:	0b c0       	rjmp	.+22     	; 0x31c <_fpadd_parts+0x242>
     306:	91 83       	std	Z+1, r25	; 0x01
     308:	33 82       	std	Z+3, r3	; 0x03
     30a:	22 82       	std	Z+2, r2	; 0x02
     30c:	ea 0c       	add	r14, r10
     30e:	fb 1c       	adc	r15, r11
     310:	0c 1d       	adc	r16, r12
     312:	1d 1d       	adc	r17, r13
     314:	e4 82       	std	Z+4, r14	; 0x04
     316:	f5 82       	std	Z+5, r15	; 0x05
     318:	06 83       	std	Z+6, r16	; 0x06
     31a:	17 83       	std	Z+7, r17	; 0x07
     31c:	83 e0       	ldi	r24, 0x03	; 3
     31e:	80 83       	st	Z, r24
     320:	24 81       	ldd	r18, Z+4	; 0x04
     322:	35 81       	ldd	r19, Z+5	; 0x05
     324:	46 81       	ldd	r20, Z+6	; 0x06
     326:	57 81       	ldd	r21, Z+7	; 0x07
     328:	57 ff       	sbrs	r21, 7
     32a:	1a c0       	rjmp	.+52     	; 0x360 <_fpadd_parts+0x286>
     32c:	c9 01       	movw	r24, r18
     32e:	aa 27       	eor	r26, r26
     330:	97 fd       	sbrc	r25, 7
     332:	a0 95       	com	r26
     334:	ba 2f       	mov	r27, r26
     336:	81 70       	andi	r24, 0x01	; 1
     338:	90 70       	andi	r25, 0x00	; 0
     33a:	a0 70       	andi	r26, 0x00	; 0
     33c:	b0 70       	andi	r27, 0x00	; 0
     33e:	56 95       	lsr	r21
     340:	47 95       	ror	r20
     342:	37 95       	ror	r19
     344:	27 95       	ror	r18
     346:	82 2b       	or	r24, r18
     348:	93 2b       	or	r25, r19
     34a:	a4 2b       	or	r26, r20
     34c:	b5 2b       	or	r27, r21
     34e:	84 83       	std	Z+4, r24	; 0x04
     350:	95 83       	std	Z+5, r25	; 0x05
     352:	a6 83       	std	Z+6, r26	; 0x06
     354:	b7 83       	std	Z+7, r27	; 0x07
     356:	82 81       	ldd	r24, Z+2	; 0x02
     358:	93 81       	ldd	r25, Z+3	; 0x03
     35a:	01 96       	adiw	r24, 0x01	; 1
     35c:	93 83       	std	Z+3, r25	; 0x03
     35e:	82 83       	std	Z+2, r24	; 0x02
     360:	df 01       	movw	r26, r30
     362:	01 c0       	rjmp	.+2      	; 0x366 <_fpadd_parts+0x28c>
     364:	d2 01       	movw	r26, r4
     366:	cd 01       	movw	r24, r26
     368:	cd b7       	in	r28, 0x3d	; 61
     36a:	de b7       	in	r29, 0x3e	; 62
     36c:	e2 e1       	ldi	r30, 0x12	; 18
     36e:	0c 94 0c 18 	jmp	0x3018	; 0x3018 <__epilogue_restores__>

00000372 <__subsf3>:
     372:	a0 e2       	ldi	r26, 0x20	; 32
     374:	b0 e0       	ldi	r27, 0x00	; 0
     376:	ef eb       	ldi	r30, 0xBF	; 191
     378:	f1 e0       	ldi	r31, 0x01	; 1
     37a:	0c 94 fc 17 	jmp	0x2ff8	; 0x2ff8 <__prologue_saves__+0x18>
     37e:	69 83       	std	Y+1, r22	; 0x01
     380:	7a 83       	std	Y+2, r23	; 0x02
     382:	8b 83       	std	Y+3, r24	; 0x03
     384:	9c 83       	std	Y+4, r25	; 0x04
     386:	2d 83       	std	Y+5, r18	; 0x05
     388:	3e 83       	std	Y+6, r19	; 0x06
     38a:	4f 83       	std	Y+7, r20	; 0x07
     38c:	58 87       	std	Y+8, r21	; 0x08
     38e:	e9 e0       	ldi	r30, 0x09	; 9
     390:	ee 2e       	mov	r14, r30
     392:	f1 2c       	mov	r15, r1
     394:	ec 0e       	add	r14, r28
     396:	fd 1e       	adc	r15, r29
     398:	ce 01       	movw	r24, r28
     39a:	01 96       	adiw	r24, 0x01	; 1
     39c:	b7 01       	movw	r22, r14
     39e:	0e 94 ca 04 	call	0x994	; 0x994 <__unpack_f>
     3a2:	8e 01       	movw	r16, r28
     3a4:	0f 5e       	subi	r16, 0xEF	; 239
     3a6:	1f 4f       	sbci	r17, 0xFF	; 255
     3a8:	ce 01       	movw	r24, r28
     3aa:	05 96       	adiw	r24, 0x05	; 5
     3ac:	b8 01       	movw	r22, r16
     3ae:	0e 94 ca 04 	call	0x994	; 0x994 <__unpack_f>
     3b2:	8a 89       	ldd	r24, Y+18	; 0x12
     3b4:	91 e0       	ldi	r25, 0x01	; 1
     3b6:	89 27       	eor	r24, r25
     3b8:	8a 8b       	std	Y+18, r24	; 0x12
     3ba:	c7 01       	movw	r24, r14
     3bc:	b8 01       	movw	r22, r16
     3be:	ae 01       	movw	r20, r28
     3c0:	47 5e       	subi	r20, 0xE7	; 231
     3c2:	5f 4f       	sbci	r21, 0xFF	; 255
     3c4:	0e 94 6d 00 	call	0xda	; 0xda <_fpadd_parts>
     3c8:	0e 94 f5 03 	call	0x7ea	; 0x7ea <__pack_f>
     3cc:	a0 96       	adiw	r28, 0x20	; 32
     3ce:	e6 e0       	ldi	r30, 0x06	; 6
     3d0:	0c 94 18 18 	jmp	0x3030	; 0x3030 <__epilogue_restores__+0x18>

000003d4 <__addsf3>:
     3d4:	a0 e2       	ldi	r26, 0x20	; 32
     3d6:	b0 e0       	ldi	r27, 0x00	; 0
     3d8:	e0 ef       	ldi	r30, 0xF0	; 240
     3da:	f1 e0       	ldi	r31, 0x01	; 1
     3dc:	0c 94 fc 17 	jmp	0x2ff8	; 0x2ff8 <__prologue_saves__+0x18>
     3e0:	69 83       	std	Y+1, r22	; 0x01
     3e2:	7a 83       	std	Y+2, r23	; 0x02
     3e4:	8b 83       	std	Y+3, r24	; 0x03
     3e6:	9c 83       	std	Y+4, r25	; 0x04
     3e8:	2d 83       	std	Y+5, r18	; 0x05
     3ea:	3e 83       	std	Y+6, r19	; 0x06
     3ec:	4f 83       	std	Y+7, r20	; 0x07
     3ee:	58 87       	std	Y+8, r21	; 0x08
     3f0:	f9 e0       	ldi	r31, 0x09	; 9
     3f2:	ef 2e       	mov	r14, r31
     3f4:	f1 2c       	mov	r15, r1
     3f6:	ec 0e       	add	r14, r28
     3f8:	fd 1e       	adc	r15, r29
     3fa:	ce 01       	movw	r24, r28
     3fc:	01 96       	adiw	r24, 0x01	; 1
     3fe:	b7 01       	movw	r22, r14
     400:	0e 94 ca 04 	call	0x994	; 0x994 <__unpack_f>
     404:	8e 01       	movw	r16, r28
     406:	0f 5e       	subi	r16, 0xEF	; 239
     408:	1f 4f       	sbci	r17, 0xFF	; 255
     40a:	ce 01       	movw	r24, r28
     40c:	05 96       	adiw	r24, 0x05	; 5
     40e:	b8 01       	movw	r22, r16
     410:	0e 94 ca 04 	call	0x994	; 0x994 <__unpack_f>
     414:	c7 01       	movw	r24, r14
     416:	b8 01       	movw	r22, r16
     418:	ae 01       	movw	r20, r28
     41a:	47 5e       	subi	r20, 0xE7	; 231
     41c:	5f 4f       	sbci	r21, 0xFF	; 255
     41e:	0e 94 6d 00 	call	0xda	; 0xda <_fpadd_parts>
     422:	0e 94 f5 03 	call	0x7ea	; 0x7ea <__pack_f>
     426:	a0 96       	adiw	r28, 0x20	; 32
     428:	e6 e0       	ldi	r30, 0x06	; 6
     42a:	0c 94 18 18 	jmp	0x3030	; 0x3030 <__epilogue_restores__+0x18>

0000042e <__mulsf3>:
     42e:	a0 e2       	ldi	r26, 0x20	; 32
     430:	b0 e0       	ldi	r27, 0x00	; 0
     432:	ed e1       	ldi	r30, 0x1D	; 29
     434:	f2 e0       	ldi	r31, 0x02	; 2
     436:	0c 94 f0 17 	jmp	0x2fe0	; 0x2fe0 <__prologue_saves__>
     43a:	69 83       	std	Y+1, r22	; 0x01
     43c:	7a 83       	std	Y+2, r23	; 0x02
     43e:	8b 83       	std	Y+3, r24	; 0x03
     440:	9c 83       	std	Y+4, r25	; 0x04
     442:	2d 83       	std	Y+5, r18	; 0x05
     444:	3e 83       	std	Y+6, r19	; 0x06
     446:	4f 83       	std	Y+7, r20	; 0x07
     448:	58 87       	std	Y+8, r21	; 0x08
     44a:	ce 01       	movw	r24, r28
     44c:	01 96       	adiw	r24, 0x01	; 1
     44e:	be 01       	movw	r22, r28
     450:	67 5f       	subi	r22, 0xF7	; 247
     452:	7f 4f       	sbci	r23, 0xFF	; 255
     454:	0e 94 ca 04 	call	0x994	; 0x994 <__unpack_f>
     458:	ce 01       	movw	r24, r28
     45a:	05 96       	adiw	r24, 0x05	; 5
     45c:	be 01       	movw	r22, r28
     45e:	6f 5e       	subi	r22, 0xEF	; 239
     460:	7f 4f       	sbci	r23, 0xFF	; 255
     462:	0e 94 ca 04 	call	0x994	; 0x994 <__unpack_f>
     466:	99 85       	ldd	r25, Y+9	; 0x09
     468:	92 30       	cpi	r25, 0x02	; 2
     46a:	88 f0       	brcs	.+34     	; 0x48e <__mulsf3+0x60>
     46c:	89 89       	ldd	r24, Y+17	; 0x11
     46e:	82 30       	cpi	r24, 0x02	; 2
     470:	c8 f0       	brcs	.+50     	; 0x4a4 <__mulsf3+0x76>
     472:	94 30       	cpi	r25, 0x04	; 4
     474:	19 f4       	brne	.+6      	; 0x47c <__mulsf3+0x4e>
     476:	82 30       	cpi	r24, 0x02	; 2
     478:	51 f4       	brne	.+20     	; 0x48e <__mulsf3+0x60>
     47a:	04 c0       	rjmp	.+8      	; 0x484 <__mulsf3+0x56>
     47c:	84 30       	cpi	r24, 0x04	; 4
     47e:	29 f4       	brne	.+10     	; 0x48a <__mulsf3+0x5c>
     480:	92 30       	cpi	r25, 0x02	; 2
     482:	81 f4       	brne	.+32     	; 0x4a4 <__mulsf3+0x76>
     484:	82 ec       	ldi	r24, 0xC2	; 194
     486:	90 e0       	ldi	r25, 0x00	; 0
     488:	c6 c0       	rjmp	.+396    	; 0x616 <__mulsf3+0x1e8>
     48a:	92 30       	cpi	r25, 0x02	; 2
     48c:	49 f4       	brne	.+18     	; 0x4a0 <__mulsf3+0x72>
     48e:	20 e0       	ldi	r18, 0x00	; 0
     490:	9a 85       	ldd	r25, Y+10	; 0x0a
     492:	8a 89       	ldd	r24, Y+18	; 0x12
     494:	98 13       	cpse	r25, r24
     496:	21 e0       	ldi	r18, 0x01	; 1
     498:	2a 87       	std	Y+10, r18	; 0x0a
     49a:	ce 01       	movw	r24, r28
     49c:	09 96       	adiw	r24, 0x09	; 9
     49e:	bb c0       	rjmp	.+374    	; 0x616 <__mulsf3+0x1e8>
     4a0:	82 30       	cpi	r24, 0x02	; 2
     4a2:	49 f4       	brne	.+18     	; 0x4b6 <__mulsf3+0x88>
     4a4:	20 e0       	ldi	r18, 0x00	; 0
     4a6:	9a 85       	ldd	r25, Y+10	; 0x0a
     4a8:	8a 89       	ldd	r24, Y+18	; 0x12
     4aa:	98 13       	cpse	r25, r24
     4ac:	21 e0       	ldi	r18, 0x01	; 1
     4ae:	2a 8b       	std	Y+18, r18	; 0x12
     4b0:	ce 01       	movw	r24, r28
     4b2:	41 96       	adiw	r24, 0x11	; 17
     4b4:	b0 c0       	rjmp	.+352    	; 0x616 <__mulsf3+0x1e8>
     4b6:	2d 84       	ldd	r2, Y+13	; 0x0d
     4b8:	3e 84       	ldd	r3, Y+14	; 0x0e
     4ba:	4f 84       	ldd	r4, Y+15	; 0x0f
     4bc:	58 88       	ldd	r5, Y+16	; 0x10
     4be:	6d 88       	ldd	r6, Y+21	; 0x15
     4c0:	7e 88       	ldd	r7, Y+22	; 0x16
     4c2:	8f 88       	ldd	r8, Y+23	; 0x17
     4c4:	98 8c       	ldd	r9, Y+24	; 0x18
     4c6:	ee 24       	eor	r14, r14
     4c8:	ff 24       	eor	r15, r15
     4ca:	87 01       	movw	r16, r14
     4cc:	aa 24       	eor	r10, r10
     4ce:	bb 24       	eor	r11, r11
     4d0:	65 01       	movw	r12, r10
     4d2:	40 e0       	ldi	r20, 0x00	; 0
     4d4:	50 e0       	ldi	r21, 0x00	; 0
     4d6:	60 e0       	ldi	r22, 0x00	; 0
     4d8:	70 e0       	ldi	r23, 0x00	; 0
     4da:	e0 e0       	ldi	r30, 0x00	; 0
     4dc:	f0 e0       	ldi	r31, 0x00	; 0
     4de:	c1 01       	movw	r24, r2
     4e0:	81 70       	andi	r24, 0x01	; 1
     4e2:	90 70       	andi	r25, 0x00	; 0
     4e4:	89 2b       	or	r24, r25
     4e6:	e9 f0       	breq	.+58     	; 0x522 <__mulsf3+0xf4>
     4e8:	e6 0c       	add	r14, r6
     4ea:	f7 1c       	adc	r15, r7
     4ec:	08 1d       	adc	r16, r8
     4ee:	19 1d       	adc	r17, r9
     4f0:	9a 01       	movw	r18, r20
     4f2:	ab 01       	movw	r20, r22
     4f4:	2a 0d       	add	r18, r10
     4f6:	3b 1d       	adc	r19, r11
     4f8:	4c 1d       	adc	r20, r12
     4fa:	5d 1d       	adc	r21, r13
     4fc:	80 e0       	ldi	r24, 0x00	; 0
     4fe:	90 e0       	ldi	r25, 0x00	; 0
     500:	a0 e0       	ldi	r26, 0x00	; 0
     502:	b0 e0       	ldi	r27, 0x00	; 0
     504:	e6 14       	cp	r14, r6
     506:	f7 04       	cpc	r15, r7
     508:	08 05       	cpc	r16, r8
     50a:	19 05       	cpc	r17, r9
     50c:	20 f4       	brcc	.+8      	; 0x516 <__mulsf3+0xe8>
     50e:	81 e0       	ldi	r24, 0x01	; 1
     510:	90 e0       	ldi	r25, 0x00	; 0
     512:	a0 e0       	ldi	r26, 0x00	; 0
     514:	b0 e0       	ldi	r27, 0x00	; 0
     516:	ba 01       	movw	r22, r20
     518:	a9 01       	movw	r20, r18
     51a:	48 0f       	add	r20, r24
     51c:	59 1f       	adc	r21, r25
     51e:	6a 1f       	adc	r22, r26
     520:	7b 1f       	adc	r23, r27
     522:	aa 0c       	add	r10, r10
     524:	bb 1c       	adc	r11, r11
     526:	cc 1c       	adc	r12, r12
     528:	dd 1c       	adc	r13, r13
     52a:	97 fe       	sbrs	r9, 7
     52c:	08 c0       	rjmp	.+16     	; 0x53e <__mulsf3+0x110>
     52e:	81 e0       	ldi	r24, 0x01	; 1
     530:	90 e0       	ldi	r25, 0x00	; 0
     532:	a0 e0       	ldi	r26, 0x00	; 0
     534:	b0 e0       	ldi	r27, 0x00	; 0
     536:	a8 2a       	or	r10, r24
     538:	b9 2a       	or	r11, r25
     53a:	ca 2a       	or	r12, r26
     53c:	db 2a       	or	r13, r27
     53e:	31 96       	adiw	r30, 0x01	; 1
     540:	e0 32       	cpi	r30, 0x20	; 32
     542:	f1 05       	cpc	r31, r1
     544:	49 f0       	breq	.+18     	; 0x558 <__mulsf3+0x12a>
     546:	66 0c       	add	r6, r6
     548:	77 1c       	adc	r7, r7
     54a:	88 1c       	adc	r8, r8
     54c:	99 1c       	adc	r9, r9
     54e:	56 94       	lsr	r5
     550:	47 94       	ror	r4
     552:	37 94       	ror	r3
     554:	27 94       	ror	r2
     556:	c3 cf       	rjmp	.-122    	; 0x4de <__mulsf3+0xb0>
     558:	fa 85       	ldd	r31, Y+10	; 0x0a
     55a:	ea 89       	ldd	r30, Y+18	; 0x12
     55c:	2b 89       	ldd	r18, Y+19	; 0x13
     55e:	3c 89       	ldd	r19, Y+20	; 0x14
     560:	8b 85       	ldd	r24, Y+11	; 0x0b
     562:	9c 85       	ldd	r25, Y+12	; 0x0c
     564:	28 0f       	add	r18, r24
     566:	39 1f       	adc	r19, r25
     568:	2e 5f       	subi	r18, 0xFE	; 254
     56a:	3f 4f       	sbci	r19, 0xFF	; 255
     56c:	17 c0       	rjmp	.+46     	; 0x59c <__mulsf3+0x16e>
     56e:	ca 01       	movw	r24, r20
     570:	81 70       	andi	r24, 0x01	; 1
     572:	90 70       	andi	r25, 0x00	; 0
     574:	89 2b       	or	r24, r25
     576:	61 f0       	breq	.+24     	; 0x590 <__mulsf3+0x162>
     578:	16 95       	lsr	r17
     57a:	07 95       	ror	r16
     57c:	f7 94       	ror	r15
     57e:	e7 94       	ror	r14
     580:	80 e0       	ldi	r24, 0x00	; 0
     582:	90 e0       	ldi	r25, 0x00	; 0
     584:	a0 e0       	ldi	r26, 0x00	; 0
     586:	b0 e8       	ldi	r27, 0x80	; 128
     588:	e8 2a       	or	r14, r24
     58a:	f9 2a       	or	r15, r25
     58c:	0a 2b       	or	r16, r26
     58e:	1b 2b       	or	r17, r27
     590:	76 95       	lsr	r23
     592:	67 95       	ror	r22
     594:	57 95       	ror	r21
     596:	47 95       	ror	r20
     598:	2f 5f       	subi	r18, 0xFF	; 255
     59a:	3f 4f       	sbci	r19, 0xFF	; 255
     59c:	77 fd       	sbrc	r23, 7
     59e:	e7 cf       	rjmp	.-50     	; 0x56e <__mulsf3+0x140>
     5a0:	0c c0       	rjmp	.+24     	; 0x5ba <__mulsf3+0x18c>
     5a2:	44 0f       	add	r20, r20
     5a4:	55 1f       	adc	r21, r21
     5a6:	66 1f       	adc	r22, r22
     5a8:	77 1f       	adc	r23, r23
     5aa:	17 fd       	sbrc	r17, 7
     5ac:	41 60       	ori	r20, 0x01	; 1
     5ae:	ee 0c       	add	r14, r14
     5b0:	ff 1c       	adc	r15, r15
     5b2:	00 1f       	adc	r16, r16
     5b4:	11 1f       	adc	r17, r17
     5b6:	21 50       	subi	r18, 0x01	; 1
     5b8:	30 40       	sbci	r19, 0x00	; 0
     5ba:	40 30       	cpi	r20, 0x00	; 0
     5bc:	90 e0       	ldi	r25, 0x00	; 0
     5be:	59 07       	cpc	r21, r25
     5c0:	90 e0       	ldi	r25, 0x00	; 0
     5c2:	69 07       	cpc	r22, r25
     5c4:	90 e4       	ldi	r25, 0x40	; 64
     5c6:	79 07       	cpc	r23, r25
     5c8:	60 f3       	brcs	.-40     	; 0x5a2 <__mulsf3+0x174>
     5ca:	2b 8f       	std	Y+27, r18	; 0x1b
     5cc:	3c 8f       	std	Y+28, r19	; 0x1c
     5ce:	db 01       	movw	r26, r22
     5d0:	ca 01       	movw	r24, r20
     5d2:	8f 77       	andi	r24, 0x7F	; 127
     5d4:	90 70       	andi	r25, 0x00	; 0
     5d6:	a0 70       	andi	r26, 0x00	; 0
     5d8:	b0 70       	andi	r27, 0x00	; 0
     5da:	80 34       	cpi	r24, 0x40	; 64
     5dc:	91 05       	cpc	r25, r1
     5de:	a1 05       	cpc	r26, r1
     5e0:	b1 05       	cpc	r27, r1
     5e2:	61 f4       	brne	.+24     	; 0x5fc <__mulsf3+0x1ce>
     5e4:	47 fd       	sbrc	r20, 7
     5e6:	0a c0       	rjmp	.+20     	; 0x5fc <__mulsf3+0x1ce>
     5e8:	e1 14       	cp	r14, r1
     5ea:	f1 04       	cpc	r15, r1
     5ec:	01 05       	cpc	r16, r1
     5ee:	11 05       	cpc	r17, r1
     5f0:	29 f0       	breq	.+10     	; 0x5fc <__mulsf3+0x1ce>
     5f2:	40 5c       	subi	r20, 0xC0	; 192
     5f4:	5f 4f       	sbci	r21, 0xFF	; 255
     5f6:	6f 4f       	sbci	r22, 0xFF	; 255
     5f8:	7f 4f       	sbci	r23, 0xFF	; 255
     5fa:	40 78       	andi	r20, 0x80	; 128
     5fc:	1a 8e       	std	Y+26, r1	; 0x1a
     5fe:	fe 17       	cp	r31, r30
     600:	11 f0       	breq	.+4      	; 0x606 <__mulsf3+0x1d8>
     602:	81 e0       	ldi	r24, 0x01	; 1
     604:	8a 8f       	std	Y+26, r24	; 0x1a
     606:	4d 8f       	std	Y+29, r20	; 0x1d
     608:	5e 8f       	std	Y+30, r21	; 0x1e
     60a:	6f 8f       	std	Y+31, r22	; 0x1f
     60c:	78 a3       	std	Y+32, r23	; 0x20
     60e:	83 e0       	ldi	r24, 0x03	; 3
     610:	89 8f       	std	Y+25, r24	; 0x19
     612:	ce 01       	movw	r24, r28
     614:	49 96       	adiw	r24, 0x19	; 25
     616:	0e 94 f5 03 	call	0x7ea	; 0x7ea <__pack_f>
     61a:	a0 96       	adiw	r28, 0x20	; 32
     61c:	e2 e1       	ldi	r30, 0x12	; 18
     61e:	0c 94 0c 18 	jmp	0x3018	; 0x3018 <__epilogue_restores__>

00000622 <__gtsf2>:
     622:	a8 e1       	ldi	r26, 0x18	; 24
     624:	b0 e0       	ldi	r27, 0x00	; 0
     626:	e7 e1       	ldi	r30, 0x17	; 23
     628:	f3 e0       	ldi	r31, 0x03	; 3
     62a:	0c 94 fc 17 	jmp	0x2ff8	; 0x2ff8 <__prologue_saves__+0x18>
     62e:	69 83       	std	Y+1, r22	; 0x01
     630:	7a 83       	std	Y+2, r23	; 0x02
     632:	8b 83       	std	Y+3, r24	; 0x03
     634:	9c 83       	std	Y+4, r25	; 0x04
     636:	2d 83       	std	Y+5, r18	; 0x05
     638:	3e 83       	std	Y+6, r19	; 0x06
     63a:	4f 83       	std	Y+7, r20	; 0x07
     63c:	58 87       	std	Y+8, r21	; 0x08
     63e:	89 e0       	ldi	r24, 0x09	; 9
     640:	e8 2e       	mov	r14, r24
     642:	f1 2c       	mov	r15, r1
     644:	ec 0e       	add	r14, r28
     646:	fd 1e       	adc	r15, r29
     648:	ce 01       	movw	r24, r28
     64a:	01 96       	adiw	r24, 0x01	; 1
     64c:	b7 01       	movw	r22, r14
     64e:	0e 94 ca 04 	call	0x994	; 0x994 <__unpack_f>
     652:	8e 01       	movw	r16, r28
     654:	0f 5e       	subi	r16, 0xEF	; 239
     656:	1f 4f       	sbci	r17, 0xFF	; 255
     658:	ce 01       	movw	r24, r28
     65a:	05 96       	adiw	r24, 0x05	; 5
     65c:	b8 01       	movw	r22, r16
     65e:	0e 94 ca 04 	call	0x994	; 0x994 <__unpack_f>
     662:	89 85       	ldd	r24, Y+9	; 0x09
     664:	82 30       	cpi	r24, 0x02	; 2
     666:	40 f0       	brcs	.+16     	; 0x678 <__gtsf2+0x56>
     668:	89 89       	ldd	r24, Y+17	; 0x11
     66a:	82 30       	cpi	r24, 0x02	; 2
     66c:	28 f0       	brcs	.+10     	; 0x678 <__gtsf2+0x56>
     66e:	c7 01       	movw	r24, r14
     670:	b8 01       	movw	r22, r16
     672:	0e 94 42 05 	call	0xa84	; 0xa84 <__fpcmp_parts_f>
     676:	01 c0       	rjmp	.+2      	; 0x67a <__gtsf2+0x58>
     678:	8f ef       	ldi	r24, 0xFF	; 255
     67a:	68 96       	adiw	r28, 0x18	; 24
     67c:	e6 e0       	ldi	r30, 0x06	; 6
     67e:	0c 94 18 18 	jmp	0x3030	; 0x3030 <__epilogue_restores__+0x18>

00000682 <__gesf2>:
     682:	a8 e1       	ldi	r26, 0x18	; 24
     684:	b0 e0       	ldi	r27, 0x00	; 0
     686:	e7 e4       	ldi	r30, 0x47	; 71
     688:	f3 e0       	ldi	r31, 0x03	; 3
     68a:	0c 94 fc 17 	jmp	0x2ff8	; 0x2ff8 <__prologue_saves__+0x18>
     68e:	69 83       	std	Y+1, r22	; 0x01
     690:	7a 83       	std	Y+2, r23	; 0x02
     692:	8b 83       	std	Y+3, r24	; 0x03
     694:	9c 83       	std	Y+4, r25	; 0x04
     696:	2d 83       	std	Y+5, r18	; 0x05
     698:	3e 83       	std	Y+6, r19	; 0x06
     69a:	4f 83       	std	Y+7, r20	; 0x07
     69c:	58 87       	std	Y+8, r21	; 0x08
     69e:	89 e0       	ldi	r24, 0x09	; 9
     6a0:	e8 2e       	mov	r14, r24
     6a2:	f1 2c       	mov	r15, r1
     6a4:	ec 0e       	add	r14, r28
     6a6:	fd 1e       	adc	r15, r29
     6a8:	ce 01       	movw	r24, r28
     6aa:	01 96       	adiw	r24, 0x01	; 1
     6ac:	b7 01       	movw	r22, r14
     6ae:	0e 94 ca 04 	call	0x994	; 0x994 <__unpack_f>
     6b2:	8e 01       	movw	r16, r28
     6b4:	0f 5e       	subi	r16, 0xEF	; 239
     6b6:	1f 4f       	sbci	r17, 0xFF	; 255
     6b8:	ce 01       	movw	r24, r28
     6ba:	05 96       	adiw	r24, 0x05	; 5
     6bc:	b8 01       	movw	r22, r16
     6be:	0e 94 ca 04 	call	0x994	; 0x994 <__unpack_f>
     6c2:	89 85       	ldd	r24, Y+9	; 0x09
     6c4:	82 30       	cpi	r24, 0x02	; 2
     6c6:	40 f0       	brcs	.+16     	; 0x6d8 <__gesf2+0x56>
     6c8:	89 89       	ldd	r24, Y+17	; 0x11
     6ca:	82 30       	cpi	r24, 0x02	; 2
     6cc:	28 f0       	brcs	.+10     	; 0x6d8 <__gesf2+0x56>
     6ce:	c7 01       	movw	r24, r14
     6d0:	b8 01       	movw	r22, r16
     6d2:	0e 94 42 05 	call	0xa84	; 0xa84 <__fpcmp_parts_f>
     6d6:	01 c0       	rjmp	.+2      	; 0x6da <__gesf2+0x58>
     6d8:	8f ef       	ldi	r24, 0xFF	; 255
     6da:	68 96       	adiw	r28, 0x18	; 24
     6dc:	e6 e0       	ldi	r30, 0x06	; 6
     6de:	0c 94 18 18 	jmp	0x3030	; 0x3030 <__epilogue_restores__+0x18>

000006e2 <__ltsf2>:
     6e2:	a8 e1       	ldi	r26, 0x18	; 24
     6e4:	b0 e0       	ldi	r27, 0x00	; 0
     6e6:	e7 e7       	ldi	r30, 0x77	; 119
     6e8:	f3 e0       	ldi	r31, 0x03	; 3
     6ea:	0c 94 fc 17 	jmp	0x2ff8	; 0x2ff8 <__prologue_saves__+0x18>
     6ee:	69 83       	std	Y+1, r22	; 0x01
     6f0:	7a 83       	std	Y+2, r23	; 0x02
     6f2:	8b 83       	std	Y+3, r24	; 0x03
     6f4:	9c 83       	std	Y+4, r25	; 0x04
     6f6:	2d 83       	std	Y+5, r18	; 0x05
     6f8:	3e 83       	std	Y+6, r19	; 0x06
     6fa:	4f 83       	std	Y+7, r20	; 0x07
     6fc:	58 87       	std	Y+8, r21	; 0x08
     6fe:	89 e0       	ldi	r24, 0x09	; 9
     700:	e8 2e       	mov	r14, r24
     702:	f1 2c       	mov	r15, r1
     704:	ec 0e       	add	r14, r28
     706:	fd 1e       	adc	r15, r29
     708:	ce 01       	movw	r24, r28
     70a:	01 96       	adiw	r24, 0x01	; 1
     70c:	b7 01       	movw	r22, r14
     70e:	0e 94 ca 04 	call	0x994	; 0x994 <__unpack_f>
     712:	8e 01       	movw	r16, r28
     714:	0f 5e       	subi	r16, 0xEF	; 239
     716:	1f 4f       	sbci	r17, 0xFF	; 255
     718:	ce 01       	movw	r24, r28
     71a:	05 96       	adiw	r24, 0x05	; 5
     71c:	b8 01       	movw	r22, r16
     71e:	0e 94 ca 04 	call	0x994	; 0x994 <__unpack_f>
     722:	89 85       	ldd	r24, Y+9	; 0x09
     724:	82 30       	cpi	r24, 0x02	; 2
     726:	40 f0       	brcs	.+16     	; 0x738 <__ltsf2+0x56>
     728:	89 89       	ldd	r24, Y+17	; 0x11
     72a:	82 30       	cpi	r24, 0x02	; 2
     72c:	28 f0       	brcs	.+10     	; 0x738 <__ltsf2+0x56>
     72e:	c7 01       	movw	r24, r14
     730:	b8 01       	movw	r22, r16
     732:	0e 94 42 05 	call	0xa84	; 0xa84 <__fpcmp_parts_f>
     736:	01 c0       	rjmp	.+2      	; 0x73a <__ltsf2+0x58>
     738:	81 e0       	ldi	r24, 0x01	; 1
     73a:	68 96       	adiw	r28, 0x18	; 24
     73c:	e6 e0       	ldi	r30, 0x06	; 6
     73e:	0c 94 18 18 	jmp	0x3030	; 0x3030 <__epilogue_restores__+0x18>

00000742 <__fixsfsi>:
     742:	ac e0       	ldi	r26, 0x0C	; 12
     744:	b0 e0       	ldi	r27, 0x00	; 0
     746:	e7 ea       	ldi	r30, 0xA7	; 167
     748:	f3 e0       	ldi	r31, 0x03	; 3
     74a:	0c 94 00 18 	jmp	0x3000	; 0x3000 <__prologue_saves__+0x20>
     74e:	69 83       	std	Y+1, r22	; 0x01
     750:	7a 83       	std	Y+2, r23	; 0x02
     752:	8b 83       	std	Y+3, r24	; 0x03
     754:	9c 83       	std	Y+4, r25	; 0x04
     756:	ce 01       	movw	r24, r28
     758:	01 96       	adiw	r24, 0x01	; 1
     75a:	be 01       	movw	r22, r28
     75c:	6b 5f       	subi	r22, 0xFB	; 251
     75e:	7f 4f       	sbci	r23, 0xFF	; 255
     760:	0e 94 ca 04 	call	0x994	; 0x994 <__unpack_f>
     764:	8d 81       	ldd	r24, Y+5	; 0x05
     766:	82 30       	cpi	r24, 0x02	; 2
     768:	61 f1       	breq	.+88     	; 0x7c2 <__fixsfsi+0x80>
     76a:	82 30       	cpi	r24, 0x02	; 2
     76c:	50 f1       	brcs	.+84     	; 0x7c2 <__fixsfsi+0x80>
     76e:	84 30       	cpi	r24, 0x04	; 4
     770:	21 f4       	brne	.+8      	; 0x77a <__fixsfsi+0x38>
     772:	8e 81       	ldd	r24, Y+6	; 0x06
     774:	88 23       	and	r24, r24
     776:	51 f1       	breq	.+84     	; 0x7cc <__fixsfsi+0x8a>
     778:	2e c0       	rjmp	.+92     	; 0x7d6 <__fixsfsi+0x94>
     77a:	2f 81       	ldd	r18, Y+7	; 0x07
     77c:	38 85       	ldd	r19, Y+8	; 0x08
     77e:	37 fd       	sbrc	r19, 7
     780:	20 c0       	rjmp	.+64     	; 0x7c2 <__fixsfsi+0x80>
     782:	6e 81       	ldd	r22, Y+6	; 0x06
     784:	2f 31       	cpi	r18, 0x1F	; 31
     786:	31 05       	cpc	r19, r1
     788:	1c f0       	brlt	.+6      	; 0x790 <__fixsfsi+0x4e>
     78a:	66 23       	and	r22, r22
     78c:	f9 f0       	breq	.+62     	; 0x7cc <__fixsfsi+0x8a>
     78e:	23 c0       	rjmp	.+70     	; 0x7d6 <__fixsfsi+0x94>
     790:	8e e1       	ldi	r24, 0x1E	; 30
     792:	90 e0       	ldi	r25, 0x00	; 0
     794:	82 1b       	sub	r24, r18
     796:	93 0b       	sbc	r25, r19
     798:	29 85       	ldd	r18, Y+9	; 0x09
     79a:	3a 85       	ldd	r19, Y+10	; 0x0a
     79c:	4b 85       	ldd	r20, Y+11	; 0x0b
     79e:	5c 85       	ldd	r21, Y+12	; 0x0c
     7a0:	04 c0       	rjmp	.+8      	; 0x7aa <__fixsfsi+0x68>
     7a2:	56 95       	lsr	r21
     7a4:	47 95       	ror	r20
     7a6:	37 95       	ror	r19
     7a8:	27 95       	ror	r18
     7aa:	8a 95       	dec	r24
     7ac:	d2 f7       	brpl	.-12     	; 0x7a2 <__fixsfsi+0x60>
     7ae:	66 23       	and	r22, r22
     7b0:	b1 f0       	breq	.+44     	; 0x7de <__fixsfsi+0x9c>
     7b2:	50 95       	com	r21
     7b4:	40 95       	com	r20
     7b6:	30 95       	com	r19
     7b8:	21 95       	neg	r18
     7ba:	3f 4f       	sbci	r19, 0xFF	; 255
     7bc:	4f 4f       	sbci	r20, 0xFF	; 255
     7be:	5f 4f       	sbci	r21, 0xFF	; 255
     7c0:	0e c0       	rjmp	.+28     	; 0x7de <__fixsfsi+0x9c>
     7c2:	20 e0       	ldi	r18, 0x00	; 0
     7c4:	30 e0       	ldi	r19, 0x00	; 0
     7c6:	40 e0       	ldi	r20, 0x00	; 0
     7c8:	50 e0       	ldi	r21, 0x00	; 0
     7ca:	09 c0       	rjmp	.+18     	; 0x7de <__fixsfsi+0x9c>
     7cc:	2f ef       	ldi	r18, 0xFF	; 255
     7ce:	3f ef       	ldi	r19, 0xFF	; 255
     7d0:	4f ef       	ldi	r20, 0xFF	; 255
     7d2:	5f e7       	ldi	r21, 0x7F	; 127
     7d4:	04 c0       	rjmp	.+8      	; 0x7de <__fixsfsi+0x9c>
     7d6:	20 e0       	ldi	r18, 0x00	; 0
     7d8:	30 e0       	ldi	r19, 0x00	; 0
     7da:	40 e0       	ldi	r20, 0x00	; 0
     7dc:	50 e8       	ldi	r21, 0x80	; 128
     7de:	b9 01       	movw	r22, r18
     7e0:	ca 01       	movw	r24, r20
     7e2:	2c 96       	adiw	r28, 0x0c	; 12
     7e4:	e2 e0       	ldi	r30, 0x02	; 2
     7e6:	0c 94 1c 18 	jmp	0x3038	; 0x3038 <__epilogue_restores__+0x20>

000007ea <__pack_f>:
     7ea:	df 92       	push	r13
     7ec:	ef 92       	push	r14
     7ee:	ff 92       	push	r15
     7f0:	0f 93       	push	r16
     7f2:	1f 93       	push	r17
     7f4:	fc 01       	movw	r30, r24
     7f6:	e4 80       	ldd	r14, Z+4	; 0x04
     7f8:	f5 80       	ldd	r15, Z+5	; 0x05
     7fa:	06 81       	ldd	r16, Z+6	; 0x06
     7fc:	17 81       	ldd	r17, Z+7	; 0x07
     7fe:	d1 80       	ldd	r13, Z+1	; 0x01
     800:	80 81       	ld	r24, Z
     802:	82 30       	cpi	r24, 0x02	; 2
     804:	48 f4       	brcc	.+18     	; 0x818 <__pack_f+0x2e>
     806:	80 e0       	ldi	r24, 0x00	; 0
     808:	90 e0       	ldi	r25, 0x00	; 0
     80a:	a0 e1       	ldi	r26, 0x10	; 16
     80c:	b0 e0       	ldi	r27, 0x00	; 0
     80e:	e8 2a       	or	r14, r24
     810:	f9 2a       	or	r15, r25
     812:	0a 2b       	or	r16, r26
     814:	1b 2b       	or	r17, r27
     816:	a5 c0       	rjmp	.+330    	; 0x962 <__stack+0x103>
     818:	84 30       	cpi	r24, 0x04	; 4
     81a:	09 f4       	brne	.+2      	; 0x81e <__pack_f+0x34>
     81c:	9f c0       	rjmp	.+318    	; 0x95c <__stack+0xfd>
     81e:	82 30       	cpi	r24, 0x02	; 2
     820:	21 f4       	brne	.+8      	; 0x82a <__pack_f+0x40>
     822:	ee 24       	eor	r14, r14
     824:	ff 24       	eor	r15, r15
     826:	87 01       	movw	r16, r14
     828:	05 c0       	rjmp	.+10     	; 0x834 <__pack_f+0x4a>
     82a:	e1 14       	cp	r14, r1
     82c:	f1 04       	cpc	r15, r1
     82e:	01 05       	cpc	r16, r1
     830:	11 05       	cpc	r17, r1
     832:	19 f4       	brne	.+6      	; 0x83a <__pack_f+0x50>
     834:	e0 e0       	ldi	r30, 0x00	; 0
     836:	f0 e0       	ldi	r31, 0x00	; 0
     838:	96 c0       	rjmp	.+300    	; 0x966 <__stack+0x107>
     83a:	62 81       	ldd	r22, Z+2	; 0x02
     83c:	73 81       	ldd	r23, Z+3	; 0x03
     83e:	9f ef       	ldi	r25, 0xFF	; 255
     840:	62 38       	cpi	r22, 0x82	; 130
     842:	79 07       	cpc	r23, r25
     844:	0c f0       	brlt	.+2      	; 0x848 <__pack_f+0x5e>
     846:	5b c0       	rjmp	.+182    	; 0x8fe <__stack+0x9f>
     848:	22 e8       	ldi	r18, 0x82	; 130
     84a:	3f ef       	ldi	r19, 0xFF	; 255
     84c:	26 1b       	sub	r18, r22
     84e:	37 0b       	sbc	r19, r23
     850:	2a 31       	cpi	r18, 0x1A	; 26
     852:	31 05       	cpc	r19, r1
     854:	2c f0       	brlt	.+10     	; 0x860 <__stack+0x1>
     856:	20 e0       	ldi	r18, 0x00	; 0
     858:	30 e0       	ldi	r19, 0x00	; 0
     85a:	40 e0       	ldi	r20, 0x00	; 0
     85c:	50 e0       	ldi	r21, 0x00	; 0
     85e:	2a c0       	rjmp	.+84     	; 0x8b4 <__stack+0x55>
     860:	b8 01       	movw	r22, r16
     862:	a7 01       	movw	r20, r14
     864:	02 2e       	mov	r0, r18
     866:	04 c0       	rjmp	.+8      	; 0x870 <__stack+0x11>
     868:	76 95       	lsr	r23
     86a:	67 95       	ror	r22
     86c:	57 95       	ror	r21
     86e:	47 95       	ror	r20
     870:	0a 94       	dec	r0
     872:	d2 f7       	brpl	.-12     	; 0x868 <__stack+0x9>
     874:	81 e0       	ldi	r24, 0x01	; 1
     876:	90 e0       	ldi	r25, 0x00	; 0
     878:	a0 e0       	ldi	r26, 0x00	; 0
     87a:	b0 e0       	ldi	r27, 0x00	; 0
     87c:	04 c0       	rjmp	.+8      	; 0x886 <__stack+0x27>
     87e:	88 0f       	add	r24, r24
     880:	99 1f       	adc	r25, r25
     882:	aa 1f       	adc	r26, r26
     884:	bb 1f       	adc	r27, r27
     886:	2a 95       	dec	r18
     888:	d2 f7       	brpl	.-12     	; 0x87e <__stack+0x1f>
     88a:	01 97       	sbiw	r24, 0x01	; 1
     88c:	a1 09       	sbc	r26, r1
     88e:	b1 09       	sbc	r27, r1
     890:	8e 21       	and	r24, r14
     892:	9f 21       	and	r25, r15
     894:	a0 23       	and	r26, r16
     896:	b1 23       	and	r27, r17
     898:	00 97       	sbiw	r24, 0x00	; 0
     89a:	a1 05       	cpc	r26, r1
     89c:	b1 05       	cpc	r27, r1
     89e:	21 f0       	breq	.+8      	; 0x8a8 <__stack+0x49>
     8a0:	81 e0       	ldi	r24, 0x01	; 1
     8a2:	90 e0       	ldi	r25, 0x00	; 0
     8a4:	a0 e0       	ldi	r26, 0x00	; 0
     8a6:	b0 e0       	ldi	r27, 0x00	; 0
     8a8:	9a 01       	movw	r18, r20
     8aa:	ab 01       	movw	r20, r22
     8ac:	28 2b       	or	r18, r24
     8ae:	39 2b       	or	r19, r25
     8b0:	4a 2b       	or	r20, r26
     8b2:	5b 2b       	or	r21, r27
     8b4:	da 01       	movw	r26, r20
     8b6:	c9 01       	movw	r24, r18
     8b8:	8f 77       	andi	r24, 0x7F	; 127
     8ba:	90 70       	andi	r25, 0x00	; 0
     8bc:	a0 70       	andi	r26, 0x00	; 0
     8be:	b0 70       	andi	r27, 0x00	; 0
     8c0:	80 34       	cpi	r24, 0x40	; 64
     8c2:	91 05       	cpc	r25, r1
     8c4:	a1 05       	cpc	r26, r1
     8c6:	b1 05       	cpc	r27, r1
     8c8:	39 f4       	brne	.+14     	; 0x8d8 <__stack+0x79>
     8ca:	27 ff       	sbrs	r18, 7
     8cc:	09 c0       	rjmp	.+18     	; 0x8e0 <__stack+0x81>
     8ce:	20 5c       	subi	r18, 0xC0	; 192
     8d0:	3f 4f       	sbci	r19, 0xFF	; 255
     8d2:	4f 4f       	sbci	r20, 0xFF	; 255
     8d4:	5f 4f       	sbci	r21, 0xFF	; 255
     8d6:	04 c0       	rjmp	.+8      	; 0x8e0 <__stack+0x81>
     8d8:	21 5c       	subi	r18, 0xC1	; 193
     8da:	3f 4f       	sbci	r19, 0xFF	; 255
     8dc:	4f 4f       	sbci	r20, 0xFF	; 255
     8de:	5f 4f       	sbci	r21, 0xFF	; 255
     8e0:	e0 e0       	ldi	r30, 0x00	; 0
     8e2:	f0 e0       	ldi	r31, 0x00	; 0
     8e4:	20 30       	cpi	r18, 0x00	; 0
     8e6:	a0 e0       	ldi	r26, 0x00	; 0
     8e8:	3a 07       	cpc	r19, r26
     8ea:	a0 e0       	ldi	r26, 0x00	; 0
     8ec:	4a 07       	cpc	r20, r26
     8ee:	a0 e4       	ldi	r26, 0x40	; 64
     8f0:	5a 07       	cpc	r21, r26
     8f2:	10 f0       	brcs	.+4      	; 0x8f8 <__stack+0x99>
     8f4:	e1 e0       	ldi	r30, 0x01	; 1
     8f6:	f0 e0       	ldi	r31, 0x00	; 0
     8f8:	79 01       	movw	r14, r18
     8fa:	8a 01       	movw	r16, r20
     8fc:	27 c0       	rjmp	.+78     	; 0x94c <__stack+0xed>
     8fe:	60 38       	cpi	r22, 0x80	; 128
     900:	71 05       	cpc	r23, r1
     902:	64 f5       	brge	.+88     	; 0x95c <__stack+0xfd>
     904:	fb 01       	movw	r30, r22
     906:	e1 58       	subi	r30, 0x81	; 129
     908:	ff 4f       	sbci	r31, 0xFF	; 255
     90a:	d8 01       	movw	r26, r16
     90c:	c7 01       	movw	r24, r14
     90e:	8f 77       	andi	r24, 0x7F	; 127
     910:	90 70       	andi	r25, 0x00	; 0
     912:	a0 70       	andi	r26, 0x00	; 0
     914:	b0 70       	andi	r27, 0x00	; 0
     916:	80 34       	cpi	r24, 0x40	; 64
     918:	91 05       	cpc	r25, r1
     91a:	a1 05       	cpc	r26, r1
     91c:	b1 05       	cpc	r27, r1
     91e:	39 f4       	brne	.+14     	; 0x92e <__stack+0xcf>
     920:	e7 fe       	sbrs	r14, 7
     922:	0d c0       	rjmp	.+26     	; 0x93e <__stack+0xdf>
     924:	80 e4       	ldi	r24, 0x40	; 64
     926:	90 e0       	ldi	r25, 0x00	; 0
     928:	a0 e0       	ldi	r26, 0x00	; 0
     92a:	b0 e0       	ldi	r27, 0x00	; 0
     92c:	04 c0       	rjmp	.+8      	; 0x936 <__stack+0xd7>
     92e:	8f e3       	ldi	r24, 0x3F	; 63
     930:	90 e0       	ldi	r25, 0x00	; 0
     932:	a0 e0       	ldi	r26, 0x00	; 0
     934:	b0 e0       	ldi	r27, 0x00	; 0
     936:	e8 0e       	add	r14, r24
     938:	f9 1e       	adc	r15, r25
     93a:	0a 1f       	adc	r16, r26
     93c:	1b 1f       	adc	r17, r27
     93e:	17 ff       	sbrs	r17, 7
     940:	05 c0       	rjmp	.+10     	; 0x94c <__stack+0xed>
     942:	16 95       	lsr	r17
     944:	07 95       	ror	r16
     946:	f7 94       	ror	r15
     948:	e7 94       	ror	r14
     94a:	31 96       	adiw	r30, 0x01	; 1
     94c:	87 e0       	ldi	r24, 0x07	; 7
     94e:	16 95       	lsr	r17
     950:	07 95       	ror	r16
     952:	f7 94       	ror	r15
     954:	e7 94       	ror	r14
     956:	8a 95       	dec	r24
     958:	d1 f7       	brne	.-12     	; 0x94e <__stack+0xef>
     95a:	05 c0       	rjmp	.+10     	; 0x966 <__stack+0x107>
     95c:	ee 24       	eor	r14, r14
     95e:	ff 24       	eor	r15, r15
     960:	87 01       	movw	r16, r14
     962:	ef ef       	ldi	r30, 0xFF	; 255
     964:	f0 e0       	ldi	r31, 0x00	; 0
     966:	6e 2f       	mov	r22, r30
     968:	67 95       	ror	r22
     96a:	66 27       	eor	r22, r22
     96c:	67 95       	ror	r22
     96e:	90 2f       	mov	r25, r16
     970:	9f 77       	andi	r25, 0x7F	; 127
     972:	d7 94       	ror	r13
     974:	dd 24       	eor	r13, r13
     976:	d7 94       	ror	r13
     978:	8e 2f       	mov	r24, r30
     97a:	86 95       	lsr	r24
     97c:	49 2f       	mov	r20, r25
     97e:	46 2b       	or	r20, r22
     980:	58 2f       	mov	r21, r24
     982:	5d 29       	or	r21, r13
     984:	b7 01       	movw	r22, r14
     986:	ca 01       	movw	r24, r20
     988:	1f 91       	pop	r17
     98a:	0f 91       	pop	r16
     98c:	ff 90       	pop	r15
     98e:	ef 90       	pop	r14
     990:	df 90       	pop	r13
     992:	08 95       	ret

00000994 <__unpack_f>:
     994:	fc 01       	movw	r30, r24
     996:	db 01       	movw	r26, r22
     998:	40 81       	ld	r20, Z
     99a:	51 81       	ldd	r21, Z+1	; 0x01
     99c:	22 81       	ldd	r18, Z+2	; 0x02
     99e:	62 2f       	mov	r22, r18
     9a0:	6f 77       	andi	r22, 0x7F	; 127
     9a2:	70 e0       	ldi	r23, 0x00	; 0
     9a4:	22 1f       	adc	r18, r18
     9a6:	22 27       	eor	r18, r18
     9a8:	22 1f       	adc	r18, r18
     9aa:	93 81       	ldd	r25, Z+3	; 0x03
     9ac:	89 2f       	mov	r24, r25
     9ae:	88 0f       	add	r24, r24
     9b0:	82 2b       	or	r24, r18
     9b2:	28 2f       	mov	r18, r24
     9b4:	30 e0       	ldi	r19, 0x00	; 0
     9b6:	99 1f       	adc	r25, r25
     9b8:	99 27       	eor	r25, r25
     9ba:	99 1f       	adc	r25, r25
     9bc:	11 96       	adiw	r26, 0x01	; 1
     9be:	9c 93       	st	X, r25
     9c0:	11 97       	sbiw	r26, 0x01	; 1
     9c2:	21 15       	cp	r18, r1
     9c4:	31 05       	cpc	r19, r1
     9c6:	a9 f5       	brne	.+106    	; 0xa32 <__unpack_f+0x9e>
     9c8:	41 15       	cp	r20, r1
     9ca:	51 05       	cpc	r21, r1
     9cc:	61 05       	cpc	r22, r1
     9ce:	71 05       	cpc	r23, r1
     9d0:	11 f4       	brne	.+4      	; 0x9d6 <__unpack_f+0x42>
     9d2:	82 e0       	ldi	r24, 0x02	; 2
     9d4:	37 c0       	rjmp	.+110    	; 0xa44 <__unpack_f+0xb0>
     9d6:	82 e8       	ldi	r24, 0x82	; 130
     9d8:	9f ef       	ldi	r25, 0xFF	; 255
     9da:	13 96       	adiw	r26, 0x03	; 3
     9dc:	9c 93       	st	X, r25
     9de:	8e 93       	st	-X, r24
     9e0:	12 97       	sbiw	r26, 0x02	; 2
     9e2:	9a 01       	movw	r18, r20
     9e4:	ab 01       	movw	r20, r22
     9e6:	67 e0       	ldi	r22, 0x07	; 7
     9e8:	22 0f       	add	r18, r18
     9ea:	33 1f       	adc	r19, r19
     9ec:	44 1f       	adc	r20, r20
     9ee:	55 1f       	adc	r21, r21
     9f0:	6a 95       	dec	r22
     9f2:	d1 f7       	brne	.-12     	; 0x9e8 <__unpack_f+0x54>
     9f4:	83 e0       	ldi	r24, 0x03	; 3
     9f6:	8c 93       	st	X, r24
     9f8:	0d c0       	rjmp	.+26     	; 0xa14 <__unpack_f+0x80>
     9fa:	22 0f       	add	r18, r18
     9fc:	33 1f       	adc	r19, r19
     9fe:	44 1f       	adc	r20, r20
     a00:	55 1f       	adc	r21, r21
     a02:	12 96       	adiw	r26, 0x02	; 2
     a04:	8d 91       	ld	r24, X+
     a06:	9c 91       	ld	r25, X
     a08:	13 97       	sbiw	r26, 0x03	; 3
     a0a:	01 97       	sbiw	r24, 0x01	; 1
     a0c:	13 96       	adiw	r26, 0x03	; 3
     a0e:	9c 93       	st	X, r25
     a10:	8e 93       	st	-X, r24
     a12:	12 97       	sbiw	r26, 0x02	; 2
     a14:	20 30       	cpi	r18, 0x00	; 0
     a16:	80 e0       	ldi	r24, 0x00	; 0
     a18:	38 07       	cpc	r19, r24
     a1a:	80 e0       	ldi	r24, 0x00	; 0
     a1c:	48 07       	cpc	r20, r24
     a1e:	80 e4       	ldi	r24, 0x40	; 64
     a20:	58 07       	cpc	r21, r24
     a22:	58 f3       	brcs	.-42     	; 0x9fa <__unpack_f+0x66>
     a24:	14 96       	adiw	r26, 0x04	; 4
     a26:	2d 93       	st	X+, r18
     a28:	3d 93       	st	X+, r19
     a2a:	4d 93       	st	X+, r20
     a2c:	5c 93       	st	X, r21
     a2e:	17 97       	sbiw	r26, 0x07	; 7
     a30:	08 95       	ret
     a32:	2f 3f       	cpi	r18, 0xFF	; 255
     a34:	31 05       	cpc	r19, r1
     a36:	79 f4       	brne	.+30     	; 0xa56 <__unpack_f+0xc2>
     a38:	41 15       	cp	r20, r1
     a3a:	51 05       	cpc	r21, r1
     a3c:	61 05       	cpc	r22, r1
     a3e:	71 05       	cpc	r23, r1
     a40:	19 f4       	brne	.+6      	; 0xa48 <__unpack_f+0xb4>
     a42:	84 e0       	ldi	r24, 0x04	; 4
     a44:	8c 93       	st	X, r24
     a46:	08 95       	ret
     a48:	64 ff       	sbrs	r22, 4
     a4a:	03 c0       	rjmp	.+6      	; 0xa52 <__unpack_f+0xbe>
     a4c:	81 e0       	ldi	r24, 0x01	; 1
     a4e:	8c 93       	st	X, r24
     a50:	12 c0       	rjmp	.+36     	; 0xa76 <__unpack_f+0xe2>
     a52:	1c 92       	st	X, r1
     a54:	10 c0       	rjmp	.+32     	; 0xa76 <__unpack_f+0xe2>
     a56:	2f 57       	subi	r18, 0x7F	; 127
     a58:	30 40       	sbci	r19, 0x00	; 0
     a5a:	13 96       	adiw	r26, 0x03	; 3
     a5c:	3c 93       	st	X, r19
     a5e:	2e 93       	st	-X, r18
     a60:	12 97       	sbiw	r26, 0x02	; 2
     a62:	83 e0       	ldi	r24, 0x03	; 3
     a64:	8c 93       	st	X, r24
     a66:	87 e0       	ldi	r24, 0x07	; 7
     a68:	44 0f       	add	r20, r20
     a6a:	55 1f       	adc	r21, r21
     a6c:	66 1f       	adc	r22, r22
     a6e:	77 1f       	adc	r23, r23
     a70:	8a 95       	dec	r24
     a72:	d1 f7       	brne	.-12     	; 0xa68 <__unpack_f+0xd4>
     a74:	70 64       	ori	r23, 0x40	; 64
     a76:	14 96       	adiw	r26, 0x04	; 4
     a78:	4d 93       	st	X+, r20
     a7a:	5d 93       	st	X+, r21
     a7c:	6d 93       	st	X+, r22
     a7e:	7c 93       	st	X, r23
     a80:	17 97       	sbiw	r26, 0x07	; 7
     a82:	08 95       	ret

00000a84 <__fpcmp_parts_f>:
     a84:	1f 93       	push	r17
     a86:	dc 01       	movw	r26, r24
     a88:	fb 01       	movw	r30, r22
     a8a:	9c 91       	ld	r25, X
     a8c:	92 30       	cpi	r25, 0x02	; 2
     a8e:	08 f4       	brcc	.+2      	; 0xa92 <__fpcmp_parts_f+0xe>
     a90:	47 c0       	rjmp	.+142    	; 0xb20 <__fpcmp_parts_f+0x9c>
     a92:	80 81       	ld	r24, Z
     a94:	82 30       	cpi	r24, 0x02	; 2
     a96:	08 f4       	brcc	.+2      	; 0xa9a <__fpcmp_parts_f+0x16>
     a98:	43 c0       	rjmp	.+134    	; 0xb20 <__fpcmp_parts_f+0x9c>
     a9a:	94 30       	cpi	r25, 0x04	; 4
     a9c:	51 f4       	brne	.+20     	; 0xab2 <__fpcmp_parts_f+0x2e>
     a9e:	11 96       	adiw	r26, 0x01	; 1
     aa0:	1c 91       	ld	r17, X
     aa2:	84 30       	cpi	r24, 0x04	; 4
     aa4:	99 f5       	brne	.+102    	; 0xb0c <__fpcmp_parts_f+0x88>
     aa6:	81 81       	ldd	r24, Z+1	; 0x01
     aa8:	68 2f       	mov	r22, r24
     aaa:	70 e0       	ldi	r23, 0x00	; 0
     aac:	61 1b       	sub	r22, r17
     aae:	71 09       	sbc	r23, r1
     ab0:	3f c0       	rjmp	.+126    	; 0xb30 <__fpcmp_parts_f+0xac>
     ab2:	84 30       	cpi	r24, 0x04	; 4
     ab4:	21 f0       	breq	.+8      	; 0xabe <__fpcmp_parts_f+0x3a>
     ab6:	92 30       	cpi	r25, 0x02	; 2
     ab8:	31 f4       	brne	.+12     	; 0xac6 <__fpcmp_parts_f+0x42>
     aba:	82 30       	cpi	r24, 0x02	; 2
     abc:	b9 f1       	breq	.+110    	; 0xb2c <__fpcmp_parts_f+0xa8>
     abe:	81 81       	ldd	r24, Z+1	; 0x01
     ac0:	88 23       	and	r24, r24
     ac2:	89 f1       	breq	.+98     	; 0xb26 <__fpcmp_parts_f+0xa2>
     ac4:	2d c0       	rjmp	.+90     	; 0xb20 <__fpcmp_parts_f+0x9c>
     ac6:	11 96       	adiw	r26, 0x01	; 1
     ac8:	1c 91       	ld	r17, X
     aca:	11 97       	sbiw	r26, 0x01	; 1
     acc:	82 30       	cpi	r24, 0x02	; 2
     ace:	f1 f0       	breq	.+60     	; 0xb0c <__fpcmp_parts_f+0x88>
     ad0:	81 81       	ldd	r24, Z+1	; 0x01
     ad2:	18 17       	cp	r17, r24
     ad4:	d9 f4       	brne	.+54     	; 0xb0c <__fpcmp_parts_f+0x88>
     ad6:	12 96       	adiw	r26, 0x02	; 2
     ad8:	2d 91       	ld	r18, X+
     ada:	3c 91       	ld	r19, X
     adc:	13 97       	sbiw	r26, 0x03	; 3
     ade:	82 81       	ldd	r24, Z+2	; 0x02
     ae0:	93 81       	ldd	r25, Z+3	; 0x03
     ae2:	82 17       	cp	r24, r18
     ae4:	93 07       	cpc	r25, r19
     ae6:	94 f0       	brlt	.+36     	; 0xb0c <__fpcmp_parts_f+0x88>
     ae8:	28 17       	cp	r18, r24
     aea:	39 07       	cpc	r19, r25
     aec:	bc f0       	brlt	.+46     	; 0xb1c <__fpcmp_parts_f+0x98>
     aee:	14 96       	adiw	r26, 0x04	; 4
     af0:	8d 91       	ld	r24, X+
     af2:	9d 91       	ld	r25, X+
     af4:	0d 90       	ld	r0, X+
     af6:	bc 91       	ld	r27, X
     af8:	a0 2d       	mov	r26, r0
     afa:	24 81       	ldd	r18, Z+4	; 0x04
     afc:	35 81       	ldd	r19, Z+5	; 0x05
     afe:	46 81       	ldd	r20, Z+6	; 0x06
     b00:	57 81       	ldd	r21, Z+7	; 0x07
     b02:	28 17       	cp	r18, r24
     b04:	39 07       	cpc	r19, r25
     b06:	4a 07       	cpc	r20, r26
     b08:	5b 07       	cpc	r21, r27
     b0a:	18 f4       	brcc	.+6      	; 0xb12 <__fpcmp_parts_f+0x8e>
     b0c:	11 23       	and	r17, r17
     b0e:	41 f0       	breq	.+16     	; 0xb20 <__fpcmp_parts_f+0x9c>
     b10:	0a c0       	rjmp	.+20     	; 0xb26 <__fpcmp_parts_f+0xa2>
     b12:	82 17       	cp	r24, r18
     b14:	93 07       	cpc	r25, r19
     b16:	a4 07       	cpc	r26, r20
     b18:	b5 07       	cpc	r27, r21
     b1a:	40 f4       	brcc	.+16     	; 0xb2c <__fpcmp_parts_f+0xa8>
     b1c:	11 23       	and	r17, r17
     b1e:	19 f0       	breq	.+6      	; 0xb26 <__fpcmp_parts_f+0xa2>
     b20:	61 e0       	ldi	r22, 0x01	; 1
     b22:	70 e0       	ldi	r23, 0x00	; 0
     b24:	05 c0       	rjmp	.+10     	; 0xb30 <__fpcmp_parts_f+0xac>
     b26:	6f ef       	ldi	r22, 0xFF	; 255
     b28:	7f ef       	ldi	r23, 0xFF	; 255
     b2a:	02 c0       	rjmp	.+4      	; 0xb30 <__fpcmp_parts_f+0xac>
     b2c:	60 e0       	ldi	r22, 0x00	; 0
     b2e:	70 e0       	ldi	r23, 0x00	; 0
     b30:	cb 01       	movw	r24, r22
     b32:	1f 91       	pop	r17
     b34:	08 95       	ret

00000b36 <ADC_Init>:
 */

#include "ADC.h"
#include <avr/io.h>

extern void ADC_Init(void) {
     b36:	df 93       	push	r29
     b38:	cf 93       	push	r28
     b3a:	cd b7       	in	r28, 0x3d	; 61
     b3c:	de b7       	in	r29, 0x3e	; 62
	// Enable ADC On AVR
	SET_BIT(ADCSRA_Reg, 7);
     b3e:	a6 e2       	ldi	r26, 0x26	; 38
     b40:	b0 e0       	ldi	r27, 0x00	; 0
     b42:	e6 e2       	ldi	r30, 0x26	; 38
     b44:	f0 e0       	ldi	r31, 0x00	; 0
     b46:	80 81       	ld	r24, Z
     b48:	80 68       	ori	r24, 0x80	; 128
     b4a:	8c 93       	st	X, r24

	// Select Conversion Speed
	SET_BIT(ADCSRA_Reg, 0);
     b4c:	a6 e2       	ldi	r26, 0x26	; 38
     b4e:	b0 e0       	ldi	r27, 0x00	; 0
     b50:	e6 e2       	ldi	r30, 0x26	; 38
     b52:	f0 e0       	ldi	r31, 0x00	; 0
     b54:	80 81       	ld	r24, Z
     b56:	81 60       	ori	r24, 0x01	; 1
     b58:	8c 93       	st	X, r24
	SET_BIT(ADCSRA_Reg, 1);
     b5a:	a6 e2       	ldi	r26, 0x26	; 38
     b5c:	b0 e0       	ldi	r27, 0x00	; 0
     b5e:	e6 e2       	ldi	r30, 0x26	; 38
     b60:	f0 e0       	ldi	r31, 0x00	; 0
     b62:	80 81       	ld	r24, Z
     b64:	82 60       	ori	r24, 0x02	; 2
     b66:	8c 93       	st	X, r24
	SET_BIT(ADCSRA_Reg, 2);
     b68:	a6 e2       	ldi	r26, 0x26	; 38
     b6a:	b0 e0       	ldi	r27, 0x00	; 0
     b6c:	e6 e2       	ldi	r30, 0x26	; 38
     b6e:	f0 e0       	ldi	r31, 0x00	; 0
     b70:	80 81       	ld	r24, Z
     b72:	84 60       	ori	r24, 0x04	; 4
     b74:	8c 93       	st	X, r24

	// ADC Data Rgith Adjustment
	SET_BIT(ADMUX_Reg, 5);
     b76:	a7 e2       	ldi	r26, 0x27	; 39
     b78:	b0 e0       	ldi	r27, 0x00	; 0
     b7a:	e7 e2       	ldi	r30, 0x27	; 39
     b7c:	f0 e0       	ldi	r31, 0x00	; 0
     b7e:	80 81       	ld	r24, Z
     b80:	80 62       	ori	r24, 0x20	; 32
     b82:	8c 93       	st	X, r24
}
     b84:	cf 91       	pop	r28
     b86:	df 91       	pop	r29
     b88:	08 95       	ret

00000b8a <ADC_Read>:

u8 ADC_Read(u8 channel) {
     b8a:	df 93       	push	r29
     b8c:	cf 93       	push	r28
     b8e:	0f 92       	push	r0
     b90:	cd b7       	in	r28, 0x3d	; 61
     b92:	de b7       	in	r29, 0x3e	; 62
     b94:	89 83       	std	Y+1, r24	; 0x01
	// Select Voltage Reference
	// Select ADC Channel
	ADMUX_Reg = 0x40 | (channel & 0b00000111);
     b96:	e7 e2       	ldi	r30, 0x27	; 39
     b98:	f0 e0       	ldi	r31, 0x00	; 0
     b9a:	89 81       	ldd	r24, Y+1	; 0x01
     b9c:	87 70       	andi	r24, 0x07	; 7
     b9e:	80 64       	ori	r24, 0x40	; 64
     ba0:	80 83       	st	Z, r24

	// Start ADC Conversion
	SET_BIT(ADCSRA_Reg, 6);
     ba2:	a6 e2       	ldi	r26, 0x26	; 38
     ba4:	b0 e0       	ldi	r27, 0x00	; 0
     ba6:	e6 e2       	ldi	r30, 0x26	; 38
     ba8:	f0 e0       	ldi	r31, 0x00	; 0
     baa:	80 81       	ld	r24, Z
     bac:	80 64       	ori	r24, 0x40	; 64
     bae:	8c 93       	st	X, r24

	//Wait for the conversion
	while (!(ADCSRA_Reg & (1 << 4)))
     bb0:	e6 e2       	ldi	r30, 0x26	; 38
     bb2:	f0 e0       	ldi	r31, 0x00	; 0
     bb4:	80 81       	ld	r24, Z
     bb6:	88 2f       	mov	r24, r24
     bb8:	90 e0       	ldi	r25, 0x00	; 0
     bba:	80 71       	andi	r24, 0x10	; 16
     bbc:	90 70       	andi	r25, 0x00	; 0
     bbe:	00 97       	sbiw	r24, 0x00	; 0
     bc0:	b9 f3       	breq	.-18     	; 0xbb0 <ADC_Read+0x26>
		;

	SET_BIT(ADCSRA_Reg, 4);
     bc2:	a6 e2       	ldi	r26, 0x26	; 38
     bc4:	b0 e0       	ldi	r27, 0x00	; 0
     bc6:	e6 e2       	ldi	r30, 0x26	; 38
     bc8:	f0 e0       	ldi	r31, 0x00	; 0
     bca:	80 81       	ld	r24, Z
     bcc:	80 61       	ori	r24, 0x10	; 16
     bce:	8c 93       	st	X, r24

	return ADC;
     bd0:	e4 e2       	ldi	r30, 0x24	; 36
     bd2:	f0 e0       	ldi	r31, 0x00	; 0
     bd4:	80 81       	ld	r24, Z
     bd6:	91 81       	ldd	r25, Z+1	; 0x01

}
     bd8:	0f 90       	pop	r0
     bda:	cf 91       	pop	r28
     bdc:	df 91       	pop	r29
     bde:	08 95       	ret

00000be0 <LDR>:

void LDR(void) {
     be0:	df 93       	push	r29
     be2:	cf 93       	push	r28
     be4:	cd b7       	in	r28, 0x3d	; 61
     be6:	de b7       	in	r29, 0x3e	; 62
     be8:	c9 54       	subi	r28, 0x49	; 73
     bea:	d0 40       	sbci	r29, 0x00	; 0
     bec:	0f b6       	in	r0, 0x3f	; 63
     bee:	f8 94       	cli
     bf0:	de bf       	out	0x3e, r29	; 62
     bf2:	0f be       	out	0x3f, r0	; 63
     bf4:	cd bf       	out	0x3d, r28	; 61
	u8 Status[12] = "Person:";
     bf6:	ce 01       	movw	r24, r28
     bf8:	81 96       	adiw	r24, 0x21	; 33
     bfa:	9c af       	std	Y+60, r25	; 0x3c
     bfc:	8b af       	std	Y+59, r24	; 0x3b
     bfe:	e0 e6       	ldi	r30, 0x60	; 96
     c00:	f0 e0       	ldi	r31, 0x00	; 0
     c02:	fe af       	std	Y+62, r31	; 0x3e
     c04:	ed af       	std	Y+61, r30	; 0x3d
     c06:	f8 e0       	ldi	r31, 0x08	; 8
     c08:	ff af       	std	Y+63, r31	; 0x3f
     c0a:	ed ad       	ldd	r30, Y+61	; 0x3d
     c0c:	fe ad       	ldd	r31, Y+62	; 0x3e
     c0e:	00 80       	ld	r0, Z
     c10:	8d ad       	ldd	r24, Y+61	; 0x3d
     c12:	9e ad       	ldd	r25, Y+62	; 0x3e
     c14:	01 96       	adiw	r24, 0x01	; 1
     c16:	9e af       	std	Y+62, r25	; 0x3e
     c18:	8d af       	std	Y+61, r24	; 0x3d
     c1a:	eb ad       	ldd	r30, Y+59	; 0x3b
     c1c:	fc ad       	ldd	r31, Y+60	; 0x3c
     c1e:	00 82       	st	Z, r0
     c20:	8b ad       	ldd	r24, Y+59	; 0x3b
     c22:	9c ad       	ldd	r25, Y+60	; 0x3c
     c24:	01 96       	adiw	r24, 0x01	; 1
     c26:	9c af       	std	Y+60, r25	; 0x3c
     c28:	8b af       	std	Y+59, r24	; 0x3b
     c2a:	9f ad       	ldd	r25, Y+63	; 0x3f
     c2c:	91 50       	subi	r25, 0x01	; 1
     c2e:	9f af       	std	Y+63, r25	; 0x3f
     c30:	ef ad       	ldd	r30, Y+63	; 0x3f
     c32:	ee 23       	and	r30, r30
     c34:	51 f7       	brne	.-44     	; 0xc0a <LDR+0x2a>
     c36:	19 a6       	std	Y+41, r1	; 0x29
     c38:	1a a6       	std	Y+42, r1	; 0x2a
     c3a:	1b a6       	std	Y+43, r1	; 0x2b
     c3c:	1c a6       	std	Y+44, r1	; 0x2c
	u8 Name_Test_English[5] = "here";
     c3e:	ce 01       	movw	r24, r28
     c40:	8d 96       	adiw	r24, 0x2d	; 45
     c42:	22 96       	adiw	r28, 0x02	; 2
     c44:	9f af       	std	Y+63, r25	; 0x3f
     c46:	8e af       	std	Y+62, r24	; 0x3e
     c48:	22 97       	sbiw	r28, 0x02	; 2
     c4a:	ec e6       	ldi	r30, 0x6C	; 108
     c4c:	f0 e0       	ldi	r31, 0x00	; 0
     c4e:	24 96       	adiw	r28, 0x04	; 4
     c50:	ff af       	std	Y+63, r31	; 0x3f
     c52:	ee af       	std	Y+62, r30	; 0x3e
     c54:	24 97       	sbiw	r28, 0x04	; 4
     c56:	f5 e0       	ldi	r31, 0x05	; 5
     c58:	25 96       	adiw	r28, 0x05	; 5
     c5a:	ff af       	std	Y+63, r31	; 0x3f
     c5c:	25 97       	sbiw	r28, 0x05	; 5
     c5e:	24 96       	adiw	r28, 0x04	; 4
     c60:	ee ad       	ldd	r30, Y+62	; 0x3e
     c62:	ff ad       	ldd	r31, Y+63	; 0x3f
     c64:	24 97       	sbiw	r28, 0x04	; 4
     c66:	00 80       	ld	r0, Z
     c68:	24 96       	adiw	r28, 0x04	; 4
     c6a:	8e ad       	ldd	r24, Y+62	; 0x3e
     c6c:	9f ad       	ldd	r25, Y+63	; 0x3f
     c6e:	24 97       	sbiw	r28, 0x04	; 4
     c70:	01 96       	adiw	r24, 0x01	; 1
     c72:	24 96       	adiw	r28, 0x04	; 4
     c74:	9f af       	std	Y+63, r25	; 0x3f
     c76:	8e af       	std	Y+62, r24	; 0x3e
     c78:	24 97       	sbiw	r28, 0x04	; 4
     c7a:	22 96       	adiw	r28, 0x02	; 2
     c7c:	ee ad       	ldd	r30, Y+62	; 0x3e
     c7e:	ff ad       	ldd	r31, Y+63	; 0x3f
     c80:	22 97       	sbiw	r28, 0x02	; 2
     c82:	00 82       	st	Z, r0
     c84:	22 96       	adiw	r28, 0x02	; 2
     c86:	8e ad       	ldd	r24, Y+62	; 0x3e
     c88:	9f ad       	ldd	r25, Y+63	; 0x3f
     c8a:	22 97       	sbiw	r28, 0x02	; 2
     c8c:	01 96       	adiw	r24, 0x01	; 1
     c8e:	22 96       	adiw	r28, 0x02	; 2
     c90:	9f af       	std	Y+63, r25	; 0x3f
     c92:	8e af       	std	Y+62, r24	; 0x3e
     c94:	22 97       	sbiw	r28, 0x02	; 2
     c96:	25 96       	adiw	r28, 0x05	; 5
     c98:	9f ad       	ldd	r25, Y+63	; 0x3f
     c9a:	25 97       	sbiw	r28, 0x05	; 5
     c9c:	91 50       	subi	r25, 0x01	; 1
     c9e:	25 96       	adiw	r28, 0x05	; 5
     ca0:	9f af       	std	Y+63, r25	; 0x3f
     ca2:	25 97       	sbiw	r28, 0x05	; 5
     ca4:	25 96       	adiw	r28, 0x05	; 5
     ca6:	ef ad       	ldd	r30, Y+63	; 0x3f
     ca8:	25 97       	sbiw	r28, 0x05	; 5
     caa:	ee 23       	and	r30, r30
     cac:	c1 f6       	brne	.-80     	; 0xc5e <LDR+0x7e>
	u8 Namei_Test_English[9] = "Not here";
     cae:	ce 01       	movw	r24, r28
     cb0:	c2 96       	adiw	r24, 0x32	; 50
     cb2:	27 96       	adiw	r28, 0x07	; 7
     cb4:	9f af       	std	Y+63, r25	; 0x3f
     cb6:	8e af       	std	Y+62, r24	; 0x3e
     cb8:	27 97       	sbiw	r28, 0x07	; 7
     cba:	e1 e7       	ldi	r30, 0x71	; 113
     cbc:	f0 e0       	ldi	r31, 0x00	; 0
     cbe:	29 96       	adiw	r28, 0x09	; 9
     cc0:	ff af       	std	Y+63, r31	; 0x3f
     cc2:	ee af       	std	Y+62, r30	; 0x3e
     cc4:	29 97       	sbiw	r28, 0x09	; 9
     cc6:	f9 e0       	ldi	r31, 0x09	; 9
     cc8:	2a 96       	adiw	r28, 0x0a	; 10
     cca:	ff af       	std	Y+63, r31	; 0x3f
     ccc:	2a 97       	sbiw	r28, 0x0a	; 10
     cce:	29 96       	adiw	r28, 0x09	; 9
     cd0:	ee ad       	ldd	r30, Y+62	; 0x3e
     cd2:	ff ad       	ldd	r31, Y+63	; 0x3f
     cd4:	29 97       	sbiw	r28, 0x09	; 9
     cd6:	00 80       	ld	r0, Z
     cd8:	29 96       	adiw	r28, 0x09	; 9
     cda:	8e ad       	ldd	r24, Y+62	; 0x3e
     cdc:	9f ad       	ldd	r25, Y+63	; 0x3f
     cde:	29 97       	sbiw	r28, 0x09	; 9
     ce0:	01 96       	adiw	r24, 0x01	; 1
     ce2:	29 96       	adiw	r28, 0x09	; 9
     ce4:	9f af       	std	Y+63, r25	; 0x3f
     ce6:	8e af       	std	Y+62, r24	; 0x3e
     ce8:	29 97       	sbiw	r28, 0x09	; 9
     cea:	27 96       	adiw	r28, 0x07	; 7
     cec:	ee ad       	ldd	r30, Y+62	; 0x3e
     cee:	ff ad       	ldd	r31, Y+63	; 0x3f
     cf0:	27 97       	sbiw	r28, 0x07	; 7
     cf2:	00 82       	st	Z, r0
     cf4:	27 96       	adiw	r28, 0x07	; 7
     cf6:	8e ad       	ldd	r24, Y+62	; 0x3e
     cf8:	9f ad       	ldd	r25, Y+63	; 0x3f
     cfa:	27 97       	sbiw	r28, 0x07	; 7
     cfc:	01 96       	adiw	r24, 0x01	; 1
     cfe:	27 96       	adiw	r28, 0x07	; 7
     d00:	9f af       	std	Y+63, r25	; 0x3f
     d02:	8e af       	std	Y+62, r24	; 0x3e
     d04:	27 97       	sbiw	r28, 0x07	; 7
     d06:	2a 96       	adiw	r28, 0x0a	; 10
     d08:	9f ad       	ldd	r25, Y+63	; 0x3f
     d0a:	2a 97       	sbiw	r28, 0x0a	; 10
     d0c:	91 50       	subi	r25, 0x01	; 1
     d0e:	2a 96       	adiw	r28, 0x0a	; 10
     d10:	9f af       	std	Y+63, r25	; 0x3f
     d12:	2a 97       	sbiw	r28, 0x0a	; 10
     d14:	2a 96       	adiw	r28, 0x0a	; 10
     d16:	ef ad       	ldd	r30, Y+63	; 0x3f
     d18:	2a 97       	sbiw	r28, 0x0a	; 10
     d1a:	ee 23       	and	r30, r30
     d1c:	c1 f6       	brne	.-80     	; 0xcce <LDR+0xee>

	int val = ADC_Read(0);
     d1e:	80 e0       	ldi	r24, 0x00	; 0
     d20:	0e 94 c5 05 	call	0xb8a	; 0xb8a <ADC_Read>
     d24:	88 2f       	mov	r24, r24
     d26:	90 e0       	ldi	r25, 0x00	; 0
     d28:	98 a3       	std	Y+32, r25	; 0x20
     d2a:	8f 8f       	std	Y+31, r24	; 0x1f

	int ADCe = (val * 5) / 250;
     d2c:	2f 8d       	ldd	r18, Y+31	; 0x1f
     d2e:	38 a1       	ldd	r19, Y+32	; 0x20
     d30:	c9 01       	movw	r24, r18
     d32:	88 0f       	add	r24, r24
     d34:	99 1f       	adc	r25, r25
     d36:	88 0f       	add	r24, r24
     d38:	99 1f       	adc	r25, r25
     d3a:	82 0f       	add	r24, r18
     d3c:	93 1f       	adc	r25, r19
     d3e:	2a ef       	ldi	r18, 0xFA	; 250
     d40:	30 e0       	ldi	r19, 0x00	; 0
     d42:	b9 01       	movw	r22, r18
     d44:	0e 94 c9 17 	call	0x2f92	; 0x2f92 <__divmodhi4>
     d48:	cb 01       	movw	r24, r22
     d4a:	9e 8f       	std	Y+30, r25	; 0x1e
     d4c:	8d 8f       	std	Y+29, r24	; 0x1d

	if (ADCe > 3) {
     d4e:	8d 8d       	ldd	r24, Y+29	; 0x1d
     d50:	9e 8d       	ldd	r25, Y+30	; 0x1e
     d52:	84 30       	cpi	r24, 0x04	; 4
     d54:	91 05       	cpc	r25, r1
     d56:	0c f4       	brge	.+2      	; 0xd5a <LDR+0x17a>
     d58:	ff c0       	rjmp	.+510    	; 0xf58 <LDR+0x378>
		LCD_String_xy(1, 0, Status);
     d5a:	9e 01       	movw	r18, r28
     d5c:	2f 5d       	subi	r18, 0xDF	; 223
     d5e:	3f 4f       	sbci	r19, 0xFF	; 255
     d60:	81 e0       	ldi	r24, 0x01	; 1
     d62:	60 e0       	ldi	r22, 0x00	; 0
     d64:	a9 01       	movw	r20, r18
     d66:	0e 94 43 14 	call	0x2886	; 0x2886 <LCD_String_xy>
		LCD_String_xy(2, 3, Namei_Test_English);
     d6a:	9e 01       	movw	r18, r28
     d6c:	2e 5c       	subi	r18, 0xCE	; 206
     d6e:	3f 4f       	sbci	r19, 0xFF	; 255
     d70:	82 e0       	ldi	r24, 0x02	; 2
     d72:	63 e0       	ldi	r22, 0x03	; 3
     d74:	a9 01       	movw	r20, r18
     d76:	0e 94 43 14 	call	0x2886	; 0x2886 <LCD_String_xy>
     d7a:	80 e0       	ldi	r24, 0x00	; 0
     d7c:	90 e0       	ldi	r25, 0x00	; 0
     d7e:	aa e7       	ldi	r26, 0x7A	; 122
     d80:	b4 e4       	ldi	r27, 0x44	; 68
     d82:	89 8f       	std	Y+25, r24	; 0x19
     d84:	9a 8f       	std	Y+26, r25	; 0x1a
     d86:	ab 8f       	std	Y+27, r26	; 0x1b
     d88:	bc 8f       	std	Y+28, r27	; 0x1c
 */
void
_delay_ms(double __ms)
{
	uint16_t __ticks;
	double __tmp = ((F_CPU) / 4e3) * __ms;
     d8a:	69 8d       	ldd	r22, Y+25	; 0x19
     d8c:	7a 8d       	ldd	r23, Y+26	; 0x1a
     d8e:	8b 8d       	ldd	r24, Y+27	; 0x1b
     d90:	9c 8d       	ldd	r25, Y+28	; 0x1c
     d92:	20 e0       	ldi	r18, 0x00	; 0
     d94:	30 e0       	ldi	r19, 0x00	; 0
     d96:	4a ef       	ldi	r20, 0xFA	; 250
     d98:	54 e4       	ldi	r21, 0x44	; 68
     d9a:	0e 94 17 02 	call	0x42e	; 0x42e <__mulsf3>
     d9e:	dc 01       	movw	r26, r24
     da0:	cb 01       	movw	r24, r22
     da2:	8d 8b       	std	Y+21, r24	; 0x15
     da4:	9e 8b       	std	Y+22, r25	; 0x16
     da6:	af 8b       	std	Y+23, r26	; 0x17
     da8:	b8 8f       	std	Y+24, r27	; 0x18
	if (__tmp < 1.0)
     daa:	6d 89       	ldd	r22, Y+21	; 0x15
     dac:	7e 89       	ldd	r23, Y+22	; 0x16
     dae:	8f 89       	ldd	r24, Y+23	; 0x17
     db0:	98 8d       	ldd	r25, Y+24	; 0x18
     db2:	20 e0       	ldi	r18, 0x00	; 0
     db4:	30 e0       	ldi	r19, 0x00	; 0
     db6:	40 e8       	ldi	r20, 0x80	; 128
     db8:	5f e3       	ldi	r21, 0x3F	; 63
     dba:	0e 94 71 03 	call	0x6e2	; 0x6e2 <__ltsf2>
     dbe:	88 23       	and	r24, r24
     dc0:	2c f4       	brge	.+10     	; 0xdcc <LDR+0x1ec>
		__ticks = 1;
     dc2:	81 e0       	ldi	r24, 0x01	; 1
     dc4:	90 e0       	ldi	r25, 0x00	; 0
     dc6:	9c 8b       	std	Y+20, r25	; 0x14
     dc8:	8b 8b       	std	Y+19, r24	; 0x13
     dca:	3f c0       	rjmp	.+126    	; 0xe4a <LDR+0x26a>
	else if (__tmp > 65535)
     dcc:	6d 89       	ldd	r22, Y+21	; 0x15
     dce:	7e 89       	ldd	r23, Y+22	; 0x16
     dd0:	8f 89       	ldd	r24, Y+23	; 0x17
     dd2:	98 8d       	ldd	r25, Y+24	; 0x18
     dd4:	20 e0       	ldi	r18, 0x00	; 0
     dd6:	3f ef       	ldi	r19, 0xFF	; 255
     dd8:	4f e7       	ldi	r20, 0x7F	; 127
     dda:	57 e4       	ldi	r21, 0x47	; 71
     ddc:	0e 94 11 03 	call	0x622	; 0x622 <__gtsf2>
     de0:	18 16       	cp	r1, r24
     de2:	4c f5       	brge	.+82     	; 0xe36 <LDR+0x256>
	{
		//	__ticks = requested delay in 1/10 ms
		__ticks = (uint16_t) (__ms * 10.0);
     de4:	69 8d       	ldd	r22, Y+25	; 0x19
     de6:	7a 8d       	ldd	r23, Y+26	; 0x1a
     de8:	8b 8d       	ldd	r24, Y+27	; 0x1b
     dea:	9c 8d       	ldd	r25, Y+28	; 0x1c
     dec:	20 e0       	ldi	r18, 0x00	; 0
     dee:	30 e0       	ldi	r19, 0x00	; 0
     df0:	40 e2       	ldi	r20, 0x20	; 32
     df2:	51 e4       	ldi	r21, 0x41	; 65
     df4:	0e 94 17 02 	call	0x42e	; 0x42e <__mulsf3>
     df8:	dc 01       	movw	r26, r24
     dfa:	cb 01       	movw	r24, r22
     dfc:	bc 01       	movw	r22, r24
     dfe:	cd 01       	movw	r24, r26
     e00:	0e 94 41 00 	call	0x82	; 0x82 <__fixunssfsi>
     e04:	dc 01       	movw	r26, r24
     e06:	cb 01       	movw	r24, r22
     e08:	9c 8b       	std	Y+20, r25	; 0x14
     e0a:	8b 8b       	std	Y+19, r24	; 0x13
     e0c:	0f c0       	rjmp	.+30     	; 0xe2c <LDR+0x24c>
     e0e:	88 ec       	ldi	r24, 0xC8	; 200
     e10:	90 e0       	ldi	r25, 0x00	; 0
     e12:	9a 8b       	std	Y+18, r25	; 0x12
     e14:	89 8b       	std	Y+17, r24	; 0x11
    milliseconds can be achieved.
 */
void
_delay_loop_2(uint16_t __count)
{
	__asm__ volatile (
     e16:	89 89       	ldd	r24, Y+17	; 0x11
     e18:	9a 89       	ldd	r25, Y+18	; 0x12
     e1a:	01 97       	sbiw	r24, 0x01	; 1
     e1c:	f1 f7       	brne	.-4      	; 0xe1a <LDR+0x23a>
     e1e:	9a 8b       	std	Y+18, r25	; 0x12
     e20:	89 8b       	std	Y+17, r24	; 0x11
		while(__ticks)
		{
			// wait 1/10 ms
			_delay_loop_2(((F_CPU) / 4e3) / 10);
			__ticks --;
     e22:	8b 89       	ldd	r24, Y+19	; 0x13
     e24:	9c 89       	ldd	r25, Y+20	; 0x14
     e26:	01 97       	sbiw	r24, 0x01	; 1
     e28:	9c 8b       	std	Y+20, r25	; 0x14
     e2a:	8b 8b       	std	Y+19, r24	; 0x13
		__ticks = 1;
	else if (__tmp > 65535)
	{
		//	__ticks = requested delay in 1/10 ms
		__ticks = (uint16_t) (__ms * 10.0);
		while(__ticks)
     e2c:	8b 89       	ldd	r24, Y+19	; 0x13
     e2e:	9c 89       	ldd	r25, Y+20	; 0x14
     e30:	00 97       	sbiw	r24, 0x00	; 0
     e32:	69 f7       	brne	.-38     	; 0xe0e <LDR+0x22e>
     e34:	14 c0       	rjmp	.+40     	; 0xe5e <LDR+0x27e>
			__ticks --;
		}
		return;
	}
	else
		__ticks = (uint16_t)__tmp;
     e36:	6d 89       	ldd	r22, Y+21	; 0x15
     e38:	7e 89       	ldd	r23, Y+22	; 0x16
     e3a:	8f 89       	ldd	r24, Y+23	; 0x17
     e3c:	98 8d       	ldd	r25, Y+24	; 0x18
     e3e:	0e 94 41 00 	call	0x82	; 0x82 <__fixunssfsi>
     e42:	dc 01       	movw	r26, r24
     e44:	cb 01       	movw	r24, r22
     e46:	9c 8b       	std	Y+20, r25	; 0x14
     e48:	8b 8b       	std	Y+19, r24	; 0x13
     e4a:	8b 89       	ldd	r24, Y+19	; 0x13
     e4c:	9c 89       	ldd	r25, Y+20	; 0x14
     e4e:	98 8b       	std	Y+16, r25	; 0x10
     e50:	8f 87       	std	Y+15, r24	; 0x0f
     e52:	8f 85       	ldd	r24, Y+15	; 0x0f
     e54:	98 89       	ldd	r25, Y+16	; 0x10
     e56:	01 97       	sbiw	r24, 0x01	; 1
     e58:	f1 f7       	brne	.-4      	; 0xe56 <LDR+0x276>
     e5a:	98 8b       	std	Y+16, r25	; 0x10
     e5c:	8f 87       	std	Y+15, r24	; 0x0f
		_delay_ms(1000);
		DIO_SetPinValue(PORTB,PIN4,LOW);
     e5e:	e8 e3       	ldi	r30, 0x38	; 56
     e60:	f0 e0       	ldi	r31, 0x00	; 0
     e62:	80 81       	ld	r24, Z
     e64:	64 e0       	ldi	r22, 0x04	; 4
     e66:	40 e0       	ldi	r20, 0x00	; 0
     e68:	0e 94 d0 07 	call	0xfa0	; 0xfa0 <DIO_SetPinValue>
     e6c:	80 e0       	ldi	r24, 0x00	; 0
     e6e:	90 e0       	ldi	r25, 0x00	; 0
     e70:	aa e7       	ldi	r26, 0x7A	; 122
     e72:	b4 e4       	ldi	r27, 0x44	; 68
     e74:	8b 87       	std	Y+11, r24	; 0x0b
     e76:	9c 87       	std	Y+12, r25	; 0x0c
     e78:	ad 87       	std	Y+13, r26	; 0x0d
     e7a:	be 87       	std	Y+14, r27	; 0x0e
 */
void
_delay_ms(double __ms)
{
	uint16_t __ticks;
	double __tmp = ((F_CPU) / 4e3) * __ms;
     e7c:	6b 85       	ldd	r22, Y+11	; 0x0b
     e7e:	7c 85       	ldd	r23, Y+12	; 0x0c
     e80:	8d 85       	ldd	r24, Y+13	; 0x0d
     e82:	9e 85       	ldd	r25, Y+14	; 0x0e
     e84:	20 e0       	ldi	r18, 0x00	; 0
     e86:	30 e0       	ldi	r19, 0x00	; 0
     e88:	4a ef       	ldi	r20, 0xFA	; 250
     e8a:	54 e4       	ldi	r21, 0x44	; 68
     e8c:	0e 94 17 02 	call	0x42e	; 0x42e <__mulsf3>
     e90:	dc 01       	movw	r26, r24
     e92:	cb 01       	movw	r24, r22
     e94:	8f 83       	std	Y+7, r24	; 0x07
     e96:	98 87       	std	Y+8, r25	; 0x08
     e98:	a9 87       	std	Y+9, r26	; 0x09
     e9a:	ba 87       	std	Y+10, r27	; 0x0a
	if (__tmp < 1.0)
     e9c:	6f 81       	ldd	r22, Y+7	; 0x07
     e9e:	78 85       	ldd	r23, Y+8	; 0x08
     ea0:	89 85       	ldd	r24, Y+9	; 0x09
     ea2:	9a 85       	ldd	r25, Y+10	; 0x0a
     ea4:	20 e0       	ldi	r18, 0x00	; 0
     ea6:	30 e0       	ldi	r19, 0x00	; 0
     ea8:	40 e8       	ldi	r20, 0x80	; 128
     eaa:	5f e3       	ldi	r21, 0x3F	; 63
     eac:	0e 94 71 03 	call	0x6e2	; 0x6e2 <__ltsf2>
     eb0:	88 23       	and	r24, r24
     eb2:	2c f4       	brge	.+10     	; 0xebe <LDR+0x2de>
		__ticks = 1;
     eb4:	81 e0       	ldi	r24, 0x01	; 1
     eb6:	90 e0       	ldi	r25, 0x00	; 0
     eb8:	9e 83       	std	Y+6, r25	; 0x06
     eba:	8d 83       	std	Y+5, r24	; 0x05
     ebc:	3f c0       	rjmp	.+126    	; 0xf3c <LDR+0x35c>
	else if (__tmp > 65535)
     ebe:	6f 81       	ldd	r22, Y+7	; 0x07
     ec0:	78 85       	ldd	r23, Y+8	; 0x08
     ec2:	89 85       	ldd	r24, Y+9	; 0x09
     ec4:	9a 85       	ldd	r25, Y+10	; 0x0a
     ec6:	20 e0       	ldi	r18, 0x00	; 0
     ec8:	3f ef       	ldi	r19, 0xFF	; 255
     eca:	4f e7       	ldi	r20, 0x7F	; 127
     ecc:	57 e4       	ldi	r21, 0x47	; 71
     ece:	0e 94 11 03 	call	0x622	; 0x622 <__gtsf2>
     ed2:	18 16       	cp	r1, r24
     ed4:	4c f5       	brge	.+82     	; 0xf28 <LDR+0x348>
	{
		//	__ticks = requested delay in 1/10 ms
		__ticks = (uint16_t) (__ms * 10.0);
     ed6:	6b 85       	ldd	r22, Y+11	; 0x0b
     ed8:	7c 85       	ldd	r23, Y+12	; 0x0c
     eda:	8d 85       	ldd	r24, Y+13	; 0x0d
     edc:	9e 85       	ldd	r25, Y+14	; 0x0e
     ede:	20 e0       	ldi	r18, 0x00	; 0
     ee0:	30 e0       	ldi	r19, 0x00	; 0
     ee2:	40 e2       	ldi	r20, 0x20	; 32
     ee4:	51 e4       	ldi	r21, 0x41	; 65
     ee6:	0e 94 17 02 	call	0x42e	; 0x42e <__mulsf3>
     eea:	dc 01       	movw	r26, r24
     eec:	cb 01       	movw	r24, r22
     eee:	bc 01       	movw	r22, r24
     ef0:	cd 01       	movw	r24, r26
     ef2:	0e 94 41 00 	call	0x82	; 0x82 <__fixunssfsi>
     ef6:	dc 01       	movw	r26, r24
     ef8:	cb 01       	movw	r24, r22
     efa:	9e 83       	std	Y+6, r25	; 0x06
     efc:	8d 83       	std	Y+5, r24	; 0x05
     efe:	0f c0       	rjmp	.+30     	; 0xf1e <LDR+0x33e>
     f00:	88 ec       	ldi	r24, 0xC8	; 200
     f02:	90 e0       	ldi	r25, 0x00	; 0
     f04:	9c 83       	std	Y+4, r25	; 0x04
     f06:	8b 83       	std	Y+3, r24	; 0x03
     f08:	8b 81       	ldd	r24, Y+3	; 0x03
     f0a:	9c 81       	ldd	r25, Y+4	; 0x04
     f0c:	01 97       	sbiw	r24, 0x01	; 1
     f0e:	f1 f7       	brne	.-4      	; 0xf0c <LDR+0x32c>
     f10:	9c 83       	std	Y+4, r25	; 0x04
     f12:	8b 83       	std	Y+3, r24	; 0x03
		while(__ticks)
		{
			// wait 1/10 ms
			_delay_loop_2(((F_CPU) / 4e3) / 10);
			__ticks --;
     f14:	8d 81       	ldd	r24, Y+5	; 0x05
     f16:	9e 81       	ldd	r25, Y+6	; 0x06
     f18:	01 97       	sbiw	r24, 0x01	; 1
     f1a:	9e 83       	std	Y+6, r25	; 0x06
     f1c:	8d 83       	std	Y+5, r24	; 0x05
		__ticks = 1;
	else if (__tmp > 65535)
	{
		//	__ticks = requested delay in 1/10 ms
		__ticks = (uint16_t) (__ms * 10.0);
		while(__ticks)
     f1e:	8d 81       	ldd	r24, Y+5	; 0x05
     f20:	9e 81       	ldd	r25, Y+6	; 0x06
     f22:	00 97       	sbiw	r24, 0x00	; 0
     f24:	69 f7       	brne	.-38     	; 0xf00 <LDR+0x320>
     f26:	14 c0       	rjmp	.+40     	; 0xf50 <LDR+0x370>
			__ticks --;
		}
		return;
	}
	else
		__ticks = (uint16_t)__tmp;
     f28:	6f 81       	ldd	r22, Y+7	; 0x07
     f2a:	78 85       	ldd	r23, Y+8	; 0x08
     f2c:	89 85       	ldd	r24, Y+9	; 0x09
     f2e:	9a 85       	ldd	r25, Y+10	; 0x0a
     f30:	0e 94 41 00 	call	0x82	; 0x82 <__fixunssfsi>
     f34:	dc 01       	movw	r26, r24
     f36:	cb 01       	movw	r24, r22
     f38:	9e 83       	std	Y+6, r25	; 0x06
     f3a:	8d 83       	std	Y+5, r24	; 0x05
     f3c:	8d 81       	ldd	r24, Y+5	; 0x05
     f3e:	9e 81       	ldd	r25, Y+6	; 0x06
     f40:	9a 83       	std	Y+2, r25	; 0x02
     f42:	89 83       	std	Y+1, r24	; 0x01
     f44:	89 81       	ldd	r24, Y+1	; 0x01
     f46:	9a 81       	ldd	r25, Y+2	; 0x02
     f48:	01 97       	sbiw	r24, 0x01	; 1
     f4a:	f1 f7       	brne	.-4      	; 0xf48 <LDR+0x368>
     f4c:	9a 83       	std	Y+2, r25	; 0x02
     f4e:	89 83       	std	Y+1, r24	; 0x01
		_delay_ms(1000);
		LCD_vidSendCommand(0x01);
     f50:	81 e0       	ldi	r24, 0x01	; 1
     f52:	0e 94 19 12 	call	0x2432	; 0x2432 <LCD_vidSendCommand>
     f56:	1a c0       	rjmp	.+52     	; 0xf8c <LDR+0x3ac>
	} else {
		DIO_SetPinValue(PORTB,PIN4,HIGH);
     f58:	e8 e3       	ldi	r30, 0x38	; 56
     f5a:	f0 e0       	ldi	r31, 0x00	; 0
     f5c:	80 81       	ld	r24, Z
     f5e:	64 e0       	ldi	r22, 0x04	; 4
     f60:	41 e0       	ldi	r20, 0x01	; 1
     f62:	0e 94 d0 07 	call	0xfa0	; 0xfa0 <DIO_SetPinValue>
		LCD_String_xy(1, 0, Status);
     f66:	9e 01       	movw	r18, r28
     f68:	2f 5d       	subi	r18, 0xDF	; 223
     f6a:	3f 4f       	sbci	r19, 0xFF	; 255
     f6c:	81 e0       	ldi	r24, 0x01	; 1
     f6e:	60 e0       	ldi	r22, 0x00	; 0
     f70:	a9 01       	movw	r20, r18
     f72:	0e 94 43 14 	call	0x2886	; 0x2886 <LCD_String_xy>
		LCD_String_xy(2, 3, Name_Test_English);
     f76:	9e 01       	movw	r18, r28
     f78:	23 5d       	subi	r18, 0xD3	; 211
     f7a:	3f 4f       	sbci	r19, 0xFF	; 255
     f7c:	82 e0       	ldi	r24, 0x02	; 2
     f7e:	63 e0       	ldi	r22, 0x03	; 3
     f80:	a9 01       	movw	r20, r18
     f82:	0e 94 43 14 	call	0x2886	; 0x2886 <LCD_String_xy>
		//sendSMS();
		LCD_vidSendCommand(0x01);
     f86:	81 e0       	ldi	r24, 0x01	; 1
     f88:	0e 94 19 12 	call	0x2432	; 0x2432 <LCD_vidSendCommand>
	}
}
     f8c:	c7 5b       	subi	r28, 0xB7	; 183
     f8e:	df 4f       	sbci	r29, 0xFF	; 255
     f90:	0f b6       	in	r0, 0x3f	; 63
     f92:	f8 94       	cli
     f94:	de bf       	out	0x3e, r29	; 62
     f96:	0f be       	out	0x3f, r0	; 63
     f98:	cd bf       	out	0x3d, r28	; 61
     f9a:	cf 91       	pop	r28
     f9c:	df 91       	pop	r29
     f9e:	08 95       	ret

00000fa0 <DIO_SetPinValue>:
#include "DIO_int.h"
#include "DIO_reg.h"

/* IO Pins */
void DIO_SetPinValue(u8 u8PortIdCopy , u8 u8PinIdCopy, u8 u8PinValCopy)
{
     fa0:	df 93       	push	r29
     fa2:	cf 93       	push	r28
     fa4:	cd b7       	in	r28, 0x3d	; 61
     fa6:	de b7       	in	r29, 0x3e	; 62
     fa8:	27 97       	sbiw	r28, 0x07	; 7
     faa:	0f b6       	in	r0, 0x3f	; 63
     fac:	f8 94       	cli
     fae:	de bf       	out	0x3e, r29	; 62
     fb0:	0f be       	out	0x3f, r0	; 63
     fb2:	cd bf       	out	0x3d, r28	; 61
     fb4:	89 83       	std	Y+1, r24	; 0x01
     fb6:	6a 83       	std	Y+2, r22	; 0x02
     fb8:	4b 83       	std	Y+3, r20	; 0x03
	/* Make sure that the Port ID and Pin ID are in the valid range */
	if ((u8PortIdCopy <= PORTD) && (u8PinIdCopy <= PIN7))
     fba:	89 81       	ldd	r24, Y+1	; 0x01
     fbc:	84 30       	cpi	r24, 0x04	; 4
     fbe:	08 f0       	brcs	.+2      	; 0xfc2 <DIO_SetPinValue+0x22>
     fc0:	ee c0       	rjmp	.+476    	; 0x119e <DIO_SetPinValue+0x1fe>
     fc2:	8a 81       	ldd	r24, Y+2	; 0x02
     fc4:	88 30       	cpi	r24, 0x08	; 8
     fc6:	08 f0       	brcs	.+2      	; 0xfca <DIO_SetPinValue+0x2a>
     fc8:	ea c0       	rjmp	.+468    	; 0x119e <DIO_SetPinValue+0x1fe>
	{
		if (u8PinValCopy == HIGH)
     fca:	8b 81       	ldd	r24, Y+3	; 0x03
     fcc:	81 30       	cpi	r24, 0x01	; 1
     fce:	09 f0       	breq	.+2      	; 0xfd2 <DIO_SetPinValue+0x32>
     fd0:	6f c0       	rjmp	.+222    	; 0x10b0 <DIO_SetPinValue+0x110>
		{
			/* Check on the Required PORT Number */
			switch (u8PortIdCopy)
     fd2:	89 81       	ldd	r24, Y+1	; 0x01
     fd4:	28 2f       	mov	r18, r24
     fd6:	30 e0       	ldi	r19, 0x00	; 0
     fd8:	3f 83       	std	Y+7, r19	; 0x07
     fda:	2e 83       	std	Y+6, r18	; 0x06
     fdc:	8e 81       	ldd	r24, Y+6	; 0x06
     fde:	9f 81       	ldd	r25, Y+7	; 0x07
     fe0:	81 30       	cpi	r24, 0x01	; 1
     fe2:	91 05       	cpc	r25, r1
     fe4:	49 f1       	breq	.+82     	; 0x1038 <DIO_SetPinValue+0x98>
     fe6:	2e 81       	ldd	r18, Y+6	; 0x06
     fe8:	3f 81       	ldd	r19, Y+7	; 0x07
     fea:	22 30       	cpi	r18, 0x02	; 2
     fec:	31 05       	cpc	r19, r1
     fee:	2c f4       	brge	.+10     	; 0xffa <DIO_SetPinValue+0x5a>
     ff0:	8e 81       	ldd	r24, Y+6	; 0x06
     ff2:	9f 81       	ldd	r25, Y+7	; 0x07
     ff4:	00 97       	sbiw	r24, 0x00	; 0
     ff6:	61 f0       	breq	.+24     	; 0x1010 <DIO_SetPinValue+0x70>
     ff8:	d2 c0       	rjmp	.+420    	; 0x119e <DIO_SetPinValue+0x1fe>
     ffa:	2e 81       	ldd	r18, Y+6	; 0x06
     ffc:	3f 81       	ldd	r19, Y+7	; 0x07
     ffe:	22 30       	cpi	r18, 0x02	; 2
    1000:	31 05       	cpc	r19, r1
    1002:	71 f1       	breq	.+92     	; 0x1060 <DIO_SetPinValue+0xc0>
    1004:	8e 81       	ldd	r24, Y+6	; 0x06
    1006:	9f 81       	ldd	r25, Y+7	; 0x07
    1008:	83 30       	cpi	r24, 0x03	; 3
    100a:	91 05       	cpc	r25, r1
    100c:	e9 f1       	breq	.+122    	; 0x1088 <DIO_SetPinValue+0xe8>
    100e:	c7 c0       	rjmp	.+398    	; 0x119e <DIO_SetPinValue+0x1fe>
			{
				case PORTA: SET_BIT(PORTA_Register,u8PinIdCopy); break;
    1010:	ab e3       	ldi	r26, 0x3B	; 59
    1012:	b0 e0       	ldi	r27, 0x00	; 0
    1014:	eb e3       	ldi	r30, 0x3B	; 59
    1016:	f0 e0       	ldi	r31, 0x00	; 0
    1018:	80 81       	ld	r24, Z
    101a:	48 2f       	mov	r20, r24
    101c:	8a 81       	ldd	r24, Y+2	; 0x02
    101e:	28 2f       	mov	r18, r24
    1020:	30 e0       	ldi	r19, 0x00	; 0
    1022:	81 e0       	ldi	r24, 0x01	; 1
    1024:	90 e0       	ldi	r25, 0x00	; 0
    1026:	02 2e       	mov	r0, r18
    1028:	02 c0       	rjmp	.+4      	; 0x102e <DIO_SetPinValue+0x8e>
    102a:	88 0f       	add	r24, r24
    102c:	99 1f       	adc	r25, r25
    102e:	0a 94       	dec	r0
    1030:	e2 f7       	brpl	.-8      	; 0x102a <DIO_SetPinValue+0x8a>
    1032:	84 2b       	or	r24, r20
    1034:	8c 93       	st	X, r24
    1036:	b3 c0       	rjmp	.+358    	; 0x119e <DIO_SetPinValue+0x1fe>
				case PORTB: SET_BIT(PORTB_Register,u8PinIdCopy); break;
    1038:	a8 e3       	ldi	r26, 0x38	; 56
    103a:	b0 e0       	ldi	r27, 0x00	; 0
    103c:	e8 e3       	ldi	r30, 0x38	; 56
    103e:	f0 e0       	ldi	r31, 0x00	; 0
    1040:	80 81       	ld	r24, Z
    1042:	48 2f       	mov	r20, r24
    1044:	8a 81       	ldd	r24, Y+2	; 0x02
    1046:	28 2f       	mov	r18, r24
    1048:	30 e0       	ldi	r19, 0x00	; 0
    104a:	81 e0       	ldi	r24, 0x01	; 1
    104c:	90 e0       	ldi	r25, 0x00	; 0
    104e:	02 2e       	mov	r0, r18
    1050:	02 c0       	rjmp	.+4      	; 0x1056 <DIO_SetPinValue+0xb6>
    1052:	88 0f       	add	r24, r24
    1054:	99 1f       	adc	r25, r25
    1056:	0a 94       	dec	r0
    1058:	e2 f7       	brpl	.-8      	; 0x1052 <DIO_SetPinValue+0xb2>
    105a:	84 2b       	or	r24, r20
    105c:	8c 93       	st	X, r24
    105e:	9f c0       	rjmp	.+318    	; 0x119e <DIO_SetPinValue+0x1fe>
				case PORTC: SET_BIT(PORTC_Register,u8PinIdCopy); break;
    1060:	a5 e3       	ldi	r26, 0x35	; 53
    1062:	b0 e0       	ldi	r27, 0x00	; 0
    1064:	e5 e3       	ldi	r30, 0x35	; 53
    1066:	f0 e0       	ldi	r31, 0x00	; 0
    1068:	80 81       	ld	r24, Z
    106a:	48 2f       	mov	r20, r24
    106c:	8a 81       	ldd	r24, Y+2	; 0x02
    106e:	28 2f       	mov	r18, r24
    1070:	30 e0       	ldi	r19, 0x00	; 0
    1072:	81 e0       	ldi	r24, 0x01	; 1
    1074:	90 e0       	ldi	r25, 0x00	; 0
    1076:	02 2e       	mov	r0, r18
    1078:	02 c0       	rjmp	.+4      	; 0x107e <DIO_SetPinValue+0xde>
    107a:	88 0f       	add	r24, r24
    107c:	99 1f       	adc	r25, r25
    107e:	0a 94       	dec	r0
    1080:	e2 f7       	brpl	.-8      	; 0x107a <DIO_SetPinValue+0xda>
    1082:	84 2b       	or	r24, r20
    1084:	8c 93       	st	X, r24
    1086:	8b c0       	rjmp	.+278    	; 0x119e <DIO_SetPinValue+0x1fe>
				case PORTD: SET_BIT(PORTD_Register,u8PinIdCopy); break;
    1088:	a2 e3       	ldi	r26, 0x32	; 50
    108a:	b0 e0       	ldi	r27, 0x00	; 0
    108c:	e2 e3       	ldi	r30, 0x32	; 50
    108e:	f0 e0       	ldi	r31, 0x00	; 0
    1090:	80 81       	ld	r24, Z
    1092:	48 2f       	mov	r20, r24
    1094:	8a 81       	ldd	r24, Y+2	; 0x02
    1096:	28 2f       	mov	r18, r24
    1098:	30 e0       	ldi	r19, 0x00	; 0
    109a:	81 e0       	ldi	r24, 0x01	; 1
    109c:	90 e0       	ldi	r25, 0x00	; 0
    109e:	02 2e       	mov	r0, r18
    10a0:	02 c0       	rjmp	.+4      	; 0x10a6 <DIO_SetPinValue+0x106>
    10a2:	88 0f       	add	r24, r24
    10a4:	99 1f       	adc	r25, r25
    10a6:	0a 94       	dec	r0
    10a8:	e2 f7       	brpl	.-8      	; 0x10a2 <DIO_SetPinValue+0x102>
    10aa:	84 2b       	or	r24, r20
    10ac:	8c 93       	st	X, r24
    10ae:	77 c0       	rjmp	.+238    	; 0x119e <DIO_SetPinValue+0x1fe>
			}

		}

		else if (u8PinValCopy == LOW)
    10b0:	8b 81       	ldd	r24, Y+3	; 0x03
    10b2:	88 23       	and	r24, r24
    10b4:	09 f0       	breq	.+2      	; 0x10b8 <DIO_SetPinValue+0x118>
    10b6:	73 c0       	rjmp	.+230    	; 0x119e <DIO_SetPinValue+0x1fe>
		{
			/* Check on the Required PORT Number */
			switch (u8PortIdCopy)
    10b8:	89 81       	ldd	r24, Y+1	; 0x01
    10ba:	28 2f       	mov	r18, r24
    10bc:	30 e0       	ldi	r19, 0x00	; 0
    10be:	3d 83       	std	Y+5, r19	; 0x05
    10c0:	2c 83       	std	Y+4, r18	; 0x04
    10c2:	8c 81       	ldd	r24, Y+4	; 0x04
    10c4:	9d 81       	ldd	r25, Y+5	; 0x05
    10c6:	81 30       	cpi	r24, 0x01	; 1
    10c8:	91 05       	cpc	r25, r1
    10ca:	59 f1       	breq	.+86     	; 0x1122 <DIO_SetPinValue+0x182>
    10cc:	2c 81       	ldd	r18, Y+4	; 0x04
    10ce:	3d 81       	ldd	r19, Y+5	; 0x05
    10d0:	22 30       	cpi	r18, 0x02	; 2
    10d2:	31 05       	cpc	r19, r1
    10d4:	2c f4       	brge	.+10     	; 0x10e0 <DIO_SetPinValue+0x140>
    10d6:	8c 81       	ldd	r24, Y+4	; 0x04
    10d8:	9d 81       	ldd	r25, Y+5	; 0x05
    10da:	00 97       	sbiw	r24, 0x00	; 0
    10dc:	69 f0       	breq	.+26     	; 0x10f8 <DIO_SetPinValue+0x158>
    10de:	5f c0       	rjmp	.+190    	; 0x119e <DIO_SetPinValue+0x1fe>
    10e0:	2c 81       	ldd	r18, Y+4	; 0x04
    10e2:	3d 81       	ldd	r19, Y+5	; 0x05
    10e4:	22 30       	cpi	r18, 0x02	; 2
    10e6:	31 05       	cpc	r19, r1
    10e8:	89 f1       	breq	.+98     	; 0x114c <DIO_SetPinValue+0x1ac>
    10ea:	8c 81       	ldd	r24, Y+4	; 0x04
    10ec:	9d 81       	ldd	r25, Y+5	; 0x05
    10ee:	83 30       	cpi	r24, 0x03	; 3
    10f0:	91 05       	cpc	r25, r1
    10f2:	09 f4       	brne	.+2      	; 0x10f6 <DIO_SetPinValue+0x156>
    10f4:	40 c0       	rjmp	.+128    	; 0x1176 <DIO_SetPinValue+0x1d6>
    10f6:	53 c0       	rjmp	.+166    	; 0x119e <DIO_SetPinValue+0x1fe>
			{
				case PORTA: CLR_BIT(PORTA_Register,u8PinIdCopy); break;
    10f8:	ab e3       	ldi	r26, 0x3B	; 59
    10fa:	b0 e0       	ldi	r27, 0x00	; 0
    10fc:	eb e3       	ldi	r30, 0x3B	; 59
    10fe:	f0 e0       	ldi	r31, 0x00	; 0
    1100:	80 81       	ld	r24, Z
    1102:	48 2f       	mov	r20, r24
    1104:	8a 81       	ldd	r24, Y+2	; 0x02
    1106:	28 2f       	mov	r18, r24
    1108:	30 e0       	ldi	r19, 0x00	; 0
    110a:	81 e0       	ldi	r24, 0x01	; 1
    110c:	90 e0       	ldi	r25, 0x00	; 0
    110e:	02 2e       	mov	r0, r18
    1110:	02 c0       	rjmp	.+4      	; 0x1116 <DIO_SetPinValue+0x176>
    1112:	88 0f       	add	r24, r24
    1114:	99 1f       	adc	r25, r25
    1116:	0a 94       	dec	r0
    1118:	e2 f7       	brpl	.-8      	; 0x1112 <DIO_SetPinValue+0x172>
    111a:	80 95       	com	r24
    111c:	84 23       	and	r24, r20
    111e:	8c 93       	st	X, r24
    1120:	3e c0       	rjmp	.+124    	; 0x119e <DIO_SetPinValue+0x1fe>
				case PORTB: CLR_BIT(PORTB_Register,u8PinIdCopy); break;
    1122:	a8 e3       	ldi	r26, 0x38	; 56
    1124:	b0 e0       	ldi	r27, 0x00	; 0
    1126:	e8 e3       	ldi	r30, 0x38	; 56
    1128:	f0 e0       	ldi	r31, 0x00	; 0
    112a:	80 81       	ld	r24, Z
    112c:	48 2f       	mov	r20, r24
    112e:	8a 81       	ldd	r24, Y+2	; 0x02
    1130:	28 2f       	mov	r18, r24
    1132:	30 e0       	ldi	r19, 0x00	; 0
    1134:	81 e0       	ldi	r24, 0x01	; 1
    1136:	90 e0       	ldi	r25, 0x00	; 0
    1138:	02 2e       	mov	r0, r18
    113a:	02 c0       	rjmp	.+4      	; 0x1140 <DIO_SetPinValue+0x1a0>
    113c:	88 0f       	add	r24, r24
    113e:	99 1f       	adc	r25, r25
    1140:	0a 94       	dec	r0
    1142:	e2 f7       	brpl	.-8      	; 0x113c <DIO_SetPinValue+0x19c>
    1144:	80 95       	com	r24
    1146:	84 23       	and	r24, r20
    1148:	8c 93       	st	X, r24
    114a:	29 c0       	rjmp	.+82     	; 0x119e <DIO_SetPinValue+0x1fe>
				case PORTC: CLR_BIT(PORTC_Register,u8PinIdCopy); break;
    114c:	a5 e3       	ldi	r26, 0x35	; 53
    114e:	b0 e0       	ldi	r27, 0x00	; 0
    1150:	e5 e3       	ldi	r30, 0x35	; 53
    1152:	f0 e0       	ldi	r31, 0x00	; 0
    1154:	80 81       	ld	r24, Z
    1156:	48 2f       	mov	r20, r24
    1158:	8a 81       	ldd	r24, Y+2	; 0x02
    115a:	28 2f       	mov	r18, r24
    115c:	30 e0       	ldi	r19, 0x00	; 0
    115e:	81 e0       	ldi	r24, 0x01	; 1
    1160:	90 e0       	ldi	r25, 0x00	; 0
    1162:	02 2e       	mov	r0, r18
    1164:	02 c0       	rjmp	.+4      	; 0x116a <DIO_SetPinValue+0x1ca>
    1166:	88 0f       	add	r24, r24
    1168:	99 1f       	adc	r25, r25
    116a:	0a 94       	dec	r0
    116c:	e2 f7       	brpl	.-8      	; 0x1166 <DIO_SetPinValue+0x1c6>
    116e:	80 95       	com	r24
    1170:	84 23       	and	r24, r20
    1172:	8c 93       	st	X, r24
    1174:	14 c0       	rjmp	.+40     	; 0x119e <DIO_SetPinValue+0x1fe>
				case PORTD: CLR_BIT(PORTD_Register,u8PinIdCopy); break;
    1176:	a2 e3       	ldi	r26, 0x32	; 50
    1178:	b0 e0       	ldi	r27, 0x00	; 0
    117a:	e2 e3       	ldi	r30, 0x32	; 50
    117c:	f0 e0       	ldi	r31, 0x00	; 0
    117e:	80 81       	ld	r24, Z
    1180:	48 2f       	mov	r20, r24
    1182:	8a 81       	ldd	r24, Y+2	; 0x02
    1184:	28 2f       	mov	r18, r24
    1186:	30 e0       	ldi	r19, 0x00	; 0
    1188:	81 e0       	ldi	r24, 0x01	; 1
    118a:	90 e0       	ldi	r25, 0x00	; 0
    118c:	02 2e       	mov	r0, r18
    118e:	02 c0       	rjmp	.+4      	; 0x1194 <DIO_SetPinValue+0x1f4>
    1190:	88 0f       	add	r24, r24
    1192:	99 1f       	adc	r25, r25
    1194:	0a 94       	dec	r0
    1196:	e2 f7       	brpl	.-8      	; 0x1190 <DIO_SetPinValue+0x1f0>
    1198:	80 95       	com	r24
    119a:	84 23       	and	r24, r20
    119c:	8c 93       	st	X, r24

	else
	{
		/* Do nothing, Error in the Pin ID or PORT ID */
	}
}
    119e:	27 96       	adiw	r28, 0x07	; 7
    11a0:	0f b6       	in	r0, 0x3f	; 63
    11a2:	f8 94       	cli
    11a4:	de bf       	out	0x3e, r29	; 62
    11a6:	0f be       	out	0x3f, r0	; 63
    11a8:	cd bf       	out	0x3d, r28	; 61
    11aa:	cf 91       	pop	r28
    11ac:	df 91       	pop	r29
    11ae:	08 95       	ret

000011b0 <DIO_GetPinValue>:

u8 DIO_GetPinValue(u8 u8PortIdCopy, u8 u8PinIdCopy)
{
    11b0:	df 93       	push	r29
    11b2:	cf 93       	push	r28
    11b4:	00 d0       	rcall	.+0      	; 0x11b6 <DIO_GetPinValue+0x6>
    11b6:	00 d0       	rcall	.+0      	; 0x11b8 <DIO_GetPinValue+0x8>
    11b8:	0f 92       	push	r0
    11ba:	cd b7       	in	r28, 0x3d	; 61
    11bc:	de b7       	in	r29, 0x3e	; 62
    11be:	8a 83       	std	Y+2, r24	; 0x02
    11c0:	6b 83       	std	Y+3, r22	; 0x03
	/* Define Local Variable to get the BIT Value */
	u8 u8ResultLocal;
	/* Make sure that the Port ID and Pin ID are in the valid range */
	if ((u8PortIdCopy <= PORTD) && (u8PinIdCopy <= PIN7))
    11c2:	8a 81       	ldd	r24, Y+2	; 0x02
    11c4:	84 30       	cpi	r24, 0x04	; 4
    11c6:	08 f0       	brcs	.+2      	; 0x11ca <DIO_GetPinValue+0x1a>
    11c8:	6c c0       	rjmp	.+216    	; 0x12a2 <DIO_GetPinValue+0xf2>
    11ca:	8b 81       	ldd	r24, Y+3	; 0x03
    11cc:	88 30       	cpi	r24, 0x08	; 8
    11ce:	08 f0       	brcs	.+2      	; 0x11d2 <DIO_GetPinValue+0x22>
    11d0:	68 c0       	rjmp	.+208    	; 0x12a2 <DIO_GetPinValue+0xf2>
	{
		/* Check on the Required PORT Number */
		switch (u8PortIdCopy)
    11d2:	8a 81       	ldd	r24, Y+2	; 0x02
    11d4:	28 2f       	mov	r18, r24
    11d6:	30 e0       	ldi	r19, 0x00	; 0
    11d8:	3d 83       	std	Y+5, r19	; 0x05
    11da:	2c 83       	std	Y+4, r18	; 0x04
    11dc:	4c 81       	ldd	r20, Y+4	; 0x04
    11de:	5d 81       	ldd	r21, Y+5	; 0x05
    11e0:	41 30       	cpi	r20, 0x01	; 1
    11e2:	51 05       	cpc	r21, r1
    11e4:	41 f1       	breq	.+80     	; 0x1236 <DIO_GetPinValue+0x86>
    11e6:	8c 81       	ldd	r24, Y+4	; 0x04
    11e8:	9d 81       	ldd	r25, Y+5	; 0x05
    11ea:	82 30       	cpi	r24, 0x02	; 2
    11ec:	91 05       	cpc	r25, r1
    11ee:	34 f4       	brge	.+12     	; 0x11fc <DIO_GetPinValue+0x4c>
    11f0:	2c 81       	ldd	r18, Y+4	; 0x04
    11f2:	3d 81       	ldd	r19, Y+5	; 0x05
    11f4:	21 15       	cp	r18, r1
    11f6:	31 05       	cpc	r19, r1
    11f8:	61 f0       	breq	.+24     	; 0x1212 <DIO_GetPinValue+0x62>
    11fa:	55 c0       	rjmp	.+170    	; 0x12a6 <DIO_GetPinValue+0xf6>
    11fc:	4c 81       	ldd	r20, Y+4	; 0x04
    11fe:	5d 81       	ldd	r21, Y+5	; 0x05
    1200:	42 30       	cpi	r20, 0x02	; 2
    1202:	51 05       	cpc	r21, r1
    1204:	51 f1       	breq	.+84     	; 0x125a <DIO_GetPinValue+0xaa>
    1206:	8c 81       	ldd	r24, Y+4	; 0x04
    1208:	9d 81       	ldd	r25, Y+5	; 0x05
    120a:	83 30       	cpi	r24, 0x03	; 3
    120c:	91 05       	cpc	r25, r1
    120e:	b9 f1       	breq	.+110    	; 0x127e <DIO_GetPinValue+0xce>
    1210:	4a c0       	rjmp	.+148    	; 0x12a6 <DIO_GetPinValue+0xf6>
		{
			case PORTA: u8ResultLocal= GET_BIT(PINA_Register,u8PinIdCopy); break;
    1212:	e9 e3       	ldi	r30, 0x39	; 57
    1214:	f0 e0       	ldi	r31, 0x00	; 0
    1216:	80 81       	ld	r24, Z
    1218:	28 2f       	mov	r18, r24
    121a:	30 e0       	ldi	r19, 0x00	; 0
    121c:	8b 81       	ldd	r24, Y+3	; 0x03
    121e:	88 2f       	mov	r24, r24
    1220:	90 e0       	ldi	r25, 0x00	; 0
    1222:	a9 01       	movw	r20, r18
    1224:	02 c0       	rjmp	.+4      	; 0x122a <DIO_GetPinValue+0x7a>
    1226:	55 95       	asr	r21
    1228:	47 95       	ror	r20
    122a:	8a 95       	dec	r24
    122c:	e2 f7       	brpl	.-8      	; 0x1226 <DIO_GetPinValue+0x76>
    122e:	ca 01       	movw	r24, r20
    1230:	81 70       	andi	r24, 0x01	; 1
    1232:	89 83       	std	Y+1, r24	; 0x01
    1234:	38 c0       	rjmp	.+112    	; 0x12a6 <DIO_GetPinValue+0xf6>
			case PORTB: u8ResultLocal= GET_BIT(PINB_Register,u8PinIdCopy); break;
    1236:	e6 e3       	ldi	r30, 0x36	; 54
    1238:	f0 e0       	ldi	r31, 0x00	; 0
    123a:	80 81       	ld	r24, Z
    123c:	28 2f       	mov	r18, r24
    123e:	30 e0       	ldi	r19, 0x00	; 0
    1240:	8b 81       	ldd	r24, Y+3	; 0x03
    1242:	88 2f       	mov	r24, r24
    1244:	90 e0       	ldi	r25, 0x00	; 0
    1246:	a9 01       	movw	r20, r18
    1248:	02 c0       	rjmp	.+4      	; 0x124e <DIO_GetPinValue+0x9e>
    124a:	55 95       	asr	r21
    124c:	47 95       	ror	r20
    124e:	8a 95       	dec	r24
    1250:	e2 f7       	brpl	.-8      	; 0x124a <DIO_GetPinValue+0x9a>
    1252:	ca 01       	movw	r24, r20
    1254:	81 70       	andi	r24, 0x01	; 1
    1256:	89 83       	std	Y+1, r24	; 0x01
    1258:	26 c0       	rjmp	.+76     	; 0x12a6 <DIO_GetPinValue+0xf6>
			case PORTC: u8ResultLocal= GET_BIT(PINC_Register,u8PinIdCopy); break;
    125a:	e3 e3       	ldi	r30, 0x33	; 51
    125c:	f0 e0       	ldi	r31, 0x00	; 0
    125e:	80 81       	ld	r24, Z
    1260:	28 2f       	mov	r18, r24
    1262:	30 e0       	ldi	r19, 0x00	; 0
    1264:	8b 81       	ldd	r24, Y+3	; 0x03
    1266:	88 2f       	mov	r24, r24
    1268:	90 e0       	ldi	r25, 0x00	; 0
    126a:	a9 01       	movw	r20, r18
    126c:	02 c0       	rjmp	.+4      	; 0x1272 <DIO_GetPinValue+0xc2>
    126e:	55 95       	asr	r21
    1270:	47 95       	ror	r20
    1272:	8a 95       	dec	r24
    1274:	e2 f7       	brpl	.-8      	; 0x126e <DIO_GetPinValue+0xbe>
    1276:	ca 01       	movw	r24, r20
    1278:	81 70       	andi	r24, 0x01	; 1
    127a:	89 83       	std	Y+1, r24	; 0x01
    127c:	14 c0       	rjmp	.+40     	; 0x12a6 <DIO_GetPinValue+0xf6>
			case PORTD: u8ResultLocal= GET_BIT(PIND_Register,u8PinIdCopy); break;
    127e:	e0 e3       	ldi	r30, 0x30	; 48
    1280:	f0 e0       	ldi	r31, 0x00	; 0
    1282:	80 81       	ld	r24, Z
    1284:	28 2f       	mov	r18, r24
    1286:	30 e0       	ldi	r19, 0x00	; 0
    1288:	8b 81       	ldd	r24, Y+3	; 0x03
    128a:	88 2f       	mov	r24, r24
    128c:	90 e0       	ldi	r25, 0x00	; 0
    128e:	a9 01       	movw	r20, r18
    1290:	02 c0       	rjmp	.+4      	; 0x1296 <DIO_GetPinValue+0xe6>
    1292:	55 95       	asr	r21
    1294:	47 95       	ror	r20
    1296:	8a 95       	dec	r24
    1298:	e2 f7       	brpl	.-8      	; 0x1292 <DIO_GetPinValue+0xe2>
    129a:	ca 01       	movw	r24, r20
    129c:	81 70       	andi	r24, 0x01	; 1
    129e:	89 83       	std	Y+1, r24	; 0x01
    12a0:	02 c0       	rjmp	.+4      	; 0x12a6 <DIO_GetPinValue+0xf6>
	}

	else
	{
		/* return 0xff in case of error in the Pin ID or PORT ID */
		u8ResultLocal = 0xFF;
    12a2:	8f ef       	ldi	r24, 0xFF	; 255
    12a4:	89 83       	std	Y+1, r24	; 0x01
	}

	return u8ResultLocal;
    12a6:	89 81       	ldd	r24, Y+1	; 0x01
}
    12a8:	0f 90       	pop	r0
    12aa:	0f 90       	pop	r0
    12ac:	0f 90       	pop	r0
    12ae:	0f 90       	pop	r0
    12b0:	0f 90       	pop	r0
    12b2:	cf 91       	pop	r28
    12b4:	df 91       	pop	r29
    12b6:	08 95       	ret

000012b8 <DIO_SetPinDirection>:

void DIO_SetPinDirection (u8 u8PortIdCopy, u8 u8PinIdCopy, u8 u8PinDirCopy)
{
    12b8:	df 93       	push	r29
    12ba:	cf 93       	push	r28
    12bc:	cd b7       	in	r28, 0x3d	; 61
    12be:	de b7       	in	r29, 0x3e	; 62
    12c0:	27 97       	sbiw	r28, 0x07	; 7
    12c2:	0f b6       	in	r0, 0x3f	; 63
    12c4:	f8 94       	cli
    12c6:	de bf       	out	0x3e, r29	; 62
    12c8:	0f be       	out	0x3f, r0	; 63
    12ca:	cd bf       	out	0x3d, r28	; 61
    12cc:	89 83       	std	Y+1, r24	; 0x01
    12ce:	6a 83       	std	Y+2, r22	; 0x02
    12d0:	4b 83       	std	Y+3, r20	; 0x03
	/* Make sure that the Port ID and Pin ID are in the valid range */
	if ((u8PortIdCopy <= PORTD) && (u8PinIdCopy <= PIN7))
    12d2:	89 81       	ldd	r24, Y+1	; 0x01
    12d4:	84 30       	cpi	r24, 0x04	; 4
    12d6:	08 f0       	brcs	.+2      	; 0x12da <DIO_SetPinDirection+0x22>
    12d8:	ee c0       	rjmp	.+476    	; 0x14b6 <DIO_SetPinDirection+0x1fe>
    12da:	8a 81       	ldd	r24, Y+2	; 0x02
    12dc:	88 30       	cpi	r24, 0x08	; 8
    12de:	08 f0       	brcs	.+2      	; 0x12e2 <DIO_SetPinDirection+0x2a>
    12e0:	ea c0       	rjmp	.+468    	; 0x14b6 <DIO_SetPinDirection+0x1fe>
	{
		if ( u8PinDirCopy == OUTPUT )
    12e2:	8b 81       	ldd	r24, Y+3	; 0x03
    12e4:	81 30       	cpi	r24, 0x01	; 1
    12e6:	09 f0       	breq	.+2      	; 0x12ea <DIO_SetPinDirection+0x32>
    12e8:	6f c0       	rjmp	.+222    	; 0x13c8 <DIO_SetPinDirection+0x110>
		{
			/* Check on the Required PORT Number */
			switch (u8PortIdCopy)
    12ea:	89 81       	ldd	r24, Y+1	; 0x01
    12ec:	28 2f       	mov	r18, r24
    12ee:	30 e0       	ldi	r19, 0x00	; 0
    12f0:	3f 83       	std	Y+7, r19	; 0x07
    12f2:	2e 83       	std	Y+6, r18	; 0x06
    12f4:	8e 81       	ldd	r24, Y+6	; 0x06
    12f6:	9f 81       	ldd	r25, Y+7	; 0x07
    12f8:	81 30       	cpi	r24, 0x01	; 1
    12fa:	91 05       	cpc	r25, r1
    12fc:	49 f1       	breq	.+82     	; 0x1350 <DIO_SetPinDirection+0x98>
    12fe:	2e 81       	ldd	r18, Y+6	; 0x06
    1300:	3f 81       	ldd	r19, Y+7	; 0x07
    1302:	22 30       	cpi	r18, 0x02	; 2
    1304:	31 05       	cpc	r19, r1
    1306:	2c f4       	brge	.+10     	; 0x1312 <DIO_SetPinDirection+0x5a>
    1308:	8e 81       	ldd	r24, Y+6	; 0x06
    130a:	9f 81       	ldd	r25, Y+7	; 0x07
    130c:	00 97       	sbiw	r24, 0x00	; 0
    130e:	61 f0       	breq	.+24     	; 0x1328 <DIO_SetPinDirection+0x70>
    1310:	d2 c0       	rjmp	.+420    	; 0x14b6 <DIO_SetPinDirection+0x1fe>
    1312:	2e 81       	ldd	r18, Y+6	; 0x06
    1314:	3f 81       	ldd	r19, Y+7	; 0x07
    1316:	22 30       	cpi	r18, 0x02	; 2
    1318:	31 05       	cpc	r19, r1
    131a:	71 f1       	breq	.+92     	; 0x1378 <DIO_SetPinDirection+0xc0>
    131c:	8e 81       	ldd	r24, Y+6	; 0x06
    131e:	9f 81       	ldd	r25, Y+7	; 0x07
    1320:	83 30       	cpi	r24, 0x03	; 3
    1322:	91 05       	cpc	r25, r1
    1324:	e9 f1       	breq	.+122    	; 0x13a0 <DIO_SetPinDirection+0xe8>
    1326:	c7 c0       	rjmp	.+398    	; 0x14b6 <DIO_SetPinDirection+0x1fe>
			{
				case PORTA: SET_BIT(DDRA_Register,u8PinIdCopy); break;
    1328:	aa e3       	ldi	r26, 0x3A	; 58
    132a:	b0 e0       	ldi	r27, 0x00	; 0
    132c:	ea e3       	ldi	r30, 0x3A	; 58
    132e:	f0 e0       	ldi	r31, 0x00	; 0
    1330:	80 81       	ld	r24, Z
    1332:	48 2f       	mov	r20, r24
    1334:	8a 81       	ldd	r24, Y+2	; 0x02
    1336:	28 2f       	mov	r18, r24
    1338:	30 e0       	ldi	r19, 0x00	; 0
    133a:	81 e0       	ldi	r24, 0x01	; 1
    133c:	90 e0       	ldi	r25, 0x00	; 0
    133e:	02 2e       	mov	r0, r18
    1340:	02 c0       	rjmp	.+4      	; 0x1346 <DIO_SetPinDirection+0x8e>
    1342:	88 0f       	add	r24, r24
    1344:	99 1f       	adc	r25, r25
    1346:	0a 94       	dec	r0
    1348:	e2 f7       	brpl	.-8      	; 0x1342 <DIO_SetPinDirection+0x8a>
    134a:	84 2b       	or	r24, r20
    134c:	8c 93       	st	X, r24
    134e:	b3 c0       	rjmp	.+358    	; 0x14b6 <DIO_SetPinDirection+0x1fe>
				case PORTB: SET_BIT(DDRB_Register,u8PinIdCopy); break;
    1350:	a7 e3       	ldi	r26, 0x37	; 55
    1352:	b0 e0       	ldi	r27, 0x00	; 0
    1354:	e7 e3       	ldi	r30, 0x37	; 55
    1356:	f0 e0       	ldi	r31, 0x00	; 0
    1358:	80 81       	ld	r24, Z
    135a:	48 2f       	mov	r20, r24
    135c:	8a 81       	ldd	r24, Y+2	; 0x02
    135e:	28 2f       	mov	r18, r24
    1360:	30 e0       	ldi	r19, 0x00	; 0
    1362:	81 e0       	ldi	r24, 0x01	; 1
    1364:	90 e0       	ldi	r25, 0x00	; 0
    1366:	02 2e       	mov	r0, r18
    1368:	02 c0       	rjmp	.+4      	; 0x136e <DIO_SetPinDirection+0xb6>
    136a:	88 0f       	add	r24, r24
    136c:	99 1f       	adc	r25, r25
    136e:	0a 94       	dec	r0
    1370:	e2 f7       	brpl	.-8      	; 0x136a <DIO_SetPinDirection+0xb2>
    1372:	84 2b       	or	r24, r20
    1374:	8c 93       	st	X, r24
    1376:	9f c0       	rjmp	.+318    	; 0x14b6 <DIO_SetPinDirection+0x1fe>
				case PORTC: SET_BIT(DDRC_Register,u8PinIdCopy); break;
    1378:	a4 e3       	ldi	r26, 0x34	; 52
    137a:	b0 e0       	ldi	r27, 0x00	; 0
    137c:	e4 e3       	ldi	r30, 0x34	; 52
    137e:	f0 e0       	ldi	r31, 0x00	; 0
    1380:	80 81       	ld	r24, Z
    1382:	48 2f       	mov	r20, r24
    1384:	8a 81       	ldd	r24, Y+2	; 0x02
    1386:	28 2f       	mov	r18, r24
    1388:	30 e0       	ldi	r19, 0x00	; 0
    138a:	81 e0       	ldi	r24, 0x01	; 1
    138c:	90 e0       	ldi	r25, 0x00	; 0
    138e:	02 2e       	mov	r0, r18
    1390:	02 c0       	rjmp	.+4      	; 0x1396 <DIO_SetPinDirection+0xde>
    1392:	88 0f       	add	r24, r24
    1394:	99 1f       	adc	r25, r25
    1396:	0a 94       	dec	r0
    1398:	e2 f7       	brpl	.-8      	; 0x1392 <DIO_SetPinDirection+0xda>
    139a:	84 2b       	or	r24, r20
    139c:	8c 93       	st	X, r24
    139e:	8b c0       	rjmp	.+278    	; 0x14b6 <DIO_SetPinDirection+0x1fe>
				case PORTD: SET_BIT(DDRD_Register,u8PinIdCopy); break;
    13a0:	a1 e3       	ldi	r26, 0x31	; 49
    13a2:	b0 e0       	ldi	r27, 0x00	; 0
    13a4:	e1 e3       	ldi	r30, 0x31	; 49
    13a6:	f0 e0       	ldi	r31, 0x00	; 0
    13a8:	80 81       	ld	r24, Z
    13aa:	48 2f       	mov	r20, r24
    13ac:	8a 81       	ldd	r24, Y+2	; 0x02
    13ae:	28 2f       	mov	r18, r24
    13b0:	30 e0       	ldi	r19, 0x00	; 0
    13b2:	81 e0       	ldi	r24, 0x01	; 1
    13b4:	90 e0       	ldi	r25, 0x00	; 0
    13b6:	02 2e       	mov	r0, r18
    13b8:	02 c0       	rjmp	.+4      	; 0x13be <DIO_SetPinDirection+0x106>
    13ba:	88 0f       	add	r24, r24
    13bc:	99 1f       	adc	r25, r25
    13be:	0a 94       	dec	r0
    13c0:	e2 f7       	brpl	.-8      	; 0x13ba <DIO_SetPinDirection+0x102>
    13c2:	84 2b       	or	r24, r20
    13c4:	8c 93       	st	X, r24
    13c6:	77 c0       	rjmp	.+238    	; 0x14b6 <DIO_SetPinDirection+0x1fe>
			}
		}

		else if ( u8PinDirCopy == INPUT )
    13c8:	8b 81       	ldd	r24, Y+3	; 0x03
    13ca:	88 23       	and	r24, r24
    13cc:	09 f0       	breq	.+2      	; 0x13d0 <DIO_SetPinDirection+0x118>
    13ce:	73 c0       	rjmp	.+230    	; 0x14b6 <DIO_SetPinDirection+0x1fe>
		{
			/* Check on the Required PORT Number */
			switch (u8PortIdCopy)
    13d0:	89 81       	ldd	r24, Y+1	; 0x01
    13d2:	28 2f       	mov	r18, r24
    13d4:	30 e0       	ldi	r19, 0x00	; 0
    13d6:	3d 83       	std	Y+5, r19	; 0x05
    13d8:	2c 83       	std	Y+4, r18	; 0x04
    13da:	8c 81       	ldd	r24, Y+4	; 0x04
    13dc:	9d 81       	ldd	r25, Y+5	; 0x05
    13de:	81 30       	cpi	r24, 0x01	; 1
    13e0:	91 05       	cpc	r25, r1
    13e2:	59 f1       	breq	.+86     	; 0x143a <DIO_SetPinDirection+0x182>
    13e4:	2c 81       	ldd	r18, Y+4	; 0x04
    13e6:	3d 81       	ldd	r19, Y+5	; 0x05
    13e8:	22 30       	cpi	r18, 0x02	; 2
    13ea:	31 05       	cpc	r19, r1
    13ec:	2c f4       	brge	.+10     	; 0x13f8 <DIO_SetPinDirection+0x140>
    13ee:	8c 81       	ldd	r24, Y+4	; 0x04
    13f0:	9d 81       	ldd	r25, Y+5	; 0x05
    13f2:	00 97       	sbiw	r24, 0x00	; 0
    13f4:	69 f0       	breq	.+26     	; 0x1410 <DIO_SetPinDirection+0x158>
    13f6:	5f c0       	rjmp	.+190    	; 0x14b6 <DIO_SetPinDirection+0x1fe>
    13f8:	2c 81       	ldd	r18, Y+4	; 0x04
    13fa:	3d 81       	ldd	r19, Y+5	; 0x05
    13fc:	22 30       	cpi	r18, 0x02	; 2
    13fe:	31 05       	cpc	r19, r1
    1400:	89 f1       	breq	.+98     	; 0x1464 <DIO_SetPinDirection+0x1ac>
    1402:	8c 81       	ldd	r24, Y+4	; 0x04
    1404:	9d 81       	ldd	r25, Y+5	; 0x05
    1406:	83 30       	cpi	r24, 0x03	; 3
    1408:	91 05       	cpc	r25, r1
    140a:	09 f4       	brne	.+2      	; 0x140e <DIO_SetPinDirection+0x156>
    140c:	40 c0       	rjmp	.+128    	; 0x148e <DIO_SetPinDirection+0x1d6>
    140e:	53 c0       	rjmp	.+166    	; 0x14b6 <DIO_SetPinDirection+0x1fe>
			{
				case PORTA: CLR_BIT(DDRA_Register,u8PinIdCopy); break;
    1410:	aa e3       	ldi	r26, 0x3A	; 58
    1412:	b0 e0       	ldi	r27, 0x00	; 0
    1414:	ea e3       	ldi	r30, 0x3A	; 58
    1416:	f0 e0       	ldi	r31, 0x00	; 0
    1418:	80 81       	ld	r24, Z
    141a:	48 2f       	mov	r20, r24
    141c:	8a 81       	ldd	r24, Y+2	; 0x02
    141e:	28 2f       	mov	r18, r24
    1420:	30 e0       	ldi	r19, 0x00	; 0
    1422:	81 e0       	ldi	r24, 0x01	; 1
    1424:	90 e0       	ldi	r25, 0x00	; 0
    1426:	02 2e       	mov	r0, r18
    1428:	02 c0       	rjmp	.+4      	; 0x142e <DIO_SetPinDirection+0x176>
    142a:	88 0f       	add	r24, r24
    142c:	99 1f       	adc	r25, r25
    142e:	0a 94       	dec	r0
    1430:	e2 f7       	brpl	.-8      	; 0x142a <DIO_SetPinDirection+0x172>
    1432:	80 95       	com	r24
    1434:	84 23       	and	r24, r20
    1436:	8c 93       	st	X, r24
    1438:	3e c0       	rjmp	.+124    	; 0x14b6 <DIO_SetPinDirection+0x1fe>
				case PORTB: CLR_BIT(DDRB_Register,u8PinIdCopy); break;
    143a:	a7 e3       	ldi	r26, 0x37	; 55
    143c:	b0 e0       	ldi	r27, 0x00	; 0
    143e:	e7 e3       	ldi	r30, 0x37	; 55
    1440:	f0 e0       	ldi	r31, 0x00	; 0
    1442:	80 81       	ld	r24, Z
    1444:	48 2f       	mov	r20, r24
    1446:	8a 81       	ldd	r24, Y+2	; 0x02
    1448:	28 2f       	mov	r18, r24
    144a:	30 e0       	ldi	r19, 0x00	; 0
    144c:	81 e0       	ldi	r24, 0x01	; 1
    144e:	90 e0       	ldi	r25, 0x00	; 0
    1450:	02 2e       	mov	r0, r18
    1452:	02 c0       	rjmp	.+4      	; 0x1458 <DIO_SetPinDirection+0x1a0>
    1454:	88 0f       	add	r24, r24
    1456:	99 1f       	adc	r25, r25
    1458:	0a 94       	dec	r0
    145a:	e2 f7       	brpl	.-8      	; 0x1454 <DIO_SetPinDirection+0x19c>
    145c:	80 95       	com	r24
    145e:	84 23       	and	r24, r20
    1460:	8c 93       	st	X, r24
    1462:	29 c0       	rjmp	.+82     	; 0x14b6 <DIO_SetPinDirection+0x1fe>
				case PORTC: CLR_BIT(DDRC_Register,u8PinIdCopy); break;
    1464:	a4 e3       	ldi	r26, 0x34	; 52
    1466:	b0 e0       	ldi	r27, 0x00	; 0
    1468:	e4 e3       	ldi	r30, 0x34	; 52
    146a:	f0 e0       	ldi	r31, 0x00	; 0
    146c:	80 81       	ld	r24, Z
    146e:	48 2f       	mov	r20, r24
    1470:	8a 81       	ldd	r24, Y+2	; 0x02
    1472:	28 2f       	mov	r18, r24
    1474:	30 e0       	ldi	r19, 0x00	; 0
    1476:	81 e0       	ldi	r24, 0x01	; 1
    1478:	90 e0       	ldi	r25, 0x00	; 0
    147a:	02 2e       	mov	r0, r18
    147c:	02 c0       	rjmp	.+4      	; 0x1482 <DIO_SetPinDirection+0x1ca>
    147e:	88 0f       	add	r24, r24
    1480:	99 1f       	adc	r25, r25
    1482:	0a 94       	dec	r0
    1484:	e2 f7       	brpl	.-8      	; 0x147e <DIO_SetPinDirection+0x1c6>
    1486:	80 95       	com	r24
    1488:	84 23       	and	r24, r20
    148a:	8c 93       	st	X, r24
    148c:	14 c0       	rjmp	.+40     	; 0x14b6 <DIO_SetPinDirection+0x1fe>
				case PORTD: CLR_BIT(DDRD_Register,u8PinIdCopy); break;
    148e:	a1 e3       	ldi	r26, 0x31	; 49
    1490:	b0 e0       	ldi	r27, 0x00	; 0
    1492:	e1 e3       	ldi	r30, 0x31	; 49
    1494:	f0 e0       	ldi	r31, 0x00	; 0
    1496:	80 81       	ld	r24, Z
    1498:	48 2f       	mov	r20, r24
    149a:	8a 81       	ldd	r24, Y+2	; 0x02
    149c:	28 2f       	mov	r18, r24
    149e:	30 e0       	ldi	r19, 0x00	; 0
    14a0:	81 e0       	ldi	r24, 0x01	; 1
    14a2:	90 e0       	ldi	r25, 0x00	; 0
    14a4:	02 2e       	mov	r0, r18
    14a6:	02 c0       	rjmp	.+4      	; 0x14ac <DIO_SetPinDirection+0x1f4>
    14a8:	88 0f       	add	r24, r24
    14aa:	99 1f       	adc	r25, r25
    14ac:	0a 94       	dec	r0
    14ae:	e2 f7       	brpl	.-8      	; 0x14a8 <DIO_SetPinDirection+0x1f0>
    14b0:	80 95       	com	r24
    14b2:	84 23       	and	r24, r20
    14b4:	8c 93       	st	X, r24

	else
	{
		/* Do nothing, Error in the Pin ID or PORT ID */
	}
}
    14b6:	27 96       	adiw	r28, 0x07	; 7
    14b8:	0f b6       	in	r0, 0x3f	; 63
    14ba:	f8 94       	cli
    14bc:	de bf       	out	0x3e, r29	; 62
    14be:	0f be       	out	0x3f, r0	; 63
    14c0:	cd bf       	out	0x3d, r28	; 61
    14c2:	cf 91       	pop	r28
    14c4:	df 91       	pop	r29
    14c6:	08 95       	ret

000014c8 <DIO_SetPortDirection>:


/* IO Ports */
void DIO_SetPortDirection (u8 u8PortId, u8 u8PortDir)
{
    14c8:	df 93       	push	r29
    14ca:	cf 93       	push	r28
    14cc:	00 d0       	rcall	.+0      	; 0x14ce <DIO_SetPortDirection+0x6>
    14ce:	00 d0       	rcall	.+0      	; 0x14d0 <DIO_SetPortDirection+0x8>
    14d0:	cd b7       	in	r28, 0x3d	; 61
    14d2:	de b7       	in	r29, 0x3e	; 62
    14d4:	89 83       	std	Y+1, r24	; 0x01
    14d6:	6a 83       	std	Y+2, r22	; 0x02
	/* Check on the Required PORT Number */
	switch (u8PortId)
    14d8:	89 81       	ldd	r24, Y+1	; 0x01
    14da:	28 2f       	mov	r18, r24
    14dc:	30 e0       	ldi	r19, 0x00	; 0
    14de:	3c 83       	std	Y+4, r19	; 0x04
    14e0:	2b 83       	std	Y+3, r18	; 0x03
    14e2:	8b 81       	ldd	r24, Y+3	; 0x03
    14e4:	9c 81       	ldd	r25, Y+4	; 0x04
    14e6:	81 30       	cpi	r24, 0x01	; 1
    14e8:	91 05       	cpc	r25, r1
    14ea:	d1 f0       	breq	.+52     	; 0x1520 <DIO_SetPortDirection+0x58>
    14ec:	2b 81       	ldd	r18, Y+3	; 0x03
    14ee:	3c 81       	ldd	r19, Y+4	; 0x04
    14f0:	22 30       	cpi	r18, 0x02	; 2
    14f2:	31 05       	cpc	r19, r1
    14f4:	2c f4       	brge	.+10     	; 0x1500 <DIO_SetPortDirection+0x38>
    14f6:	8b 81       	ldd	r24, Y+3	; 0x03
    14f8:	9c 81       	ldd	r25, Y+4	; 0x04
    14fa:	00 97       	sbiw	r24, 0x00	; 0
    14fc:	61 f0       	breq	.+24     	; 0x1516 <DIO_SetPortDirection+0x4e>
    14fe:	1e c0       	rjmp	.+60     	; 0x153c <DIO_SetPortDirection+0x74>
    1500:	2b 81       	ldd	r18, Y+3	; 0x03
    1502:	3c 81       	ldd	r19, Y+4	; 0x04
    1504:	22 30       	cpi	r18, 0x02	; 2
    1506:	31 05       	cpc	r19, r1
    1508:	81 f0       	breq	.+32     	; 0x152a <DIO_SetPortDirection+0x62>
    150a:	8b 81       	ldd	r24, Y+3	; 0x03
    150c:	9c 81       	ldd	r25, Y+4	; 0x04
    150e:	83 30       	cpi	r24, 0x03	; 3
    1510:	91 05       	cpc	r25, r1
    1512:	81 f0       	breq	.+32     	; 0x1534 <DIO_SetPortDirection+0x6c>
    1514:	13 c0       	rjmp	.+38     	; 0x153c <DIO_SetPortDirection+0x74>
	{
		case     PORTA: DDRA_Register = u8PortDir; break;
    1516:	ea e3       	ldi	r30, 0x3A	; 58
    1518:	f0 e0       	ldi	r31, 0x00	; 0
    151a:	8a 81       	ldd	r24, Y+2	; 0x02
    151c:	80 83       	st	Z, r24
    151e:	0e c0       	rjmp	.+28     	; 0x153c <DIO_SetPortDirection+0x74>
		case     PORTB: DDRB_Register = u8PortDir; break;
    1520:	e7 e3       	ldi	r30, 0x37	; 55
    1522:	f0 e0       	ldi	r31, 0x00	; 0
    1524:	8a 81       	ldd	r24, Y+2	; 0x02
    1526:	80 83       	st	Z, r24
    1528:	09 c0       	rjmp	.+18     	; 0x153c <DIO_SetPortDirection+0x74>
		case     PORTC: DDRC_Register = u8PortDir; break;
    152a:	e4 e3       	ldi	r30, 0x34	; 52
    152c:	f0 e0       	ldi	r31, 0x00	; 0
    152e:	8a 81       	ldd	r24, Y+2	; 0x02
    1530:	80 83       	st	Z, r24
    1532:	04 c0       	rjmp	.+8      	; 0x153c <DIO_SetPortDirection+0x74>
		case     PORTD: DDRD_Register = u8PortDir; break;
    1534:	e1 e3       	ldi	r30, 0x31	; 49
    1536:	f0 e0       	ldi	r31, 0x00	; 0
    1538:	8a 81       	ldd	r24, Y+2	; 0x02
    153a:	80 83       	st	Z, r24
		default: /* Wrong Port ID */       break;
	}
}
    153c:	0f 90       	pop	r0
    153e:	0f 90       	pop	r0
    1540:	0f 90       	pop	r0
    1542:	0f 90       	pop	r0
    1544:	cf 91       	pop	r28
    1546:	df 91       	pop	r29
    1548:	08 95       	ret

0000154a <DIO_SetPortValue>:

void DIO_SetPortValue (u8 u8PortId, u8 u8PortVal)
{
    154a:	df 93       	push	r29
    154c:	cf 93       	push	r28
    154e:	00 d0       	rcall	.+0      	; 0x1550 <DIO_SetPortValue+0x6>
    1550:	00 d0       	rcall	.+0      	; 0x1552 <DIO_SetPortValue+0x8>
    1552:	cd b7       	in	r28, 0x3d	; 61
    1554:	de b7       	in	r29, 0x3e	; 62
    1556:	89 83       	std	Y+1, r24	; 0x01
    1558:	6a 83       	std	Y+2, r22	; 0x02
	/* Check on the Required PORT Number */
	switch (u8PortId)
    155a:	89 81       	ldd	r24, Y+1	; 0x01
    155c:	28 2f       	mov	r18, r24
    155e:	30 e0       	ldi	r19, 0x00	; 0
    1560:	3c 83       	std	Y+4, r19	; 0x04
    1562:	2b 83       	std	Y+3, r18	; 0x03
    1564:	8b 81       	ldd	r24, Y+3	; 0x03
    1566:	9c 81       	ldd	r25, Y+4	; 0x04
    1568:	81 30       	cpi	r24, 0x01	; 1
    156a:	91 05       	cpc	r25, r1
    156c:	d1 f0       	breq	.+52     	; 0x15a2 <DIO_SetPortValue+0x58>
    156e:	2b 81       	ldd	r18, Y+3	; 0x03
    1570:	3c 81       	ldd	r19, Y+4	; 0x04
    1572:	22 30       	cpi	r18, 0x02	; 2
    1574:	31 05       	cpc	r19, r1
    1576:	2c f4       	brge	.+10     	; 0x1582 <DIO_SetPortValue+0x38>
    1578:	8b 81       	ldd	r24, Y+3	; 0x03
    157a:	9c 81       	ldd	r25, Y+4	; 0x04
    157c:	00 97       	sbiw	r24, 0x00	; 0
    157e:	61 f0       	breq	.+24     	; 0x1598 <DIO_SetPortValue+0x4e>
    1580:	1e c0       	rjmp	.+60     	; 0x15be <DIO_SetPortValue+0x74>
    1582:	2b 81       	ldd	r18, Y+3	; 0x03
    1584:	3c 81       	ldd	r19, Y+4	; 0x04
    1586:	22 30       	cpi	r18, 0x02	; 2
    1588:	31 05       	cpc	r19, r1
    158a:	81 f0       	breq	.+32     	; 0x15ac <DIO_SetPortValue+0x62>
    158c:	8b 81       	ldd	r24, Y+3	; 0x03
    158e:	9c 81       	ldd	r25, Y+4	; 0x04
    1590:	83 30       	cpi	r24, 0x03	; 3
    1592:	91 05       	cpc	r25, r1
    1594:	81 f0       	breq	.+32     	; 0x15b6 <DIO_SetPortValue+0x6c>
    1596:	13 c0       	rjmp	.+38     	; 0x15be <DIO_SetPortValue+0x74>
	{
		case     PORTA: PORTA_Register = u8PortVal; break;
    1598:	eb e3       	ldi	r30, 0x3B	; 59
    159a:	f0 e0       	ldi	r31, 0x00	; 0
    159c:	8a 81       	ldd	r24, Y+2	; 0x02
    159e:	80 83       	st	Z, r24
    15a0:	0e c0       	rjmp	.+28     	; 0x15be <DIO_SetPortValue+0x74>
		case     PORTB: PORTB_Register = u8PortVal; break;
    15a2:	e8 e3       	ldi	r30, 0x38	; 56
    15a4:	f0 e0       	ldi	r31, 0x00	; 0
    15a6:	8a 81       	ldd	r24, Y+2	; 0x02
    15a8:	80 83       	st	Z, r24
    15aa:	09 c0       	rjmp	.+18     	; 0x15be <DIO_SetPortValue+0x74>
		case     PORTC: PORTC_Register = u8PortVal; break;
    15ac:	e5 e3       	ldi	r30, 0x35	; 53
    15ae:	f0 e0       	ldi	r31, 0x00	; 0
    15b0:	8a 81       	ldd	r24, Y+2	; 0x02
    15b2:	80 83       	st	Z, r24
    15b4:	04 c0       	rjmp	.+8      	; 0x15be <DIO_SetPortValue+0x74>
		case     PORTD: PORTD_Register = u8PortVal; break;
    15b6:	e2 e3       	ldi	r30, 0x32	; 50
    15b8:	f0 e0       	ldi	r31, 0x00	; 0
    15ba:	8a 81       	ldd	r24, Y+2	; 0x02
    15bc:	80 83       	st	Z, r24
		default: /* Wrong Port ID */        break;
	}
}
    15be:	0f 90       	pop	r0
    15c0:	0f 90       	pop	r0
    15c2:	0f 90       	pop	r0
    15c4:	0f 90       	pop	r0
    15c6:	cf 91       	pop	r28
    15c8:	df 91       	pop	r29
    15ca:	08 95       	ret

000015cc <sendSMS>:
 */

#include "GSM_Sender.h"

void sendSMS()
{
    15cc:	0f 93       	push	r16
    15ce:	1f 93       	push	r17
    15d0:	df 93       	push	r29
    15d2:	cf 93       	push	r28
    15d4:	cd b7       	in	r28, 0x3d	; 61
    15d6:	de b7       	in	r29, 0x3e	; 62
    15d8:	c2 56       	subi	r28, 0x62	; 98
    15da:	d0 40       	sbci	r29, 0x00	; 0
    15dc:	0f b6       	in	r0, 0x3f	; 63
    15de:	f8 94       	cli
    15e0:	de bf       	out	0x3e, r29	; 62
    15e2:	0f be       	out	0x3f, r0	; 63
    15e4:	cd bf       	out	0x3d, r28	; 61
     senddata("AT+CMGD=1");
    15e6:	8a e7       	ldi	r24, 0x7A	; 122
    15e8:	90 e0       	ldi	r25, 0x00	; 0
    15ea:	0e 94 2a 16 	call	0x2c54	; 0x2c54 <senddata>
     USART_SendData(13);
    15ee:	8d e0       	ldi	r24, 0x0D	; 13
    15f0:	0e 94 fd 15 	call	0x2bfa	; 0x2bfa <USART_SendData>
     USART_SendData(10);
    15f4:	8a e0       	ldi	r24, 0x0A	; 10
    15f6:	0e 94 fd 15 	call	0x2bfa	; 0x2bfa <USART_SendData>
    15fa:	fe 01       	movw	r30, r28
    15fc:	e1 5a       	subi	r30, 0xA1	; 161
    15fe:	ff 4f       	sbci	r31, 0xFF	; 255
    1600:	80 e0       	ldi	r24, 0x00	; 0
    1602:	90 e0       	ldi	r25, 0x00	; 0
    1604:	aa e7       	ldi	r26, 0x7A	; 122
    1606:	b4 e4       	ldi	r27, 0x44	; 68
    1608:	80 83       	st	Z, r24
    160a:	91 83       	std	Z+1, r25	; 0x01
    160c:	a2 83       	std	Z+2, r26	; 0x02
    160e:	b3 83       	std	Z+3, r27	; 0x03
 */
void
_delay_ms(double __ms)
{
	uint16_t __ticks;
	double __tmp = ((F_CPU) / 4e3) * __ms;
    1610:	8e 01       	movw	r16, r28
    1612:	05 5a       	subi	r16, 0xA5	; 165
    1614:	1f 4f       	sbci	r17, 0xFF	; 255
    1616:	fe 01       	movw	r30, r28
    1618:	e1 5a       	subi	r30, 0xA1	; 161
    161a:	ff 4f       	sbci	r31, 0xFF	; 255
    161c:	60 81       	ld	r22, Z
    161e:	71 81       	ldd	r23, Z+1	; 0x01
    1620:	82 81       	ldd	r24, Z+2	; 0x02
    1622:	93 81       	ldd	r25, Z+3	; 0x03
    1624:	20 e0       	ldi	r18, 0x00	; 0
    1626:	30 e0       	ldi	r19, 0x00	; 0
    1628:	4a ef       	ldi	r20, 0xFA	; 250
    162a:	54 e4       	ldi	r21, 0x44	; 68
    162c:	0e 94 17 02 	call	0x42e	; 0x42e <__mulsf3>
    1630:	dc 01       	movw	r26, r24
    1632:	cb 01       	movw	r24, r22
    1634:	f8 01       	movw	r30, r16
    1636:	80 83       	st	Z, r24
    1638:	91 83       	std	Z+1, r25	; 0x01
    163a:	a2 83       	std	Z+2, r26	; 0x02
    163c:	b3 83       	std	Z+3, r27	; 0x03
	if (__tmp < 1.0)
    163e:	fe 01       	movw	r30, r28
    1640:	e5 5a       	subi	r30, 0xA5	; 165
    1642:	ff 4f       	sbci	r31, 0xFF	; 255
    1644:	60 81       	ld	r22, Z
    1646:	71 81       	ldd	r23, Z+1	; 0x01
    1648:	82 81       	ldd	r24, Z+2	; 0x02
    164a:	93 81       	ldd	r25, Z+3	; 0x03
    164c:	20 e0       	ldi	r18, 0x00	; 0
    164e:	30 e0       	ldi	r19, 0x00	; 0
    1650:	40 e8       	ldi	r20, 0x80	; 128
    1652:	5f e3       	ldi	r21, 0x3F	; 63
    1654:	0e 94 71 03 	call	0x6e2	; 0x6e2 <__ltsf2>
    1658:	88 23       	and	r24, r24
    165a:	44 f4       	brge	.+16     	; 0x166c <sendSMS+0xa0>
		__ticks = 1;
    165c:	fe 01       	movw	r30, r28
    165e:	e7 5a       	subi	r30, 0xA7	; 167
    1660:	ff 4f       	sbci	r31, 0xFF	; 255
    1662:	81 e0       	ldi	r24, 0x01	; 1
    1664:	90 e0       	ldi	r25, 0x00	; 0
    1666:	91 83       	std	Z+1, r25	; 0x01
    1668:	80 83       	st	Z, r24
    166a:	64 c0       	rjmp	.+200    	; 0x1734 <sendSMS+0x168>
	else if (__tmp > 65535)
    166c:	fe 01       	movw	r30, r28
    166e:	e5 5a       	subi	r30, 0xA5	; 165
    1670:	ff 4f       	sbci	r31, 0xFF	; 255
    1672:	60 81       	ld	r22, Z
    1674:	71 81       	ldd	r23, Z+1	; 0x01
    1676:	82 81       	ldd	r24, Z+2	; 0x02
    1678:	93 81       	ldd	r25, Z+3	; 0x03
    167a:	20 e0       	ldi	r18, 0x00	; 0
    167c:	3f ef       	ldi	r19, 0xFF	; 255
    167e:	4f e7       	ldi	r20, 0x7F	; 127
    1680:	57 e4       	ldi	r21, 0x47	; 71
    1682:	0e 94 11 03 	call	0x622	; 0x622 <__gtsf2>
    1686:	18 16       	cp	r1, r24
    1688:	0c f0       	brlt	.+2      	; 0x168c <sendSMS+0xc0>
    168a:	43 c0       	rjmp	.+134    	; 0x1712 <sendSMS+0x146>
	{
		//	__ticks = requested delay in 1/10 ms
		__ticks = (uint16_t) (__ms * 10.0);
    168c:	fe 01       	movw	r30, r28
    168e:	e1 5a       	subi	r30, 0xA1	; 161
    1690:	ff 4f       	sbci	r31, 0xFF	; 255
    1692:	60 81       	ld	r22, Z
    1694:	71 81       	ldd	r23, Z+1	; 0x01
    1696:	82 81       	ldd	r24, Z+2	; 0x02
    1698:	93 81       	ldd	r25, Z+3	; 0x03
    169a:	20 e0       	ldi	r18, 0x00	; 0
    169c:	30 e0       	ldi	r19, 0x00	; 0
    169e:	40 e2       	ldi	r20, 0x20	; 32
    16a0:	51 e4       	ldi	r21, 0x41	; 65
    16a2:	0e 94 17 02 	call	0x42e	; 0x42e <__mulsf3>
    16a6:	dc 01       	movw	r26, r24
    16a8:	cb 01       	movw	r24, r22
    16aa:	8e 01       	movw	r16, r28
    16ac:	07 5a       	subi	r16, 0xA7	; 167
    16ae:	1f 4f       	sbci	r17, 0xFF	; 255
    16b0:	bc 01       	movw	r22, r24
    16b2:	cd 01       	movw	r24, r26
    16b4:	0e 94 41 00 	call	0x82	; 0x82 <__fixunssfsi>
    16b8:	dc 01       	movw	r26, r24
    16ba:	cb 01       	movw	r24, r22
    16bc:	f8 01       	movw	r30, r16
    16be:	91 83       	std	Z+1, r25	; 0x01
    16c0:	80 83       	st	Z, r24
    16c2:	1f c0       	rjmp	.+62     	; 0x1702 <sendSMS+0x136>
    16c4:	fe 01       	movw	r30, r28
    16c6:	e9 5a       	subi	r30, 0xA9	; 169
    16c8:	ff 4f       	sbci	r31, 0xFF	; 255
    16ca:	88 ec       	ldi	r24, 0xC8	; 200
    16cc:	90 e0       	ldi	r25, 0x00	; 0
    16ce:	91 83       	std	Z+1, r25	; 0x01
    16d0:	80 83       	st	Z, r24
    16d2:	fe 01       	movw	r30, r28
    16d4:	e9 5a       	subi	r30, 0xA9	; 169
    16d6:	ff 4f       	sbci	r31, 0xFF	; 255
    16d8:	80 81       	ld	r24, Z
    16da:	91 81       	ldd	r25, Z+1	; 0x01
    16dc:	01 97       	sbiw	r24, 0x01	; 1
    16de:	f1 f7       	brne	.-4      	; 0x16dc <sendSMS+0x110>
    16e0:	fe 01       	movw	r30, r28
    16e2:	e9 5a       	subi	r30, 0xA9	; 169
    16e4:	ff 4f       	sbci	r31, 0xFF	; 255
    16e6:	91 83       	std	Z+1, r25	; 0x01
    16e8:	80 83       	st	Z, r24
		while(__ticks)
		{
			// wait 1/10 ms
			_delay_loop_2(((F_CPU) / 4e3) / 10);
			__ticks --;
    16ea:	de 01       	movw	r26, r28
    16ec:	a7 5a       	subi	r26, 0xA7	; 167
    16ee:	bf 4f       	sbci	r27, 0xFF	; 255
    16f0:	fe 01       	movw	r30, r28
    16f2:	e7 5a       	subi	r30, 0xA7	; 167
    16f4:	ff 4f       	sbci	r31, 0xFF	; 255
    16f6:	80 81       	ld	r24, Z
    16f8:	91 81       	ldd	r25, Z+1	; 0x01
    16fa:	01 97       	sbiw	r24, 0x01	; 1
    16fc:	11 96       	adiw	r26, 0x01	; 1
    16fe:	9c 93       	st	X, r25
    1700:	8e 93       	st	-X, r24
		__ticks = 1;
	else if (__tmp > 65535)
	{
		//	__ticks = requested delay in 1/10 ms
		__ticks = (uint16_t) (__ms * 10.0);
		while(__ticks)
    1702:	fe 01       	movw	r30, r28
    1704:	e7 5a       	subi	r30, 0xA7	; 167
    1706:	ff 4f       	sbci	r31, 0xFF	; 255
    1708:	80 81       	ld	r24, Z
    170a:	91 81       	ldd	r25, Z+1	; 0x01
    170c:	00 97       	sbiw	r24, 0x00	; 0
    170e:	d1 f6       	brne	.-76     	; 0x16c4 <sendSMS+0xf8>
    1710:	27 c0       	rjmp	.+78     	; 0x1760 <sendSMS+0x194>
			__ticks --;
		}
		return;
	}
	else
		__ticks = (uint16_t)__tmp;
    1712:	8e 01       	movw	r16, r28
    1714:	07 5a       	subi	r16, 0xA7	; 167
    1716:	1f 4f       	sbci	r17, 0xFF	; 255
    1718:	fe 01       	movw	r30, r28
    171a:	e5 5a       	subi	r30, 0xA5	; 165
    171c:	ff 4f       	sbci	r31, 0xFF	; 255
    171e:	60 81       	ld	r22, Z
    1720:	71 81       	ldd	r23, Z+1	; 0x01
    1722:	82 81       	ldd	r24, Z+2	; 0x02
    1724:	93 81       	ldd	r25, Z+3	; 0x03
    1726:	0e 94 41 00 	call	0x82	; 0x82 <__fixunssfsi>
    172a:	dc 01       	movw	r26, r24
    172c:	cb 01       	movw	r24, r22
    172e:	f8 01       	movw	r30, r16
    1730:	91 83       	std	Z+1, r25	; 0x01
    1732:	80 83       	st	Z, r24
    1734:	de 01       	movw	r26, r28
    1736:	ab 5a       	subi	r26, 0xAB	; 171
    1738:	bf 4f       	sbci	r27, 0xFF	; 255
    173a:	fe 01       	movw	r30, r28
    173c:	e7 5a       	subi	r30, 0xA7	; 167
    173e:	ff 4f       	sbci	r31, 0xFF	; 255
    1740:	80 81       	ld	r24, Z
    1742:	91 81       	ldd	r25, Z+1	; 0x01
    1744:	8d 93       	st	X+, r24
    1746:	9c 93       	st	X, r25
    1748:	fe 01       	movw	r30, r28
    174a:	eb 5a       	subi	r30, 0xAB	; 171
    174c:	ff 4f       	sbci	r31, 0xFF	; 255
    174e:	80 81       	ld	r24, Z
    1750:	91 81       	ldd	r25, Z+1	; 0x01
    1752:	01 97       	sbiw	r24, 0x01	; 1
    1754:	f1 f7       	brne	.-4      	; 0x1752 <sendSMS+0x186>
    1756:	fe 01       	movw	r30, r28
    1758:	eb 5a       	subi	r30, 0xAB	; 171
    175a:	ff 4f       	sbci	r31, 0xFF	; 255
    175c:	91 83       	std	Z+1, r25	; 0x01
    175e:	80 83       	st	Z, r24
     _delay_ms(1000);

     senddata("AT+CMGF=1");
    1760:	84 e8       	ldi	r24, 0x84	; 132
    1762:	90 e0       	ldi	r25, 0x00	; 0
    1764:	0e 94 2a 16 	call	0x2c54	; 0x2c54 <senddata>
     USART_SendData(13);
    1768:	8d e0       	ldi	r24, 0x0D	; 13
    176a:	0e 94 fd 15 	call	0x2bfa	; 0x2bfa <USART_SendData>
     USART_SendData(10);
    176e:	8a e0       	ldi	r24, 0x0A	; 10
    1770:	0e 94 fd 15 	call	0x2bfa	; 0x2bfa <USART_SendData>
    1774:	fe 01       	movw	r30, r28
    1776:	ef 5a       	subi	r30, 0xAF	; 175
    1778:	ff 4f       	sbci	r31, 0xFF	; 255
    177a:	80 e0       	ldi	r24, 0x00	; 0
    177c:	90 e0       	ldi	r25, 0x00	; 0
    177e:	aa e7       	ldi	r26, 0x7A	; 122
    1780:	b4 e4       	ldi	r27, 0x44	; 68
    1782:	80 83       	st	Z, r24
    1784:	91 83       	std	Z+1, r25	; 0x01
    1786:	a2 83       	std	Z+2, r26	; 0x02
    1788:	b3 83       	std	Z+3, r27	; 0x03
 */
void
_delay_ms(double __ms)
{
	uint16_t __ticks;
	double __tmp = ((F_CPU) / 4e3) * __ms;
    178a:	8e 01       	movw	r16, r28
    178c:	03 5b       	subi	r16, 0xB3	; 179
    178e:	1f 4f       	sbci	r17, 0xFF	; 255
    1790:	fe 01       	movw	r30, r28
    1792:	ef 5a       	subi	r30, 0xAF	; 175
    1794:	ff 4f       	sbci	r31, 0xFF	; 255
    1796:	60 81       	ld	r22, Z
    1798:	71 81       	ldd	r23, Z+1	; 0x01
    179a:	82 81       	ldd	r24, Z+2	; 0x02
    179c:	93 81       	ldd	r25, Z+3	; 0x03
    179e:	20 e0       	ldi	r18, 0x00	; 0
    17a0:	30 e0       	ldi	r19, 0x00	; 0
    17a2:	4a ef       	ldi	r20, 0xFA	; 250
    17a4:	54 e4       	ldi	r21, 0x44	; 68
    17a6:	0e 94 17 02 	call	0x42e	; 0x42e <__mulsf3>
    17aa:	dc 01       	movw	r26, r24
    17ac:	cb 01       	movw	r24, r22
    17ae:	f8 01       	movw	r30, r16
    17b0:	80 83       	st	Z, r24
    17b2:	91 83       	std	Z+1, r25	; 0x01
    17b4:	a2 83       	std	Z+2, r26	; 0x02
    17b6:	b3 83       	std	Z+3, r27	; 0x03
	if (__tmp < 1.0)
    17b8:	fe 01       	movw	r30, r28
    17ba:	e3 5b       	subi	r30, 0xB3	; 179
    17bc:	ff 4f       	sbci	r31, 0xFF	; 255
    17be:	60 81       	ld	r22, Z
    17c0:	71 81       	ldd	r23, Z+1	; 0x01
    17c2:	82 81       	ldd	r24, Z+2	; 0x02
    17c4:	93 81       	ldd	r25, Z+3	; 0x03
    17c6:	20 e0       	ldi	r18, 0x00	; 0
    17c8:	30 e0       	ldi	r19, 0x00	; 0
    17ca:	40 e8       	ldi	r20, 0x80	; 128
    17cc:	5f e3       	ldi	r21, 0x3F	; 63
    17ce:	0e 94 71 03 	call	0x6e2	; 0x6e2 <__ltsf2>
    17d2:	88 23       	and	r24, r24
    17d4:	44 f4       	brge	.+16     	; 0x17e6 <sendSMS+0x21a>
		__ticks = 1;
    17d6:	fe 01       	movw	r30, r28
    17d8:	e5 5b       	subi	r30, 0xB5	; 181
    17da:	ff 4f       	sbci	r31, 0xFF	; 255
    17dc:	81 e0       	ldi	r24, 0x01	; 1
    17de:	90 e0       	ldi	r25, 0x00	; 0
    17e0:	91 83       	std	Z+1, r25	; 0x01
    17e2:	80 83       	st	Z, r24
    17e4:	64 c0       	rjmp	.+200    	; 0x18ae <sendSMS+0x2e2>
	else if (__tmp > 65535)
    17e6:	fe 01       	movw	r30, r28
    17e8:	e3 5b       	subi	r30, 0xB3	; 179
    17ea:	ff 4f       	sbci	r31, 0xFF	; 255
    17ec:	60 81       	ld	r22, Z
    17ee:	71 81       	ldd	r23, Z+1	; 0x01
    17f0:	82 81       	ldd	r24, Z+2	; 0x02
    17f2:	93 81       	ldd	r25, Z+3	; 0x03
    17f4:	20 e0       	ldi	r18, 0x00	; 0
    17f6:	3f ef       	ldi	r19, 0xFF	; 255
    17f8:	4f e7       	ldi	r20, 0x7F	; 127
    17fa:	57 e4       	ldi	r21, 0x47	; 71
    17fc:	0e 94 11 03 	call	0x622	; 0x622 <__gtsf2>
    1800:	18 16       	cp	r1, r24
    1802:	0c f0       	brlt	.+2      	; 0x1806 <sendSMS+0x23a>
    1804:	43 c0       	rjmp	.+134    	; 0x188c <sendSMS+0x2c0>
	{
		//	__ticks = requested delay in 1/10 ms
		__ticks = (uint16_t) (__ms * 10.0);
    1806:	fe 01       	movw	r30, r28
    1808:	ef 5a       	subi	r30, 0xAF	; 175
    180a:	ff 4f       	sbci	r31, 0xFF	; 255
    180c:	60 81       	ld	r22, Z
    180e:	71 81       	ldd	r23, Z+1	; 0x01
    1810:	82 81       	ldd	r24, Z+2	; 0x02
    1812:	93 81       	ldd	r25, Z+3	; 0x03
    1814:	20 e0       	ldi	r18, 0x00	; 0
    1816:	30 e0       	ldi	r19, 0x00	; 0
    1818:	40 e2       	ldi	r20, 0x20	; 32
    181a:	51 e4       	ldi	r21, 0x41	; 65
    181c:	0e 94 17 02 	call	0x42e	; 0x42e <__mulsf3>
    1820:	dc 01       	movw	r26, r24
    1822:	cb 01       	movw	r24, r22
    1824:	8e 01       	movw	r16, r28
    1826:	05 5b       	subi	r16, 0xB5	; 181
    1828:	1f 4f       	sbci	r17, 0xFF	; 255
    182a:	bc 01       	movw	r22, r24
    182c:	cd 01       	movw	r24, r26
    182e:	0e 94 41 00 	call	0x82	; 0x82 <__fixunssfsi>
    1832:	dc 01       	movw	r26, r24
    1834:	cb 01       	movw	r24, r22
    1836:	f8 01       	movw	r30, r16
    1838:	91 83       	std	Z+1, r25	; 0x01
    183a:	80 83       	st	Z, r24
    183c:	1f c0       	rjmp	.+62     	; 0x187c <sendSMS+0x2b0>
    183e:	fe 01       	movw	r30, r28
    1840:	e7 5b       	subi	r30, 0xB7	; 183
    1842:	ff 4f       	sbci	r31, 0xFF	; 255
    1844:	88 ec       	ldi	r24, 0xC8	; 200
    1846:	90 e0       	ldi	r25, 0x00	; 0
    1848:	91 83       	std	Z+1, r25	; 0x01
    184a:	80 83       	st	Z, r24
    184c:	fe 01       	movw	r30, r28
    184e:	e7 5b       	subi	r30, 0xB7	; 183
    1850:	ff 4f       	sbci	r31, 0xFF	; 255
    1852:	80 81       	ld	r24, Z
    1854:	91 81       	ldd	r25, Z+1	; 0x01
    1856:	01 97       	sbiw	r24, 0x01	; 1
    1858:	f1 f7       	brne	.-4      	; 0x1856 <sendSMS+0x28a>
    185a:	fe 01       	movw	r30, r28
    185c:	e7 5b       	subi	r30, 0xB7	; 183
    185e:	ff 4f       	sbci	r31, 0xFF	; 255
    1860:	91 83       	std	Z+1, r25	; 0x01
    1862:	80 83       	st	Z, r24
		while(__ticks)
		{
			// wait 1/10 ms
			_delay_loop_2(((F_CPU) / 4e3) / 10);
			__ticks --;
    1864:	de 01       	movw	r26, r28
    1866:	a5 5b       	subi	r26, 0xB5	; 181
    1868:	bf 4f       	sbci	r27, 0xFF	; 255
    186a:	fe 01       	movw	r30, r28
    186c:	e5 5b       	subi	r30, 0xB5	; 181
    186e:	ff 4f       	sbci	r31, 0xFF	; 255
    1870:	80 81       	ld	r24, Z
    1872:	91 81       	ldd	r25, Z+1	; 0x01
    1874:	01 97       	sbiw	r24, 0x01	; 1
    1876:	11 96       	adiw	r26, 0x01	; 1
    1878:	9c 93       	st	X, r25
    187a:	8e 93       	st	-X, r24
		__ticks = 1;
	else if (__tmp > 65535)
	{
		//	__ticks = requested delay in 1/10 ms
		__ticks = (uint16_t) (__ms * 10.0);
		while(__ticks)
    187c:	fe 01       	movw	r30, r28
    187e:	e5 5b       	subi	r30, 0xB5	; 181
    1880:	ff 4f       	sbci	r31, 0xFF	; 255
    1882:	80 81       	ld	r24, Z
    1884:	91 81       	ldd	r25, Z+1	; 0x01
    1886:	00 97       	sbiw	r24, 0x00	; 0
    1888:	d1 f6       	brne	.-76     	; 0x183e <sendSMS+0x272>
    188a:	27 c0       	rjmp	.+78     	; 0x18da <sendSMS+0x30e>
			__ticks --;
		}
		return;
	}
	else
		__ticks = (uint16_t)__tmp;
    188c:	8e 01       	movw	r16, r28
    188e:	05 5b       	subi	r16, 0xB5	; 181
    1890:	1f 4f       	sbci	r17, 0xFF	; 255
    1892:	fe 01       	movw	r30, r28
    1894:	e3 5b       	subi	r30, 0xB3	; 179
    1896:	ff 4f       	sbci	r31, 0xFF	; 255
    1898:	60 81       	ld	r22, Z
    189a:	71 81       	ldd	r23, Z+1	; 0x01
    189c:	82 81       	ldd	r24, Z+2	; 0x02
    189e:	93 81       	ldd	r25, Z+3	; 0x03
    18a0:	0e 94 41 00 	call	0x82	; 0x82 <__fixunssfsi>
    18a4:	dc 01       	movw	r26, r24
    18a6:	cb 01       	movw	r24, r22
    18a8:	f8 01       	movw	r30, r16
    18aa:	91 83       	std	Z+1, r25	; 0x01
    18ac:	80 83       	st	Z, r24
    18ae:	de 01       	movw	r26, r28
    18b0:	a9 5b       	subi	r26, 0xB9	; 185
    18b2:	bf 4f       	sbci	r27, 0xFF	; 255
    18b4:	fe 01       	movw	r30, r28
    18b6:	e5 5b       	subi	r30, 0xB5	; 181
    18b8:	ff 4f       	sbci	r31, 0xFF	; 255
    18ba:	80 81       	ld	r24, Z
    18bc:	91 81       	ldd	r25, Z+1	; 0x01
    18be:	8d 93       	st	X+, r24
    18c0:	9c 93       	st	X, r25
    18c2:	fe 01       	movw	r30, r28
    18c4:	e9 5b       	subi	r30, 0xB9	; 185
    18c6:	ff 4f       	sbci	r31, 0xFF	; 255
    18c8:	80 81       	ld	r24, Z
    18ca:	91 81       	ldd	r25, Z+1	; 0x01
    18cc:	01 97       	sbiw	r24, 0x01	; 1
    18ce:	f1 f7       	brne	.-4      	; 0x18cc <sendSMS+0x300>
    18d0:	fe 01       	movw	r30, r28
    18d2:	e9 5b       	subi	r30, 0xB9	; 185
    18d4:	ff 4f       	sbci	r31, 0xFF	; 255
    18d6:	91 83       	std	Z+1, r25	; 0x01
    18d8:	80 83       	st	Z, r24
     _delay_ms(1000);

     senddata("AT+CMGW=");
    18da:	8e e8       	ldi	r24, 0x8E	; 142
    18dc:	90 e0       	ldi	r25, 0x00	; 0
    18de:	0e 94 2a 16 	call	0x2c54	; 0x2c54 <senddata>
     USART_SendData(34);
    18e2:	82 e2       	ldi	r24, 0x22	; 34
    18e4:	0e 94 fd 15 	call	0x2bfa	; 0x2bfa <USART_SendData>
     senddata("+01281884580");  //My Mobile number
    18e8:	87 e9       	ldi	r24, 0x97	; 151
    18ea:	90 e0       	ldi	r25, 0x00	; 0
    18ec:	0e 94 2a 16 	call	0x2c54	; 0x2c54 <senddata>
     USART_SendData(34);
    18f0:	82 e2       	ldi	r24, 0x22	; 34
    18f2:	0e 94 fd 15 	call	0x2bfa	; 0x2bfa <USART_SendData>
     USART_SendData(13);
    18f6:	8d e0       	ldi	r24, 0x0D	; 13
    18f8:	0e 94 fd 15 	call	0x2bfa	; 0x2bfa <USART_SendData>
     USART_SendData(10);
    18fc:	8a e0       	ldi	r24, 0x0A	; 10
    18fe:	0e 94 fd 15 	call	0x2bfa	; 0x2bfa <USART_SendData>
    1902:	fe 01       	movw	r30, r28
    1904:	ed 5b       	subi	r30, 0xBD	; 189
    1906:	ff 4f       	sbci	r31, 0xFF	; 255
    1908:	80 e0       	ldi	r24, 0x00	; 0
    190a:	90 e0       	ldi	r25, 0x00	; 0
    190c:	aa e7       	ldi	r26, 0x7A	; 122
    190e:	b4 e4       	ldi	r27, 0x44	; 68
    1910:	80 83       	st	Z, r24
    1912:	91 83       	std	Z+1, r25	; 0x01
    1914:	a2 83       	std	Z+2, r26	; 0x02
    1916:	b3 83       	std	Z+3, r27	; 0x03
 */
void
_delay_ms(double __ms)
{
	uint16_t __ticks;
	double __tmp = ((F_CPU) / 4e3) * __ms;
    1918:	8e 01       	movw	r16, r28
    191a:	01 5c       	subi	r16, 0xC1	; 193
    191c:	1f 4f       	sbci	r17, 0xFF	; 255
    191e:	fe 01       	movw	r30, r28
    1920:	ed 5b       	subi	r30, 0xBD	; 189
    1922:	ff 4f       	sbci	r31, 0xFF	; 255
    1924:	60 81       	ld	r22, Z
    1926:	71 81       	ldd	r23, Z+1	; 0x01
    1928:	82 81       	ldd	r24, Z+2	; 0x02
    192a:	93 81       	ldd	r25, Z+3	; 0x03
    192c:	20 e0       	ldi	r18, 0x00	; 0
    192e:	30 e0       	ldi	r19, 0x00	; 0
    1930:	4a ef       	ldi	r20, 0xFA	; 250
    1932:	54 e4       	ldi	r21, 0x44	; 68
    1934:	0e 94 17 02 	call	0x42e	; 0x42e <__mulsf3>
    1938:	dc 01       	movw	r26, r24
    193a:	cb 01       	movw	r24, r22
    193c:	f8 01       	movw	r30, r16
    193e:	80 83       	st	Z, r24
    1940:	91 83       	std	Z+1, r25	; 0x01
    1942:	a2 83       	std	Z+2, r26	; 0x02
    1944:	b3 83       	std	Z+3, r27	; 0x03
	if (__tmp < 1.0)
    1946:	fe 01       	movw	r30, r28
    1948:	ff 96       	adiw	r30, 0x3f	; 63
    194a:	60 81       	ld	r22, Z
    194c:	71 81       	ldd	r23, Z+1	; 0x01
    194e:	82 81       	ldd	r24, Z+2	; 0x02
    1950:	93 81       	ldd	r25, Z+3	; 0x03
    1952:	20 e0       	ldi	r18, 0x00	; 0
    1954:	30 e0       	ldi	r19, 0x00	; 0
    1956:	40 e8       	ldi	r20, 0x80	; 128
    1958:	5f e3       	ldi	r21, 0x3F	; 63
    195a:	0e 94 71 03 	call	0x6e2	; 0x6e2 <__ltsf2>
    195e:	88 23       	and	r24, r24
    1960:	2c f4       	brge	.+10     	; 0x196c <sendSMS+0x3a0>
		__ticks = 1;
    1962:	81 e0       	ldi	r24, 0x01	; 1
    1964:	90 e0       	ldi	r25, 0x00	; 0
    1966:	9e af       	std	Y+62, r25	; 0x3e
    1968:	8d af       	std	Y+61, r24	; 0x3d
    196a:	46 c0       	rjmp	.+140    	; 0x19f8 <sendSMS+0x42c>
	else if (__tmp > 65535)
    196c:	fe 01       	movw	r30, r28
    196e:	ff 96       	adiw	r30, 0x3f	; 63
    1970:	60 81       	ld	r22, Z
    1972:	71 81       	ldd	r23, Z+1	; 0x01
    1974:	82 81       	ldd	r24, Z+2	; 0x02
    1976:	93 81       	ldd	r25, Z+3	; 0x03
    1978:	20 e0       	ldi	r18, 0x00	; 0
    197a:	3f ef       	ldi	r19, 0xFF	; 255
    197c:	4f e7       	ldi	r20, 0x7F	; 127
    197e:	57 e4       	ldi	r21, 0x47	; 71
    1980:	0e 94 11 03 	call	0x622	; 0x622 <__gtsf2>
    1984:	18 16       	cp	r1, r24
    1986:	64 f5       	brge	.+88     	; 0x19e0 <sendSMS+0x414>
	{
		//	__ticks = requested delay in 1/10 ms
		__ticks = (uint16_t) (__ms * 10.0);
    1988:	fe 01       	movw	r30, r28
    198a:	ed 5b       	subi	r30, 0xBD	; 189
    198c:	ff 4f       	sbci	r31, 0xFF	; 255
    198e:	60 81       	ld	r22, Z
    1990:	71 81       	ldd	r23, Z+1	; 0x01
    1992:	82 81       	ldd	r24, Z+2	; 0x02
    1994:	93 81       	ldd	r25, Z+3	; 0x03
    1996:	20 e0       	ldi	r18, 0x00	; 0
    1998:	30 e0       	ldi	r19, 0x00	; 0
    199a:	40 e2       	ldi	r20, 0x20	; 32
    199c:	51 e4       	ldi	r21, 0x41	; 65
    199e:	0e 94 17 02 	call	0x42e	; 0x42e <__mulsf3>
    19a2:	dc 01       	movw	r26, r24
    19a4:	cb 01       	movw	r24, r22
    19a6:	bc 01       	movw	r22, r24
    19a8:	cd 01       	movw	r24, r26
    19aa:	0e 94 41 00 	call	0x82	; 0x82 <__fixunssfsi>
    19ae:	dc 01       	movw	r26, r24
    19b0:	cb 01       	movw	r24, r22
    19b2:	9e af       	std	Y+62, r25	; 0x3e
    19b4:	8d af       	std	Y+61, r24	; 0x3d
    19b6:	0f c0       	rjmp	.+30     	; 0x19d6 <sendSMS+0x40a>
    19b8:	88 ec       	ldi	r24, 0xC8	; 200
    19ba:	90 e0       	ldi	r25, 0x00	; 0
    19bc:	9c af       	std	Y+60, r25	; 0x3c
    19be:	8b af       	std	Y+59, r24	; 0x3b
    19c0:	8b ad       	ldd	r24, Y+59	; 0x3b
    19c2:	9c ad       	ldd	r25, Y+60	; 0x3c
    19c4:	01 97       	sbiw	r24, 0x01	; 1
    19c6:	f1 f7       	brne	.-4      	; 0x19c4 <sendSMS+0x3f8>
    19c8:	9c af       	std	Y+60, r25	; 0x3c
    19ca:	8b af       	std	Y+59, r24	; 0x3b
		while(__ticks)
		{
			// wait 1/10 ms
			_delay_loop_2(((F_CPU) / 4e3) / 10);
			__ticks --;
    19cc:	8d ad       	ldd	r24, Y+61	; 0x3d
    19ce:	9e ad       	ldd	r25, Y+62	; 0x3e
    19d0:	01 97       	sbiw	r24, 0x01	; 1
    19d2:	9e af       	std	Y+62, r25	; 0x3e
    19d4:	8d af       	std	Y+61, r24	; 0x3d
		__ticks = 1;
	else if (__tmp > 65535)
	{
		//	__ticks = requested delay in 1/10 ms
		__ticks = (uint16_t) (__ms * 10.0);
		while(__ticks)
    19d6:	8d ad       	ldd	r24, Y+61	; 0x3d
    19d8:	9e ad       	ldd	r25, Y+62	; 0x3e
    19da:	00 97       	sbiw	r24, 0x00	; 0
    19dc:	69 f7       	brne	.-38     	; 0x19b8 <sendSMS+0x3ec>
    19de:	16 c0       	rjmp	.+44     	; 0x1a0c <sendSMS+0x440>
			__ticks --;
		}
		return;
	}
	else
		__ticks = (uint16_t)__tmp;
    19e0:	fe 01       	movw	r30, r28
    19e2:	ff 96       	adiw	r30, 0x3f	; 63
    19e4:	60 81       	ld	r22, Z
    19e6:	71 81       	ldd	r23, Z+1	; 0x01
    19e8:	82 81       	ldd	r24, Z+2	; 0x02
    19ea:	93 81       	ldd	r25, Z+3	; 0x03
    19ec:	0e 94 41 00 	call	0x82	; 0x82 <__fixunssfsi>
    19f0:	dc 01       	movw	r26, r24
    19f2:	cb 01       	movw	r24, r22
    19f4:	9e af       	std	Y+62, r25	; 0x3e
    19f6:	8d af       	std	Y+61, r24	; 0x3d
    19f8:	8d ad       	ldd	r24, Y+61	; 0x3d
    19fa:	9e ad       	ldd	r25, Y+62	; 0x3e
    19fc:	9a af       	std	Y+58, r25	; 0x3a
    19fe:	89 af       	std	Y+57, r24	; 0x39
    1a00:	89 ad       	ldd	r24, Y+57	; 0x39
    1a02:	9a ad       	ldd	r25, Y+58	; 0x3a
    1a04:	01 97       	sbiw	r24, 0x01	; 1
    1a06:	f1 f7       	brne	.-4      	; 0x1a04 <sendSMS+0x438>
    1a08:	9a af       	std	Y+58, r25	; 0x3a
    1a0a:	89 af       	std	Y+57, r24	; 0x39
     _delay_ms(1000);

     senddata("Alert: SomeOne here");
    1a0c:	84 ea       	ldi	r24, 0xA4	; 164
    1a0e:	90 e0       	ldi	r25, 0x00	; 0
    1a10:	0e 94 2a 16 	call	0x2c54	; 0x2c54 <senddata>
     USART_SendData(13);
    1a14:	8d e0       	ldi	r24, 0x0D	; 13
    1a16:	0e 94 fd 15 	call	0x2bfa	; 0x2bfa <USART_SendData>
     USART_SendData(10);
    1a1a:	8a e0       	ldi	r24, 0x0A	; 10
    1a1c:	0e 94 fd 15 	call	0x2bfa	; 0x2bfa <USART_SendData>
    1a20:	80 e0       	ldi	r24, 0x00	; 0
    1a22:	90 e0       	ldi	r25, 0x00	; 0
    1a24:	aa e7       	ldi	r26, 0x7A	; 122
    1a26:	b4 e4       	ldi	r27, 0x44	; 68
    1a28:	8d ab       	std	Y+53, r24	; 0x35
    1a2a:	9e ab       	std	Y+54, r25	; 0x36
    1a2c:	af ab       	std	Y+55, r26	; 0x37
    1a2e:	b8 af       	std	Y+56, r27	; 0x38
 */
void
_delay_ms(double __ms)
{
	uint16_t __ticks;
	double __tmp = ((F_CPU) / 4e3) * __ms;
    1a30:	6d a9       	ldd	r22, Y+53	; 0x35
    1a32:	7e a9       	ldd	r23, Y+54	; 0x36
    1a34:	8f a9       	ldd	r24, Y+55	; 0x37
    1a36:	98 ad       	ldd	r25, Y+56	; 0x38
    1a38:	20 e0       	ldi	r18, 0x00	; 0
    1a3a:	30 e0       	ldi	r19, 0x00	; 0
    1a3c:	4a ef       	ldi	r20, 0xFA	; 250
    1a3e:	54 e4       	ldi	r21, 0x44	; 68
    1a40:	0e 94 17 02 	call	0x42e	; 0x42e <__mulsf3>
    1a44:	dc 01       	movw	r26, r24
    1a46:	cb 01       	movw	r24, r22
    1a48:	89 ab       	std	Y+49, r24	; 0x31
    1a4a:	9a ab       	std	Y+50, r25	; 0x32
    1a4c:	ab ab       	std	Y+51, r26	; 0x33
    1a4e:	bc ab       	std	Y+52, r27	; 0x34
	if (__tmp < 1.0)
    1a50:	69 a9       	ldd	r22, Y+49	; 0x31
    1a52:	7a a9       	ldd	r23, Y+50	; 0x32
    1a54:	8b a9       	ldd	r24, Y+51	; 0x33
    1a56:	9c a9       	ldd	r25, Y+52	; 0x34
    1a58:	20 e0       	ldi	r18, 0x00	; 0
    1a5a:	30 e0       	ldi	r19, 0x00	; 0
    1a5c:	40 e8       	ldi	r20, 0x80	; 128
    1a5e:	5f e3       	ldi	r21, 0x3F	; 63
    1a60:	0e 94 71 03 	call	0x6e2	; 0x6e2 <__ltsf2>
    1a64:	88 23       	and	r24, r24
    1a66:	2c f4       	brge	.+10     	; 0x1a72 <sendSMS+0x4a6>
		__ticks = 1;
    1a68:	81 e0       	ldi	r24, 0x01	; 1
    1a6a:	90 e0       	ldi	r25, 0x00	; 0
    1a6c:	98 ab       	std	Y+48, r25	; 0x30
    1a6e:	8f a7       	std	Y+47, r24	; 0x2f
    1a70:	3f c0       	rjmp	.+126    	; 0x1af0 <sendSMS+0x524>
	else if (__tmp > 65535)
    1a72:	69 a9       	ldd	r22, Y+49	; 0x31
    1a74:	7a a9       	ldd	r23, Y+50	; 0x32
    1a76:	8b a9       	ldd	r24, Y+51	; 0x33
    1a78:	9c a9       	ldd	r25, Y+52	; 0x34
    1a7a:	20 e0       	ldi	r18, 0x00	; 0
    1a7c:	3f ef       	ldi	r19, 0xFF	; 255
    1a7e:	4f e7       	ldi	r20, 0x7F	; 127
    1a80:	57 e4       	ldi	r21, 0x47	; 71
    1a82:	0e 94 11 03 	call	0x622	; 0x622 <__gtsf2>
    1a86:	18 16       	cp	r1, r24
    1a88:	4c f5       	brge	.+82     	; 0x1adc <sendSMS+0x510>
	{
		//	__ticks = requested delay in 1/10 ms
		__ticks = (uint16_t) (__ms * 10.0);
    1a8a:	6d a9       	ldd	r22, Y+53	; 0x35
    1a8c:	7e a9       	ldd	r23, Y+54	; 0x36
    1a8e:	8f a9       	ldd	r24, Y+55	; 0x37
    1a90:	98 ad       	ldd	r25, Y+56	; 0x38
    1a92:	20 e0       	ldi	r18, 0x00	; 0
    1a94:	30 e0       	ldi	r19, 0x00	; 0
    1a96:	40 e2       	ldi	r20, 0x20	; 32
    1a98:	51 e4       	ldi	r21, 0x41	; 65
    1a9a:	0e 94 17 02 	call	0x42e	; 0x42e <__mulsf3>
    1a9e:	dc 01       	movw	r26, r24
    1aa0:	cb 01       	movw	r24, r22
    1aa2:	bc 01       	movw	r22, r24
    1aa4:	cd 01       	movw	r24, r26
    1aa6:	0e 94 41 00 	call	0x82	; 0x82 <__fixunssfsi>
    1aaa:	dc 01       	movw	r26, r24
    1aac:	cb 01       	movw	r24, r22
    1aae:	98 ab       	std	Y+48, r25	; 0x30
    1ab0:	8f a7       	std	Y+47, r24	; 0x2f
    1ab2:	0f c0       	rjmp	.+30     	; 0x1ad2 <sendSMS+0x506>
    1ab4:	88 ec       	ldi	r24, 0xC8	; 200
    1ab6:	90 e0       	ldi	r25, 0x00	; 0
    1ab8:	9e a7       	std	Y+46, r25	; 0x2e
    1aba:	8d a7       	std	Y+45, r24	; 0x2d
    1abc:	8d a5       	ldd	r24, Y+45	; 0x2d
    1abe:	9e a5       	ldd	r25, Y+46	; 0x2e
    1ac0:	01 97       	sbiw	r24, 0x01	; 1
    1ac2:	f1 f7       	brne	.-4      	; 0x1ac0 <sendSMS+0x4f4>
    1ac4:	9e a7       	std	Y+46, r25	; 0x2e
    1ac6:	8d a7       	std	Y+45, r24	; 0x2d
		while(__ticks)
		{
			// wait 1/10 ms
			_delay_loop_2(((F_CPU) / 4e3) / 10);
			__ticks --;
    1ac8:	8f a5       	ldd	r24, Y+47	; 0x2f
    1aca:	98 a9       	ldd	r25, Y+48	; 0x30
    1acc:	01 97       	sbiw	r24, 0x01	; 1
    1ace:	98 ab       	std	Y+48, r25	; 0x30
    1ad0:	8f a7       	std	Y+47, r24	; 0x2f
		__ticks = 1;
	else if (__tmp > 65535)
	{
		//	__ticks = requested delay in 1/10 ms
		__ticks = (uint16_t) (__ms * 10.0);
		while(__ticks)
    1ad2:	8f a5       	ldd	r24, Y+47	; 0x2f
    1ad4:	98 a9       	ldd	r25, Y+48	; 0x30
    1ad6:	00 97       	sbiw	r24, 0x00	; 0
    1ad8:	69 f7       	brne	.-38     	; 0x1ab4 <sendSMS+0x4e8>
    1ada:	14 c0       	rjmp	.+40     	; 0x1b04 <sendSMS+0x538>
			__ticks --;
		}
		return;
	}
	else
		__ticks = (uint16_t)__tmp;
    1adc:	69 a9       	ldd	r22, Y+49	; 0x31
    1ade:	7a a9       	ldd	r23, Y+50	; 0x32
    1ae0:	8b a9       	ldd	r24, Y+51	; 0x33
    1ae2:	9c a9       	ldd	r25, Y+52	; 0x34
    1ae4:	0e 94 41 00 	call	0x82	; 0x82 <__fixunssfsi>
    1ae8:	dc 01       	movw	r26, r24
    1aea:	cb 01       	movw	r24, r22
    1aec:	98 ab       	std	Y+48, r25	; 0x30
    1aee:	8f a7       	std	Y+47, r24	; 0x2f
    1af0:	8f a5       	ldd	r24, Y+47	; 0x2f
    1af2:	98 a9       	ldd	r25, Y+48	; 0x30
    1af4:	9c a7       	std	Y+44, r25	; 0x2c
    1af6:	8b a7       	std	Y+43, r24	; 0x2b
    1af8:	8b a5       	ldd	r24, Y+43	; 0x2b
    1afa:	9c a5       	ldd	r25, Y+44	; 0x2c
    1afc:	01 97       	sbiw	r24, 0x01	; 1
    1afe:	f1 f7       	brne	.-4      	; 0x1afc <sendSMS+0x530>
    1b00:	9c a7       	std	Y+44, r25	; 0x2c
    1b02:	8b a7       	std	Y+43, r24	; 0x2b
     _delay_ms(1000);

     USART_SendData(26); //Ctrl+Z
    1b04:	8a e1       	ldi	r24, 0x1A	; 26
    1b06:	0e 94 fd 15 	call	0x2bfa	; 0x2bfa <USART_SendData>
    1b0a:	80 e0       	ldi	r24, 0x00	; 0
    1b0c:	90 e0       	ldi	r25, 0x00	; 0
    1b0e:	aa e7       	ldi	r26, 0x7A	; 122
    1b10:	b4 e4       	ldi	r27, 0x44	; 68
    1b12:	8f a3       	std	Y+39, r24	; 0x27
    1b14:	98 a7       	std	Y+40, r25	; 0x28
    1b16:	a9 a7       	std	Y+41, r26	; 0x29
    1b18:	ba a7       	std	Y+42, r27	; 0x2a
 */
void
_delay_ms(double __ms)
{
	uint16_t __ticks;
	double __tmp = ((F_CPU) / 4e3) * __ms;
    1b1a:	6f a1       	ldd	r22, Y+39	; 0x27
    1b1c:	78 a5       	ldd	r23, Y+40	; 0x28
    1b1e:	89 a5       	ldd	r24, Y+41	; 0x29
    1b20:	9a a5       	ldd	r25, Y+42	; 0x2a
    1b22:	20 e0       	ldi	r18, 0x00	; 0
    1b24:	30 e0       	ldi	r19, 0x00	; 0
    1b26:	4a ef       	ldi	r20, 0xFA	; 250
    1b28:	54 e4       	ldi	r21, 0x44	; 68
    1b2a:	0e 94 17 02 	call	0x42e	; 0x42e <__mulsf3>
    1b2e:	dc 01       	movw	r26, r24
    1b30:	cb 01       	movw	r24, r22
    1b32:	8b a3       	std	Y+35, r24	; 0x23
    1b34:	9c a3       	std	Y+36, r25	; 0x24
    1b36:	ad a3       	std	Y+37, r26	; 0x25
    1b38:	be a3       	std	Y+38, r27	; 0x26
	if (__tmp < 1.0)
    1b3a:	6b a1       	ldd	r22, Y+35	; 0x23
    1b3c:	7c a1       	ldd	r23, Y+36	; 0x24
    1b3e:	8d a1       	ldd	r24, Y+37	; 0x25
    1b40:	9e a1       	ldd	r25, Y+38	; 0x26
    1b42:	20 e0       	ldi	r18, 0x00	; 0
    1b44:	30 e0       	ldi	r19, 0x00	; 0
    1b46:	40 e8       	ldi	r20, 0x80	; 128
    1b48:	5f e3       	ldi	r21, 0x3F	; 63
    1b4a:	0e 94 71 03 	call	0x6e2	; 0x6e2 <__ltsf2>
    1b4e:	88 23       	and	r24, r24
    1b50:	2c f4       	brge	.+10     	; 0x1b5c <sendSMS+0x590>
		__ticks = 1;
    1b52:	81 e0       	ldi	r24, 0x01	; 1
    1b54:	90 e0       	ldi	r25, 0x00	; 0
    1b56:	9a a3       	std	Y+34, r25	; 0x22
    1b58:	89 a3       	std	Y+33, r24	; 0x21
    1b5a:	3f c0       	rjmp	.+126    	; 0x1bda <sendSMS+0x60e>
	else if (__tmp > 65535)
    1b5c:	6b a1       	ldd	r22, Y+35	; 0x23
    1b5e:	7c a1       	ldd	r23, Y+36	; 0x24
    1b60:	8d a1       	ldd	r24, Y+37	; 0x25
    1b62:	9e a1       	ldd	r25, Y+38	; 0x26
    1b64:	20 e0       	ldi	r18, 0x00	; 0
    1b66:	3f ef       	ldi	r19, 0xFF	; 255
    1b68:	4f e7       	ldi	r20, 0x7F	; 127
    1b6a:	57 e4       	ldi	r21, 0x47	; 71
    1b6c:	0e 94 11 03 	call	0x622	; 0x622 <__gtsf2>
    1b70:	18 16       	cp	r1, r24
    1b72:	4c f5       	brge	.+82     	; 0x1bc6 <sendSMS+0x5fa>
	{
		//	__ticks = requested delay in 1/10 ms
		__ticks = (uint16_t) (__ms * 10.0);
    1b74:	6f a1       	ldd	r22, Y+39	; 0x27
    1b76:	78 a5       	ldd	r23, Y+40	; 0x28
    1b78:	89 a5       	ldd	r24, Y+41	; 0x29
    1b7a:	9a a5       	ldd	r25, Y+42	; 0x2a
    1b7c:	20 e0       	ldi	r18, 0x00	; 0
    1b7e:	30 e0       	ldi	r19, 0x00	; 0
    1b80:	40 e2       	ldi	r20, 0x20	; 32
    1b82:	51 e4       	ldi	r21, 0x41	; 65
    1b84:	0e 94 17 02 	call	0x42e	; 0x42e <__mulsf3>
    1b88:	dc 01       	movw	r26, r24
    1b8a:	cb 01       	movw	r24, r22
    1b8c:	bc 01       	movw	r22, r24
    1b8e:	cd 01       	movw	r24, r26
    1b90:	0e 94 41 00 	call	0x82	; 0x82 <__fixunssfsi>
    1b94:	dc 01       	movw	r26, r24
    1b96:	cb 01       	movw	r24, r22
    1b98:	9a a3       	std	Y+34, r25	; 0x22
    1b9a:	89 a3       	std	Y+33, r24	; 0x21
    1b9c:	0f c0       	rjmp	.+30     	; 0x1bbc <sendSMS+0x5f0>
    1b9e:	88 ec       	ldi	r24, 0xC8	; 200
    1ba0:	90 e0       	ldi	r25, 0x00	; 0
    1ba2:	98 a3       	std	Y+32, r25	; 0x20
    1ba4:	8f 8f       	std	Y+31, r24	; 0x1f
    1ba6:	8f 8d       	ldd	r24, Y+31	; 0x1f
    1ba8:	98 a1       	ldd	r25, Y+32	; 0x20
    1baa:	01 97       	sbiw	r24, 0x01	; 1
    1bac:	f1 f7       	brne	.-4      	; 0x1baa <sendSMS+0x5de>
    1bae:	98 a3       	std	Y+32, r25	; 0x20
    1bb0:	8f 8f       	std	Y+31, r24	; 0x1f
		while(__ticks)
		{
			// wait 1/10 ms
			_delay_loop_2(((F_CPU) / 4e3) / 10);
			__ticks --;
    1bb2:	89 a1       	ldd	r24, Y+33	; 0x21
    1bb4:	9a a1       	ldd	r25, Y+34	; 0x22
    1bb6:	01 97       	sbiw	r24, 0x01	; 1
    1bb8:	9a a3       	std	Y+34, r25	; 0x22
    1bba:	89 a3       	std	Y+33, r24	; 0x21
		__ticks = 1;
	else if (__tmp > 65535)
	{
		//	__ticks = requested delay in 1/10 ms
		__ticks = (uint16_t) (__ms * 10.0);
		while(__ticks)
    1bbc:	89 a1       	ldd	r24, Y+33	; 0x21
    1bbe:	9a a1       	ldd	r25, Y+34	; 0x22
    1bc0:	00 97       	sbiw	r24, 0x00	; 0
    1bc2:	69 f7       	brne	.-38     	; 0x1b9e <sendSMS+0x5d2>
    1bc4:	14 c0       	rjmp	.+40     	; 0x1bee <sendSMS+0x622>
			__ticks --;
		}
		return;
	}
	else
		__ticks = (uint16_t)__tmp;
    1bc6:	6b a1       	ldd	r22, Y+35	; 0x23
    1bc8:	7c a1       	ldd	r23, Y+36	; 0x24
    1bca:	8d a1       	ldd	r24, Y+37	; 0x25
    1bcc:	9e a1       	ldd	r25, Y+38	; 0x26
    1bce:	0e 94 41 00 	call	0x82	; 0x82 <__fixunssfsi>
    1bd2:	dc 01       	movw	r26, r24
    1bd4:	cb 01       	movw	r24, r22
    1bd6:	9a a3       	std	Y+34, r25	; 0x22
    1bd8:	89 a3       	std	Y+33, r24	; 0x21
    1bda:	89 a1       	ldd	r24, Y+33	; 0x21
    1bdc:	9a a1       	ldd	r25, Y+34	; 0x22
    1bde:	9e 8f       	std	Y+30, r25	; 0x1e
    1be0:	8d 8f       	std	Y+29, r24	; 0x1d
    1be2:	8d 8d       	ldd	r24, Y+29	; 0x1d
    1be4:	9e 8d       	ldd	r25, Y+30	; 0x1e
    1be6:	01 97       	sbiw	r24, 0x01	; 1
    1be8:	f1 f7       	brne	.-4      	; 0x1be6 <sendSMS+0x61a>
    1bea:	9e 8f       	std	Y+30, r25	; 0x1e
    1bec:	8d 8f       	std	Y+29, r24	; 0x1d
    1bee:	80 e0       	ldi	r24, 0x00	; 0
    1bf0:	90 e0       	ldi	r25, 0x00	; 0
    1bf2:	aa e7       	ldi	r26, 0x7A	; 122
    1bf4:	b4 e4       	ldi	r27, 0x44	; 68
    1bf6:	89 8f       	std	Y+25, r24	; 0x19
    1bf8:	9a 8f       	std	Y+26, r25	; 0x1a
    1bfa:	ab 8f       	std	Y+27, r26	; 0x1b
    1bfc:	bc 8f       	std	Y+28, r27	; 0x1c
 */
void
_delay_ms(double __ms)
{
	uint16_t __ticks;
	double __tmp = ((F_CPU) / 4e3) * __ms;
    1bfe:	69 8d       	ldd	r22, Y+25	; 0x19
    1c00:	7a 8d       	ldd	r23, Y+26	; 0x1a
    1c02:	8b 8d       	ldd	r24, Y+27	; 0x1b
    1c04:	9c 8d       	ldd	r25, Y+28	; 0x1c
    1c06:	20 e0       	ldi	r18, 0x00	; 0
    1c08:	30 e0       	ldi	r19, 0x00	; 0
    1c0a:	4a ef       	ldi	r20, 0xFA	; 250
    1c0c:	54 e4       	ldi	r21, 0x44	; 68
    1c0e:	0e 94 17 02 	call	0x42e	; 0x42e <__mulsf3>
    1c12:	dc 01       	movw	r26, r24
    1c14:	cb 01       	movw	r24, r22
    1c16:	8d 8b       	std	Y+21, r24	; 0x15
    1c18:	9e 8b       	std	Y+22, r25	; 0x16
    1c1a:	af 8b       	std	Y+23, r26	; 0x17
    1c1c:	b8 8f       	std	Y+24, r27	; 0x18
	if (__tmp < 1.0)
    1c1e:	6d 89       	ldd	r22, Y+21	; 0x15
    1c20:	7e 89       	ldd	r23, Y+22	; 0x16
    1c22:	8f 89       	ldd	r24, Y+23	; 0x17
    1c24:	98 8d       	ldd	r25, Y+24	; 0x18
    1c26:	20 e0       	ldi	r18, 0x00	; 0
    1c28:	30 e0       	ldi	r19, 0x00	; 0
    1c2a:	40 e8       	ldi	r20, 0x80	; 128
    1c2c:	5f e3       	ldi	r21, 0x3F	; 63
    1c2e:	0e 94 71 03 	call	0x6e2	; 0x6e2 <__ltsf2>
    1c32:	88 23       	and	r24, r24
    1c34:	2c f4       	brge	.+10     	; 0x1c40 <sendSMS+0x674>
		__ticks = 1;
    1c36:	81 e0       	ldi	r24, 0x01	; 1
    1c38:	90 e0       	ldi	r25, 0x00	; 0
    1c3a:	9c 8b       	std	Y+20, r25	; 0x14
    1c3c:	8b 8b       	std	Y+19, r24	; 0x13
    1c3e:	3f c0       	rjmp	.+126    	; 0x1cbe <sendSMS+0x6f2>
	else if (__tmp > 65535)
    1c40:	6d 89       	ldd	r22, Y+21	; 0x15
    1c42:	7e 89       	ldd	r23, Y+22	; 0x16
    1c44:	8f 89       	ldd	r24, Y+23	; 0x17
    1c46:	98 8d       	ldd	r25, Y+24	; 0x18
    1c48:	20 e0       	ldi	r18, 0x00	; 0
    1c4a:	3f ef       	ldi	r19, 0xFF	; 255
    1c4c:	4f e7       	ldi	r20, 0x7F	; 127
    1c4e:	57 e4       	ldi	r21, 0x47	; 71
    1c50:	0e 94 11 03 	call	0x622	; 0x622 <__gtsf2>
    1c54:	18 16       	cp	r1, r24
    1c56:	4c f5       	brge	.+82     	; 0x1caa <sendSMS+0x6de>
	{
		//	__ticks = requested delay in 1/10 ms
		__ticks = (uint16_t) (__ms * 10.0);
    1c58:	69 8d       	ldd	r22, Y+25	; 0x19
    1c5a:	7a 8d       	ldd	r23, Y+26	; 0x1a
    1c5c:	8b 8d       	ldd	r24, Y+27	; 0x1b
    1c5e:	9c 8d       	ldd	r25, Y+28	; 0x1c
    1c60:	20 e0       	ldi	r18, 0x00	; 0
    1c62:	30 e0       	ldi	r19, 0x00	; 0
    1c64:	40 e2       	ldi	r20, 0x20	; 32
    1c66:	51 e4       	ldi	r21, 0x41	; 65
    1c68:	0e 94 17 02 	call	0x42e	; 0x42e <__mulsf3>
    1c6c:	dc 01       	movw	r26, r24
    1c6e:	cb 01       	movw	r24, r22
    1c70:	bc 01       	movw	r22, r24
    1c72:	cd 01       	movw	r24, r26
    1c74:	0e 94 41 00 	call	0x82	; 0x82 <__fixunssfsi>
    1c78:	dc 01       	movw	r26, r24
    1c7a:	cb 01       	movw	r24, r22
    1c7c:	9c 8b       	std	Y+20, r25	; 0x14
    1c7e:	8b 8b       	std	Y+19, r24	; 0x13
    1c80:	0f c0       	rjmp	.+30     	; 0x1ca0 <sendSMS+0x6d4>
    1c82:	88 ec       	ldi	r24, 0xC8	; 200
    1c84:	90 e0       	ldi	r25, 0x00	; 0
    1c86:	9a 8b       	std	Y+18, r25	; 0x12
    1c88:	89 8b       	std	Y+17, r24	; 0x11
    1c8a:	89 89       	ldd	r24, Y+17	; 0x11
    1c8c:	9a 89       	ldd	r25, Y+18	; 0x12
    1c8e:	01 97       	sbiw	r24, 0x01	; 1
    1c90:	f1 f7       	brne	.-4      	; 0x1c8e <sendSMS+0x6c2>
    1c92:	9a 8b       	std	Y+18, r25	; 0x12
    1c94:	89 8b       	std	Y+17, r24	; 0x11
		while(__ticks)
		{
			// wait 1/10 ms
			_delay_loop_2(((F_CPU) / 4e3) / 10);
			__ticks --;
    1c96:	8b 89       	ldd	r24, Y+19	; 0x13
    1c98:	9c 89       	ldd	r25, Y+20	; 0x14
    1c9a:	01 97       	sbiw	r24, 0x01	; 1
    1c9c:	9c 8b       	std	Y+20, r25	; 0x14
    1c9e:	8b 8b       	std	Y+19, r24	; 0x13
		__ticks = 1;
	else if (__tmp > 65535)
	{
		//	__ticks = requested delay in 1/10 ms
		__ticks = (uint16_t) (__ms * 10.0);
		while(__ticks)
    1ca0:	8b 89       	ldd	r24, Y+19	; 0x13
    1ca2:	9c 89       	ldd	r25, Y+20	; 0x14
    1ca4:	00 97       	sbiw	r24, 0x00	; 0
    1ca6:	69 f7       	brne	.-38     	; 0x1c82 <sendSMS+0x6b6>
    1ca8:	14 c0       	rjmp	.+40     	; 0x1cd2 <sendSMS+0x706>
			__ticks --;
		}
		return;
	}
	else
		__ticks = (uint16_t)__tmp;
    1caa:	6d 89       	ldd	r22, Y+21	; 0x15
    1cac:	7e 89       	ldd	r23, Y+22	; 0x16
    1cae:	8f 89       	ldd	r24, Y+23	; 0x17
    1cb0:	98 8d       	ldd	r25, Y+24	; 0x18
    1cb2:	0e 94 41 00 	call	0x82	; 0x82 <__fixunssfsi>
    1cb6:	dc 01       	movw	r26, r24
    1cb8:	cb 01       	movw	r24, r22
    1cba:	9c 8b       	std	Y+20, r25	; 0x14
    1cbc:	8b 8b       	std	Y+19, r24	; 0x13
    1cbe:	8b 89       	ldd	r24, Y+19	; 0x13
    1cc0:	9c 89       	ldd	r25, Y+20	; 0x14
    1cc2:	98 8b       	std	Y+16, r25	; 0x10
    1cc4:	8f 87       	std	Y+15, r24	; 0x0f
    1cc6:	8f 85       	ldd	r24, Y+15	; 0x0f
    1cc8:	98 89       	ldd	r25, Y+16	; 0x10
    1cca:	01 97       	sbiw	r24, 0x01	; 1
    1ccc:	f1 f7       	brne	.-4      	; 0x1cca <sendSMS+0x6fe>
    1cce:	98 8b       	std	Y+16, r25	; 0x10
    1cd0:	8f 87       	std	Y+15, r24	; 0x0f
     _delay_ms(1000);
     _delay_ms(1000);

     senddata("AT+CMSS=1");
    1cd2:	88 eb       	ldi	r24, 0xB8	; 184
    1cd4:	90 e0       	ldi	r25, 0x00	; 0
    1cd6:	0e 94 2a 16 	call	0x2c54	; 0x2c54 <senddata>
     USART_SendData(13);
    1cda:	8d e0       	ldi	r24, 0x0D	; 13
    1cdc:	0e 94 fd 15 	call	0x2bfa	; 0x2bfa <USART_SendData>
     USART_SendData(10);
    1ce0:	8a e0       	ldi	r24, 0x0A	; 10
    1ce2:	0e 94 fd 15 	call	0x2bfa	; 0x2bfa <USART_SendData>
    1ce6:	80 e0       	ldi	r24, 0x00	; 0
    1ce8:	90 e0       	ldi	r25, 0x00	; 0
    1cea:	aa e7       	ldi	r26, 0x7A	; 122
    1cec:	b4 e4       	ldi	r27, 0x44	; 68
    1cee:	8b 87       	std	Y+11, r24	; 0x0b
    1cf0:	9c 87       	std	Y+12, r25	; 0x0c
    1cf2:	ad 87       	std	Y+13, r26	; 0x0d
    1cf4:	be 87       	std	Y+14, r27	; 0x0e
 */
void
_delay_ms(double __ms)
{
	uint16_t __ticks;
	double __tmp = ((F_CPU) / 4e3) * __ms;
    1cf6:	6b 85       	ldd	r22, Y+11	; 0x0b
    1cf8:	7c 85       	ldd	r23, Y+12	; 0x0c
    1cfa:	8d 85       	ldd	r24, Y+13	; 0x0d
    1cfc:	9e 85       	ldd	r25, Y+14	; 0x0e
    1cfe:	20 e0       	ldi	r18, 0x00	; 0
    1d00:	30 e0       	ldi	r19, 0x00	; 0
    1d02:	4a ef       	ldi	r20, 0xFA	; 250
    1d04:	54 e4       	ldi	r21, 0x44	; 68
    1d06:	0e 94 17 02 	call	0x42e	; 0x42e <__mulsf3>
    1d0a:	dc 01       	movw	r26, r24
    1d0c:	cb 01       	movw	r24, r22
    1d0e:	8f 83       	std	Y+7, r24	; 0x07
    1d10:	98 87       	std	Y+8, r25	; 0x08
    1d12:	a9 87       	std	Y+9, r26	; 0x09
    1d14:	ba 87       	std	Y+10, r27	; 0x0a
	if (__tmp < 1.0)
    1d16:	6f 81       	ldd	r22, Y+7	; 0x07
    1d18:	78 85       	ldd	r23, Y+8	; 0x08
    1d1a:	89 85       	ldd	r24, Y+9	; 0x09
    1d1c:	9a 85       	ldd	r25, Y+10	; 0x0a
    1d1e:	20 e0       	ldi	r18, 0x00	; 0
    1d20:	30 e0       	ldi	r19, 0x00	; 0
    1d22:	40 e8       	ldi	r20, 0x80	; 128
    1d24:	5f e3       	ldi	r21, 0x3F	; 63
    1d26:	0e 94 71 03 	call	0x6e2	; 0x6e2 <__ltsf2>
    1d2a:	88 23       	and	r24, r24
    1d2c:	2c f4       	brge	.+10     	; 0x1d38 <sendSMS+0x76c>
		__ticks = 1;
    1d2e:	81 e0       	ldi	r24, 0x01	; 1
    1d30:	90 e0       	ldi	r25, 0x00	; 0
    1d32:	9e 83       	std	Y+6, r25	; 0x06
    1d34:	8d 83       	std	Y+5, r24	; 0x05
    1d36:	3f c0       	rjmp	.+126    	; 0x1db6 <sendSMS+0x7ea>
	else if (__tmp > 65535)
    1d38:	6f 81       	ldd	r22, Y+7	; 0x07
    1d3a:	78 85       	ldd	r23, Y+8	; 0x08
    1d3c:	89 85       	ldd	r24, Y+9	; 0x09
    1d3e:	9a 85       	ldd	r25, Y+10	; 0x0a
    1d40:	20 e0       	ldi	r18, 0x00	; 0
    1d42:	3f ef       	ldi	r19, 0xFF	; 255
    1d44:	4f e7       	ldi	r20, 0x7F	; 127
    1d46:	57 e4       	ldi	r21, 0x47	; 71
    1d48:	0e 94 11 03 	call	0x622	; 0x622 <__gtsf2>
    1d4c:	18 16       	cp	r1, r24
    1d4e:	4c f5       	brge	.+82     	; 0x1da2 <sendSMS+0x7d6>
	{
		//	__ticks = requested delay in 1/10 ms
		__ticks = (uint16_t) (__ms * 10.0);
    1d50:	6b 85       	ldd	r22, Y+11	; 0x0b
    1d52:	7c 85       	ldd	r23, Y+12	; 0x0c
    1d54:	8d 85       	ldd	r24, Y+13	; 0x0d
    1d56:	9e 85       	ldd	r25, Y+14	; 0x0e
    1d58:	20 e0       	ldi	r18, 0x00	; 0
    1d5a:	30 e0       	ldi	r19, 0x00	; 0
    1d5c:	40 e2       	ldi	r20, 0x20	; 32
    1d5e:	51 e4       	ldi	r21, 0x41	; 65
    1d60:	0e 94 17 02 	call	0x42e	; 0x42e <__mulsf3>
    1d64:	dc 01       	movw	r26, r24
    1d66:	cb 01       	movw	r24, r22
    1d68:	bc 01       	movw	r22, r24
    1d6a:	cd 01       	movw	r24, r26
    1d6c:	0e 94 41 00 	call	0x82	; 0x82 <__fixunssfsi>
    1d70:	dc 01       	movw	r26, r24
    1d72:	cb 01       	movw	r24, r22
    1d74:	9e 83       	std	Y+6, r25	; 0x06
    1d76:	8d 83       	std	Y+5, r24	; 0x05
    1d78:	0f c0       	rjmp	.+30     	; 0x1d98 <sendSMS+0x7cc>
    1d7a:	88 ec       	ldi	r24, 0xC8	; 200
    1d7c:	90 e0       	ldi	r25, 0x00	; 0
    1d7e:	9c 83       	std	Y+4, r25	; 0x04
    1d80:	8b 83       	std	Y+3, r24	; 0x03
    1d82:	8b 81       	ldd	r24, Y+3	; 0x03
    1d84:	9c 81       	ldd	r25, Y+4	; 0x04
    1d86:	01 97       	sbiw	r24, 0x01	; 1
    1d88:	f1 f7       	brne	.-4      	; 0x1d86 <sendSMS+0x7ba>
    1d8a:	9c 83       	std	Y+4, r25	; 0x04
    1d8c:	8b 83       	std	Y+3, r24	; 0x03
		while(__ticks)
		{
			// wait 1/10 ms
			_delay_loop_2(((F_CPU) / 4e3) / 10);
			__ticks --;
    1d8e:	8d 81       	ldd	r24, Y+5	; 0x05
    1d90:	9e 81       	ldd	r25, Y+6	; 0x06
    1d92:	01 97       	sbiw	r24, 0x01	; 1
    1d94:	9e 83       	std	Y+6, r25	; 0x06
    1d96:	8d 83       	std	Y+5, r24	; 0x05
		__ticks = 1;
	else if (__tmp > 65535)
	{
		//	__ticks = requested delay in 1/10 ms
		__ticks = (uint16_t) (__ms * 10.0);
		while(__ticks)
    1d98:	8d 81       	ldd	r24, Y+5	; 0x05
    1d9a:	9e 81       	ldd	r25, Y+6	; 0x06
    1d9c:	00 97       	sbiw	r24, 0x00	; 0
    1d9e:	69 f7       	brne	.-38     	; 0x1d7a <sendSMS+0x7ae>
    1da0:	14 c0       	rjmp	.+40     	; 0x1dca <sendSMS+0x7fe>
			__ticks --;
		}
		return;
	}
	else
		__ticks = (uint16_t)__tmp;
    1da2:	6f 81       	ldd	r22, Y+7	; 0x07
    1da4:	78 85       	ldd	r23, Y+8	; 0x08
    1da6:	89 85       	ldd	r24, Y+9	; 0x09
    1da8:	9a 85       	ldd	r25, Y+10	; 0x0a
    1daa:	0e 94 41 00 	call	0x82	; 0x82 <__fixunssfsi>
    1dae:	dc 01       	movw	r26, r24
    1db0:	cb 01       	movw	r24, r22
    1db2:	9e 83       	std	Y+6, r25	; 0x06
    1db4:	8d 83       	std	Y+5, r24	; 0x05
    1db6:	8d 81       	ldd	r24, Y+5	; 0x05
    1db8:	9e 81       	ldd	r25, Y+6	; 0x06
    1dba:	9a 83       	std	Y+2, r25	; 0x02
    1dbc:	89 83       	std	Y+1, r24	; 0x01
    1dbe:	89 81       	ldd	r24, Y+1	; 0x01
    1dc0:	9a 81       	ldd	r25, Y+2	; 0x02
    1dc2:	01 97       	sbiw	r24, 0x01	; 1
    1dc4:	f1 f7       	brne	.-4      	; 0x1dc2 <sendSMS+0x7f6>
    1dc6:	9a 83       	std	Y+2, r25	; 0x02
    1dc8:	89 83       	std	Y+1, r24	; 0x01
     _delay_ms(1000);

}
    1dca:	ce 59       	subi	r28, 0x9E	; 158
    1dcc:	df 4f       	sbci	r29, 0xFF	; 255
    1dce:	0f b6       	in	r0, 0x3f	; 63
    1dd0:	f8 94       	cli
    1dd2:	de bf       	out	0x3e, r29	; 62
    1dd4:	0f be       	out	0x3f, r0	; 63
    1dd6:	cd bf       	out	0x3d, r28	; 61
    1dd8:	cf 91       	pop	r28
    1dda:	df 91       	pop	r29
    1ddc:	1f 91       	pop	r17
    1dde:	0f 91       	pop	r16
    1de0:	08 95       	ret

00001de2 <LCD_vidInit>:
/* Description! Apply initialization sequence for LCD module                           */
/* Input      ! Nothing                                                                */
/* Output     ! Nothing                                                                */
/***************************************************************************************/
void LCD_vidInit(void)
{
    1de2:	0f 93       	push	r16
    1de4:	1f 93       	push	r17
    1de6:	df 93       	push	r29
    1de8:	cf 93       	push	r28
    1dea:	cd b7       	in	r28, 0x3d	; 61
    1dec:	de b7       	in	r29, 0x3e	; 62
    1dee:	c4 55       	subi	r28, 0x54	; 84
    1df0:	d0 40       	sbci	r29, 0x00	; 0
    1df2:	0f b6       	in	r0, 0x3f	; 63
    1df4:	f8 94       	cli
    1df6:	de bf       	out	0x3e, r29	; 62
    1df8:	0f be       	out	0x3f, r0	; 63
    1dfa:	cd bf       	out	0x3d, r28	; 61
    1dfc:	fe 01       	movw	r30, r28
    1dfe:	ef 5a       	subi	r30, 0xAF	; 175
    1e00:	ff 4f       	sbci	r31, 0xFF	; 255
    1e02:	80 e0       	ldi	r24, 0x00	; 0
    1e04:	90 e0       	ldi	r25, 0x00	; 0
    1e06:	a0 ef       	ldi	r26, 0xF0	; 240
    1e08:	b1 e4       	ldi	r27, 0x41	; 65
    1e0a:	80 83       	st	Z, r24
    1e0c:	91 83       	std	Z+1, r25	; 0x01
    1e0e:	a2 83       	std	Z+2, r26	; 0x02
    1e10:	b3 83       	std	Z+3, r27	; 0x03
 */
void
_delay_ms(double __ms)
{
	uint16_t __ticks;
	double __tmp = ((F_CPU) / 4e3) * __ms;
    1e12:	8e 01       	movw	r16, r28
    1e14:	03 5b       	subi	r16, 0xB3	; 179
    1e16:	1f 4f       	sbci	r17, 0xFF	; 255
    1e18:	fe 01       	movw	r30, r28
    1e1a:	ef 5a       	subi	r30, 0xAF	; 175
    1e1c:	ff 4f       	sbci	r31, 0xFF	; 255
    1e1e:	60 81       	ld	r22, Z
    1e20:	71 81       	ldd	r23, Z+1	; 0x01
    1e22:	82 81       	ldd	r24, Z+2	; 0x02
    1e24:	93 81       	ldd	r25, Z+3	; 0x03
    1e26:	20 e0       	ldi	r18, 0x00	; 0
    1e28:	30 e0       	ldi	r19, 0x00	; 0
    1e2a:	4a ef       	ldi	r20, 0xFA	; 250
    1e2c:	54 e4       	ldi	r21, 0x44	; 68
    1e2e:	0e 94 17 02 	call	0x42e	; 0x42e <__mulsf3>
    1e32:	dc 01       	movw	r26, r24
    1e34:	cb 01       	movw	r24, r22
    1e36:	f8 01       	movw	r30, r16
    1e38:	80 83       	st	Z, r24
    1e3a:	91 83       	std	Z+1, r25	; 0x01
    1e3c:	a2 83       	std	Z+2, r26	; 0x02
    1e3e:	b3 83       	std	Z+3, r27	; 0x03
	if (__tmp < 1.0)
    1e40:	fe 01       	movw	r30, r28
    1e42:	e3 5b       	subi	r30, 0xB3	; 179
    1e44:	ff 4f       	sbci	r31, 0xFF	; 255
    1e46:	60 81       	ld	r22, Z
    1e48:	71 81       	ldd	r23, Z+1	; 0x01
    1e4a:	82 81       	ldd	r24, Z+2	; 0x02
    1e4c:	93 81       	ldd	r25, Z+3	; 0x03
    1e4e:	20 e0       	ldi	r18, 0x00	; 0
    1e50:	30 e0       	ldi	r19, 0x00	; 0
    1e52:	40 e8       	ldi	r20, 0x80	; 128
    1e54:	5f e3       	ldi	r21, 0x3F	; 63
    1e56:	0e 94 71 03 	call	0x6e2	; 0x6e2 <__ltsf2>
    1e5a:	88 23       	and	r24, r24
    1e5c:	44 f4       	brge	.+16     	; 0x1e6e <LCD_vidInit+0x8c>
		__ticks = 1;
    1e5e:	fe 01       	movw	r30, r28
    1e60:	e5 5b       	subi	r30, 0xB5	; 181
    1e62:	ff 4f       	sbci	r31, 0xFF	; 255
    1e64:	81 e0       	ldi	r24, 0x01	; 1
    1e66:	90 e0       	ldi	r25, 0x00	; 0
    1e68:	91 83       	std	Z+1, r25	; 0x01
    1e6a:	80 83       	st	Z, r24
    1e6c:	64 c0       	rjmp	.+200    	; 0x1f36 <LCD_vidInit+0x154>
	else if (__tmp > 65535)
    1e6e:	fe 01       	movw	r30, r28
    1e70:	e3 5b       	subi	r30, 0xB3	; 179
    1e72:	ff 4f       	sbci	r31, 0xFF	; 255
    1e74:	60 81       	ld	r22, Z
    1e76:	71 81       	ldd	r23, Z+1	; 0x01
    1e78:	82 81       	ldd	r24, Z+2	; 0x02
    1e7a:	93 81       	ldd	r25, Z+3	; 0x03
    1e7c:	20 e0       	ldi	r18, 0x00	; 0
    1e7e:	3f ef       	ldi	r19, 0xFF	; 255
    1e80:	4f e7       	ldi	r20, 0x7F	; 127
    1e82:	57 e4       	ldi	r21, 0x47	; 71
    1e84:	0e 94 11 03 	call	0x622	; 0x622 <__gtsf2>
    1e88:	18 16       	cp	r1, r24
    1e8a:	0c f0       	brlt	.+2      	; 0x1e8e <LCD_vidInit+0xac>
    1e8c:	43 c0       	rjmp	.+134    	; 0x1f14 <LCD_vidInit+0x132>
	{
		//	__ticks = requested delay in 1/10 ms
		__ticks = (uint16_t) (__ms * 10.0);
    1e8e:	fe 01       	movw	r30, r28
    1e90:	ef 5a       	subi	r30, 0xAF	; 175
    1e92:	ff 4f       	sbci	r31, 0xFF	; 255
    1e94:	60 81       	ld	r22, Z
    1e96:	71 81       	ldd	r23, Z+1	; 0x01
    1e98:	82 81       	ldd	r24, Z+2	; 0x02
    1e9a:	93 81       	ldd	r25, Z+3	; 0x03
    1e9c:	20 e0       	ldi	r18, 0x00	; 0
    1e9e:	30 e0       	ldi	r19, 0x00	; 0
    1ea0:	40 e2       	ldi	r20, 0x20	; 32
    1ea2:	51 e4       	ldi	r21, 0x41	; 65
    1ea4:	0e 94 17 02 	call	0x42e	; 0x42e <__mulsf3>
    1ea8:	dc 01       	movw	r26, r24
    1eaa:	cb 01       	movw	r24, r22
    1eac:	8e 01       	movw	r16, r28
    1eae:	05 5b       	subi	r16, 0xB5	; 181
    1eb0:	1f 4f       	sbci	r17, 0xFF	; 255
    1eb2:	bc 01       	movw	r22, r24
    1eb4:	cd 01       	movw	r24, r26
    1eb6:	0e 94 41 00 	call	0x82	; 0x82 <__fixunssfsi>
    1eba:	dc 01       	movw	r26, r24
    1ebc:	cb 01       	movw	r24, r22
    1ebe:	f8 01       	movw	r30, r16
    1ec0:	91 83       	std	Z+1, r25	; 0x01
    1ec2:	80 83       	st	Z, r24
    1ec4:	1f c0       	rjmp	.+62     	; 0x1f04 <LCD_vidInit+0x122>
    1ec6:	fe 01       	movw	r30, r28
    1ec8:	e7 5b       	subi	r30, 0xB7	; 183
    1eca:	ff 4f       	sbci	r31, 0xFF	; 255
    1ecc:	88 ec       	ldi	r24, 0xC8	; 200
    1ece:	90 e0       	ldi	r25, 0x00	; 0
    1ed0:	91 83       	std	Z+1, r25	; 0x01
    1ed2:	80 83       	st	Z, r24
    1ed4:	fe 01       	movw	r30, r28
    1ed6:	e7 5b       	subi	r30, 0xB7	; 183
    1ed8:	ff 4f       	sbci	r31, 0xFF	; 255
    1eda:	80 81       	ld	r24, Z
    1edc:	91 81       	ldd	r25, Z+1	; 0x01
    1ede:	01 97       	sbiw	r24, 0x01	; 1
    1ee0:	f1 f7       	brne	.-4      	; 0x1ede <LCD_vidInit+0xfc>
    1ee2:	fe 01       	movw	r30, r28
    1ee4:	e7 5b       	subi	r30, 0xB7	; 183
    1ee6:	ff 4f       	sbci	r31, 0xFF	; 255
    1ee8:	91 83       	std	Z+1, r25	; 0x01
    1eea:	80 83       	st	Z, r24
		while(__ticks)
		{
			// wait 1/10 ms
			_delay_loop_2(((F_CPU) / 4e3) / 10);
			__ticks --;
    1eec:	de 01       	movw	r26, r28
    1eee:	a5 5b       	subi	r26, 0xB5	; 181
    1ef0:	bf 4f       	sbci	r27, 0xFF	; 255
    1ef2:	fe 01       	movw	r30, r28
    1ef4:	e5 5b       	subi	r30, 0xB5	; 181
    1ef6:	ff 4f       	sbci	r31, 0xFF	; 255
    1ef8:	80 81       	ld	r24, Z
    1efa:	91 81       	ldd	r25, Z+1	; 0x01
    1efc:	01 97       	sbiw	r24, 0x01	; 1
    1efe:	11 96       	adiw	r26, 0x01	; 1
    1f00:	9c 93       	st	X, r25
    1f02:	8e 93       	st	-X, r24
		__ticks = 1;
	else if (__tmp > 65535)
	{
		//	__ticks = requested delay in 1/10 ms
		__ticks = (uint16_t) (__ms * 10.0);
		while(__ticks)
    1f04:	fe 01       	movw	r30, r28
    1f06:	e5 5b       	subi	r30, 0xB5	; 181
    1f08:	ff 4f       	sbci	r31, 0xFF	; 255
    1f0a:	80 81       	ld	r24, Z
    1f0c:	91 81       	ldd	r25, Z+1	; 0x01
    1f0e:	00 97       	sbiw	r24, 0x00	; 0
    1f10:	d1 f6       	brne	.-76     	; 0x1ec6 <LCD_vidInit+0xe4>
    1f12:	27 c0       	rjmp	.+78     	; 0x1f62 <LCD_vidInit+0x180>
			__ticks --;
		}
		return;
	}
	else
		__ticks = (uint16_t)__tmp;
    1f14:	8e 01       	movw	r16, r28
    1f16:	05 5b       	subi	r16, 0xB5	; 181
    1f18:	1f 4f       	sbci	r17, 0xFF	; 255
    1f1a:	fe 01       	movw	r30, r28
    1f1c:	e3 5b       	subi	r30, 0xB3	; 179
    1f1e:	ff 4f       	sbci	r31, 0xFF	; 255
    1f20:	60 81       	ld	r22, Z
    1f22:	71 81       	ldd	r23, Z+1	; 0x01
    1f24:	82 81       	ldd	r24, Z+2	; 0x02
    1f26:	93 81       	ldd	r25, Z+3	; 0x03
    1f28:	0e 94 41 00 	call	0x82	; 0x82 <__fixunssfsi>
    1f2c:	dc 01       	movw	r26, r24
    1f2e:	cb 01       	movw	r24, r22
    1f30:	f8 01       	movw	r30, r16
    1f32:	91 83       	std	Z+1, r25	; 0x01
    1f34:	80 83       	st	Z, r24
    1f36:	de 01       	movw	r26, r28
    1f38:	a9 5b       	subi	r26, 0xB9	; 185
    1f3a:	bf 4f       	sbci	r27, 0xFF	; 255
    1f3c:	fe 01       	movw	r30, r28
    1f3e:	e5 5b       	subi	r30, 0xB5	; 181
    1f40:	ff 4f       	sbci	r31, 0xFF	; 255
    1f42:	80 81       	ld	r24, Z
    1f44:	91 81       	ldd	r25, Z+1	; 0x01
    1f46:	8d 93       	st	X+, r24
    1f48:	9c 93       	st	X, r25
    1f4a:	fe 01       	movw	r30, r28
    1f4c:	e9 5b       	subi	r30, 0xB9	; 185
    1f4e:	ff 4f       	sbci	r31, 0xFF	; 255
    1f50:	80 81       	ld	r24, Z
    1f52:	91 81       	ldd	r25, Z+1	; 0x01
    1f54:	01 97       	sbiw	r24, 0x01	; 1
    1f56:	f1 f7       	brne	.-4      	; 0x1f54 <LCD_vidInit+0x172>
    1f58:	fe 01       	movw	r30, r28
    1f5a:	e9 5b       	subi	r30, 0xB9	; 185
    1f5c:	ff 4f       	sbci	r31, 0xFF	; 255
    1f5e:	91 83       	std	Z+1, r25	; 0x01
    1f60:	80 83       	st	Z, r24
	/* Delay 30ms to ensure the initialization of the LCD driver */
	_delay_ms(30);

	/* Return Home  */
	LCD_vidSendCommand(lcd_Home);
    1f62:	82 e0       	ldi	r24, 0x02	; 2
    1f64:	0e 94 19 12 	call	0x2432	; 0x2432 <LCD_vidSendCommand>
    1f68:	fe 01       	movw	r30, r28
    1f6a:	ed 5b       	subi	r30, 0xBD	; 189
    1f6c:	ff 4f       	sbci	r31, 0xFF	; 255
    1f6e:	80 e0       	ldi	r24, 0x00	; 0
    1f70:	90 e0       	ldi	r25, 0x00	; 0
    1f72:	a0 e7       	ldi	r26, 0x70	; 112
    1f74:	b1 e4       	ldi	r27, 0x41	; 65
    1f76:	80 83       	st	Z, r24
    1f78:	91 83       	std	Z+1, r25	; 0x01
    1f7a:	a2 83       	std	Z+2, r26	; 0x02
    1f7c:	b3 83       	std	Z+3, r27	; 0x03
 */
void
_delay_ms(double __ms)
{
	uint16_t __ticks;
	double __tmp = ((F_CPU) / 4e3) * __ms;
    1f7e:	8e 01       	movw	r16, r28
    1f80:	01 5c       	subi	r16, 0xC1	; 193
    1f82:	1f 4f       	sbci	r17, 0xFF	; 255
    1f84:	fe 01       	movw	r30, r28
    1f86:	ed 5b       	subi	r30, 0xBD	; 189
    1f88:	ff 4f       	sbci	r31, 0xFF	; 255
    1f8a:	60 81       	ld	r22, Z
    1f8c:	71 81       	ldd	r23, Z+1	; 0x01
    1f8e:	82 81       	ldd	r24, Z+2	; 0x02
    1f90:	93 81       	ldd	r25, Z+3	; 0x03
    1f92:	20 e0       	ldi	r18, 0x00	; 0
    1f94:	30 e0       	ldi	r19, 0x00	; 0
    1f96:	4a ef       	ldi	r20, 0xFA	; 250
    1f98:	54 e4       	ldi	r21, 0x44	; 68
    1f9a:	0e 94 17 02 	call	0x42e	; 0x42e <__mulsf3>
    1f9e:	dc 01       	movw	r26, r24
    1fa0:	cb 01       	movw	r24, r22
    1fa2:	f8 01       	movw	r30, r16
    1fa4:	80 83       	st	Z, r24
    1fa6:	91 83       	std	Z+1, r25	; 0x01
    1fa8:	a2 83       	std	Z+2, r26	; 0x02
    1faa:	b3 83       	std	Z+3, r27	; 0x03
	if (__tmp < 1.0)
    1fac:	fe 01       	movw	r30, r28
    1fae:	ff 96       	adiw	r30, 0x3f	; 63
    1fb0:	60 81       	ld	r22, Z
    1fb2:	71 81       	ldd	r23, Z+1	; 0x01
    1fb4:	82 81       	ldd	r24, Z+2	; 0x02
    1fb6:	93 81       	ldd	r25, Z+3	; 0x03
    1fb8:	20 e0       	ldi	r18, 0x00	; 0
    1fba:	30 e0       	ldi	r19, 0x00	; 0
    1fbc:	40 e8       	ldi	r20, 0x80	; 128
    1fbe:	5f e3       	ldi	r21, 0x3F	; 63
    1fc0:	0e 94 71 03 	call	0x6e2	; 0x6e2 <__ltsf2>
    1fc4:	88 23       	and	r24, r24
    1fc6:	2c f4       	brge	.+10     	; 0x1fd2 <LCD_vidInit+0x1f0>
		__ticks = 1;
    1fc8:	81 e0       	ldi	r24, 0x01	; 1
    1fca:	90 e0       	ldi	r25, 0x00	; 0
    1fcc:	9e af       	std	Y+62, r25	; 0x3e
    1fce:	8d af       	std	Y+61, r24	; 0x3d
    1fd0:	46 c0       	rjmp	.+140    	; 0x205e <LCD_vidInit+0x27c>
	else if (__tmp > 65535)
    1fd2:	fe 01       	movw	r30, r28
    1fd4:	ff 96       	adiw	r30, 0x3f	; 63
    1fd6:	60 81       	ld	r22, Z
    1fd8:	71 81       	ldd	r23, Z+1	; 0x01
    1fda:	82 81       	ldd	r24, Z+2	; 0x02
    1fdc:	93 81       	ldd	r25, Z+3	; 0x03
    1fde:	20 e0       	ldi	r18, 0x00	; 0
    1fe0:	3f ef       	ldi	r19, 0xFF	; 255
    1fe2:	4f e7       	ldi	r20, 0x7F	; 127
    1fe4:	57 e4       	ldi	r21, 0x47	; 71
    1fe6:	0e 94 11 03 	call	0x622	; 0x622 <__gtsf2>
    1fea:	18 16       	cp	r1, r24
    1fec:	64 f5       	brge	.+88     	; 0x2046 <LCD_vidInit+0x264>
	{
		//	__ticks = requested delay in 1/10 ms
		__ticks = (uint16_t) (__ms * 10.0);
    1fee:	fe 01       	movw	r30, r28
    1ff0:	ed 5b       	subi	r30, 0xBD	; 189
    1ff2:	ff 4f       	sbci	r31, 0xFF	; 255
    1ff4:	60 81       	ld	r22, Z
    1ff6:	71 81       	ldd	r23, Z+1	; 0x01
    1ff8:	82 81       	ldd	r24, Z+2	; 0x02
    1ffa:	93 81       	ldd	r25, Z+3	; 0x03
    1ffc:	20 e0       	ldi	r18, 0x00	; 0
    1ffe:	30 e0       	ldi	r19, 0x00	; 0
    2000:	40 e2       	ldi	r20, 0x20	; 32
    2002:	51 e4       	ldi	r21, 0x41	; 65
    2004:	0e 94 17 02 	call	0x42e	; 0x42e <__mulsf3>
    2008:	dc 01       	movw	r26, r24
    200a:	cb 01       	movw	r24, r22
    200c:	bc 01       	movw	r22, r24
    200e:	cd 01       	movw	r24, r26
    2010:	0e 94 41 00 	call	0x82	; 0x82 <__fixunssfsi>
    2014:	dc 01       	movw	r26, r24
    2016:	cb 01       	movw	r24, r22
    2018:	9e af       	std	Y+62, r25	; 0x3e
    201a:	8d af       	std	Y+61, r24	; 0x3d
    201c:	0f c0       	rjmp	.+30     	; 0x203c <LCD_vidInit+0x25a>
    201e:	88 ec       	ldi	r24, 0xC8	; 200
    2020:	90 e0       	ldi	r25, 0x00	; 0
    2022:	9c af       	std	Y+60, r25	; 0x3c
    2024:	8b af       	std	Y+59, r24	; 0x3b
    2026:	8b ad       	ldd	r24, Y+59	; 0x3b
    2028:	9c ad       	ldd	r25, Y+60	; 0x3c
    202a:	01 97       	sbiw	r24, 0x01	; 1
    202c:	f1 f7       	brne	.-4      	; 0x202a <LCD_vidInit+0x248>
    202e:	9c af       	std	Y+60, r25	; 0x3c
    2030:	8b af       	std	Y+59, r24	; 0x3b
		while(__ticks)
		{
			// wait 1/10 ms
			_delay_loop_2(((F_CPU) / 4e3) / 10);
			__ticks --;
    2032:	8d ad       	ldd	r24, Y+61	; 0x3d
    2034:	9e ad       	ldd	r25, Y+62	; 0x3e
    2036:	01 97       	sbiw	r24, 0x01	; 1
    2038:	9e af       	std	Y+62, r25	; 0x3e
    203a:	8d af       	std	Y+61, r24	; 0x3d
		__ticks = 1;
	else if (__tmp > 65535)
	{
		//	__ticks = requested delay in 1/10 ms
		__ticks = (uint16_t) (__ms * 10.0);
		while(__ticks)
    203c:	8d ad       	ldd	r24, Y+61	; 0x3d
    203e:	9e ad       	ldd	r25, Y+62	; 0x3e
    2040:	00 97       	sbiw	r24, 0x00	; 0
    2042:	69 f7       	brne	.-38     	; 0x201e <LCD_vidInit+0x23c>
    2044:	16 c0       	rjmp	.+44     	; 0x2072 <LCD_vidInit+0x290>
			__ticks --;
		}
		return;
	}
	else
		__ticks = (uint16_t)__tmp;
    2046:	fe 01       	movw	r30, r28
    2048:	ff 96       	adiw	r30, 0x3f	; 63
    204a:	60 81       	ld	r22, Z
    204c:	71 81       	ldd	r23, Z+1	; 0x01
    204e:	82 81       	ldd	r24, Z+2	; 0x02
    2050:	93 81       	ldd	r25, Z+3	; 0x03
    2052:	0e 94 41 00 	call	0x82	; 0x82 <__fixunssfsi>
    2056:	dc 01       	movw	r26, r24
    2058:	cb 01       	movw	r24, r22
    205a:	9e af       	std	Y+62, r25	; 0x3e
    205c:	8d af       	std	Y+61, r24	; 0x3d
    205e:	8d ad       	ldd	r24, Y+61	; 0x3d
    2060:	9e ad       	ldd	r25, Y+62	; 0x3e
    2062:	9a af       	std	Y+58, r25	; 0x3a
    2064:	89 af       	std	Y+57, r24	; 0x39
    2066:	89 ad       	ldd	r24, Y+57	; 0x39
    2068:	9a ad       	ldd	r25, Y+58	; 0x3a
    206a:	01 97       	sbiw	r24, 0x01	; 1
    206c:	f1 f7       	brne	.-4      	; 0x206a <LCD_vidInit+0x288>
    206e:	9a af       	std	Y+58, r25	; 0x3a
    2070:	89 af       	std	Y+57, r24	; 0x39
	_delay_ms(15);

	/* Function Set  */
	LCD_vidSendCommand(lcd_FunctionSet8bit);
    2072:	88 e3       	ldi	r24, 0x38	; 56
    2074:	0e 94 19 12 	call	0x2432	; 0x2432 <LCD_vidSendCommand>
    2078:	80 e0       	ldi	r24, 0x00	; 0
    207a:	90 e0       	ldi	r25, 0x00	; 0
    207c:	a0 e8       	ldi	r26, 0x80	; 128
    207e:	bf e3       	ldi	r27, 0x3F	; 63
    2080:	8d ab       	std	Y+53, r24	; 0x35
    2082:	9e ab       	std	Y+54, r25	; 0x36
    2084:	af ab       	std	Y+55, r26	; 0x37
    2086:	b8 af       	std	Y+56, r27	; 0x38
 */
void
_delay_ms(double __ms)
{
	uint16_t __ticks;
	double __tmp = ((F_CPU) / 4e3) * __ms;
    2088:	6d a9       	ldd	r22, Y+53	; 0x35
    208a:	7e a9       	ldd	r23, Y+54	; 0x36
    208c:	8f a9       	ldd	r24, Y+55	; 0x37
    208e:	98 ad       	ldd	r25, Y+56	; 0x38
    2090:	20 e0       	ldi	r18, 0x00	; 0
    2092:	30 e0       	ldi	r19, 0x00	; 0
    2094:	4a ef       	ldi	r20, 0xFA	; 250
    2096:	54 e4       	ldi	r21, 0x44	; 68
    2098:	0e 94 17 02 	call	0x42e	; 0x42e <__mulsf3>
    209c:	dc 01       	movw	r26, r24
    209e:	cb 01       	movw	r24, r22
    20a0:	89 ab       	std	Y+49, r24	; 0x31
    20a2:	9a ab       	std	Y+50, r25	; 0x32
    20a4:	ab ab       	std	Y+51, r26	; 0x33
    20a6:	bc ab       	std	Y+52, r27	; 0x34
	if (__tmp < 1.0)
    20a8:	69 a9       	ldd	r22, Y+49	; 0x31
    20aa:	7a a9       	ldd	r23, Y+50	; 0x32
    20ac:	8b a9       	ldd	r24, Y+51	; 0x33
    20ae:	9c a9       	ldd	r25, Y+52	; 0x34
    20b0:	20 e0       	ldi	r18, 0x00	; 0
    20b2:	30 e0       	ldi	r19, 0x00	; 0
    20b4:	40 e8       	ldi	r20, 0x80	; 128
    20b6:	5f e3       	ldi	r21, 0x3F	; 63
    20b8:	0e 94 71 03 	call	0x6e2	; 0x6e2 <__ltsf2>
    20bc:	88 23       	and	r24, r24
    20be:	2c f4       	brge	.+10     	; 0x20ca <LCD_vidInit+0x2e8>
		__ticks = 1;
    20c0:	81 e0       	ldi	r24, 0x01	; 1
    20c2:	90 e0       	ldi	r25, 0x00	; 0
    20c4:	98 ab       	std	Y+48, r25	; 0x30
    20c6:	8f a7       	std	Y+47, r24	; 0x2f
    20c8:	3f c0       	rjmp	.+126    	; 0x2148 <LCD_vidInit+0x366>
	else if (__tmp > 65535)
    20ca:	69 a9       	ldd	r22, Y+49	; 0x31
    20cc:	7a a9       	ldd	r23, Y+50	; 0x32
    20ce:	8b a9       	ldd	r24, Y+51	; 0x33
    20d0:	9c a9       	ldd	r25, Y+52	; 0x34
    20d2:	20 e0       	ldi	r18, 0x00	; 0
    20d4:	3f ef       	ldi	r19, 0xFF	; 255
    20d6:	4f e7       	ldi	r20, 0x7F	; 127
    20d8:	57 e4       	ldi	r21, 0x47	; 71
    20da:	0e 94 11 03 	call	0x622	; 0x622 <__gtsf2>
    20de:	18 16       	cp	r1, r24
    20e0:	4c f5       	brge	.+82     	; 0x2134 <LCD_vidInit+0x352>
	{
		//	__ticks = requested delay in 1/10 ms
		__ticks = (uint16_t) (__ms * 10.0);
    20e2:	6d a9       	ldd	r22, Y+53	; 0x35
    20e4:	7e a9       	ldd	r23, Y+54	; 0x36
    20e6:	8f a9       	ldd	r24, Y+55	; 0x37
    20e8:	98 ad       	ldd	r25, Y+56	; 0x38
    20ea:	20 e0       	ldi	r18, 0x00	; 0
    20ec:	30 e0       	ldi	r19, 0x00	; 0
    20ee:	40 e2       	ldi	r20, 0x20	; 32
    20f0:	51 e4       	ldi	r21, 0x41	; 65
    20f2:	0e 94 17 02 	call	0x42e	; 0x42e <__mulsf3>
    20f6:	dc 01       	movw	r26, r24
    20f8:	cb 01       	movw	r24, r22
    20fa:	bc 01       	movw	r22, r24
    20fc:	cd 01       	movw	r24, r26
    20fe:	0e 94 41 00 	call	0x82	; 0x82 <__fixunssfsi>
    2102:	dc 01       	movw	r26, r24
    2104:	cb 01       	movw	r24, r22
    2106:	98 ab       	std	Y+48, r25	; 0x30
    2108:	8f a7       	std	Y+47, r24	; 0x2f
    210a:	0f c0       	rjmp	.+30     	; 0x212a <LCD_vidInit+0x348>
    210c:	88 ec       	ldi	r24, 0xC8	; 200
    210e:	90 e0       	ldi	r25, 0x00	; 0
    2110:	9e a7       	std	Y+46, r25	; 0x2e
    2112:	8d a7       	std	Y+45, r24	; 0x2d
    2114:	8d a5       	ldd	r24, Y+45	; 0x2d
    2116:	9e a5       	ldd	r25, Y+46	; 0x2e
    2118:	01 97       	sbiw	r24, 0x01	; 1
    211a:	f1 f7       	brne	.-4      	; 0x2118 <LCD_vidInit+0x336>
    211c:	9e a7       	std	Y+46, r25	; 0x2e
    211e:	8d a7       	std	Y+45, r24	; 0x2d
		while(__ticks)
		{
			// wait 1/10 ms
			_delay_loop_2(((F_CPU) / 4e3) / 10);
			__ticks --;
    2120:	8f a5       	ldd	r24, Y+47	; 0x2f
    2122:	98 a9       	ldd	r25, Y+48	; 0x30
    2124:	01 97       	sbiw	r24, 0x01	; 1
    2126:	98 ab       	std	Y+48, r25	; 0x30
    2128:	8f a7       	std	Y+47, r24	; 0x2f
		__ticks = 1;
	else if (__tmp > 65535)
	{
		//	__ticks = requested delay in 1/10 ms
		__ticks = (uint16_t) (__ms * 10.0);
		while(__ticks)
    212a:	8f a5       	ldd	r24, Y+47	; 0x2f
    212c:	98 a9       	ldd	r25, Y+48	; 0x30
    212e:	00 97       	sbiw	r24, 0x00	; 0
    2130:	69 f7       	brne	.-38     	; 0x210c <LCD_vidInit+0x32a>
    2132:	14 c0       	rjmp	.+40     	; 0x215c <LCD_vidInit+0x37a>
			__ticks --;
		}
		return;
	}
	else
		__ticks = (uint16_t)__tmp;
    2134:	69 a9       	ldd	r22, Y+49	; 0x31
    2136:	7a a9       	ldd	r23, Y+50	; 0x32
    2138:	8b a9       	ldd	r24, Y+51	; 0x33
    213a:	9c a9       	ldd	r25, Y+52	; 0x34
    213c:	0e 94 41 00 	call	0x82	; 0x82 <__fixunssfsi>
    2140:	dc 01       	movw	r26, r24
    2142:	cb 01       	movw	r24, r22
    2144:	98 ab       	std	Y+48, r25	; 0x30
    2146:	8f a7       	std	Y+47, r24	; 0x2f
    2148:	8f a5       	ldd	r24, Y+47	; 0x2f
    214a:	98 a9       	ldd	r25, Y+48	; 0x30
    214c:	9c a7       	std	Y+44, r25	; 0x2c
    214e:	8b a7       	std	Y+43, r24	; 0x2b
    2150:	8b a5       	ldd	r24, Y+43	; 0x2b
    2152:	9c a5       	ldd	r25, Y+44	; 0x2c
    2154:	01 97       	sbiw	r24, 0x01	; 1
    2156:	f1 f7       	brne	.-4      	; 0x2154 <LCD_vidInit+0x372>
    2158:	9c a7       	std	Y+44, r25	; 0x2c
    215a:	8b a7       	std	Y+43, r24	; 0x2b
	_delay_ms(1);

	/* Display ON OFF Control */
	LCD_vidSendCommand(lcd_DisplayOn);
    215c:	8c e0       	ldi	r24, 0x0C	; 12
    215e:	0e 94 19 12 	call	0x2432	; 0x2432 <LCD_vidSendCommand>
    2162:	80 e0       	ldi	r24, 0x00	; 0
    2164:	90 e0       	ldi	r25, 0x00	; 0
    2166:	a0 e8       	ldi	r26, 0x80	; 128
    2168:	bf e3       	ldi	r27, 0x3F	; 63
    216a:	8f a3       	std	Y+39, r24	; 0x27
    216c:	98 a7       	std	Y+40, r25	; 0x28
    216e:	a9 a7       	std	Y+41, r26	; 0x29
    2170:	ba a7       	std	Y+42, r27	; 0x2a
 */
void
_delay_ms(double __ms)
{
	uint16_t __ticks;
	double __tmp = ((F_CPU) / 4e3) * __ms;
    2172:	6f a1       	ldd	r22, Y+39	; 0x27
    2174:	78 a5       	ldd	r23, Y+40	; 0x28
    2176:	89 a5       	ldd	r24, Y+41	; 0x29
    2178:	9a a5       	ldd	r25, Y+42	; 0x2a
    217a:	20 e0       	ldi	r18, 0x00	; 0
    217c:	30 e0       	ldi	r19, 0x00	; 0
    217e:	4a ef       	ldi	r20, 0xFA	; 250
    2180:	54 e4       	ldi	r21, 0x44	; 68
    2182:	0e 94 17 02 	call	0x42e	; 0x42e <__mulsf3>
    2186:	dc 01       	movw	r26, r24
    2188:	cb 01       	movw	r24, r22
    218a:	8b a3       	std	Y+35, r24	; 0x23
    218c:	9c a3       	std	Y+36, r25	; 0x24
    218e:	ad a3       	std	Y+37, r26	; 0x25
    2190:	be a3       	std	Y+38, r27	; 0x26
	if (__tmp < 1.0)
    2192:	6b a1       	ldd	r22, Y+35	; 0x23
    2194:	7c a1       	ldd	r23, Y+36	; 0x24
    2196:	8d a1       	ldd	r24, Y+37	; 0x25
    2198:	9e a1       	ldd	r25, Y+38	; 0x26
    219a:	20 e0       	ldi	r18, 0x00	; 0
    219c:	30 e0       	ldi	r19, 0x00	; 0
    219e:	40 e8       	ldi	r20, 0x80	; 128
    21a0:	5f e3       	ldi	r21, 0x3F	; 63
    21a2:	0e 94 71 03 	call	0x6e2	; 0x6e2 <__ltsf2>
    21a6:	88 23       	and	r24, r24
    21a8:	2c f4       	brge	.+10     	; 0x21b4 <LCD_vidInit+0x3d2>
		__ticks = 1;
    21aa:	81 e0       	ldi	r24, 0x01	; 1
    21ac:	90 e0       	ldi	r25, 0x00	; 0
    21ae:	9a a3       	std	Y+34, r25	; 0x22
    21b0:	89 a3       	std	Y+33, r24	; 0x21
    21b2:	3f c0       	rjmp	.+126    	; 0x2232 <LCD_vidInit+0x450>
	else if (__tmp > 65535)
    21b4:	6b a1       	ldd	r22, Y+35	; 0x23
    21b6:	7c a1       	ldd	r23, Y+36	; 0x24
    21b8:	8d a1       	ldd	r24, Y+37	; 0x25
    21ba:	9e a1       	ldd	r25, Y+38	; 0x26
    21bc:	20 e0       	ldi	r18, 0x00	; 0
    21be:	3f ef       	ldi	r19, 0xFF	; 255
    21c0:	4f e7       	ldi	r20, 0x7F	; 127
    21c2:	57 e4       	ldi	r21, 0x47	; 71
    21c4:	0e 94 11 03 	call	0x622	; 0x622 <__gtsf2>
    21c8:	18 16       	cp	r1, r24
    21ca:	4c f5       	brge	.+82     	; 0x221e <LCD_vidInit+0x43c>
	{
		//	__ticks = requested delay in 1/10 ms
		__ticks = (uint16_t) (__ms * 10.0);
    21cc:	6f a1       	ldd	r22, Y+39	; 0x27
    21ce:	78 a5       	ldd	r23, Y+40	; 0x28
    21d0:	89 a5       	ldd	r24, Y+41	; 0x29
    21d2:	9a a5       	ldd	r25, Y+42	; 0x2a
    21d4:	20 e0       	ldi	r18, 0x00	; 0
    21d6:	30 e0       	ldi	r19, 0x00	; 0
    21d8:	40 e2       	ldi	r20, 0x20	; 32
    21da:	51 e4       	ldi	r21, 0x41	; 65
    21dc:	0e 94 17 02 	call	0x42e	; 0x42e <__mulsf3>
    21e0:	dc 01       	movw	r26, r24
    21e2:	cb 01       	movw	r24, r22
    21e4:	bc 01       	movw	r22, r24
    21e6:	cd 01       	movw	r24, r26
    21e8:	0e 94 41 00 	call	0x82	; 0x82 <__fixunssfsi>
    21ec:	dc 01       	movw	r26, r24
    21ee:	cb 01       	movw	r24, r22
    21f0:	9a a3       	std	Y+34, r25	; 0x22
    21f2:	89 a3       	std	Y+33, r24	; 0x21
    21f4:	0f c0       	rjmp	.+30     	; 0x2214 <LCD_vidInit+0x432>
    21f6:	88 ec       	ldi	r24, 0xC8	; 200
    21f8:	90 e0       	ldi	r25, 0x00	; 0
    21fa:	98 a3       	std	Y+32, r25	; 0x20
    21fc:	8f 8f       	std	Y+31, r24	; 0x1f
    21fe:	8f 8d       	ldd	r24, Y+31	; 0x1f
    2200:	98 a1       	ldd	r25, Y+32	; 0x20
    2202:	01 97       	sbiw	r24, 0x01	; 1
    2204:	f1 f7       	brne	.-4      	; 0x2202 <LCD_vidInit+0x420>
    2206:	98 a3       	std	Y+32, r25	; 0x20
    2208:	8f 8f       	std	Y+31, r24	; 0x1f
		while(__ticks)
		{
			// wait 1/10 ms
			_delay_loop_2(((F_CPU) / 4e3) / 10);
			__ticks --;
    220a:	89 a1       	ldd	r24, Y+33	; 0x21
    220c:	9a a1       	ldd	r25, Y+34	; 0x22
    220e:	01 97       	sbiw	r24, 0x01	; 1
    2210:	9a a3       	std	Y+34, r25	; 0x22
    2212:	89 a3       	std	Y+33, r24	; 0x21
		__ticks = 1;
	else if (__tmp > 65535)
	{
		//	__ticks = requested delay in 1/10 ms
		__ticks = (uint16_t) (__ms * 10.0);
		while(__ticks)
    2214:	89 a1       	ldd	r24, Y+33	; 0x21
    2216:	9a a1       	ldd	r25, Y+34	; 0x22
    2218:	00 97       	sbiw	r24, 0x00	; 0
    221a:	69 f7       	brne	.-38     	; 0x21f6 <LCD_vidInit+0x414>
    221c:	14 c0       	rjmp	.+40     	; 0x2246 <LCD_vidInit+0x464>
			__ticks --;
		}
		return;
	}
	else
		__ticks = (uint16_t)__tmp;
    221e:	6b a1       	ldd	r22, Y+35	; 0x23
    2220:	7c a1       	ldd	r23, Y+36	; 0x24
    2222:	8d a1       	ldd	r24, Y+37	; 0x25
    2224:	9e a1       	ldd	r25, Y+38	; 0x26
    2226:	0e 94 41 00 	call	0x82	; 0x82 <__fixunssfsi>
    222a:	dc 01       	movw	r26, r24
    222c:	cb 01       	movw	r24, r22
    222e:	9a a3       	std	Y+34, r25	; 0x22
    2230:	89 a3       	std	Y+33, r24	; 0x21
    2232:	89 a1       	ldd	r24, Y+33	; 0x21
    2234:	9a a1       	ldd	r25, Y+34	; 0x22
    2236:	9e 8f       	std	Y+30, r25	; 0x1e
    2238:	8d 8f       	std	Y+29, r24	; 0x1d
    223a:	8d 8d       	ldd	r24, Y+29	; 0x1d
    223c:	9e 8d       	ldd	r25, Y+30	; 0x1e
    223e:	01 97       	sbiw	r24, 0x01	; 1
    2240:	f1 f7       	brne	.-4      	; 0x223e <LCD_vidInit+0x45c>
    2242:	9e 8f       	std	Y+30, r25	; 0x1e
    2244:	8d 8f       	std	Y+29, r24	; 0x1d
	_delay_ms(1);

	/* Clear Display */
	LCD_vidSendCommand(lcd_Clear);
    2246:	81 e0       	ldi	r24, 0x01	; 1
    2248:	0e 94 19 12 	call	0x2432	; 0x2432 <LCD_vidSendCommand>
    224c:	80 e0       	ldi	r24, 0x00	; 0
    224e:	90 e0       	ldi	r25, 0x00	; 0
    2250:	a0 e7       	ldi	r26, 0x70	; 112
    2252:	b1 e4       	ldi	r27, 0x41	; 65
    2254:	89 8f       	std	Y+25, r24	; 0x19
    2256:	9a 8f       	std	Y+26, r25	; 0x1a
    2258:	ab 8f       	std	Y+27, r26	; 0x1b
    225a:	bc 8f       	std	Y+28, r27	; 0x1c
 */
void
_delay_ms(double __ms)
{
	uint16_t __ticks;
	double __tmp = ((F_CPU) / 4e3) * __ms;
    225c:	69 8d       	ldd	r22, Y+25	; 0x19
    225e:	7a 8d       	ldd	r23, Y+26	; 0x1a
    2260:	8b 8d       	ldd	r24, Y+27	; 0x1b
    2262:	9c 8d       	ldd	r25, Y+28	; 0x1c
    2264:	20 e0       	ldi	r18, 0x00	; 0
    2266:	30 e0       	ldi	r19, 0x00	; 0
    2268:	4a ef       	ldi	r20, 0xFA	; 250
    226a:	54 e4       	ldi	r21, 0x44	; 68
    226c:	0e 94 17 02 	call	0x42e	; 0x42e <__mulsf3>
    2270:	dc 01       	movw	r26, r24
    2272:	cb 01       	movw	r24, r22
    2274:	8d 8b       	std	Y+21, r24	; 0x15
    2276:	9e 8b       	std	Y+22, r25	; 0x16
    2278:	af 8b       	std	Y+23, r26	; 0x17
    227a:	b8 8f       	std	Y+24, r27	; 0x18
	if (__tmp < 1.0)
    227c:	6d 89       	ldd	r22, Y+21	; 0x15
    227e:	7e 89       	ldd	r23, Y+22	; 0x16
    2280:	8f 89       	ldd	r24, Y+23	; 0x17
    2282:	98 8d       	ldd	r25, Y+24	; 0x18
    2284:	20 e0       	ldi	r18, 0x00	; 0
    2286:	30 e0       	ldi	r19, 0x00	; 0
    2288:	40 e8       	ldi	r20, 0x80	; 128
    228a:	5f e3       	ldi	r21, 0x3F	; 63
    228c:	0e 94 71 03 	call	0x6e2	; 0x6e2 <__ltsf2>
    2290:	88 23       	and	r24, r24
    2292:	2c f4       	brge	.+10     	; 0x229e <LCD_vidInit+0x4bc>
		__ticks = 1;
    2294:	81 e0       	ldi	r24, 0x01	; 1
    2296:	90 e0       	ldi	r25, 0x00	; 0
    2298:	9c 8b       	std	Y+20, r25	; 0x14
    229a:	8b 8b       	std	Y+19, r24	; 0x13
    229c:	3f c0       	rjmp	.+126    	; 0x231c <LCD_vidInit+0x53a>
	else if (__tmp > 65535)
    229e:	6d 89       	ldd	r22, Y+21	; 0x15
    22a0:	7e 89       	ldd	r23, Y+22	; 0x16
    22a2:	8f 89       	ldd	r24, Y+23	; 0x17
    22a4:	98 8d       	ldd	r25, Y+24	; 0x18
    22a6:	20 e0       	ldi	r18, 0x00	; 0
    22a8:	3f ef       	ldi	r19, 0xFF	; 255
    22aa:	4f e7       	ldi	r20, 0x7F	; 127
    22ac:	57 e4       	ldi	r21, 0x47	; 71
    22ae:	0e 94 11 03 	call	0x622	; 0x622 <__gtsf2>
    22b2:	18 16       	cp	r1, r24
    22b4:	4c f5       	brge	.+82     	; 0x2308 <LCD_vidInit+0x526>
	{
		//	__ticks = requested delay in 1/10 ms
		__ticks = (uint16_t) (__ms * 10.0);
    22b6:	69 8d       	ldd	r22, Y+25	; 0x19
    22b8:	7a 8d       	ldd	r23, Y+26	; 0x1a
    22ba:	8b 8d       	ldd	r24, Y+27	; 0x1b
    22bc:	9c 8d       	ldd	r25, Y+28	; 0x1c
    22be:	20 e0       	ldi	r18, 0x00	; 0
    22c0:	30 e0       	ldi	r19, 0x00	; 0
    22c2:	40 e2       	ldi	r20, 0x20	; 32
    22c4:	51 e4       	ldi	r21, 0x41	; 65
    22c6:	0e 94 17 02 	call	0x42e	; 0x42e <__mulsf3>
    22ca:	dc 01       	movw	r26, r24
    22cc:	cb 01       	movw	r24, r22
    22ce:	bc 01       	movw	r22, r24
    22d0:	cd 01       	movw	r24, r26
    22d2:	0e 94 41 00 	call	0x82	; 0x82 <__fixunssfsi>
    22d6:	dc 01       	movw	r26, r24
    22d8:	cb 01       	movw	r24, r22
    22da:	9c 8b       	std	Y+20, r25	; 0x14
    22dc:	8b 8b       	std	Y+19, r24	; 0x13
    22de:	0f c0       	rjmp	.+30     	; 0x22fe <LCD_vidInit+0x51c>
    22e0:	88 ec       	ldi	r24, 0xC8	; 200
    22e2:	90 e0       	ldi	r25, 0x00	; 0
    22e4:	9a 8b       	std	Y+18, r25	; 0x12
    22e6:	89 8b       	std	Y+17, r24	; 0x11
    22e8:	89 89       	ldd	r24, Y+17	; 0x11
    22ea:	9a 89       	ldd	r25, Y+18	; 0x12
    22ec:	01 97       	sbiw	r24, 0x01	; 1
    22ee:	f1 f7       	brne	.-4      	; 0x22ec <LCD_vidInit+0x50a>
    22f0:	9a 8b       	std	Y+18, r25	; 0x12
    22f2:	89 8b       	std	Y+17, r24	; 0x11
		while(__ticks)
		{
			// wait 1/10 ms
			_delay_loop_2(((F_CPU) / 4e3) / 10);
			__ticks --;
    22f4:	8b 89       	ldd	r24, Y+19	; 0x13
    22f6:	9c 89       	ldd	r25, Y+20	; 0x14
    22f8:	01 97       	sbiw	r24, 0x01	; 1
    22fa:	9c 8b       	std	Y+20, r25	; 0x14
    22fc:	8b 8b       	std	Y+19, r24	; 0x13
		__ticks = 1;
	else if (__tmp > 65535)
	{
		//	__ticks = requested delay in 1/10 ms
		__ticks = (uint16_t) (__ms * 10.0);
		while(__ticks)
    22fe:	8b 89       	ldd	r24, Y+19	; 0x13
    2300:	9c 89       	ldd	r25, Y+20	; 0x14
    2302:	00 97       	sbiw	r24, 0x00	; 0
    2304:	69 f7       	brne	.-38     	; 0x22e0 <LCD_vidInit+0x4fe>
    2306:	14 c0       	rjmp	.+40     	; 0x2330 <LCD_vidInit+0x54e>
			__ticks --;
		}
		return;
	}
	else
		__ticks = (uint16_t)__tmp;
    2308:	6d 89       	ldd	r22, Y+21	; 0x15
    230a:	7e 89       	ldd	r23, Y+22	; 0x16
    230c:	8f 89       	ldd	r24, Y+23	; 0x17
    230e:	98 8d       	ldd	r25, Y+24	; 0x18
    2310:	0e 94 41 00 	call	0x82	; 0x82 <__fixunssfsi>
    2314:	dc 01       	movw	r26, r24
    2316:	cb 01       	movw	r24, r22
    2318:	9c 8b       	std	Y+20, r25	; 0x14
    231a:	8b 8b       	std	Y+19, r24	; 0x13
    231c:	8b 89       	ldd	r24, Y+19	; 0x13
    231e:	9c 89       	ldd	r25, Y+20	; 0x14
    2320:	98 8b       	std	Y+16, r25	; 0x10
    2322:	8f 87       	std	Y+15, r24	; 0x0f
    2324:	8f 85       	ldd	r24, Y+15	; 0x0f
    2326:	98 89       	ldd	r25, Y+16	; 0x10
    2328:	01 97       	sbiw	r24, 0x01	; 1
    232a:	f1 f7       	brne	.-4      	; 0x2328 <LCD_vidInit+0x546>
    232c:	98 8b       	std	Y+16, r25	; 0x10
    232e:	8f 87       	std	Y+15, r24	; 0x0f
	_delay_ms(15);

	/* Entry Mode Set  */
	LCD_vidSendCommand(lcd_EntryMode);
    2330:	86 e0       	ldi	r24, 0x06	; 6
    2332:	0e 94 19 12 	call	0x2432	; 0x2432 <LCD_vidSendCommand>
    2336:	80 e0       	ldi	r24, 0x00	; 0
    2338:	90 e0       	ldi	r25, 0x00	; 0
    233a:	a0 e0       	ldi	r26, 0x00	; 0
    233c:	b0 e4       	ldi	r27, 0x40	; 64
    233e:	8b 87       	std	Y+11, r24	; 0x0b
    2340:	9c 87       	std	Y+12, r25	; 0x0c
    2342:	ad 87       	std	Y+13, r26	; 0x0d
    2344:	be 87       	std	Y+14, r27	; 0x0e
 */
void
_delay_ms(double __ms)
{
	uint16_t __ticks;
	double __tmp = ((F_CPU) / 4e3) * __ms;
    2346:	6b 85       	ldd	r22, Y+11	; 0x0b
    2348:	7c 85       	ldd	r23, Y+12	; 0x0c
    234a:	8d 85       	ldd	r24, Y+13	; 0x0d
    234c:	9e 85       	ldd	r25, Y+14	; 0x0e
    234e:	20 e0       	ldi	r18, 0x00	; 0
    2350:	30 e0       	ldi	r19, 0x00	; 0
    2352:	4a ef       	ldi	r20, 0xFA	; 250
    2354:	54 e4       	ldi	r21, 0x44	; 68
    2356:	0e 94 17 02 	call	0x42e	; 0x42e <__mulsf3>
    235a:	dc 01       	movw	r26, r24
    235c:	cb 01       	movw	r24, r22
    235e:	8f 83       	std	Y+7, r24	; 0x07
    2360:	98 87       	std	Y+8, r25	; 0x08
    2362:	a9 87       	std	Y+9, r26	; 0x09
    2364:	ba 87       	std	Y+10, r27	; 0x0a
	if (__tmp < 1.0)
    2366:	6f 81       	ldd	r22, Y+7	; 0x07
    2368:	78 85       	ldd	r23, Y+8	; 0x08
    236a:	89 85       	ldd	r24, Y+9	; 0x09
    236c:	9a 85       	ldd	r25, Y+10	; 0x0a
    236e:	20 e0       	ldi	r18, 0x00	; 0
    2370:	30 e0       	ldi	r19, 0x00	; 0
    2372:	40 e8       	ldi	r20, 0x80	; 128
    2374:	5f e3       	ldi	r21, 0x3F	; 63
    2376:	0e 94 71 03 	call	0x6e2	; 0x6e2 <__ltsf2>
    237a:	88 23       	and	r24, r24
    237c:	2c f4       	brge	.+10     	; 0x2388 <LCD_vidInit+0x5a6>
		__ticks = 1;
    237e:	81 e0       	ldi	r24, 0x01	; 1
    2380:	90 e0       	ldi	r25, 0x00	; 0
    2382:	9e 83       	std	Y+6, r25	; 0x06
    2384:	8d 83       	std	Y+5, r24	; 0x05
    2386:	3f c0       	rjmp	.+126    	; 0x2406 <LCD_vidInit+0x624>
	else if (__tmp > 65535)
    2388:	6f 81       	ldd	r22, Y+7	; 0x07
    238a:	78 85       	ldd	r23, Y+8	; 0x08
    238c:	89 85       	ldd	r24, Y+9	; 0x09
    238e:	9a 85       	ldd	r25, Y+10	; 0x0a
    2390:	20 e0       	ldi	r18, 0x00	; 0
    2392:	3f ef       	ldi	r19, 0xFF	; 255
    2394:	4f e7       	ldi	r20, 0x7F	; 127
    2396:	57 e4       	ldi	r21, 0x47	; 71
    2398:	0e 94 11 03 	call	0x622	; 0x622 <__gtsf2>
    239c:	18 16       	cp	r1, r24
    239e:	4c f5       	brge	.+82     	; 0x23f2 <LCD_vidInit+0x610>
	{
		//	__ticks = requested delay in 1/10 ms
		__ticks = (uint16_t) (__ms * 10.0);
    23a0:	6b 85       	ldd	r22, Y+11	; 0x0b
    23a2:	7c 85       	ldd	r23, Y+12	; 0x0c
    23a4:	8d 85       	ldd	r24, Y+13	; 0x0d
    23a6:	9e 85       	ldd	r25, Y+14	; 0x0e
    23a8:	20 e0       	ldi	r18, 0x00	; 0
    23aa:	30 e0       	ldi	r19, 0x00	; 0
    23ac:	40 e2       	ldi	r20, 0x20	; 32
    23ae:	51 e4       	ldi	r21, 0x41	; 65
    23b0:	0e 94 17 02 	call	0x42e	; 0x42e <__mulsf3>
    23b4:	dc 01       	movw	r26, r24
    23b6:	cb 01       	movw	r24, r22
    23b8:	bc 01       	movw	r22, r24
    23ba:	cd 01       	movw	r24, r26
    23bc:	0e 94 41 00 	call	0x82	; 0x82 <__fixunssfsi>
    23c0:	dc 01       	movw	r26, r24
    23c2:	cb 01       	movw	r24, r22
    23c4:	9e 83       	std	Y+6, r25	; 0x06
    23c6:	8d 83       	std	Y+5, r24	; 0x05
    23c8:	0f c0       	rjmp	.+30     	; 0x23e8 <LCD_vidInit+0x606>
    23ca:	88 ec       	ldi	r24, 0xC8	; 200
    23cc:	90 e0       	ldi	r25, 0x00	; 0
    23ce:	9c 83       	std	Y+4, r25	; 0x04
    23d0:	8b 83       	std	Y+3, r24	; 0x03
    23d2:	8b 81       	ldd	r24, Y+3	; 0x03
    23d4:	9c 81       	ldd	r25, Y+4	; 0x04
    23d6:	01 97       	sbiw	r24, 0x01	; 1
    23d8:	f1 f7       	brne	.-4      	; 0x23d6 <LCD_vidInit+0x5f4>
    23da:	9c 83       	std	Y+4, r25	; 0x04
    23dc:	8b 83       	std	Y+3, r24	; 0x03
		while(__ticks)
		{
			// wait 1/10 ms
			_delay_loop_2(((F_CPU) / 4e3) / 10);
			__ticks --;
    23de:	8d 81       	ldd	r24, Y+5	; 0x05
    23e0:	9e 81       	ldd	r25, Y+6	; 0x06
    23e2:	01 97       	sbiw	r24, 0x01	; 1
    23e4:	9e 83       	std	Y+6, r25	; 0x06
    23e6:	8d 83       	std	Y+5, r24	; 0x05
		__ticks = 1;
	else if (__tmp > 65535)
	{
		//	__ticks = requested delay in 1/10 ms
		__ticks = (uint16_t) (__ms * 10.0);
		while(__ticks)
    23e8:	8d 81       	ldd	r24, Y+5	; 0x05
    23ea:	9e 81       	ldd	r25, Y+6	; 0x06
    23ec:	00 97       	sbiw	r24, 0x00	; 0
    23ee:	69 f7       	brne	.-38     	; 0x23ca <LCD_vidInit+0x5e8>
    23f0:	14 c0       	rjmp	.+40     	; 0x241a <LCD_vidInit+0x638>
			__ticks --;
		}
		return;
	}
	else
		__ticks = (uint16_t)__tmp;
    23f2:	6f 81       	ldd	r22, Y+7	; 0x07
    23f4:	78 85       	ldd	r23, Y+8	; 0x08
    23f6:	89 85       	ldd	r24, Y+9	; 0x09
    23f8:	9a 85       	ldd	r25, Y+10	; 0x0a
    23fa:	0e 94 41 00 	call	0x82	; 0x82 <__fixunssfsi>
    23fe:	dc 01       	movw	r26, r24
    2400:	cb 01       	movw	r24, r22
    2402:	9e 83       	std	Y+6, r25	; 0x06
    2404:	8d 83       	std	Y+5, r24	; 0x05
    2406:	8d 81       	ldd	r24, Y+5	; 0x05
    2408:	9e 81       	ldd	r25, Y+6	; 0x06
    240a:	9a 83       	std	Y+2, r25	; 0x02
    240c:	89 83       	std	Y+1, r24	; 0x01
    240e:	89 81       	ldd	r24, Y+1	; 0x01
    2410:	9a 81       	ldd	r25, Y+2	; 0x02
    2412:	01 97       	sbiw	r24, 0x01	; 1
    2414:	f1 f7       	brne	.-4      	; 0x2412 <LCD_vidInit+0x630>
    2416:	9a 83       	std	Y+2, r25	; 0x02
    2418:	89 83       	std	Y+1, r24	; 0x01
	_delay_ms(2);

}
    241a:	cc 5a       	subi	r28, 0xAC	; 172
    241c:	df 4f       	sbci	r29, 0xFF	; 255
    241e:	0f b6       	in	r0, 0x3f	; 63
    2420:	f8 94       	cli
    2422:	de bf       	out	0x3e, r29	; 62
    2424:	0f be       	out	0x3f, r0	; 63
    2426:	cd bf       	out	0x3d, r28	; 61
    2428:	cf 91       	pop	r28
    242a:	df 91       	pop	r29
    242c:	1f 91       	pop	r17
    242e:	0f 91       	pop	r16
    2430:	08 95       	ret

00002432 <LCD_vidSendCommand>:
/* Description! Interface to send the configuration commands to the LCD Driver         */
/* Input      ! Command number                                                         */
/* Output     ! Nothing                                                                */
/***************************************************************************************/
void LCD_vidSendCommand(u8 u8CmdCpy)
{
    2432:	df 93       	push	r29
    2434:	cf 93       	push	r28
    2436:	cd b7       	in	r28, 0x3d	; 61
    2438:	de b7       	in	r29, 0x3e	; 62
    243a:	6d 97       	sbiw	r28, 0x1d	; 29
    243c:	0f b6       	in	r0, 0x3f	; 63
    243e:	f8 94       	cli
    2440:	de bf       	out	0x3e, r29	; 62
    2442:	0f be       	out	0x3f, r0	; 63
    2444:	cd bf       	out	0x3d, r28	; 61
    2446:	8d 8f       	std	Y+29, r24	; 0x1d

	/* Set RS to LOW */
	DIO_SetPinValue(PORTB, 0, LOW);
    2448:	81 e0       	ldi	r24, 0x01	; 1
    244a:	60 e0       	ldi	r22, 0x00	; 0
    244c:	40 e0       	ldi	r20, 0x00	; 0
    244e:	0e 94 d0 07 	call	0xfa0	; 0xfa0 <DIO_SetPinValue>

	/* Set R/W to LOW */
	DIO_SetPinValue(PORTB, 1, LOW);
    2452:	81 e0       	ldi	r24, 0x01	; 1
    2454:	61 e0       	ldi	r22, 0x01	; 1
    2456:	40 e0       	ldi	r20, 0x00	; 0
    2458:	0e 94 d0 07 	call	0xfa0	; 0xfa0 <DIO_SetPinValue>

	/* Set E to HIGH  */
	DIO_SetPinValue(PORTB, 2, HIGH);
    245c:	81 e0       	ldi	r24, 0x01	; 1
    245e:	62 e0       	ldi	r22, 0x02	; 2
    2460:	41 e0       	ldi	r20, 0x01	; 1
    2462:	0e 94 d0 07 	call	0xfa0	; 0xfa0 <DIO_SetPinValue>

	/* Load Command on Data bus */
	DIO_SetPortValue(PORTC, u8CmdCpy);
    2466:	82 e0       	ldi	r24, 0x02	; 2
    2468:	6d 8d       	ldd	r22, Y+29	; 0x1d
    246a:	0e 94 a5 0a 	call	0x154a	; 0x154a <DIO_SetPortValue>

	/* Set E to LOW */
	DIO_SetPinValue(PORTB, 2, LOW);
    246e:	81 e0       	ldi	r24, 0x01	; 1
    2470:	62 e0       	ldi	r22, 0x02	; 2
    2472:	40 e0       	ldi	r20, 0x00	; 0
    2474:	0e 94 d0 07 	call	0xfa0	; 0xfa0 <DIO_SetPinValue>
    2478:	80 e0       	ldi	r24, 0x00	; 0
    247a:	90 e0       	ldi	r25, 0x00	; 0
    247c:	a0 ea       	ldi	r26, 0xA0	; 160
    247e:	b0 e4       	ldi	r27, 0x40	; 64
    2480:	89 8f       	std	Y+25, r24	; 0x19
    2482:	9a 8f       	std	Y+26, r25	; 0x1a
    2484:	ab 8f       	std	Y+27, r26	; 0x1b
    2486:	bc 8f       	std	Y+28, r27	; 0x1c
 */
void
_delay_ms(double __ms)
{
	uint16_t __ticks;
	double __tmp = ((F_CPU) / 4e3) * __ms;
    2488:	69 8d       	ldd	r22, Y+25	; 0x19
    248a:	7a 8d       	ldd	r23, Y+26	; 0x1a
    248c:	8b 8d       	ldd	r24, Y+27	; 0x1b
    248e:	9c 8d       	ldd	r25, Y+28	; 0x1c
    2490:	20 e0       	ldi	r18, 0x00	; 0
    2492:	30 e0       	ldi	r19, 0x00	; 0
    2494:	4a ef       	ldi	r20, 0xFA	; 250
    2496:	54 e4       	ldi	r21, 0x44	; 68
    2498:	0e 94 17 02 	call	0x42e	; 0x42e <__mulsf3>
    249c:	dc 01       	movw	r26, r24
    249e:	cb 01       	movw	r24, r22
    24a0:	8d 8b       	std	Y+21, r24	; 0x15
    24a2:	9e 8b       	std	Y+22, r25	; 0x16
    24a4:	af 8b       	std	Y+23, r26	; 0x17
    24a6:	b8 8f       	std	Y+24, r27	; 0x18
	if (__tmp < 1.0)
    24a8:	6d 89       	ldd	r22, Y+21	; 0x15
    24aa:	7e 89       	ldd	r23, Y+22	; 0x16
    24ac:	8f 89       	ldd	r24, Y+23	; 0x17
    24ae:	98 8d       	ldd	r25, Y+24	; 0x18
    24b0:	20 e0       	ldi	r18, 0x00	; 0
    24b2:	30 e0       	ldi	r19, 0x00	; 0
    24b4:	40 e8       	ldi	r20, 0x80	; 128
    24b6:	5f e3       	ldi	r21, 0x3F	; 63
    24b8:	0e 94 71 03 	call	0x6e2	; 0x6e2 <__ltsf2>
    24bc:	88 23       	and	r24, r24
    24be:	2c f4       	brge	.+10     	; 0x24ca <LCD_vidSendCommand+0x98>
		__ticks = 1;
    24c0:	81 e0       	ldi	r24, 0x01	; 1
    24c2:	90 e0       	ldi	r25, 0x00	; 0
    24c4:	9c 8b       	std	Y+20, r25	; 0x14
    24c6:	8b 8b       	std	Y+19, r24	; 0x13
    24c8:	3f c0       	rjmp	.+126    	; 0x2548 <LCD_vidSendCommand+0x116>
	else if (__tmp > 65535)
    24ca:	6d 89       	ldd	r22, Y+21	; 0x15
    24cc:	7e 89       	ldd	r23, Y+22	; 0x16
    24ce:	8f 89       	ldd	r24, Y+23	; 0x17
    24d0:	98 8d       	ldd	r25, Y+24	; 0x18
    24d2:	20 e0       	ldi	r18, 0x00	; 0
    24d4:	3f ef       	ldi	r19, 0xFF	; 255
    24d6:	4f e7       	ldi	r20, 0x7F	; 127
    24d8:	57 e4       	ldi	r21, 0x47	; 71
    24da:	0e 94 11 03 	call	0x622	; 0x622 <__gtsf2>
    24de:	18 16       	cp	r1, r24
    24e0:	4c f5       	brge	.+82     	; 0x2534 <LCD_vidSendCommand+0x102>
	{
		//	__ticks = requested delay in 1/10 ms
		__ticks = (uint16_t) (__ms * 10.0);
    24e2:	69 8d       	ldd	r22, Y+25	; 0x19
    24e4:	7a 8d       	ldd	r23, Y+26	; 0x1a
    24e6:	8b 8d       	ldd	r24, Y+27	; 0x1b
    24e8:	9c 8d       	ldd	r25, Y+28	; 0x1c
    24ea:	20 e0       	ldi	r18, 0x00	; 0
    24ec:	30 e0       	ldi	r19, 0x00	; 0
    24ee:	40 e2       	ldi	r20, 0x20	; 32
    24f0:	51 e4       	ldi	r21, 0x41	; 65
    24f2:	0e 94 17 02 	call	0x42e	; 0x42e <__mulsf3>
    24f6:	dc 01       	movw	r26, r24
    24f8:	cb 01       	movw	r24, r22
    24fa:	bc 01       	movw	r22, r24
    24fc:	cd 01       	movw	r24, r26
    24fe:	0e 94 41 00 	call	0x82	; 0x82 <__fixunssfsi>
    2502:	dc 01       	movw	r26, r24
    2504:	cb 01       	movw	r24, r22
    2506:	9c 8b       	std	Y+20, r25	; 0x14
    2508:	8b 8b       	std	Y+19, r24	; 0x13
    250a:	0f c0       	rjmp	.+30     	; 0x252a <LCD_vidSendCommand+0xf8>
    250c:	88 ec       	ldi	r24, 0xC8	; 200
    250e:	90 e0       	ldi	r25, 0x00	; 0
    2510:	9a 8b       	std	Y+18, r25	; 0x12
    2512:	89 8b       	std	Y+17, r24	; 0x11
    2514:	89 89       	ldd	r24, Y+17	; 0x11
    2516:	9a 89       	ldd	r25, Y+18	; 0x12
    2518:	01 97       	sbiw	r24, 0x01	; 1
    251a:	f1 f7       	brne	.-4      	; 0x2518 <LCD_vidSendCommand+0xe6>
    251c:	9a 8b       	std	Y+18, r25	; 0x12
    251e:	89 8b       	std	Y+17, r24	; 0x11
		while(__ticks)
		{
			// wait 1/10 ms
			_delay_loop_2(((F_CPU) / 4e3) / 10);
			__ticks --;
    2520:	8b 89       	ldd	r24, Y+19	; 0x13
    2522:	9c 89       	ldd	r25, Y+20	; 0x14
    2524:	01 97       	sbiw	r24, 0x01	; 1
    2526:	9c 8b       	std	Y+20, r25	; 0x14
    2528:	8b 8b       	std	Y+19, r24	; 0x13
		__ticks = 1;
	else if (__tmp > 65535)
	{
		//	__ticks = requested delay in 1/10 ms
		__ticks = (uint16_t) (__ms * 10.0);
		while(__ticks)
    252a:	8b 89       	ldd	r24, Y+19	; 0x13
    252c:	9c 89       	ldd	r25, Y+20	; 0x14
    252e:	00 97       	sbiw	r24, 0x00	; 0
    2530:	69 f7       	brne	.-38     	; 0x250c <LCD_vidSendCommand+0xda>
    2532:	14 c0       	rjmp	.+40     	; 0x255c <LCD_vidSendCommand+0x12a>
			__ticks --;
		}
		return;
	}
	else
		__ticks = (uint16_t)__tmp;
    2534:	6d 89       	ldd	r22, Y+21	; 0x15
    2536:	7e 89       	ldd	r23, Y+22	; 0x16
    2538:	8f 89       	ldd	r24, Y+23	; 0x17
    253a:	98 8d       	ldd	r25, Y+24	; 0x18
    253c:	0e 94 41 00 	call	0x82	; 0x82 <__fixunssfsi>
    2540:	dc 01       	movw	r26, r24
    2542:	cb 01       	movw	r24, r22
    2544:	9c 8b       	std	Y+20, r25	; 0x14
    2546:	8b 8b       	std	Y+19, r24	; 0x13
    2548:	8b 89       	ldd	r24, Y+19	; 0x13
    254a:	9c 89       	ldd	r25, Y+20	; 0x14
    254c:	98 8b       	std	Y+16, r25	; 0x10
    254e:	8f 87       	std	Y+15, r24	; 0x0f
    2550:	8f 85       	ldd	r24, Y+15	; 0x0f
    2552:	98 89       	ldd	r25, Y+16	; 0x10
    2554:	01 97       	sbiw	r24, 0x01	; 1
    2556:	f1 f7       	brne	.-4      	; 0x2554 <LCD_vidSendCommand+0x122>
    2558:	98 8b       	std	Y+16, r25	; 0x10
    255a:	8f 87       	std	Y+15, r24	; 0x0f

	/* Wait for E to settle */
	_delay_ms(5);

	/* Set E to HIGH */
	DIO_SetPinValue(PORTB, 2, HIGH);
    255c:	81 e0       	ldi	r24, 0x01	; 1
    255e:	62 e0       	ldi	r22, 0x02	; 2
    2560:	41 e0       	ldi	r20, 0x01	; 1
    2562:	0e 94 d0 07 	call	0xfa0	; 0xfa0 <DIO_SetPinValue>
    2566:	80 e0       	ldi	r24, 0x00	; 0
    2568:	90 e0       	ldi	r25, 0x00	; 0
    256a:	a0 e2       	ldi	r26, 0x20	; 32
    256c:	b1 e4       	ldi	r27, 0x41	; 65
    256e:	8b 87       	std	Y+11, r24	; 0x0b
    2570:	9c 87       	std	Y+12, r25	; 0x0c
    2572:	ad 87       	std	Y+13, r26	; 0x0d
    2574:	be 87       	std	Y+14, r27	; 0x0e
 */
void
_delay_ms(double __ms)
{
	uint16_t __ticks;
	double __tmp = ((F_CPU) / 4e3) * __ms;
    2576:	6b 85       	ldd	r22, Y+11	; 0x0b
    2578:	7c 85       	ldd	r23, Y+12	; 0x0c
    257a:	8d 85       	ldd	r24, Y+13	; 0x0d
    257c:	9e 85       	ldd	r25, Y+14	; 0x0e
    257e:	20 e0       	ldi	r18, 0x00	; 0
    2580:	30 e0       	ldi	r19, 0x00	; 0
    2582:	4a ef       	ldi	r20, 0xFA	; 250
    2584:	54 e4       	ldi	r21, 0x44	; 68
    2586:	0e 94 17 02 	call	0x42e	; 0x42e <__mulsf3>
    258a:	dc 01       	movw	r26, r24
    258c:	cb 01       	movw	r24, r22
    258e:	8f 83       	std	Y+7, r24	; 0x07
    2590:	98 87       	std	Y+8, r25	; 0x08
    2592:	a9 87       	std	Y+9, r26	; 0x09
    2594:	ba 87       	std	Y+10, r27	; 0x0a
	if (__tmp < 1.0)
    2596:	6f 81       	ldd	r22, Y+7	; 0x07
    2598:	78 85       	ldd	r23, Y+8	; 0x08
    259a:	89 85       	ldd	r24, Y+9	; 0x09
    259c:	9a 85       	ldd	r25, Y+10	; 0x0a
    259e:	20 e0       	ldi	r18, 0x00	; 0
    25a0:	30 e0       	ldi	r19, 0x00	; 0
    25a2:	40 e8       	ldi	r20, 0x80	; 128
    25a4:	5f e3       	ldi	r21, 0x3F	; 63
    25a6:	0e 94 71 03 	call	0x6e2	; 0x6e2 <__ltsf2>
    25aa:	88 23       	and	r24, r24
    25ac:	2c f4       	brge	.+10     	; 0x25b8 <LCD_vidSendCommand+0x186>
		__ticks = 1;
    25ae:	81 e0       	ldi	r24, 0x01	; 1
    25b0:	90 e0       	ldi	r25, 0x00	; 0
    25b2:	9e 83       	std	Y+6, r25	; 0x06
    25b4:	8d 83       	std	Y+5, r24	; 0x05
    25b6:	3f c0       	rjmp	.+126    	; 0x2636 <LCD_vidSendCommand+0x204>
	else if (__tmp > 65535)
    25b8:	6f 81       	ldd	r22, Y+7	; 0x07
    25ba:	78 85       	ldd	r23, Y+8	; 0x08
    25bc:	89 85       	ldd	r24, Y+9	; 0x09
    25be:	9a 85       	ldd	r25, Y+10	; 0x0a
    25c0:	20 e0       	ldi	r18, 0x00	; 0
    25c2:	3f ef       	ldi	r19, 0xFF	; 255
    25c4:	4f e7       	ldi	r20, 0x7F	; 127
    25c6:	57 e4       	ldi	r21, 0x47	; 71
    25c8:	0e 94 11 03 	call	0x622	; 0x622 <__gtsf2>
    25cc:	18 16       	cp	r1, r24
    25ce:	4c f5       	brge	.+82     	; 0x2622 <LCD_vidSendCommand+0x1f0>
	{
		//	__ticks = requested delay in 1/10 ms
		__ticks = (uint16_t) (__ms * 10.0);
    25d0:	6b 85       	ldd	r22, Y+11	; 0x0b
    25d2:	7c 85       	ldd	r23, Y+12	; 0x0c
    25d4:	8d 85       	ldd	r24, Y+13	; 0x0d
    25d6:	9e 85       	ldd	r25, Y+14	; 0x0e
    25d8:	20 e0       	ldi	r18, 0x00	; 0
    25da:	30 e0       	ldi	r19, 0x00	; 0
    25dc:	40 e2       	ldi	r20, 0x20	; 32
    25de:	51 e4       	ldi	r21, 0x41	; 65
    25e0:	0e 94 17 02 	call	0x42e	; 0x42e <__mulsf3>
    25e4:	dc 01       	movw	r26, r24
    25e6:	cb 01       	movw	r24, r22
    25e8:	bc 01       	movw	r22, r24
    25ea:	cd 01       	movw	r24, r26
    25ec:	0e 94 41 00 	call	0x82	; 0x82 <__fixunssfsi>
    25f0:	dc 01       	movw	r26, r24
    25f2:	cb 01       	movw	r24, r22
    25f4:	9e 83       	std	Y+6, r25	; 0x06
    25f6:	8d 83       	std	Y+5, r24	; 0x05
    25f8:	0f c0       	rjmp	.+30     	; 0x2618 <LCD_vidSendCommand+0x1e6>
    25fa:	88 ec       	ldi	r24, 0xC8	; 200
    25fc:	90 e0       	ldi	r25, 0x00	; 0
    25fe:	9c 83       	std	Y+4, r25	; 0x04
    2600:	8b 83       	std	Y+3, r24	; 0x03
    2602:	8b 81       	ldd	r24, Y+3	; 0x03
    2604:	9c 81       	ldd	r25, Y+4	; 0x04
    2606:	01 97       	sbiw	r24, 0x01	; 1
    2608:	f1 f7       	brne	.-4      	; 0x2606 <LCD_vidSendCommand+0x1d4>
    260a:	9c 83       	std	Y+4, r25	; 0x04
    260c:	8b 83       	std	Y+3, r24	; 0x03
		while(__ticks)
		{
			// wait 1/10 ms
			_delay_loop_2(((F_CPU) / 4e3) / 10);
			__ticks --;
    260e:	8d 81       	ldd	r24, Y+5	; 0x05
    2610:	9e 81       	ldd	r25, Y+6	; 0x06
    2612:	01 97       	sbiw	r24, 0x01	; 1
    2614:	9e 83       	std	Y+6, r25	; 0x06
    2616:	8d 83       	std	Y+5, r24	; 0x05
		__ticks = 1;
	else if (__tmp > 65535)
	{
		//	__ticks = requested delay in 1/10 ms
		__ticks = (uint16_t) (__ms * 10.0);
		while(__ticks)
    2618:	8d 81       	ldd	r24, Y+5	; 0x05
    261a:	9e 81       	ldd	r25, Y+6	; 0x06
    261c:	00 97       	sbiw	r24, 0x00	; 0
    261e:	69 f7       	brne	.-38     	; 0x25fa <LCD_vidSendCommand+0x1c8>
    2620:	14 c0       	rjmp	.+40     	; 0x264a <LCD_vidSendCommand+0x218>
			__ticks --;
		}
		return;
	}
	else
		__ticks = (uint16_t)__tmp;
    2622:	6f 81       	ldd	r22, Y+7	; 0x07
    2624:	78 85       	ldd	r23, Y+8	; 0x08
    2626:	89 85       	ldd	r24, Y+9	; 0x09
    2628:	9a 85       	ldd	r25, Y+10	; 0x0a
    262a:	0e 94 41 00 	call	0x82	; 0x82 <__fixunssfsi>
    262e:	dc 01       	movw	r26, r24
    2630:	cb 01       	movw	r24, r22
    2632:	9e 83       	std	Y+6, r25	; 0x06
    2634:	8d 83       	std	Y+5, r24	; 0x05
    2636:	8d 81       	ldd	r24, Y+5	; 0x05
    2638:	9e 81       	ldd	r25, Y+6	; 0x06
    263a:	9a 83       	std	Y+2, r25	; 0x02
    263c:	89 83       	std	Y+1, r24	; 0x01
    263e:	89 81       	ldd	r24, Y+1	; 0x01
    2640:	9a 81       	ldd	r25, Y+2	; 0x02
    2642:	01 97       	sbiw	r24, 0x01	; 1
    2644:	f1 f7       	brne	.-4      	; 0x2642 <LCD_vidSendCommand+0x210>
    2646:	9a 83       	std	Y+2, r25	; 0x02
    2648:	89 83       	std	Y+1, r24	; 0x01

	/* Delay for 10ms to let the LCD execute command */
	_delay_ms(10);

}
    264a:	6d 96       	adiw	r28, 0x1d	; 29
    264c:	0f b6       	in	r0, 0x3f	; 63
    264e:	f8 94       	cli
    2650:	de bf       	out	0x3e, r29	; 62
    2652:	0f be       	out	0x3f, r0	; 63
    2654:	cd bf       	out	0x3d, r28	; 61
    2656:	cf 91       	pop	r28
    2658:	df 91       	pop	r29
    265a:	08 95       	ret

0000265c <LCD_vidWriteCharctr>:
/* Description! Interface to write character on LCD screen                             */
/* Input      ! Data to send                                                           */
/* Output     ! Nothing                                                                */
/***************************************************************************************/
void LCD_vidWriteCharctr(u8 u8DataCpy)
{
    265c:	df 93       	push	r29
    265e:	cf 93       	push	r28
    2660:	cd b7       	in	r28, 0x3d	; 61
    2662:	de b7       	in	r29, 0x3e	; 62
    2664:	6d 97       	sbiw	r28, 0x1d	; 29
    2666:	0f b6       	in	r0, 0x3f	; 63
    2668:	f8 94       	cli
    266a:	de bf       	out	0x3e, r29	; 62
    266c:	0f be       	out	0x3f, r0	; 63
    266e:	cd bf       	out	0x3d, r28	; 61
    2670:	8d 8f       	std	Y+29, r24	; 0x1d
	/* Set RS to HIG */
	DIO_SetPinValue(PORTB, 0, HIGH);
    2672:	81 e0       	ldi	r24, 0x01	; 1
    2674:	60 e0       	ldi	r22, 0x00	; 0
    2676:	41 e0       	ldi	r20, 0x01	; 1
    2678:	0e 94 d0 07 	call	0xfa0	; 0xfa0 <DIO_SetPinValue>

	/* Set R/W to LOW */
	DIO_SetPinValue(PORTB, 1, LOW);
    267c:	81 e0       	ldi	r24, 0x01	; 1
    267e:	61 e0       	ldi	r22, 0x01	; 1
    2680:	40 e0       	ldi	r20, 0x00	; 0
    2682:	0e 94 d0 07 	call	0xfa0	; 0xfa0 <DIO_SetPinValue>

	/* Set E to HIGH */
	DIO_SetPinValue(PORTB, 2, HIGH);
    2686:	81 e0       	ldi	r24, 0x01	; 1
    2688:	62 e0       	ldi	r22, 0x02	; 2
    268a:	41 e0       	ldi	r20, 0x01	; 1
    268c:	0e 94 d0 07 	call	0xfa0	; 0xfa0 <DIO_SetPinValue>

	/* Load Command on Data bus */
	DIO_SetPortValue(PORTC, u8DataCpy);
    2690:	82 e0       	ldi	r24, 0x02	; 2
    2692:	6d 8d       	ldd	r22, Y+29	; 0x1d
    2694:	0e 94 a5 0a 	call	0x154a	; 0x154a <DIO_SetPortValue>

	/* Set E to LOW */
	DIO_SetPinValue(PORTB, 2, LOW);
    2698:	81 e0       	ldi	r24, 0x01	; 1
    269a:	62 e0       	ldi	r22, 0x02	; 2
    269c:	40 e0       	ldi	r20, 0x00	; 0
    269e:	0e 94 d0 07 	call	0xfa0	; 0xfa0 <DIO_SetPinValue>
    26a2:	80 e0       	ldi	r24, 0x00	; 0
    26a4:	90 e0       	ldi	r25, 0x00	; 0
    26a6:	a0 ea       	ldi	r26, 0xA0	; 160
    26a8:	b0 e4       	ldi	r27, 0x40	; 64
    26aa:	89 8f       	std	Y+25, r24	; 0x19
    26ac:	9a 8f       	std	Y+26, r25	; 0x1a
    26ae:	ab 8f       	std	Y+27, r26	; 0x1b
    26b0:	bc 8f       	std	Y+28, r27	; 0x1c
 */
void
_delay_ms(double __ms)
{
	uint16_t __ticks;
	double __tmp = ((F_CPU) / 4e3) * __ms;
    26b2:	69 8d       	ldd	r22, Y+25	; 0x19
    26b4:	7a 8d       	ldd	r23, Y+26	; 0x1a
    26b6:	8b 8d       	ldd	r24, Y+27	; 0x1b
    26b8:	9c 8d       	ldd	r25, Y+28	; 0x1c
    26ba:	20 e0       	ldi	r18, 0x00	; 0
    26bc:	30 e0       	ldi	r19, 0x00	; 0
    26be:	4a ef       	ldi	r20, 0xFA	; 250
    26c0:	54 e4       	ldi	r21, 0x44	; 68
    26c2:	0e 94 17 02 	call	0x42e	; 0x42e <__mulsf3>
    26c6:	dc 01       	movw	r26, r24
    26c8:	cb 01       	movw	r24, r22
    26ca:	8d 8b       	std	Y+21, r24	; 0x15
    26cc:	9e 8b       	std	Y+22, r25	; 0x16
    26ce:	af 8b       	std	Y+23, r26	; 0x17
    26d0:	b8 8f       	std	Y+24, r27	; 0x18
	if (__tmp < 1.0)
    26d2:	6d 89       	ldd	r22, Y+21	; 0x15
    26d4:	7e 89       	ldd	r23, Y+22	; 0x16
    26d6:	8f 89       	ldd	r24, Y+23	; 0x17
    26d8:	98 8d       	ldd	r25, Y+24	; 0x18
    26da:	20 e0       	ldi	r18, 0x00	; 0
    26dc:	30 e0       	ldi	r19, 0x00	; 0
    26de:	40 e8       	ldi	r20, 0x80	; 128
    26e0:	5f e3       	ldi	r21, 0x3F	; 63
    26e2:	0e 94 71 03 	call	0x6e2	; 0x6e2 <__ltsf2>
    26e6:	88 23       	and	r24, r24
    26e8:	2c f4       	brge	.+10     	; 0x26f4 <LCD_vidWriteCharctr+0x98>
		__ticks = 1;
    26ea:	81 e0       	ldi	r24, 0x01	; 1
    26ec:	90 e0       	ldi	r25, 0x00	; 0
    26ee:	9c 8b       	std	Y+20, r25	; 0x14
    26f0:	8b 8b       	std	Y+19, r24	; 0x13
    26f2:	3f c0       	rjmp	.+126    	; 0x2772 <LCD_vidWriteCharctr+0x116>
	else if (__tmp > 65535)
    26f4:	6d 89       	ldd	r22, Y+21	; 0x15
    26f6:	7e 89       	ldd	r23, Y+22	; 0x16
    26f8:	8f 89       	ldd	r24, Y+23	; 0x17
    26fa:	98 8d       	ldd	r25, Y+24	; 0x18
    26fc:	20 e0       	ldi	r18, 0x00	; 0
    26fe:	3f ef       	ldi	r19, 0xFF	; 255
    2700:	4f e7       	ldi	r20, 0x7F	; 127
    2702:	57 e4       	ldi	r21, 0x47	; 71
    2704:	0e 94 11 03 	call	0x622	; 0x622 <__gtsf2>
    2708:	18 16       	cp	r1, r24
    270a:	4c f5       	brge	.+82     	; 0x275e <LCD_vidWriteCharctr+0x102>
	{
		//	__ticks = requested delay in 1/10 ms
		__ticks = (uint16_t) (__ms * 10.0);
    270c:	69 8d       	ldd	r22, Y+25	; 0x19
    270e:	7a 8d       	ldd	r23, Y+26	; 0x1a
    2710:	8b 8d       	ldd	r24, Y+27	; 0x1b
    2712:	9c 8d       	ldd	r25, Y+28	; 0x1c
    2714:	20 e0       	ldi	r18, 0x00	; 0
    2716:	30 e0       	ldi	r19, 0x00	; 0
    2718:	40 e2       	ldi	r20, 0x20	; 32
    271a:	51 e4       	ldi	r21, 0x41	; 65
    271c:	0e 94 17 02 	call	0x42e	; 0x42e <__mulsf3>
    2720:	dc 01       	movw	r26, r24
    2722:	cb 01       	movw	r24, r22
    2724:	bc 01       	movw	r22, r24
    2726:	cd 01       	movw	r24, r26
    2728:	0e 94 41 00 	call	0x82	; 0x82 <__fixunssfsi>
    272c:	dc 01       	movw	r26, r24
    272e:	cb 01       	movw	r24, r22
    2730:	9c 8b       	std	Y+20, r25	; 0x14
    2732:	8b 8b       	std	Y+19, r24	; 0x13
    2734:	0f c0       	rjmp	.+30     	; 0x2754 <LCD_vidWriteCharctr+0xf8>
    2736:	88 ec       	ldi	r24, 0xC8	; 200
    2738:	90 e0       	ldi	r25, 0x00	; 0
    273a:	9a 8b       	std	Y+18, r25	; 0x12
    273c:	89 8b       	std	Y+17, r24	; 0x11
    273e:	89 89       	ldd	r24, Y+17	; 0x11
    2740:	9a 89       	ldd	r25, Y+18	; 0x12
    2742:	01 97       	sbiw	r24, 0x01	; 1
    2744:	f1 f7       	brne	.-4      	; 0x2742 <LCD_vidWriteCharctr+0xe6>
    2746:	9a 8b       	std	Y+18, r25	; 0x12
    2748:	89 8b       	std	Y+17, r24	; 0x11
		while(__ticks)
		{
			// wait 1/10 ms
			_delay_loop_2(((F_CPU) / 4e3) / 10);
			__ticks --;
    274a:	8b 89       	ldd	r24, Y+19	; 0x13
    274c:	9c 89       	ldd	r25, Y+20	; 0x14
    274e:	01 97       	sbiw	r24, 0x01	; 1
    2750:	9c 8b       	std	Y+20, r25	; 0x14
    2752:	8b 8b       	std	Y+19, r24	; 0x13
		__ticks = 1;
	else if (__tmp > 65535)
	{
		//	__ticks = requested delay in 1/10 ms
		__ticks = (uint16_t) (__ms * 10.0);
		while(__ticks)
    2754:	8b 89       	ldd	r24, Y+19	; 0x13
    2756:	9c 89       	ldd	r25, Y+20	; 0x14
    2758:	00 97       	sbiw	r24, 0x00	; 0
    275a:	69 f7       	brne	.-38     	; 0x2736 <LCD_vidWriteCharctr+0xda>
    275c:	14 c0       	rjmp	.+40     	; 0x2786 <LCD_vidWriteCharctr+0x12a>
			__ticks --;
		}
		return;
	}
	else
		__ticks = (uint16_t)__tmp;
    275e:	6d 89       	ldd	r22, Y+21	; 0x15
    2760:	7e 89       	ldd	r23, Y+22	; 0x16
    2762:	8f 89       	ldd	r24, Y+23	; 0x17
    2764:	98 8d       	ldd	r25, Y+24	; 0x18
    2766:	0e 94 41 00 	call	0x82	; 0x82 <__fixunssfsi>
    276a:	dc 01       	movw	r26, r24
    276c:	cb 01       	movw	r24, r22
    276e:	9c 8b       	std	Y+20, r25	; 0x14
    2770:	8b 8b       	std	Y+19, r24	; 0x13
    2772:	8b 89       	ldd	r24, Y+19	; 0x13
    2774:	9c 89       	ldd	r25, Y+20	; 0x14
    2776:	98 8b       	std	Y+16, r25	; 0x10
    2778:	8f 87       	std	Y+15, r24	; 0x0f
    277a:	8f 85       	ldd	r24, Y+15	; 0x0f
    277c:	98 89       	ldd	r25, Y+16	; 0x10
    277e:	01 97       	sbiw	r24, 0x01	; 1
    2780:	f1 f7       	brne	.-4      	; 0x277e <LCD_vidWriteCharctr+0x122>
    2782:	98 8b       	std	Y+16, r25	; 0x10
    2784:	8f 87       	std	Y+15, r24	; 0x0f

	/* Wait for E to settle */
	_delay_ms(5);

	/* Set E to HIGH */
	DIO_SetPinValue(PORTB, 2, HIGH);
    2786:	81 e0       	ldi	r24, 0x01	; 1
    2788:	62 e0       	ldi	r22, 0x02	; 2
    278a:	41 e0       	ldi	r20, 0x01	; 1
    278c:	0e 94 d0 07 	call	0xfa0	; 0xfa0 <DIO_SetPinValue>
    2790:	80 e0       	ldi	r24, 0x00	; 0
    2792:	90 e0       	ldi	r25, 0x00	; 0
    2794:	a0 e2       	ldi	r26, 0x20	; 32
    2796:	b1 e4       	ldi	r27, 0x41	; 65
    2798:	8b 87       	std	Y+11, r24	; 0x0b
    279a:	9c 87       	std	Y+12, r25	; 0x0c
    279c:	ad 87       	std	Y+13, r26	; 0x0d
    279e:	be 87       	std	Y+14, r27	; 0x0e
 */
void
_delay_ms(double __ms)
{
	uint16_t __ticks;
	double __tmp = ((F_CPU) / 4e3) * __ms;
    27a0:	6b 85       	ldd	r22, Y+11	; 0x0b
    27a2:	7c 85       	ldd	r23, Y+12	; 0x0c
    27a4:	8d 85       	ldd	r24, Y+13	; 0x0d
    27a6:	9e 85       	ldd	r25, Y+14	; 0x0e
    27a8:	20 e0       	ldi	r18, 0x00	; 0
    27aa:	30 e0       	ldi	r19, 0x00	; 0
    27ac:	4a ef       	ldi	r20, 0xFA	; 250
    27ae:	54 e4       	ldi	r21, 0x44	; 68
    27b0:	0e 94 17 02 	call	0x42e	; 0x42e <__mulsf3>
    27b4:	dc 01       	movw	r26, r24
    27b6:	cb 01       	movw	r24, r22
    27b8:	8f 83       	std	Y+7, r24	; 0x07
    27ba:	98 87       	std	Y+8, r25	; 0x08
    27bc:	a9 87       	std	Y+9, r26	; 0x09
    27be:	ba 87       	std	Y+10, r27	; 0x0a
	if (__tmp < 1.0)
    27c0:	6f 81       	ldd	r22, Y+7	; 0x07
    27c2:	78 85       	ldd	r23, Y+8	; 0x08
    27c4:	89 85       	ldd	r24, Y+9	; 0x09
    27c6:	9a 85       	ldd	r25, Y+10	; 0x0a
    27c8:	20 e0       	ldi	r18, 0x00	; 0
    27ca:	30 e0       	ldi	r19, 0x00	; 0
    27cc:	40 e8       	ldi	r20, 0x80	; 128
    27ce:	5f e3       	ldi	r21, 0x3F	; 63
    27d0:	0e 94 71 03 	call	0x6e2	; 0x6e2 <__ltsf2>
    27d4:	88 23       	and	r24, r24
    27d6:	2c f4       	brge	.+10     	; 0x27e2 <LCD_vidWriteCharctr+0x186>
		__ticks = 1;
    27d8:	81 e0       	ldi	r24, 0x01	; 1
    27da:	90 e0       	ldi	r25, 0x00	; 0
    27dc:	9e 83       	std	Y+6, r25	; 0x06
    27de:	8d 83       	std	Y+5, r24	; 0x05
    27e0:	3f c0       	rjmp	.+126    	; 0x2860 <LCD_vidWriteCharctr+0x204>
	else if (__tmp > 65535)
    27e2:	6f 81       	ldd	r22, Y+7	; 0x07
    27e4:	78 85       	ldd	r23, Y+8	; 0x08
    27e6:	89 85       	ldd	r24, Y+9	; 0x09
    27e8:	9a 85       	ldd	r25, Y+10	; 0x0a
    27ea:	20 e0       	ldi	r18, 0x00	; 0
    27ec:	3f ef       	ldi	r19, 0xFF	; 255
    27ee:	4f e7       	ldi	r20, 0x7F	; 127
    27f0:	57 e4       	ldi	r21, 0x47	; 71
    27f2:	0e 94 11 03 	call	0x622	; 0x622 <__gtsf2>
    27f6:	18 16       	cp	r1, r24
    27f8:	4c f5       	brge	.+82     	; 0x284c <LCD_vidWriteCharctr+0x1f0>
	{
		//	__ticks = requested delay in 1/10 ms
		__ticks = (uint16_t) (__ms * 10.0);
    27fa:	6b 85       	ldd	r22, Y+11	; 0x0b
    27fc:	7c 85       	ldd	r23, Y+12	; 0x0c
    27fe:	8d 85       	ldd	r24, Y+13	; 0x0d
    2800:	9e 85       	ldd	r25, Y+14	; 0x0e
    2802:	20 e0       	ldi	r18, 0x00	; 0
    2804:	30 e0       	ldi	r19, 0x00	; 0
    2806:	40 e2       	ldi	r20, 0x20	; 32
    2808:	51 e4       	ldi	r21, 0x41	; 65
    280a:	0e 94 17 02 	call	0x42e	; 0x42e <__mulsf3>
    280e:	dc 01       	movw	r26, r24
    2810:	cb 01       	movw	r24, r22
    2812:	bc 01       	movw	r22, r24
    2814:	cd 01       	movw	r24, r26
    2816:	0e 94 41 00 	call	0x82	; 0x82 <__fixunssfsi>
    281a:	dc 01       	movw	r26, r24
    281c:	cb 01       	movw	r24, r22
    281e:	9e 83       	std	Y+6, r25	; 0x06
    2820:	8d 83       	std	Y+5, r24	; 0x05
    2822:	0f c0       	rjmp	.+30     	; 0x2842 <LCD_vidWriteCharctr+0x1e6>
    2824:	88 ec       	ldi	r24, 0xC8	; 200
    2826:	90 e0       	ldi	r25, 0x00	; 0
    2828:	9c 83       	std	Y+4, r25	; 0x04
    282a:	8b 83       	std	Y+3, r24	; 0x03
    282c:	8b 81       	ldd	r24, Y+3	; 0x03
    282e:	9c 81       	ldd	r25, Y+4	; 0x04
    2830:	01 97       	sbiw	r24, 0x01	; 1
    2832:	f1 f7       	brne	.-4      	; 0x2830 <LCD_vidWriteCharctr+0x1d4>
    2834:	9c 83       	std	Y+4, r25	; 0x04
    2836:	8b 83       	std	Y+3, r24	; 0x03
		while(__ticks)
		{
			// wait 1/10 ms
			_delay_loop_2(((F_CPU) / 4e3) / 10);
			__ticks --;
    2838:	8d 81       	ldd	r24, Y+5	; 0x05
    283a:	9e 81       	ldd	r25, Y+6	; 0x06
    283c:	01 97       	sbiw	r24, 0x01	; 1
    283e:	9e 83       	std	Y+6, r25	; 0x06
    2840:	8d 83       	std	Y+5, r24	; 0x05
		__ticks = 1;
	else if (__tmp > 65535)
	{
		//	__ticks = requested delay in 1/10 ms
		__ticks = (uint16_t) (__ms * 10.0);
		while(__ticks)
    2842:	8d 81       	ldd	r24, Y+5	; 0x05
    2844:	9e 81       	ldd	r25, Y+6	; 0x06
    2846:	00 97       	sbiw	r24, 0x00	; 0
    2848:	69 f7       	brne	.-38     	; 0x2824 <LCD_vidWriteCharctr+0x1c8>
    284a:	14 c0       	rjmp	.+40     	; 0x2874 <LCD_vidWriteCharctr+0x218>
			__ticks --;
		}
		return;
	}
	else
		__ticks = (uint16_t)__tmp;
    284c:	6f 81       	ldd	r22, Y+7	; 0x07
    284e:	78 85       	ldd	r23, Y+8	; 0x08
    2850:	89 85       	ldd	r24, Y+9	; 0x09
    2852:	9a 85       	ldd	r25, Y+10	; 0x0a
    2854:	0e 94 41 00 	call	0x82	; 0x82 <__fixunssfsi>
    2858:	dc 01       	movw	r26, r24
    285a:	cb 01       	movw	r24, r22
    285c:	9e 83       	std	Y+6, r25	; 0x06
    285e:	8d 83       	std	Y+5, r24	; 0x05
    2860:	8d 81       	ldd	r24, Y+5	; 0x05
    2862:	9e 81       	ldd	r25, Y+6	; 0x06
    2864:	9a 83       	std	Y+2, r25	; 0x02
    2866:	89 83       	std	Y+1, r24	; 0x01
    2868:	89 81       	ldd	r24, Y+1	; 0x01
    286a:	9a 81       	ldd	r25, Y+2	; 0x02
    286c:	01 97       	sbiw	r24, 0x01	; 1
    286e:	f1 f7       	brne	.-4      	; 0x286c <LCD_vidWriteCharctr+0x210>
    2870:	9a 83       	std	Y+2, r25	; 0x02
    2872:	89 83       	std	Y+1, r24	; 0x01

	/* Delay to let the LCD Display the character */
	_delay_ms(10);

}
    2874:	6d 96       	adiw	r28, 0x1d	; 29
    2876:	0f b6       	in	r0, 0x3f	; 63
    2878:	f8 94       	cli
    287a:	de bf       	out	0x3e, r29	; 62
    287c:	0f be       	out	0x3f, r0	; 63
    287e:	cd bf       	out	0x3d, r28	; 61
    2880:	cf 91       	pop	r28
    2882:	df 91       	pop	r29
    2884:	08 95       	ret

00002886 <LCD_String_xy>:
/* Description! Interface to write string on LCD screen                                */
/* Input      ! Pointer to the string                                                  */
/* Output     ! Nothing                                                                */
/***************************************************************************************/
void LCD_String_xy (char row, char pos, char *str)	/* Send string to LCD function */
{
    2886:	df 93       	push	r29
    2888:	cf 93       	push	r28
    288a:	00 d0       	rcall	.+0      	; 0x288c <LCD_String_xy+0x6>
    288c:	00 d0       	rcall	.+0      	; 0x288e <LCD_String_xy+0x8>
    288e:	cd b7       	in	r28, 0x3d	; 61
    2890:	de b7       	in	r29, 0x3e	; 62
    2892:	89 83       	std	Y+1, r24	; 0x01
    2894:	6a 83       	std	Y+2, r22	; 0x02
    2896:	5c 83       	std	Y+4, r21	; 0x04
    2898:	4b 83       	std	Y+3, r20	; 0x03
	if (row == 1)
    289a:	89 81       	ldd	r24, Y+1	; 0x01
    289c:	81 30       	cpi	r24, 0x01	; 1
    289e:	31 f4       	brne	.+12     	; 0x28ac <LCD_String_xy+0x26>
		LCD_vidSendCommand((pos & 0x0F)|0x80);				/* Command of first row and required position<16 */
    28a0:	8a 81       	ldd	r24, Y+2	; 0x02
    28a2:	8f 70       	andi	r24, 0x0F	; 15
    28a4:	80 68       	ori	r24, 0x80	; 128
    28a6:	0e 94 19 12 	call	0x2432	; 0x2432 <LCD_vidSendCommand>
    28aa:	08 c0       	rjmp	.+16     	; 0x28bc <LCD_String_xy+0x36>
	else if (row == 2)
    28ac:	89 81       	ldd	r24, Y+1	; 0x01
    28ae:	82 30       	cpi	r24, 0x02	; 2
    28b0:	29 f4       	brne	.+10     	; 0x28bc <LCD_String_xy+0x36>
		LCD_vidSendCommand((pos & 0x0F)|0xC0);				/* Command of Second row and required position<16 */
    28b2:	8a 81       	ldd	r24, Y+2	; 0x02
    28b4:	8f 70       	andi	r24, 0x0F	; 15
    28b6:	80 6c       	ori	r24, 0xC0	; 192
    28b8:	0e 94 19 12 	call	0x2432	; 0x2432 <LCD_vidSendCommand>
	LCD_String(str);								/* Call LCD string function */
    28bc:	8b 81       	ldd	r24, Y+3	; 0x03
    28be:	9c 81       	ldd	r25, Y+4	; 0x04
    28c0:	0e 94 69 14 	call	0x28d2	; 0x28d2 <LCD_String>
}
    28c4:	0f 90       	pop	r0
    28c6:	0f 90       	pop	r0
    28c8:	0f 90       	pop	r0
    28ca:	0f 90       	pop	r0
    28cc:	cf 91       	pop	r28
    28ce:	df 91       	pop	r29
    28d0:	08 95       	ret

000028d2 <LCD_String>:

void LCD_String (char *str)							/* Send string to LCD function */
{
    28d2:	df 93       	push	r29
    28d4:	cf 93       	push	r28
    28d6:	00 d0       	rcall	.+0      	; 0x28d8 <LCD_String+0x6>
    28d8:	00 d0       	rcall	.+0      	; 0x28da <LCD_String+0x8>
    28da:	cd b7       	in	r28, 0x3d	; 61
    28dc:	de b7       	in	r29, 0x3e	; 62
    28de:	9c 83       	std	Y+4, r25	; 0x04
    28e0:	8b 83       	std	Y+3, r24	; 0x03
	int i;
	for(i=0;str[i]!=0;i++)							/* Send each char of string till the NULL */
    28e2:	1a 82       	std	Y+2, r1	; 0x02
    28e4:	19 82       	std	Y+1, r1	; 0x01
    28e6:	0f c0       	rjmp	.+30     	; 0x2906 <LCD_String+0x34>
	{
		LCD_vidWriteCharctr(str[i]);							/* Call LCD data write */
    28e8:	29 81       	ldd	r18, Y+1	; 0x01
    28ea:	3a 81       	ldd	r19, Y+2	; 0x02
    28ec:	8b 81       	ldd	r24, Y+3	; 0x03
    28ee:	9c 81       	ldd	r25, Y+4	; 0x04
    28f0:	fc 01       	movw	r30, r24
    28f2:	e2 0f       	add	r30, r18
    28f4:	f3 1f       	adc	r31, r19
    28f6:	80 81       	ld	r24, Z
    28f8:	0e 94 2e 13 	call	0x265c	; 0x265c <LCD_vidWriteCharctr>
}

void LCD_String (char *str)							/* Send string to LCD function */
{
	int i;
	for(i=0;str[i]!=0;i++)							/* Send each char of string till the NULL */
    28fc:	89 81       	ldd	r24, Y+1	; 0x01
    28fe:	9a 81       	ldd	r25, Y+2	; 0x02
    2900:	01 96       	adiw	r24, 0x01	; 1
    2902:	9a 83       	std	Y+2, r25	; 0x02
    2904:	89 83       	std	Y+1, r24	; 0x01
    2906:	29 81       	ldd	r18, Y+1	; 0x01
    2908:	3a 81       	ldd	r19, Y+2	; 0x02
    290a:	8b 81       	ldd	r24, Y+3	; 0x03
    290c:	9c 81       	ldd	r25, Y+4	; 0x04
    290e:	fc 01       	movw	r30, r24
    2910:	e2 0f       	add	r30, r18
    2912:	f3 1f       	adc	r31, r19
    2914:	80 81       	ld	r24, Z
    2916:	88 23       	and	r24, r24
    2918:	39 f7       	brne	.-50     	; 0x28e8 <LCD_String+0x16>
	{
		LCD_vidWriteCharctr(str[i]);							/* Call LCD data write */
	}
}
    291a:	0f 90       	pop	r0
    291c:	0f 90       	pop	r0
    291e:	0f 90       	pop	r0
    2920:	0f 90       	pop	r0
    2922:	cf 91       	pop	r28
    2924:	df 91       	pop	r29
    2926:	08 95       	ret

00002928 <LCD_vidWriteExtraChar>:
/* Description! Interface to write extra characters saved in the CGRAM                 */
/* Input      ! Y = Row position , X = Column position                                 */
/* Output     ! Nothing                                                                */
/***************************************************************************************/
void LCD_vidWriteExtraChar (u8 Y,u8 X,u8* ExtraChar,u8* Index)
{
    2928:	df 93       	push	r29
    292a:	cf 93       	push	r28
    292c:	cd b7       	in	r28, 0x3d	; 61
    292e:	de b7       	in	r29, 0x3e	; 62
    2930:	66 97       	sbiw	r28, 0x16	; 22
    2932:	0f b6       	in	r0, 0x3f	; 63
    2934:	f8 94       	cli
    2936:	de bf       	out	0x3e, r29	; 62
    2938:	0f be       	out	0x3f, r0	; 63
    293a:	cd bf       	out	0x3d, r28	; 61
    293c:	89 8b       	std	Y+17, r24	; 0x11
    293e:	6a 8b       	std	Y+18, r22	; 0x12
    2940:	5c 8b       	std	Y+20, r21	; 0x14
    2942:	4b 8b       	std	Y+19, r20	; 0x13
    2944:	3e 8b       	std	Y+22, r19	; 0x16
    2946:	2d 8b       	std	Y+21, r18	; 0x15


    u8 iteration1,iteration2;

    /*DDRAM-->CGRAM*/
    LCD_vidSendCommand(64);
    2948:	80 e4       	ldi	r24, 0x40	; 64
    294a:	0e 94 19 12 	call	0x2432	; 0x2432 <LCD_vidSendCommand>
	for(iteration1=0 ; iteration1<Index ; iteration1++)
    294e:	18 8a       	std	Y+16, r1	; 0x10
    2950:	0e c0       	rjmp	.+28     	; 0x296e <LCD_vidWriteExtraChar+0x46>
	{
		LCD_vidWriteCharctr(ExtraChar[iteration1]);
    2952:	88 89       	ldd	r24, Y+16	; 0x10
    2954:	28 2f       	mov	r18, r24
    2956:	30 e0       	ldi	r19, 0x00	; 0
    2958:	8b 89       	ldd	r24, Y+19	; 0x13
    295a:	9c 89       	ldd	r25, Y+20	; 0x14
    295c:	fc 01       	movw	r30, r24
    295e:	e2 0f       	add	r30, r18
    2960:	f3 1f       	adc	r31, r19
    2962:	80 81       	ld	r24, Z
    2964:	0e 94 2e 13 	call	0x265c	; 0x265c <LCD_vidWriteCharctr>

    u8 iteration1,iteration2;

    /*DDRAM-->CGRAM*/
    LCD_vidSendCommand(64);
	for(iteration1=0 ; iteration1<Index ; iteration1++)
    2968:	88 89       	ldd	r24, Y+16	; 0x10
    296a:	8f 5f       	subi	r24, 0xFF	; 255
    296c:	88 8b       	std	Y+16, r24	; 0x10
    296e:	88 89       	ldd	r24, Y+16	; 0x10
    2970:	88 2f       	mov	r24, r24
    2972:	90 e0       	ldi	r25, 0x00	; 0
    2974:	9c 01       	movw	r18, r24
    2976:	8d 89       	ldd	r24, Y+21	; 0x15
    2978:	9e 89       	ldd	r25, Y+22	; 0x16
    297a:	28 17       	cp	r18, r24
    297c:	39 07       	cpc	r19, r25
    297e:	48 f3       	brcs	.-46     	; 0x2952 <LCD_vidWriteExtraChar+0x2a>
	{
		LCD_vidWriteCharctr(ExtraChar[iteration1]);
	}
	/*CGRAM-->DDRAM*/
	LCD_vidSendCommand(128);
    2980:	80 e8       	ldi	r24, 0x80	; 128
    2982:	0e 94 19 12 	call	0x2432	; 0x2432 <LCD_vidSendCommand>
	Gotoxy(Y,X);
    2986:	89 89       	ldd	r24, Y+17	; 0x11
    2988:	6a 89       	ldd	r22, Y+18	; 0x12
    298a:	0e 94 4e 15 	call	0x2a9c	; 0x2a9c <Gotoxy>
	/*First eight character which saved at CGRAM*/
	for (iteration2=0; iteration2<=7 ; iteration2++)
    298e:	1f 86       	std	Y+15, r1	; 0x0f
    2990:	78 c0       	rjmp	.+240    	; 0x2a82 <LCD_vidWriteExtraChar+0x15a>
	{
		/* Write bytes of DDRAM */
		LCD_vidWriteCharctr(iteration2);
    2992:	8f 85       	ldd	r24, Y+15	; 0x0f
    2994:	0e 94 2e 13 	call	0x265c	; 0x265c <LCD_vidWriteCharctr>
    2998:	80 e0       	ldi	r24, 0x00	; 0
    299a:	90 e0       	ldi	r25, 0x00	; 0
    299c:	a0 ea       	ldi	r26, 0xA0	; 160
    299e:	b0 e4       	ldi	r27, 0x40	; 64
    29a0:	8b 87       	std	Y+11, r24	; 0x0b
    29a2:	9c 87       	std	Y+12, r25	; 0x0c
    29a4:	ad 87       	std	Y+13, r26	; 0x0d
    29a6:	be 87       	std	Y+14, r27	; 0x0e
 */
void
_delay_ms(double __ms)
{
	uint16_t __ticks;
	double __tmp = ((F_CPU) / 4e3) * __ms;
    29a8:	6b 85       	ldd	r22, Y+11	; 0x0b
    29aa:	7c 85       	ldd	r23, Y+12	; 0x0c
    29ac:	8d 85       	ldd	r24, Y+13	; 0x0d
    29ae:	9e 85       	ldd	r25, Y+14	; 0x0e
    29b0:	20 e0       	ldi	r18, 0x00	; 0
    29b2:	30 e0       	ldi	r19, 0x00	; 0
    29b4:	4a ef       	ldi	r20, 0xFA	; 250
    29b6:	54 e4       	ldi	r21, 0x44	; 68
    29b8:	0e 94 17 02 	call	0x42e	; 0x42e <__mulsf3>
    29bc:	dc 01       	movw	r26, r24
    29be:	cb 01       	movw	r24, r22
    29c0:	8f 83       	std	Y+7, r24	; 0x07
    29c2:	98 87       	std	Y+8, r25	; 0x08
    29c4:	a9 87       	std	Y+9, r26	; 0x09
    29c6:	ba 87       	std	Y+10, r27	; 0x0a
	if (__tmp < 1.0)
    29c8:	6f 81       	ldd	r22, Y+7	; 0x07
    29ca:	78 85       	ldd	r23, Y+8	; 0x08
    29cc:	89 85       	ldd	r24, Y+9	; 0x09
    29ce:	9a 85       	ldd	r25, Y+10	; 0x0a
    29d0:	20 e0       	ldi	r18, 0x00	; 0
    29d2:	30 e0       	ldi	r19, 0x00	; 0
    29d4:	40 e8       	ldi	r20, 0x80	; 128
    29d6:	5f e3       	ldi	r21, 0x3F	; 63
    29d8:	0e 94 71 03 	call	0x6e2	; 0x6e2 <__ltsf2>
    29dc:	88 23       	and	r24, r24
    29de:	2c f4       	brge	.+10     	; 0x29ea <LCD_vidWriteExtraChar+0xc2>
		__ticks = 1;
    29e0:	81 e0       	ldi	r24, 0x01	; 1
    29e2:	90 e0       	ldi	r25, 0x00	; 0
    29e4:	9e 83       	std	Y+6, r25	; 0x06
    29e6:	8d 83       	std	Y+5, r24	; 0x05
    29e8:	3f c0       	rjmp	.+126    	; 0x2a68 <LCD_vidWriteExtraChar+0x140>
	else if (__tmp > 65535)
    29ea:	6f 81       	ldd	r22, Y+7	; 0x07
    29ec:	78 85       	ldd	r23, Y+8	; 0x08
    29ee:	89 85       	ldd	r24, Y+9	; 0x09
    29f0:	9a 85       	ldd	r25, Y+10	; 0x0a
    29f2:	20 e0       	ldi	r18, 0x00	; 0
    29f4:	3f ef       	ldi	r19, 0xFF	; 255
    29f6:	4f e7       	ldi	r20, 0x7F	; 127
    29f8:	57 e4       	ldi	r21, 0x47	; 71
    29fa:	0e 94 11 03 	call	0x622	; 0x622 <__gtsf2>
    29fe:	18 16       	cp	r1, r24
    2a00:	4c f5       	brge	.+82     	; 0x2a54 <LCD_vidWriteExtraChar+0x12c>
	{
		//	__ticks = requested delay in 1/10 ms
		__ticks = (uint16_t) (__ms * 10.0);
    2a02:	6b 85       	ldd	r22, Y+11	; 0x0b
    2a04:	7c 85       	ldd	r23, Y+12	; 0x0c
    2a06:	8d 85       	ldd	r24, Y+13	; 0x0d
    2a08:	9e 85       	ldd	r25, Y+14	; 0x0e
    2a0a:	20 e0       	ldi	r18, 0x00	; 0
    2a0c:	30 e0       	ldi	r19, 0x00	; 0
    2a0e:	40 e2       	ldi	r20, 0x20	; 32
    2a10:	51 e4       	ldi	r21, 0x41	; 65
    2a12:	0e 94 17 02 	call	0x42e	; 0x42e <__mulsf3>
    2a16:	dc 01       	movw	r26, r24
    2a18:	cb 01       	movw	r24, r22
    2a1a:	bc 01       	movw	r22, r24
    2a1c:	cd 01       	movw	r24, r26
    2a1e:	0e 94 41 00 	call	0x82	; 0x82 <__fixunssfsi>
    2a22:	dc 01       	movw	r26, r24
    2a24:	cb 01       	movw	r24, r22
    2a26:	9e 83       	std	Y+6, r25	; 0x06
    2a28:	8d 83       	std	Y+5, r24	; 0x05
    2a2a:	0f c0       	rjmp	.+30     	; 0x2a4a <LCD_vidWriteExtraChar+0x122>
    2a2c:	88 ec       	ldi	r24, 0xC8	; 200
    2a2e:	90 e0       	ldi	r25, 0x00	; 0
    2a30:	9c 83       	std	Y+4, r25	; 0x04
    2a32:	8b 83       	std	Y+3, r24	; 0x03
    2a34:	8b 81       	ldd	r24, Y+3	; 0x03
    2a36:	9c 81       	ldd	r25, Y+4	; 0x04
    2a38:	01 97       	sbiw	r24, 0x01	; 1
    2a3a:	f1 f7       	brne	.-4      	; 0x2a38 <LCD_vidWriteExtraChar+0x110>
    2a3c:	9c 83       	std	Y+4, r25	; 0x04
    2a3e:	8b 83       	std	Y+3, r24	; 0x03
		while(__ticks)
		{
			// wait 1/10 ms
			_delay_loop_2(((F_CPU) / 4e3) / 10);
			__ticks --;
    2a40:	8d 81       	ldd	r24, Y+5	; 0x05
    2a42:	9e 81       	ldd	r25, Y+6	; 0x06
    2a44:	01 97       	sbiw	r24, 0x01	; 1
    2a46:	9e 83       	std	Y+6, r25	; 0x06
    2a48:	8d 83       	std	Y+5, r24	; 0x05
		__ticks = 1;
	else if (__tmp > 65535)
	{
		//	__ticks = requested delay in 1/10 ms
		__ticks = (uint16_t) (__ms * 10.0);
		while(__ticks)
    2a4a:	8d 81       	ldd	r24, Y+5	; 0x05
    2a4c:	9e 81       	ldd	r25, Y+6	; 0x06
    2a4e:	00 97       	sbiw	r24, 0x00	; 0
    2a50:	69 f7       	brne	.-38     	; 0x2a2c <LCD_vidWriteExtraChar+0x104>
    2a52:	14 c0       	rjmp	.+40     	; 0x2a7c <LCD_vidWriteExtraChar+0x154>
			__ticks --;
		}
		return;
	}
	else
		__ticks = (uint16_t)__tmp;
    2a54:	6f 81       	ldd	r22, Y+7	; 0x07
    2a56:	78 85       	ldd	r23, Y+8	; 0x08
    2a58:	89 85       	ldd	r24, Y+9	; 0x09
    2a5a:	9a 85       	ldd	r25, Y+10	; 0x0a
    2a5c:	0e 94 41 00 	call	0x82	; 0x82 <__fixunssfsi>
    2a60:	dc 01       	movw	r26, r24
    2a62:	cb 01       	movw	r24, r22
    2a64:	9e 83       	std	Y+6, r25	; 0x06
    2a66:	8d 83       	std	Y+5, r24	; 0x05
    2a68:	8d 81       	ldd	r24, Y+5	; 0x05
    2a6a:	9e 81       	ldd	r25, Y+6	; 0x06
    2a6c:	9a 83       	std	Y+2, r25	; 0x02
    2a6e:	89 83       	std	Y+1, r24	; 0x01
    2a70:	89 81       	ldd	r24, Y+1	; 0x01
    2a72:	9a 81       	ldd	r25, Y+2	; 0x02
    2a74:	01 97       	sbiw	r24, 0x01	; 1
    2a76:	f1 f7       	brne	.-4      	; 0x2a74 <LCD_vidWriteExtraChar+0x14c>
    2a78:	9a 83       	std	Y+2, r25	; 0x02
    2a7a:	89 83       	std	Y+1, r24	; 0x01
	}
	/*CGRAM-->DDRAM*/
	LCD_vidSendCommand(128);
	Gotoxy(Y,X);
	/*First eight character which saved at CGRAM*/
	for (iteration2=0; iteration2<=7 ; iteration2++)
    2a7c:	8f 85       	ldd	r24, Y+15	; 0x0f
    2a7e:	8f 5f       	subi	r24, 0xFF	; 255
    2a80:	8f 87       	std	Y+15, r24	; 0x0f
    2a82:	8f 85       	ldd	r24, Y+15	; 0x0f
    2a84:	88 30       	cpi	r24, 0x08	; 8
    2a86:	08 f4       	brcc	.+2      	; 0x2a8a <LCD_vidWriteExtraChar+0x162>
    2a88:	84 cf       	rjmp	.-248    	; 0x2992 <LCD_vidWriteExtraChar+0x6a>
		/* Write bytes of DDRAM */
		LCD_vidWriteCharctr(iteration2);

		_delay_ms(5);
	}
}
    2a8a:	66 96       	adiw	r28, 0x16	; 22
    2a8c:	0f b6       	in	r0, 0x3f	; 63
    2a8e:	f8 94       	cli
    2a90:	de bf       	out	0x3e, r29	; 62
    2a92:	0f be       	out	0x3f, r0	; 63
    2a94:	cd bf       	out	0x3d, r28	; 61
    2a96:	cf 91       	pop	r28
    2a98:	df 91       	pop	r29
    2a9a:	08 95       	ret

00002a9c <Gotoxy>:

void Gotoxy (u8 Y,u8 X)
{
    2a9c:	df 93       	push	r29
    2a9e:	cf 93       	push	r28
    2aa0:	00 d0       	rcall	.+0      	; 0x2aa2 <Gotoxy+0x6>
    2aa2:	00 d0       	rcall	.+0      	; 0x2aa4 <Gotoxy+0x8>
    2aa4:	cd b7       	in	r28, 0x3d	; 61
    2aa6:	de b7       	in	r29, 0x3e	; 62
    2aa8:	89 83       	std	Y+1, r24	; 0x01
    2aaa:	6a 83       	std	Y+2, r22	; 0x02
	if (X>0 && X<=16)
    2aac:	8a 81       	ldd	r24, Y+2	; 0x02
    2aae:	88 23       	and	r24, r24
    2ab0:	e1 f0       	breq	.+56     	; 0x2aea <Gotoxy+0x4e>
    2ab2:	8a 81       	ldd	r24, Y+2	; 0x02
    2ab4:	81 31       	cpi	r24, 0x11	; 17
    2ab6:	c8 f4       	brcc	.+50     	; 0x2aea <Gotoxy+0x4e>
	{
	    switch(Y)
    2ab8:	89 81       	ldd	r24, Y+1	; 0x01
    2aba:	28 2f       	mov	r18, r24
    2abc:	30 e0       	ldi	r19, 0x00	; 0
    2abe:	3c 83       	std	Y+4, r19	; 0x04
    2ac0:	2b 83       	std	Y+3, r18	; 0x03
    2ac2:	8b 81       	ldd	r24, Y+3	; 0x03
    2ac4:	9c 81       	ldd	r25, Y+4	; 0x04
    2ac6:	81 30       	cpi	r24, 0x01	; 1
    2ac8:	91 05       	cpc	r25, r1
    2aca:	31 f0       	breq	.+12     	; 0x2ad8 <Gotoxy+0x3c>
    2acc:	2b 81       	ldd	r18, Y+3	; 0x03
    2ace:	3c 81       	ldd	r19, Y+4	; 0x04
    2ad0:	22 30       	cpi	r18, 0x02	; 2
    2ad2:	31 05       	cpc	r19, r1
    2ad4:	31 f0       	breq	.+12     	; 0x2ae2 <Gotoxy+0x46>
    2ad6:	09 c0       	rjmp	.+18     	; 0x2aea <Gotoxy+0x4e>
	    {
		    case 1:
		    	LCD_vidSendCommand(X+127);
    2ad8:	8a 81       	ldd	r24, Y+2	; 0x02
    2ada:	81 58       	subi	r24, 0x81	; 129
    2adc:	0e 94 19 12 	call	0x2432	; 0x2432 <LCD_vidSendCommand>
    2ae0:	04 c0       	rjmp	.+8      	; 0x2aea <Gotoxy+0x4e>
		    break;
		    case 2:
		    	LCD_vidSendCommand(X+191);
    2ae2:	8a 81       	ldd	r24, Y+2	; 0x02
    2ae4:	81 54       	subi	r24, 0x41	; 65
    2ae6:	0e 94 19 12 	call	0x2432	; 0x2432 <LCD_vidSendCommand>
		    break;
		    default:
		    break;
	    }
	}
}
    2aea:	0f 90       	pop	r0
    2aec:	0f 90       	pop	r0
    2aee:	0f 90       	pop	r0
    2af0:	0f 90       	pop	r0
    2af2:	cf 91       	pop	r28
    2af4:	df 91       	pop	r29
    2af6:	08 95       	ret

00002af8 <lcd_writenumber>:

void lcd_writenumber(int num)
{
    2af8:	df 93       	push	r29
    2afa:	cf 93       	push	r28
    2afc:	cd b7       	in	r28, 0x3d	; 61
    2afe:	de b7       	in	r29, 0x3e	; 62
    2b00:	28 97       	sbiw	r28, 0x08	; 8
    2b02:	0f b6       	in	r0, 0x3f	; 63
    2b04:	f8 94       	cli
    2b06:	de bf       	out	0x3e, r29	; 62
    2b08:	0f be       	out	0x3f, r0	; 63
    2b0a:	cd bf       	out	0x3d, r28	; 61
    2b0c:	98 87       	std	Y+8, r25	; 0x08
    2b0e:	8f 83       	std	Y+7, r24	; 0x07
	int temp=1;
    2b10:	81 e0       	ldi	r24, 0x01	; 1
    2b12:	90 e0       	ldi	r25, 0x00	; 0
    2b14:	9e 83       	std	Y+6, r25	; 0x06
    2b16:	8d 83       	std	Y+5, r24	; 0x05
	int rem;
	int rem2;
	if(num==0)
    2b18:	8f 81       	ldd	r24, Y+7	; 0x07
    2b1a:	98 85       	ldd	r25, Y+8	; 0x08
    2b1c:	00 97       	sbiw	r24, 0x00	; 0
    2b1e:	49 f5       	brne	.+82     	; 0x2b72 <lcd_writenumber+0x7a>
	{
		LCD_vidWriteCharctr(48);
    2b20:	80 e3       	ldi	r24, 0x30	; 48
    2b22:	0e 94 2e 13 	call	0x265c	; 0x265c <LCD_vidWriteCharctr>
    2b26:	25 c0       	rjmp	.+74     	; 0x2b72 <lcd_writenumber+0x7a>
	}
	while(num!=0)
	{
		rem=num%10;
    2b28:	8f 81       	ldd	r24, Y+7	; 0x07
    2b2a:	98 85       	ldd	r25, Y+8	; 0x08
    2b2c:	2a e0       	ldi	r18, 0x0A	; 10
    2b2e:	30 e0       	ldi	r19, 0x00	; 0
    2b30:	b9 01       	movw	r22, r18
    2b32:	0e 94 c9 17 	call	0x2f92	; 0x2f92 <__divmodhi4>
    2b36:	9c 83       	std	Y+4, r25	; 0x04
    2b38:	8b 83       	std	Y+3, r24	; 0x03
		num/=10;
    2b3a:	8f 81       	ldd	r24, Y+7	; 0x07
    2b3c:	98 85       	ldd	r25, Y+8	; 0x08
    2b3e:	2a e0       	ldi	r18, 0x0A	; 10
    2b40:	30 e0       	ldi	r19, 0x00	; 0
    2b42:	b9 01       	movw	r22, r18
    2b44:	0e 94 c9 17 	call	0x2f92	; 0x2f92 <__divmodhi4>
    2b48:	cb 01       	movw	r24, r22
    2b4a:	98 87       	std	Y+8, r25	; 0x08
    2b4c:	8f 83       	std	Y+7, r24	; 0x07
		temp=temp*10+rem;
    2b4e:	8d 81       	ldd	r24, Y+5	; 0x05
    2b50:	9e 81       	ldd	r25, Y+6	; 0x06
    2b52:	9c 01       	movw	r18, r24
    2b54:	22 0f       	add	r18, r18
    2b56:	33 1f       	adc	r19, r19
    2b58:	c9 01       	movw	r24, r18
    2b5a:	88 0f       	add	r24, r24
    2b5c:	99 1f       	adc	r25, r25
    2b5e:	88 0f       	add	r24, r24
    2b60:	99 1f       	adc	r25, r25
    2b62:	28 0f       	add	r18, r24
    2b64:	39 1f       	adc	r19, r25
    2b66:	8b 81       	ldd	r24, Y+3	; 0x03
    2b68:	9c 81       	ldd	r25, Y+4	; 0x04
    2b6a:	82 0f       	add	r24, r18
    2b6c:	93 1f       	adc	r25, r19
    2b6e:	9e 83       	std	Y+6, r25	; 0x06
    2b70:	8d 83       	std	Y+5, r24	; 0x05
	int rem2;
	if(num==0)
	{
		LCD_vidWriteCharctr(48);
	}
	while(num!=0)
    2b72:	8f 81       	ldd	r24, Y+7	; 0x07
    2b74:	98 85       	ldd	r25, Y+8	; 0x08
    2b76:	00 97       	sbiw	r24, 0x00	; 0
    2b78:	b9 f6       	brne	.-82     	; 0x2b28 <lcd_writenumber+0x30>
    2b7a:	17 c0       	rjmp	.+46     	; 0x2baa <lcd_writenumber+0xb2>
		num/=10;
		temp=temp*10+rem;
	}
	while(temp!=1)
	{
		rem2=temp%10;
    2b7c:	8d 81       	ldd	r24, Y+5	; 0x05
    2b7e:	9e 81       	ldd	r25, Y+6	; 0x06
    2b80:	2a e0       	ldi	r18, 0x0A	; 10
    2b82:	30 e0       	ldi	r19, 0x00	; 0
    2b84:	b9 01       	movw	r22, r18
    2b86:	0e 94 c9 17 	call	0x2f92	; 0x2f92 <__divmodhi4>
    2b8a:	9a 83       	std	Y+2, r25	; 0x02
    2b8c:	89 83       	std	Y+1, r24	; 0x01
		LCD_vidWriteCharctr(rem2+48);
    2b8e:	89 81       	ldd	r24, Y+1	; 0x01
    2b90:	80 5d       	subi	r24, 0xD0	; 208
    2b92:	0e 94 2e 13 	call	0x265c	; 0x265c <LCD_vidWriteCharctr>
		temp/=10;
    2b96:	8d 81       	ldd	r24, Y+5	; 0x05
    2b98:	9e 81       	ldd	r25, Y+6	; 0x06
    2b9a:	2a e0       	ldi	r18, 0x0A	; 10
    2b9c:	30 e0       	ldi	r19, 0x00	; 0
    2b9e:	b9 01       	movw	r22, r18
    2ba0:	0e 94 c9 17 	call	0x2f92	; 0x2f92 <__divmodhi4>
    2ba4:	cb 01       	movw	r24, r22
    2ba6:	9e 83       	std	Y+6, r25	; 0x06
    2ba8:	8d 83       	std	Y+5, r24	; 0x05
	{
		rem=num%10;
		num/=10;
		temp=temp*10+rem;
	}
	while(temp!=1)
    2baa:	8d 81       	ldd	r24, Y+5	; 0x05
    2bac:	9e 81       	ldd	r25, Y+6	; 0x06
    2bae:	81 30       	cpi	r24, 0x01	; 1
    2bb0:	91 05       	cpc	r25, r1
    2bb2:	21 f7       	brne	.-56     	; 0x2b7c <lcd_writenumber+0x84>
	{
		rem2=temp%10;
		LCD_vidWriteCharctr(rem2+48);
		temp/=10;
	}
}
    2bb4:	28 96       	adiw	r28, 0x08	; 8
    2bb6:	0f b6       	in	r0, 0x3f	; 63
    2bb8:	f8 94       	cli
    2bba:	de bf       	out	0x3e, r29	; 62
    2bbc:	0f be       	out	0x3f, r0	; 63
    2bbe:	cd bf       	out	0x3d, r28	; 61
    2bc0:	cf 91       	pop	r28
    2bc2:	df 91       	pop	r29
    2bc4:	08 95       	ret

00002bc6 <USART_Init>:
/*************************************************************/
/* Description : this function Initialize USART Pheripherial */
/*************************************************************/

void USART_Init(void)
{
    2bc6:	df 93       	push	r29
    2bc8:	cf 93       	push	r28
    2bca:	cd b7       	in	r28, 0x3d	; 61
    2bcc:	de b7       	in	r29, 0x3e	; 62
		 * 0 --> Disable : Not Take in Calculations of frame format Ninth bit
		 * 1 --> Enable  : Take in Calculations of frame format Ninth bit
	 	 * -------------------------------*
	*/

	UCSRB_Reg = 0b00011000 ;
    2bce:	ea e2       	ldi	r30, 0x2A	; 42
    2bd0:	f0 e0       	ldi	r31, 0x00	; 0
    2bd2:	88 e1       	ldi	r24, 0x18	; 24
    2bd4:	80 83       	st	Z, r24
	 * 1 | 0 | 1 --> Reserved
	 * 1 | 1 | 0 --> Reserved
	 * 1 | 1 | 1 --> 9-bit
	 * ----------------------------------*
	 */
	UCSRC_Reg = 0b10000110 ;
    2bd6:	e0 e4       	ldi	r30, 0x40	; 64
    2bd8:	f0 e0       	ldi	r31, 0x00	; 0
    2bda:	86 e8       	ldi	r24, 0x86	; 134
    2bdc:	80 83       	st	Z, r24
		 * Bit 11:0 – UBRR11:0: USART Baud Rate Register
		 * From Bit 11 to Bit 8 --> UBRRH
		 * From Bit 7  to Bit 0 --> UBRRL
		 * We Adjust Baud Rate From DataSheet Page 163 : 166 according to our frequency of MicroController and Specification
	*/
	UCSRA_Reg=0b11000000;  // The RXC Flag can be used to generate a Receive Complete interrupt ( page: 158 ) -- Enable Normal Tx
    2bde:	eb e2       	ldi	r30, 0x2B	; 43
    2be0:	f0 e0       	ldi	r31, 0x00	; 0
    2be2:	80 ec       	ldi	r24, 0xC0	; 192
    2be4:	80 83       	st	Z, r24
	UBRRL_Reg = 52 ;
    2be6:	e9 e2       	ldi	r30, 0x29	; 41
    2be8:	f0 e0       	ldi	r31, 0x00	; 0
    2bea:	84 e3       	ldi	r24, 0x34	; 52
    2bec:	80 83       	st	Z, r24
	UBRRH_Reg = 0 ;
    2bee:	e0 e4       	ldi	r30, 0x40	; 64
    2bf0:	f0 e0       	ldi	r31, 0x00	; 0
    2bf2:	10 82       	st	Z, r1

}
    2bf4:	cf 91       	pop	r28
    2bf6:	df 91       	pop	r29
    2bf8:	08 95       	ret

00002bfa <USART_SendData>:
/***********************************************************************/
/* Description : this function to define USART_SendData functionality  */
/***********************************************************************/

void USART_SendData(u8 Data)
{
    2bfa:	df 93       	push	r29
    2bfc:	cf 93       	push	r28
    2bfe:	0f 92       	push	r0
    2c00:	cd b7       	in	r28, 0x3d	; 61
    2c02:	de b7       	in	r29, 0x3e	; 62
    2c04:	89 83       	std	Y+1, r24	; 0x01
	   * 0 --> Busy
	 */

	//in this function We check our data register if its become 1 in USCRA we can Transmit Data//

	while(GET_BIT(UCSRA_Reg,PIN5)==0); // UDRE: USART Data Register Empty , The UDRE Flag indicates if the transmit buffer (UDR) is ready to receive new data.
    2c06:	eb e2       	ldi	r30, 0x2B	; 43
    2c08:	f0 e0       	ldi	r31, 0x00	; 0
    2c0a:	80 81       	ld	r24, Z
    2c0c:	82 95       	swap	r24
    2c0e:	86 95       	lsr	r24
    2c10:	87 70       	andi	r24, 0x07	; 7
    2c12:	88 2f       	mov	r24, r24
    2c14:	90 e0       	ldi	r25, 0x00	; 0
    2c16:	81 70       	andi	r24, 0x01	; 1
    2c18:	90 70       	andi	r25, 0x00	; 0
    2c1a:	00 97       	sbiw	r24, 0x00	; 0
    2c1c:	a1 f3       	breq	.-24     	; 0x2c06 <USART_SendData+0xc>
	// when it equal zero that mean that means the register is full of data and can't send now
	UDR_Reg = Data ;
    2c1e:	ec e2       	ldi	r30, 0x2C	; 44
    2c20:	f0 e0       	ldi	r31, 0x00	; 0
    2c22:	89 81       	ldd	r24, Y+1	; 0x01
    2c24:	80 83       	st	Z, r24
}
    2c26:	0f 90       	pop	r0
    2c28:	cf 91       	pop	r28
    2c2a:	df 91       	pop	r29
    2c2c:	08 95       	ret

00002c2e <USART_ReceiveData>:
/*************************************************************************/
/* Description : this function to define USART_ReceiveData functionality */
/*************************************************************************/

u8  USART_ReceiveData(void)
{
    2c2e:	df 93       	push	r29
    2c30:	cf 93       	push	r28
    2c32:	0f 92       	push	r0
    2c34:	cd b7       	in	r28, 0x3d	; 61
    2c36:	de b7       	in	r29, 0x3e	; 62
		   * 1 --> Data Complete
		   * 0 --> No Data
		 */

		//in this function We check our data register if its become 1 in USCRA we Receive Complete Data//
	while(GET_BIT(UCSRA_Reg,PIN7)==0);
    2c38:	eb e2       	ldi	r30, 0x2B	; 43
    2c3a:	f0 e0       	ldi	r31, 0x00	; 0
    2c3c:	80 81       	ld	r24, Z
    2c3e:	88 23       	and	r24, r24
    2c40:	dc f7       	brge	.-10     	; 0x2c38 <USART_ReceiveData+0xa>

	RXData = UDR_Reg ;
    2c42:	ec e2       	ldi	r30, 0x2C	; 44
    2c44:	f0 e0       	ldi	r31, 0x00	; 0
    2c46:	80 81       	ld	r24, Z
    2c48:	89 83       	std	Y+1, r24	; 0x01

	return RXData;
    2c4a:	89 81       	ldd	r24, Y+1	; 0x01

}
    2c4c:	0f 90       	pop	r0
    2c4e:	cf 91       	pop	r28
    2c50:	df 91       	pop	r29
    2c52:	08 95       	ret

00002c54 <senddata>:

void senddata(char string[16])
{
    2c54:	df 93       	push	r29
    2c56:	cf 93       	push	r28
    2c58:	00 d0       	rcall	.+0      	; 0x2c5a <senddata+0x6>
    2c5a:	00 d0       	rcall	.+0      	; 0x2c5c <senddata+0x8>
    2c5c:	00 d0       	rcall	.+0      	; 0x2c5e <senddata+0xa>
    2c5e:	cd b7       	in	r28, 0x3d	; 61
    2c60:	de b7       	in	r29, 0x3e	; 62
    2c62:	9e 83       	std	Y+6, r25	; 0x06
    2c64:	8d 83       	std	Y+5, r24	; 0x05
  int len,count;
  len = strlen(string);
    2c66:	8d 81       	ldd	r24, Y+5	; 0x05
    2c68:	9e 81       	ldd	r25, Y+6	; 0x06
    2c6a:	0e 94 27 18 	call	0x304e	; 0x304e <strlen>
    2c6e:	9c 83       	std	Y+4, r25	; 0x04
    2c70:	8b 83       	std	Y+3, r24	; 0x03

   for (count=0;count<len;count++)
    2c72:	1a 82       	std	Y+2, r1	; 0x02
    2c74:	19 82       	std	Y+1, r1	; 0x01
    2c76:	0f c0       	rjmp	.+30     	; 0x2c96 <senddata+0x42>
  {
    USART_SendData(string[count]);
    2c78:	29 81       	ldd	r18, Y+1	; 0x01
    2c7a:	3a 81       	ldd	r19, Y+2	; 0x02
    2c7c:	8d 81       	ldd	r24, Y+5	; 0x05
    2c7e:	9e 81       	ldd	r25, Y+6	; 0x06
    2c80:	fc 01       	movw	r30, r24
    2c82:	e2 0f       	add	r30, r18
    2c84:	f3 1f       	adc	r31, r19
    2c86:	80 81       	ld	r24, Z
    2c88:	0e 94 fd 15 	call	0x2bfa	; 0x2bfa <USART_SendData>
void senddata(char string[16])
{
  int len,count;
  len = strlen(string);

   for (count=0;count<len;count++)
    2c8c:	89 81       	ldd	r24, Y+1	; 0x01
    2c8e:	9a 81       	ldd	r25, Y+2	; 0x02
    2c90:	01 96       	adiw	r24, 0x01	; 1
    2c92:	9a 83       	std	Y+2, r25	; 0x02
    2c94:	89 83       	std	Y+1, r24	; 0x01
    2c96:	29 81       	ldd	r18, Y+1	; 0x01
    2c98:	3a 81       	ldd	r19, Y+2	; 0x02
    2c9a:	8b 81       	ldd	r24, Y+3	; 0x03
    2c9c:	9c 81       	ldd	r25, Y+4	; 0x04
    2c9e:	28 17       	cp	r18, r24
    2ca0:	39 07       	cpc	r19, r25
    2ca2:	54 f3       	brlt	.-44     	; 0x2c78 <senddata+0x24>
  {
    USART_SendData(string[count]);
 }
}
    2ca4:	26 96       	adiw	r28, 0x06	; 6
    2ca6:	0f b6       	in	r0, 0x3f	; 63
    2ca8:	f8 94       	cli
    2caa:	de bf       	out	0x3e, r29	; 62
    2cac:	0f be       	out	0x3f, r0	; 63
    2cae:	cd bf       	out	0x3d, r28	; 61
    2cb0:	cf 91       	pop	r28
    2cb2:	df 91       	pop	r29
    2cb4:	08 95       	ret

00002cb6 <main>:

u8 Status[12] = "Person:";
u8 Name_Test_English[5] = "here";
u8 Namei_Test_English[9] = "Not here";

int main(void) {
    2cb6:	df 93       	push	r29
    2cb8:	cf 93       	push	r28
    2cba:	cd b7       	in	r28, 0x3d	; 61
    2cbc:	de b7       	in	r29, 0x3e	; 62
    2cbe:	a0 97       	sbiw	r28, 0x20	; 32
    2cc0:	0f b6       	in	r0, 0x3f	; 63
    2cc2:	f8 94       	cli
    2cc4:	de bf       	out	0x3e, r29	; 62
    2cc6:	0f be       	out	0x3f, r0	; 63
    2cc8:	cd bf       	out	0x3d, r28	; 61

	DIO_SetPortDirection(PORTC, HIGH);
    2cca:	82 e0       	ldi	r24, 0x02	; 2
    2ccc:	61 e0       	ldi	r22, 0x01	; 1
    2cce:	0e 94 64 0a 	call	0x14c8	; 0x14c8 <DIO_SetPortDirection>
	DIO_SetPinDirection(PORTA, PIN0, LOW);
    2cd2:	80 e0       	ldi	r24, 0x00	; 0
    2cd4:	60 e0       	ldi	r22, 0x00	; 0
    2cd6:	40 e0       	ldi	r20, 0x00	; 0
    2cd8:	0e 94 5c 09 	call	0x12b8	; 0x12b8 <DIO_SetPinDirection>

	DIO_SetPinDirection(PORTB, PIN0, OUTPUT);
    2cdc:	81 e0       	ldi	r24, 0x01	; 1
    2cde:	60 e0       	ldi	r22, 0x00	; 0
    2ce0:	41 e0       	ldi	r20, 0x01	; 1
    2ce2:	0e 94 5c 09 	call	0x12b8	; 0x12b8 <DIO_SetPinDirection>
	DIO_SetPinDirection(PORTB, PIN1, OUTPUT);
    2ce6:	81 e0       	ldi	r24, 0x01	; 1
    2ce8:	61 e0       	ldi	r22, 0x01	; 1
    2cea:	41 e0       	ldi	r20, 0x01	; 1
    2cec:	0e 94 5c 09 	call	0x12b8	; 0x12b8 <DIO_SetPinDirection>
	DIO_SetPinDirection(PORTB, PIN2, OUTPUT);
    2cf0:	81 e0       	ldi	r24, 0x01	; 1
    2cf2:	62 e0       	ldi	r22, 0x02	; 2
    2cf4:	41 e0       	ldi	r20, 0x01	; 1
    2cf6:	0e 94 5c 09 	call	0x12b8	; 0x12b8 <DIO_SetPinDirection>

	DIO_SetPinDirection(PORTD, PIN0, INPUT);  //  D0: Rx ( input )
    2cfa:	83 e0       	ldi	r24, 0x03	; 3
    2cfc:	60 e0       	ldi	r22, 0x00	; 0
    2cfe:	40 e0       	ldi	r20, 0x00	; 0
    2d00:	0e 94 5c 09 	call	0x12b8	; 0x12b8 <DIO_SetPinDirection>
	DIO_SetPinDirection(PORTD, PIN1, OUTPUT); //  D1: Tx ( output )
    2d04:	83 e0       	ldi	r24, 0x03	; 3
    2d06:	61 e0       	ldi	r22, 0x01	; 1
    2d08:	41 e0       	ldi	r20, 0x01	; 1
    2d0a:	0e 94 5c 09 	call	0x12b8	; 0x12b8 <DIO_SetPinDirection>

	DIO_SetPinDirection(PORTD, PIN2, INPUT);  //  D2: Flame Sensor ( input )
    2d0e:	83 e0       	ldi	r24, 0x03	; 3
    2d10:	62 e0       	ldi	r22, 0x02	; 2
    2d12:	40 e0       	ldi	r20, 0x00	; 0
    2d14:	0e 94 5c 09 	call	0x12b8	; 0x12b8 <DIO_SetPinDirection>

	DIO_SetPinDirection(PORTB, PIN4, HIGH);
    2d18:	81 e0       	ldi	r24, 0x01	; 1
    2d1a:	64 e0       	ldi	r22, 0x04	; 4
    2d1c:	41 e0       	ldi	r20, 0x01	; 1
    2d1e:	0e 94 5c 09 	call	0x12b8	; 0x12b8 <DIO_SetPinDirection>
	ADC_Init();  // Init of ADC Function call
    2d22:	0e 94 9b 05 	call	0xb36	; 0xb36 <ADC_Init>
	LCD_vidInit(); // Init of LCD Function call
    2d26:	0e 94 f1 0e 	call	0x1de2	; 0x1de2 <LCD_vidInit>
	USART_Init(); // Init of USART Function call
    2d2a:	0e 94 e3 15 	call	0x2bc6	; 0x2bc6 <USART_Init>

	while (1) {

		int val = ADC_Read(0);
    2d2e:	80 e0       	ldi	r24, 0x00	; 0
    2d30:	0e 94 c5 05 	call	0xb8a	; 0xb8a <ADC_Read>
    2d34:	88 2f       	mov	r24, r24
    2d36:	90 e0       	ldi	r25, 0x00	; 0
    2d38:	98 a3       	std	Y+32, r25	; 0x20
    2d3a:	8f 8f       	std	Y+31, r24	; 0x1f

		int ADCe = (val * 5) / 250;
    2d3c:	2f 8d       	ldd	r18, Y+31	; 0x1f
    2d3e:	38 a1       	ldd	r19, Y+32	; 0x20
    2d40:	c9 01       	movw	r24, r18
    2d42:	88 0f       	add	r24, r24
    2d44:	99 1f       	adc	r25, r25
    2d46:	88 0f       	add	r24, r24
    2d48:	99 1f       	adc	r25, r25
    2d4a:	82 0f       	add	r24, r18
    2d4c:	93 1f       	adc	r25, r19
    2d4e:	2a ef       	ldi	r18, 0xFA	; 250
    2d50:	30 e0       	ldi	r19, 0x00	; 0
    2d52:	b9 01       	movw	r22, r18
    2d54:	0e 94 c9 17 	call	0x2f92	; 0x2f92 <__divmodhi4>
    2d58:	cb 01       	movw	r24, r22
    2d5a:	9e 8f       	std	Y+30, r25	; 0x1e
    2d5c:	8d 8f       	std	Y+29, r24	; 0x1d

		if (ADCe > 3) {
    2d5e:	8d 8d       	ldd	r24, Y+29	; 0x1d
    2d60:	9e 8d       	ldd	r25, Y+30	; 0x1e
    2d62:	84 30       	cpi	r24, 0x04	; 4
    2d64:	91 05       	cpc	r25, r1
    2d66:	0c f4       	brge	.+2      	; 0x2d6a <main+0xb4>
    2d68:	fb c0       	rjmp	.+502    	; 0x2f60 <main+0x2aa>
			LCD_String_xy(1, 0, Status);
    2d6a:	2a ec       	ldi	r18, 0xCA	; 202
    2d6c:	30 e0       	ldi	r19, 0x00	; 0
    2d6e:	81 e0       	ldi	r24, 0x01	; 1
    2d70:	60 e0       	ldi	r22, 0x00	; 0
    2d72:	a9 01       	movw	r20, r18
    2d74:	0e 94 43 14 	call	0x2886	; 0x2886 <LCD_String_xy>
			LCD_String_xy(2, 3, Namei_Test_English);
    2d78:	2b ed       	ldi	r18, 0xDB	; 219
    2d7a:	30 e0       	ldi	r19, 0x00	; 0
    2d7c:	82 e0       	ldi	r24, 0x02	; 2
    2d7e:	63 e0       	ldi	r22, 0x03	; 3
    2d80:	a9 01       	movw	r20, r18
    2d82:	0e 94 43 14 	call	0x2886	; 0x2886 <LCD_String_xy>
    2d86:	80 e0       	ldi	r24, 0x00	; 0
    2d88:	90 e0       	ldi	r25, 0x00	; 0
    2d8a:	aa e7       	ldi	r26, 0x7A	; 122
    2d8c:	b4 e4       	ldi	r27, 0x44	; 68
    2d8e:	89 8f       	std	Y+25, r24	; 0x19
    2d90:	9a 8f       	std	Y+26, r25	; 0x1a
    2d92:	ab 8f       	std	Y+27, r26	; 0x1b
    2d94:	bc 8f       	std	Y+28, r27	; 0x1c
 */
void
_delay_ms(double __ms)
{
	uint16_t __ticks;
	double __tmp = ((F_CPU) / 4e3) * __ms;
    2d96:	69 8d       	ldd	r22, Y+25	; 0x19
    2d98:	7a 8d       	ldd	r23, Y+26	; 0x1a
    2d9a:	8b 8d       	ldd	r24, Y+27	; 0x1b
    2d9c:	9c 8d       	ldd	r25, Y+28	; 0x1c
    2d9e:	20 e0       	ldi	r18, 0x00	; 0
    2da0:	30 e0       	ldi	r19, 0x00	; 0
    2da2:	4a ef       	ldi	r20, 0xFA	; 250
    2da4:	54 e4       	ldi	r21, 0x44	; 68
    2da6:	0e 94 17 02 	call	0x42e	; 0x42e <__mulsf3>
    2daa:	dc 01       	movw	r26, r24
    2dac:	cb 01       	movw	r24, r22
    2dae:	8d 8b       	std	Y+21, r24	; 0x15
    2db0:	9e 8b       	std	Y+22, r25	; 0x16
    2db2:	af 8b       	std	Y+23, r26	; 0x17
    2db4:	b8 8f       	std	Y+24, r27	; 0x18
	if (__tmp < 1.0)
    2db6:	6d 89       	ldd	r22, Y+21	; 0x15
    2db8:	7e 89       	ldd	r23, Y+22	; 0x16
    2dba:	8f 89       	ldd	r24, Y+23	; 0x17
    2dbc:	98 8d       	ldd	r25, Y+24	; 0x18
    2dbe:	20 e0       	ldi	r18, 0x00	; 0
    2dc0:	30 e0       	ldi	r19, 0x00	; 0
    2dc2:	40 e8       	ldi	r20, 0x80	; 128
    2dc4:	5f e3       	ldi	r21, 0x3F	; 63
    2dc6:	0e 94 71 03 	call	0x6e2	; 0x6e2 <__ltsf2>
    2dca:	88 23       	and	r24, r24
    2dcc:	2c f4       	brge	.+10     	; 0x2dd8 <main+0x122>
		__ticks = 1;
    2dce:	81 e0       	ldi	r24, 0x01	; 1
    2dd0:	90 e0       	ldi	r25, 0x00	; 0
    2dd2:	9c 8b       	std	Y+20, r25	; 0x14
    2dd4:	8b 8b       	std	Y+19, r24	; 0x13
    2dd6:	3f c0       	rjmp	.+126    	; 0x2e56 <main+0x1a0>
	else if (__tmp > 65535)
    2dd8:	6d 89       	ldd	r22, Y+21	; 0x15
    2dda:	7e 89       	ldd	r23, Y+22	; 0x16
    2ddc:	8f 89       	ldd	r24, Y+23	; 0x17
    2dde:	98 8d       	ldd	r25, Y+24	; 0x18
    2de0:	20 e0       	ldi	r18, 0x00	; 0
    2de2:	3f ef       	ldi	r19, 0xFF	; 255
    2de4:	4f e7       	ldi	r20, 0x7F	; 127
    2de6:	57 e4       	ldi	r21, 0x47	; 71
    2de8:	0e 94 11 03 	call	0x622	; 0x622 <__gtsf2>
    2dec:	18 16       	cp	r1, r24
    2dee:	4c f5       	brge	.+82     	; 0x2e42 <main+0x18c>
	{
		//	__ticks = requested delay in 1/10 ms
		__ticks = (uint16_t) (__ms * 10.0);
    2df0:	69 8d       	ldd	r22, Y+25	; 0x19
    2df2:	7a 8d       	ldd	r23, Y+26	; 0x1a
    2df4:	8b 8d       	ldd	r24, Y+27	; 0x1b
    2df6:	9c 8d       	ldd	r25, Y+28	; 0x1c
    2df8:	20 e0       	ldi	r18, 0x00	; 0
    2dfa:	30 e0       	ldi	r19, 0x00	; 0
    2dfc:	40 e2       	ldi	r20, 0x20	; 32
    2dfe:	51 e4       	ldi	r21, 0x41	; 65
    2e00:	0e 94 17 02 	call	0x42e	; 0x42e <__mulsf3>
    2e04:	dc 01       	movw	r26, r24
    2e06:	cb 01       	movw	r24, r22
    2e08:	bc 01       	movw	r22, r24
    2e0a:	cd 01       	movw	r24, r26
    2e0c:	0e 94 41 00 	call	0x82	; 0x82 <__fixunssfsi>
    2e10:	dc 01       	movw	r26, r24
    2e12:	cb 01       	movw	r24, r22
    2e14:	9c 8b       	std	Y+20, r25	; 0x14
    2e16:	8b 8b       	std	Y+19, r24	; 0x13
    2e18:	0f c0       	rjmp	.+30     	; 0x2e38 <main+0x182>
    2e1a:	88 ec       	ldi	r24, 0xC8	; 200
    2e1c:	90 e0       	ldi	r25, 0x00	; 0
    2e1e:	9a 8b       	std	Y+18, r25	; 0x12
    2e20:	89 8b       	std	Y+17, r24	; 0x11
    2e22:	89 89       	ldd	r24, Y+17	; 0x11
    2e24:	9a 89       	ldd	r25, Y+18	; 0x12
    2e26:	01 97       	sbiw	r24, 0x01	; 1
    2e28:	f1 f7       	brne	.-4      	; 0x2e26 <main+0x170>
    2e2a:	9a 8b       	std	Y+18, r25	; 0x12
    2e2c:	89 8b       	std	Y+17, r24	; 0x11
		while(__ticks)
		{
			// wait 1/10 ms
			_delay_loop_2(((F_CPU) / 4e3) / 10);
			__ticks --;
    2e2e:	8b 89       	ldd	r24, Y+19	; 0x13
    2e30:	9c 89       	ldd	r25, Y+20	; 0x14
    2e32:	01 97       	sbiw	r24, 0x01	; 1
    2e34:	9c 8b       	std	Y+20, r25	; 0x14
    2e36:	8b 8b       	std	Y+19, r24	; 0x13
		__ticks = 1;
	else if (__tmp > 65535)
	{
		//	__ticks = requested delay in 1/10 ms
		__ticks = (uint16_t) (__ms * 10.0);
		while(__ticks)
    2e38:	8b 89       	ldd	r24, Y+19	; 0x13
    2e3a:	9c 89       	ldd	r25, Y+20	; 0x14
    2e3c:	00 97       	sbiw	r24, 0x00	; 0
    2e3e:	69 f7       	brne	.-38     	; 0x2e1a <main+0x164>
    2e40:	14 c0       	rjmp	.+40     	; 0x2e6a <main+0x1b4>
			__ticks --;
		}
		return;
	}
	else
		__ticks = (uint16_t)__tmp;
    2e42:	6d 89       	ldd	r22, Y+21	; 0x15
    2e44:	7e 89       	ldd	r23, Y+22	; 0x16
    2e46:	8f 89       	ldd	r24, Y+23	; 0x17
    2e48:	98 8d       	ldd	r25, Y+24	; 0x18
    2e4a:	0e 94 41 00 	call	0x82	; 0x82 <__fixunssfsi>
    2e4e:	dc 01       	movw	r26, r24
    2e50:	cb 01       	movw	r24, r22
    2e52:	9c 8b       	std	Y+20, r25	; 0x14
    2e54:	8b 8b       	std	Y+19, r24	; 0x13
    2e56:	8b 89       	ldd	r24, Y+19	; 0x13
    2e58:	9c 89       	ldd	r25, Y+20	; 0x14
    2e5a:	98 8b       	std	Y+16, r25	; 0x10
    2e5c:	8f 87       	std	Y+15, r24	; 0x0f
    2e5e:	8f 85       	ldd	r24, Y+15	; 0x0f
    2e60:	98 89       	ldd	r25, Y+16	; 0x10
    2e62:	01 97       	sbiw	r24, 0x01	; 1
    2e64:	f1 f7       	brne	.-4      	; 0x2e62 <main+0x1ac>
    2e66:	98 8b       	std	Y+16, r25	; 0x10
    2e68:	8f 87       	std	Y+15, r24	; 0x0f
			_delay_ms(1000);
			DIO_SetPinValue(PORTB, PIN4, LOW);
    2e6a:	81 e0       	ldi	r24, 0x01	; 1
    2e6c:	64 e0       	ldi	r22, 0x04	; 4
    2e6e:	40 e0       	ldi	r20, 0x00	; 0
    2e70:	0e 94 d0 07 	call	0xfa0	; 0xfa0 <DIO_SetPinValue>
    2e74:	80 e0       	ldi	r24, 0x00	; 0
    2e76:	90 e0       	ldi	r25, 0x00	; 0
    2e78:	aa e7       	ldi	r26, 0x7A	; 122
    2e7a:	b4 e4       	ldi	r27, 0x44	; 68
    2e7c:	8b 87       	std	Y+11, r24	; 0x0b
    2e7e:	9c 87       	std	Y+12, r25	; 0x0c
    2e80:	ad 87       	std	Y+13, r26	; 0x0d
    2e82:	be 87       	std	Y+14, r27	; 0x0e
 */
void
_delay_ms(double __ms)
{
	uint16_t __ticks;
	double __tmp = ((F_CPU) / 4e3) * __ms;
    2e84:	6b 85       	ldd	r22, Y+11	; 0x0b
    2e86:	7c 85       	ldd	r23, Y+12	; 0x0c
    2e88:	8d 85       	ldd	r24, Y+13	; 0x0d
    2e8a:	9e 85       	ldd	r25, Y+14	; 0x0e
    2e8c:	20 e0       	ldi	r18, 0x00	; 0
    2e8e:	30 e0       	ldi	r19, 0x00	; 0
    2e90:	4a ef       	ldi	r20, 0xFA	; 250
    2e92:	54 e4       	ldi	r21, 0x44	; 68
    2e94:	0e 94 17 02 	call	0x42e	; 0x42e <__mulsf3>
    2e98:	dc 01       	movw	r26, r24
    2e9a:	cb 01       	movw	r24, r22
    2e9c:	8f 83       	std	Y+7, r24	; 0x07
    2e9e:	98 87       	std	Y+8, r25	; 0x08
    2ea0:	a9 87       	std	Y+9, r26	; 0x09
    2ea2:	ba 87       	std	Y+10, r27	; 0x0a
	if (__tmp < 1.0)
    2ea4:	6f 81       	ldd	r22, Y+7	; 0x07
    2ea6:	78 85       	ldd	r23, Y+8	; 0x08
    2ea8:	89 85       	ldd	r24, Y+9	; 0x09
    2eaa:	9a 85       	ldd	r25, Y+10	; 0x0a
    2eac:	20 e0       	ldi	r18, 0x00	; 0
    2eae:	30 e0       	ldi	r19, 0x00	; 0
    2eb0:	40 e8       	ldi	r20, 0x80	; 128
    2eb2:	5f e3       	ldi	r21, 0x3F	; 63
    2eb4:	0e 94 71 03 	call	0x6e2	; 0x6e2 <__ltsf2>
    2eb8:	88 23       	and	r24, r24
    2eba:	2c f4       	brge	.+10     	; 0x2ec6 <main+0x210>
		__ticks = 1;
    2ebc:	81 e0       	ldi	r24, 0x01	; 1
    2ebe:	90 e0       	ldi	r25, 0x00	; 0
    2ec0:	9e 83       	std	Y+6, r25	; 0x06
    2ec2:	8d 83       	std	Y+5, r24	; 0x05
    2ec4:	3f c0       	rjmp	.+126    	; 0x2f44 <main+0x28e>
	else if (__tmp > 65535)
    2ec6:	6f 81       	ldd	r22, Y+7	; 0x07
    2ec8:	78 85       	ldd	r23, Y+8	; 0x08
    2eca:	89 85       	ldd	r24, Y+9	; 0x09
    2ecc:	9a 85       	ldd	r25, Y+10	; 0x0a
    2ece:	20 e0       	ldi	r18, 0x00	; 0
    2ed0:	3f ef       	ldi	r19, 0xFF	; 255
    2ed2:	4f e7       	ldi	r20, 0x7F	; 127
    2ed4:	57 e4       	ldi	r21, 0x47	; 71
    2ed6:	0e 94 11 03 	call	0x622	; 0x622 <__gtsf2>
    2eda:	18 16       	cp	r1, r24
    2edc:	4c f5       	brge	.+82     	; 0x2f30 <main+0x27a>
	{
		//	__ticks = requested delay in 1/10 ms
		__ticks = (uint16_t) (__ms * 10.0);
    2ede:	6b 85       	ldd	r22, Y+11	; 0x0b
    2ee0:	7c 85       	ldd	r23, Y+12	; 0x0c
    2ee2:	8d 85       	ldd	r24, Y+13	; 0x0d
    2ee4:	9e 85       	ldd	r25, Y+14	; 0x0e
    2ee6:	20 e0       	ldi	r18, 0x00	; 0
    2ee8:	30 e0       	ldi	r19, 0x00	; 0
    2eea:	40 e2       	ldi	r20, 0x20	; 32
    2eec:	51 e4       	ldi	r21, 0x41	; 65
    2eee:	0e 94 17 02 	call	0x42e	; 0x42e <__mulsf3>
    2ef2:	dc 01       	movw	r26, r24
    2ef4:	cb 01       	movw	r24, r22
    2ef6:	bc 01       	movw	r22, r24
    2ef8:	cd 01       	movw	r24, r26
    2efa:	0e 94 41 00 	call	0x82	; 0x82 <__fixunssfsi>
    2efe:	dc 01       	movw	r26, r24
    2f00:	cb 01       	movw	r24, r22
    2f02:	9e 83       	std	Y+6, r25	; 0x06
    2f04:	8d 83       	std	Y+5, r24	; 0x05
    2f06:	0f c0       	rjmp	.+30     	; 0x2f26 <main+0x270>
    2f08:	88 ec       	ldi	r24, 0xC8	; 200
    2f0a:	90 e0       	ldi	r25, 0x00	; 0
    2f0c:	9c 83       	std	Y+4, r25	; 0x04
    2f0e:	8b 83       	std	Y+3, r24	; 0x03
    2f10:	8b 81       	ldd	r24, Y+3	; 0x03
    2f12:	9c 81       	ldd	r25, Y+4	; 0x04
    2f14:	01 97       	sbiw	r24, 0x01	; 1
    2f16:	f1 f7       	brne	.-4      	; 0x2f14 <main+0x25e>
    2f18:	9c 83       	std	Y+4, r25	; 0x04
    2f1a:	8b 83       	std	Y+3, r24	; 0x03
		while(__ticks)
		{
			// wait 1/10 ms
			_delay_loop_2(((F_CPU) / 4e3) / 10);
			__ticks --;
    2f1c:	8d 81       	ldd	r24, Y+5	; 0x05
    2f1e:	9e 81       	ldd	r25, Y+6	; 0x06
    2f20:	01 97       	sbiw	r24, 0x01	; 1
    2f22:	9e 83       	std	Y+6, r25	; 0x06
    2f24:	8d 83       	std	Y+5, r24	; 0x05
		__ticks = 1;
	else if (__tmp > 65535)
	{
		//	__ticks = requested delay in 1/10 ms
		__ticks = (uint16_t) (__ms * 10.0);
		while(__ticks)
    2f26:	8d 81       	ldd	r24, Y+5	; 0x05
    2f28:	9e 81       	ldd	r25, Y+6	; 0x06
    2f2a:	00 97       	sbiw	r24, 0x00	; 0
    2f2c:	69 f7       	brne	.-38     	; 0x2f08 <main+0x252>
    2f2e:	14 c0       	rjmp	.+40     	; 0x2f58 <main+0x2a2>
			__ticks --;
		}
		return;
	}
	else
		__ticks = (uint16_t)__tmp;
    2f30:	6f 81       	ldd	r22, Y+7	; 0x07
    2f32:	78 85       	ldd	r23, Y+8	; 0x08
    2f34:	89 85       	ldd	r24, Y+9	; 0x09
    2f36:	9a 85       	ldd	r25, Y+10	; 0x0a
    2f38:	0e 94 41 00 	call	0x82	; 0x82 <__fixunssfsi>
    2f3c:	dc 01       	movw	r26, r24
    2f3e:	cb 01       	movw	r24, r22
    2f40:	9e 83       	std	Y+6, r25	; 0x06
    2f42:	8d 83       	std	Y+5, r24	; 0x05
    2f44:	8d 81       	ldd	r24, Y+5	; 0x05
    2f46:	9e 81       	ldd	r25, Y+6	; 0x06
    2f48:	9a 83       	std	Y+2, r25	; 0x02
    2f4a:	89 83       	std	Y+1, r24	; 0x01
    2f4c:	89 81       	ldd	r24, Y+1	; 0x01
    2f4e:	9a 81       	ldd	r25, Y+2	; 0x02
    2f50:	01 97       	sbiw	r24, 0x01	; 1
    2f52:	f1 f7       	brne	.-4      	; 0x2f50 <main+0x29a>
    2f54:	9a 83       	std	Y+2, r25	; 0x02
    2f56:	89 83       	std	Y+1, r24	; 0x01
			_delay_ms(1000);
			LCD_vidSendCommand(0x01);
    2f58:	81 e0       	ldi	r24, 0x01	; 1
    2f5a:	0e 94 19 12 	call	0x2432	; 0x2432 <LCD_vidSendCommand>
    2f5e:	e7 ce       	rjmp	.-562    	; 0x2d2e <main+0x78>
		} else {
			DIO_SetPinValue(PORTB, PIN4, HIGH);
    2f60:	81 e0       	ldi	r24, 0x01	; 1
    2f62:	64 e0       	ldi	r22, 0x04	; 4
    2f64:	41 e0       	ldi	r20, 0x01	; 1
    2f66:	0e 94 d0 07 	call	0xfa0	; 0xfa0 <DIO_SetPinValue>
			LCD_String_xy(1, 0, Status);
    2f6a:	2a ec       	ldi	r18, 0xCA	; 202
    2f6c:	30 e0       	ldi	r19, 0x00	; 0
    2f6e:	81 e0       	ldi	r24, 0x01	; 1
    2f70:	60 e0       	ldi	r22, 0x00	; 0
    2f72:	a9 01       	movw	r20, r18
    2f74:	0e 94 43 14 	call	0x2886	; 0x2886 <LCD_String_xy>
			LCD_String_xy(2, 3, Name_Test_English);
    2f78:	26 ed       	ldi	r18, 0xD6	; 214
    2f7a:	30 e0       	ldi	r19, 0x00	; 0
    2f7c:	82 e0       	ldi	r24, 0x02	; 2
    2f7e:	63 e0       	ldi	r22, 0x03	; 3
    2f80:	a9 01       	movw	r20, r18
    2f82:	0e 94 43 14 	call	0x2886	; 0x2886 <LCD_String_xy>
			sendSMS();
    2f86:	0e 94 e6 0a 	call	0x15cc	; 0x15cc <sendSMS>
			LCD_vidSendCommand(0x01);
    2f8a:	81 e0       	ldi	r24, 0x01	; 1
    2f8c:	0e 94 19 12 	call	0x2432	; 0x2432 <LCD_vidSendCommand>
    2f90:	ce ce       	rjmp	.-612    	; 0x2d2e <main+0x78>

00002f92 <__divmodhi4>:
    2f92:	97 fb       	bst	r25, 7
    2f94:	09 2e       	mov	r0, r25
    2f96:	07 26       	eor	r0, r23
    2f98:	0a d0       	rcall	.+20     	; 0x2fae <__divmodhi4_neg1>
    2f9a:	77 fd       	sbrc	r23, 7
    2f9c:	04 d0       	rcall	.+8      	; 0x2fa6 <__divmodhi4_neg2>
    2f9e:	0c d0       	rcall	.+24     	; 0x2fb8 <__udivmodhi4>
    2fa0:	06 d0       	rcall	.+12     	; 0x2fae <__divmodhi4_neg1>
    2fa2:	00 20       	and	r0, r0
    2fa4:	1a f4       	brpl	.+6      	; 0x2fac <__divmodhi4_exit>

00002fa6 <__divmodhi4_neg2>:
    2fa6:	70 95       	com	r23
    2fa8:	61 95       	neg	r22
    2faa:	7f 4f       	sbci	r23, 0xFF	; 255

00002fac <__divmodhi4_exit>:
    2fac:	08 95       	ret

00002fae <__divmodhi4_neg1>:
    2fae:	f6 f7       	brtc	.-4      	; 0x2fac <__divmodhi4_exit>
    2fb0:	90 95       	com	r25
    2fb2:	81 95       	neg	r24
    2fb4:	9f 4f       	sbci	r25, 0xFF	; 255
    2fb6:	08 95       	ret

00002fb8 <__udivmodhi4>:
    2fb8:	aa 1b       	sub	r26, r26
    2fba:	bb 1b       	sub	r27, r27
    2fbc:	51 e1       	ldi	r21, 0x11	; 17
    2fbe:	07 c0       	rjmp	.+14     	; 0x2fce <__udivmodhi4_ep>

00002fc0 <__udivmodhi4_loop>:
    2fc0:	aa 1f       	adc	r26, r26
    2fc2:	bb 1f       	adc	r27, r27
    2fc4:	a6 17       	cp	r26, r22
    2fc6:	b7 07       	cpc	r27, r23
    2fc8:	10 f0       	brcs	.+4      	; 0x2fce <__udivmodhi4_ep>
    2fca:	a6 1b       	sub	r26, r22
    2fcc:	b7 0b       	sbc	r27, r23

00002fce <__udivmodhi4_ep>:
    2fce:	88 1f       	adc	r24, r24
    2fd0:	99 1f       	adc	r25, r25
    2fd2:	5a 95       	dec	r21
    2fd4:	a9 f7       	brne	.-22     	; 0x2fc0 <__udivmodhi4_loop>
    2fd6:	80 95       	com	r24
    2fd8:	90 95       	com	r25
    2fda:	bc 01       	movw	r22, r24
    2fdc:	cd 01       	movw	r24, r26
    2fde:	08 95       	ret

00002fe0 <__prologue_saves__>:
    2fe0:	2f 92       	push	r2
    2fe2:	3f 92       	push	r3
    2fe4:	4f 92       	push	r4
    2fe6:	5f 92       	push	r5
    2fe8:	6f 92       	push	r6
    2fea:	7f 92       	push	r7
    2fec:	8f 92       	push	r8
    2fee:	9f 92       	push	r9
    2ff0:	af 92       	push	r10
    2ff2:	bf 92       	push	r11
    2ff4:	cf 92       	push	r12
    2ff6:	df 92       	push	r13
    2ff8:	ef 92       	push	r14
    2ffa:	ff 92       	push	r15
    2ffc:	0f 93       	push	r16
    2ffe:	1f 93       	push	r17
    3000:	cf 93       	push	r28
    3002:	df 93       	push	r29
    3004:	cd b7       	in	r28, 0x3d	; 61
    3006:	de b7       	in	r29, 0x3e	; 62
    3008:	ca 1b       	sub	r28, r26
    300a:	db 0b       	sbc	r29, r27
    300c:	0f b6       	in	r0, 0x3f	; 63
    300e:	f8 94       	cli
    3010:	de bf       	out	0x3e, r29	; 62
    3012:	0f be       	out	0x3f, r0	; 63
    3014:	cd bf       	out	0x3d, r28	; 61
    3016:	09 94       	ijmp

00003018 <__epilogue_restores__>:
    3018:	2a 88       	ldd	r2, Y+18	; 0x12
    301a:	39 88       	ldd	r3, Y+17	; 0x11
    301c:	48 88       	ldd	r4, Y+16	; 0x10
    301e:	5f 84       	ldd	r5, Y+15	; 0x0f
    3020:	6e 84       	ldd	r6, Y+14	; 0x0e
    3022:	7d 84       	ldd	r7, Y+13	; 0x0d
    3024:	8c 84       	ldd	r8, Y+12	; 0x0c
    3026:	9b 84       	ldd	r9, Y+11	; 0x0b
    3028:	aa 84       	ldd	r10, Y+10	; 0x0a
    302a:	b9 84       	ldd	r11, Y+9	; 0x09
    302c:	c8 84       	ldd	r12, Y+8	; 0x08
    302e:	df 80       	ldd	r13, Y+7	; 0x07
    3030:	ee 80       	ldd	r14, Y+6	; 0x06
    3032:	fd 80       	ldd	r15, Y+5	; 0x05
    3034:	0c 81       	ldd	r16, Y+4	; 0x04
    3036:	1b 81       	ldd	r17, Y+3	; 0x03
    3038:	aa 81       	ldd	r26, Y+2	; 0x02
    303a:	b9 81       	ldd	r27, Y+1	; 0x01
    303c:	ce 0f       	add	r28, r30
    303e:	d1 1d       	adc	r29, r1
    3040:	0f b6       	in	r0, 0x3f	; 63
    3042:	f8 94       	cli
    3044:	de bf       	out	0x3e, r29	; 62
    3046:	0f be       	out	0x3f, r0	; 63
    3048:	cd bf       	out	0x3d, r28	; 61
    304a:	ed 01       	movw	r28, r26
    304c:	08 95       	ret

0000304e <strlen>:
    304e:	fc 01       	movw	r30, r24
    3050:	01 90       	ld	r0, Z+
    3052:	00 20       	and	r0, r0
    3054:	e9 f7       	brne	.-6      	; 0x3050 <strlen+0x2>
    3056:	80 95       	com	r24
    3058:	90 95       	com	r25
    305a:	8e 0f       	add	r24, r30
    305c:	9f 1f       	adc	r25, r31
    305e:	08 95       	ret

00003060 <_exit>:
    3060:	f8 94       	cli

00003062 <__stop_program>:
    3062:	ff cf       	rjmp	.-2      	; 0x3062 <__stop_program>
