
Project_3_Simple_Air_Coordinator_System.elf:     file format elf32-avr

Sections:
Idx Name          Size      VMA       LMA       File off  Algn
  0 .text         00002610  00000000  00000000  00000074  2**1
                  CONTENTS, ALLOC, LOAD, READONLY, CODE
  1 .data         00000108  00800060  00002610  00002684  2**0
                  CONTENTS, ALLOC, LOAD, DATA
  2 .stab         00001b00  00000000  00000000  0000278c  2**2
                  CONTENTS, READONLY, DEBUGGING
  3 .stabstr      00000b1c  00000000  00000000  0000428c  2**0
                  CONTENTS, READONLY, DEBUGGING
  4 .debug_aranges 000001a0  00000000  00000000  00004da8  2**0
                  CONTENTS, READONLY, DEBUGGING
  5 .debug_pubnames 000001f0  00000000  00000000  00004f48  2**0
                  CONTENTS, READONLY, DEBUGGING
  6 .debug_info   0000240c  00000000  00000000  00005138  2**0
                  CONTENTS, READONLY, DEBUGGING
  7 .debug_abbrev 00001377  00000000  00000000  00007544  2**0
                  CONTENTS, READONLY, DEBUGGING
  8 .debug_line   000011d8  00000000  00000000  000088bb  2**0
                  CONTENTS, READONLY, DEBUGGING
  9 .debug_frame  000001c0  00000000  00000000  00009a94  2**2
                  CONTENTS, READONLY, DEBUGGING
 10 .debug_str    000002f3  00000000  00000000  00009c54  2**0
                  CONTENTS, READONLY, DEBUGGING
 11 .debug_loc    000009ce  00000000  00000000  00009f47  2**0
                  CONTENTS, READONLY, DEBUGGING
 12 .debug_ranges 00000050  00000000  00000000  0000a915  2**0
                  CONTENTS, READONLY, DEBUGGING

Disassembly of section .text:

00000000 <__vectors>:
       0:	0c 94 2a 00 	jmp	0x54	; 0x54 <__ctors_end>
       4:	0c 94 3f 00 	jmp	0x7e	; 0x7e <__bad_interrupt>
       8:	0c 94 3f 00 	jmp	0x7e	; 0x7e <__bad_interrupt>
       c:	0c 94 3f 00 	jmp	0x7e	; 0x7e <__bad_interrupt>
      10:	0c 94 3f 00 	jmp	0x7e	; 0x7e <__bad_interrupt>
      14:	0c 94 3f 00 	jmp	0x7e	; 0x7e <__bad_interrupt>
      18:	0c 94 3f 00 	jmp	0x7e	; 0x7e <__bad_interrupt>
      1c:	0c 94 3f 00 	jmp	0x7e	; 0x7e <__bad_interrupt>
      20:	0c 94 3f 00 	jmp	0x7e	; 0x7e <__bad_interrupt>
      24:	0c 94 3f 00 	jmp	0x7e	; 0x7e <__bad_interrupt>
      28:	0c 94 3f 00 	jmp	0x7e	; 0x7e <__bad_interrupt>
      2c:	0c 94 3f 00 	jmp	0x7e	; 0x7e <__bad_interrupt>
      30:	0c 94 3f 00 	jmp	0x7e	; 0x7e <__bad_interrupt>
      34:	0c 94 3f 00 	jmp	0x7e	; 0x7e <__bad_interrupt>
      38:	0c 94 3f 00 	jmp	0x7e	; 0x7e <__bad_interrupt>
      3c:	0c 94 3f 00 	jmp	0x7e	; 0x7e <__bad_interrupt>
      40:	0c 94 3f 00 	jmp	0x7e	; 0x7e <__bad_interrupt>
      44:	0c 94 3f 00 	jmp	0x7e	; 0x7e <__bad_interrupt>
      48:	0c 94 3f 00 	jmp	0x7e	; 0x7e <__bad_interrupt>
      4c:	0c 94 3f 00 	jmp	0x7e	; 0x7e <__bad_interrupt>
      50:	0c 94 3f 00 	jmp	0x7e	; 0x7e <__bad_interrupt>

00000054 <__ctors_end>:
      54:	11 24       	eor	r1, r1
      56:	1f be       	out	0x3f, r1	; 63
      58:	cf e5       	ldi	r28, 0x5F	; 95
      5a:	d8 e0       	ldi	r29, 0x08	; 8
      5c:	de bf       	out	0x3e, r29	; 62
      5e:	cd bf       	out	0x3d, r28	; 61

00000060 <__do_copy_data>:
      60:	11 e0       	ldi	r17, 0x01	; 1
      62:	a0 e6       	ldi	r26, 0x60	; 96
      64:	b0 e0       	ldi	r27, 0x00	; 0
      66:	e0 e1       	ldi	r30, 0x10	; 16
      68:	f6 e2       	ldi	r31, 0x26	; 38
      6a:	02 c0       	rjmp	.+4      	; 0x70 <.do_copy_data_start>

0000006c <.do_copy_data_loop>:
      6c:	05 90       	lpm	r0, Z+
      6e:	0d 92       	st	X+, r0

00000070 <.do_copy_data_start>:
      70:	a8 36       	cpi	r26, 0x68	; 104
      72:	b1 07       	cpc	r27, r17
      74:	d9 f7       	brne	.-10     	; 0x6c <.do_copy_data_loop>
      76:	0e 94 87 12 	call	0x250e	; 0x250e <main>
      7a:	0c 94 06 13 	jmp	0x260c	; 0x260c <_exit>

0000007e <__bad_interrupt>:
      7e:	0c 94 00 00 	jmp	0	; 0x0 <__vectors>

00000082 <__fixunssfsi>:
      82:	ef 92       	push	r14
      84:	ff 92       	push	r15
      86:	0f 93       	push	r16
      88:	1f 93       	push	r17
      8a:	7b 01       	movw	r14, r22
      8c:	8c 01       	movw	r16, r24
      8e:	20 e0       	ldi	r18, 0x00	; 0
      90:	30 e0       	ldi	r19, 0x00	; 0
      92:	40 e0       	ldi	r20, 0x00	; 0
      94:	5f e4       	ldi	r21, 0x4F	; 79
      96:	0e 94 ed 03 	call	0x7da	; 0x7da <__gesf2>
      9a:	88 23       	and	r24, r24
      9c:	8c f0       	brlt	.+34     	; 0xc0 <__fixunssfsi+0x3e>
      9e:	c8 01       	movw	r24, r16
      a0:	b7 01       	movw	r22, r14
      a2:	20 e0       	ldi	r18, 0x00	; 0
      a4:	30 e0       	ldi	r19, 0x00	; 0
      a6:	40 e0       	ldi	r20, 0x00	; 0
      a8:	5f e4       	ldi	r21, 0x4F	; 79
      aa:	0e 94 b9 01 	call	0x372	; 0x372 <__subsf3>
      ae:	0e 94 ab 04 	call	0x956	; 0x956 <__fixsfsi>
      b2:	9b 01       	movw	r18, r22
      b4:	ac 01       	movw	r20, r24
      b6:	20 50       	subi	r18, 0x00	; 0
      b8:	30 40       	sbci	r19, 0x00	; 0
      ba:	40 40       	sbci	r20, 0x00	; 0
      bc:	50 48       	sbci	r21, 0x80	; 128
      be:	06 c0       	rjmp	.+12     	; 0xcc <__fixunssfsi+0x4a>
      c0:	c8 01       	movw	r24, r16
      c2:	b7 01       	movw	r22, r14
      c4:	0e 94 ab 04 	call	0x956	; 0x956 <__fixsfsi>
      c8:	9b 01       	movw	r18, r22
      ca:	ac 01       	movw	r20, r24
      cc:	b9 01       	movw	r22, r18
      ce:	ca 01       	movw	r24, r20
      d0:	1f 91       	pop	r17
      d2:	0f 91       	pop	r16
      d4:	ff 90       	pop	r15
      d6:	ef 90       	pop	r14
      d8:	08 95       	ret

000000da <_fpadd_parts>:
      da:	a0 e0       	ldi	r26, 0x00	; 0
      dc:	b0 e0       	ldi	r27, 0x00	; 0
      de:	e3 e7       	ldi	r30, 0x73	; 115
      e0:	f0 e0       	ldi	r31, 0x00	; 0
      e2:	0c 94 cf 12 	jmp	0x259e	; 0x259e <__prologue_saves__>
      e6:	dc 01       	movw	r26, r24
      e8:	2b 01       	movw	r4, r22
      ea:	fa 01       	movw	r30, r20
      ec:	9c 91       	ld	r25, X
      ee:	92 30       	cpi	r25, 0x02	; 2
      f0:	08 f4       	brcc	.+2      	; 0xf4 <_fpadd_parts+0x1a>
      f2:	39 c1       	rjmp	.+626    	; 0x366 <_fpadd_parts+0x28c>
      f4:	eb 01       	movw	r28, r22
      f6:	88 81       	ld	r24, Y
      f8:	82 30       	cpi	r24, 0x02	; 2
      fa:	08 f4       	brcc	.+2      	; 0xfe <_fpadd_parts+0x24>
      fc:	33 c1       	rjmp	.+614    	; 0x364 <_fpadd_parts+0x28a>
      fe:	94 30       	cpi	r25, 0x04	; 4
     100:	69 f4       	brne	.+26     	; 0x11c <_fpadd_parts+0x42>
     102:	84 30       	cpi	r24, 0x04	; 4
     104:	09 f0       	breq	.+2      	; 0x108 <_fpadd_parts+0x2e>
     106:	2f c1       	rjmp	.+606    	; 0x366 <_fpadd_parts+0x28c>
     108:	11 96       	adiw	r26, 0x01	; 1
     10a:	9c 91       	ld	r25, X
     10c:	11 97       	sbiw	r26, 0x01	; 1
     10e:	89 81       	ldd	r24, Y+1	; 0x01
     110:	98 17       	cp	r25, r24
     112:	09 f4       	brne	.+2      	; 0x116 <_fpadd_parts+0x3c>
     114:	28 c1       	rjmp	.+592    	; 0x366 <_fpadd_parts+0x28c>
     116:	a0 e6       	ldi	r26, 0x60	; 96
     118:	b0 e0       	ldi	r27, 0x00	; 0
     11a:	25 c1       	rjmp	.+586    	; 0x366 <_fpadd_parts+0x28c>
     11c:	84 30       	cpi	r24, 0x04	; 4
     11e:	09 f4       	brne	.+2      	; 0x122 <_fpadd_parts+0x48>
     120:	21 c1       	rjmp	.+578    	; 0x364 <_fpadd_parts+0x28a>
     122:	82 30       	cpi	r24, 0x02	; 2
     124:	a9 f4       	brne	.+42     	; 0x150 <_fpadd_parts+0x76>
     126:	92 30       	cpi	r25, 0x02	; 2
     128:	09 f0       	breq	.+2      	; 0x12c <_fpadd_parts+0x52>
     12a:	1d c1       	rjmp	.+570    	; 0x366 <_fpadd_parts+0x28c>
     12c:	9a 01       	movw	r18, r20
     12e:	ad 01       	movw	r20, r26
     130:	88 e0       	ldi	r24, 0x08	; 8
     132:	ea 01       	movw	r28, r20
     134:	09 90       	ld	r0, Y+
     136:	ae 01       	movw	r20, r28
     138:	e9 01       	movw	r28, r18
     13a:	09 92       	st	Y+, r0
     13c:	9e 01       	movw	r18, r28
     13e:	81 50       	subi	r24, 0x01	; 1
     140:	c1 f7       	brne	.-16     	; 0x132 <_fpadd_parts+0x58>
     142:	e2 01       	movw	r28, r4
     144:	89 81       	ldd	r24, Y+1	; 0x01
     146:	11 96       	adiw	r26, 0x01	; 1
     148:	9c 91       	ld	r25, X
     14a:	89 23       	and	r24, r25
     14c:	81 83       	std	Z+1, r24	; 0x01
     14e:	08 c1       	rjmp	.+528    	; 0x360 <_fpadd_parts+0x286>
     150:	92 30       	cpi	r25, 0x02	; 2
     152:	09 f4       	brne	.+2      	; 0x156 <_fpadd_parts+0x7c>
     154:	07 c1       	rjmp	.+526    	; 0x364 <_fpadd_parts+0x28a>
     156:	12 96       	adiw	r26, 0x02	; 2
     158:	2d 90       	ld	r2, X+
     15a:	3c 90       	ld	r3, X
     15c:	13 97       	sbiw	r26, 0x03	; 3
     15e:	eb 01       	movw	r28, r22
     160:	8a 81       	ldd	r24, Y+2	; 0x02
     162:	9b 81       	ldd	r25, Y+3	; 0x03
     164:	14 96       	adiw	r26, 0x04	; 4
     166:	ad 90       	ld	r10, X+
     168:	bd 90       	ld	r11, X+
     16a:	cd 90       	ld	r12, X+
     16c:	dc 90       	ld	r13, X
     16e:	17 97       	sbiw	r26, 0x07	; 7
     170:	ec 80       	ldd	r14, Y+4	; 0x04
     172:	fd 80       	ldd	r15, Y+5	; 0x05
     174:	0e 81       	ldd	r16, Y+6	; 0x06
     176:	1f 81       	ldd	r17, Y+7	; 0x07
     178:	91 01       	movw	r18, r2
     17a:	28 1b       	sub	r18, r24
     17c:	39 0b       	sbc	r19, r25
     17e:	b9 01       	movw	r22, r18
     180:	37 ff       	sbrs	r19, 7
     182:	04 c0       	rjmp	.+8      	; 0x18c <_fpadd_parts+0xb2>
     184:	66 27       	eor	r22, r22
     186:	77 27       	eor	r23, r23
     188:	62 1b       	sub	r22, r18
     18a:	73 0b       	sbc	r23, r19
     18c:	60 32       	cpi	r22, 0x20	; 32
     18e:	71 05       	cpc	r23, r1
     190:	0c f0       	brlt	.+2      	; 0x194 <_fpadd_parts+0xba>
     192:	61 c0       	rjmp	.+194    	; 0x256 <_fpadd_parts+0x17c>
     194:	12 16       	cp	r1, r18
     196:	13 06       	cpc	r1, r19
     198:	6c f5       	brge	.+90     	; 0x1f4 <_fpadd_parts+0x11a>
     19a:	37 01       	movw	r6, r14
     19c:	48 01       	movw	r8, r16
     19e:	06 2e       	mov	r0, r22
     1a0:	04 c0       	rjmp	.+8      	; 0x1aa <_fpadd_parts+0xd0>
     1a2:	96 94       	lsr	r9
     1a4:	87 94       	ror	r8
     1a6:	77 94       	ror	r7
     1a8:	67 94       	ror	r6
     1aa:	0a 94       	dec	r0
     1ac:	d2 f7       	brpl	.-12     	; 0x1a2 <_fpadd_parts+0xc8>
     1ae:	21 e0       	ldi	r18, 0x01	; 1
     1b0:	30 e0       	ldi	r19, 0x00	; 0
     1b2:	40 e0       	ldi	r20, 0x00	; 0
     1b4:	50 e0       	ldi	r21, 0x00	; 0
     1b6:	04 c0       	rjmp	.+8      	; 0x1c0 <_fpadd_parts+0xe6>
     1b8:	22 0f       	add	r18, r18
     1ba:	33 1f       	adc	r19, r19
     1bc:	44 1f       	adc	r20, r20
     1be:	55 1f       	adc	r21, r21
     1c0:	6a 95       	dec	r22
     1c2:	d2 f7       	brpl	.-12     	; 0x1b8 <_fpadd_parts+0xde>
     1c4:	21 50       	subi	r18, 0x01	; 1
     1c6:	30 40       	sbci	r19, 0x00	; 0
     1c8:	40 40       	sbci	r20, 0x00	; 0
     1ca:	50 40       	sbci	r21, 0x00	; 0
     1cc:	2e 21       	and	r18, r14
     1ce:	3f 21       	and	r19, r15
     1d0:	40 23       	and	r20, r16
     1d2:	51 23       	and	r21, r17
     1d4:	21 15       	cp	r18, r1
     1d6:	31 05       	cpc	r19, r1
     1d8:	41 05       	cpc	r20, r1
     1da:	51 05       	cpc	r21, r1
     1dc:	21 f0       	breq	.+8      	; 0x1e6 <_fpadd_parts+0x10c>
     1de:	21 e0       	ldi	r18, 0x01	; 1
     1e0:	30 e0       	ldi	r19, 0x00	; 0
     1e2:	40 e0       	ldi	r20, 0x00	; 0
     1e4:	50 e0       	ldi	r21, 0x00	; 0
     1e6:	79 01       	movw	r14, r18
     1e8:	8a 01       	movw	r16, r20
     1ea:	e6 28       	or	r14, r6
     1ec:	f7 28       	or	r15, r7
     1ee:	08 29       	or	r16, r8
     1f0:	19 29       	or	r17, r9
     1f2:	3c c0       	rjmp	.+120    	; 0x26c <_fpadd_parts+0x192>
     1f4:	23 2b       	or	r18, r19
     1f6:	d1 f1       	breq	.+116    	; 0x26c <_fpadd_parts+0x192>
     1f8:	26 0e       	add	r2, r22
     1fa:	37 1e       	adc	r3, r23
     1fc:	35 01       	movw	r6, r10
     1fe:	46 01       	movw	r8, r12
     200:	06 2e       	mov	r0, r22
     202:	04 c0       	rjmp	.+8      	; 0x20c <_fpadd_parts+0x132>
     204:	96 94       	lsr	r9
     206:	87 94       	ror	r8
     208:	77 94       	ror	r7
     20a:	67 94       	ror	r6
     20c:	0a 94       	dec	r0
     20e:	d2 f7       	brpl	.-12     	; 0x204 <_fpadd_parts+0x12a>
     210:	21 e0       	ldi	r18, 0x01	; 1
     212:	30 e0       	ldi	r19, 0x00	; 0
     214:	40 e0       	ldi	r20, 0x00	; 0
     216:	50 e0       	ldi	r21, 0x00	; 0
     218:	04 c0       	rjmp	.+8      	; 0x222 <_fpadd_parts+0x148>
     21a:	22 0f       	add	r18, r18
     21c:	33 1f       	adc	r19, r19
     21e:	44 1f       	adc	r20, r20
     220:	55 1f       	adc	r21, r21
     222:	6a 95       	dec	r22
     224:	d2 f7       	brpl	.-12     	; 0x21a <_fpadd_parts+0x140>
     226:	21 50       	subi	r18, 0x01	; 1
     228:	30 40       	sbci	r19, 0x00	; 0
     22a:	40 40       	sbci	r20, 0x00	; 0
     22c:	50 40       	sbci	r21, 0x00	; 0
     22e:	2a 21       	and	r18, r10
     230:	3b 21       	and	r19, r11
     232:	4c 21       	and	r20, r12
     234:	5d 21       	and	r21, r13
     236:	21 15       	cp	r18, r1
     238:	31 05       	cpc	r19, r1
     23a:	41 05       	cpc	r20, r1
     23c:	51 05       	cpc	r21, r1
     23e:	21 f0       	breq	.+8      	; 0x248 <_fpadd_parts+0x16e>
     240:	21 e0       	ldi	r18, 0x01	; 1
     242:	30 e0       	ldi	r19, 0x00	; 0
     244:	40 e0       	ldi	r20, 0x00	; 0
     246:	50 e0       	ldi	r21, 0x00	; 0
     248:	59 01       	movw	r10, r18
     24a:	6a 01       	movw	r12, r20
     24c:	a6 28       	or	r10, r6
     24e:	b7 28       	or	r11, r7
     250:	c8 28       	or	r12, r8
     252:	d9 28       	or	r13, r9
     254:	0b c0       	rjmp	.+22     	; 0x26c <_fpadd_parts+0x192>
     256:	82 15       	cp	r24, r2
     258:	93 05       	cpc	r25, r3
     25a:	2c f0       	brlt	.+10     	; 0x266 <_fpadd_parts+0x18c>
     25c:	1c 01       	movw	r2, r24
     25e:	aa 24       	eor	r10, r10
     260:	bb 24       	eor	r11, r11
     262:	65 01       	movw	r12, r10
     264:	03 c0       	rjmp	.+6      	; 0x26c <_fpadd_parts+0x192>
     266:	ee 24       	eor	r14, r14
     268:	ff 24       	eor	r15, r15
     26a:	87 01       	movw	r16, r14
     26c:	11 96       	adiw	r26, 0x01	; 1
     26e:	9c 91       	ld	r25, X
     270:	d2 01       	movw	r26, r4
     272:	11 96       	adiw	r26, 0x01	; 1
     274:	8c 91       	ld	r24, X
     276:	98 17       	cp	r25, r24
     278:	09 f4       	brne	.+2      	; 0x27c <_fpadd_parts+0x1a2>
     27a:	45 c0       	rjmp	.+138    	; 0x306 <_fpadd_parts+0x22c>
     27c:	99 23       	and	r25, r25
     27e:	39 f0       	breq	.+14     	; 0x28e <_fpadd_parts+0x1b4>
     280:	a8 01       	movw	r20, r16
     282:	97 01       	movw	r18, r14
     284:	2a 19       	sub	r18, r10
     286:	3b 09       	sbc	r19, r11
     288:	4c 09       	sbc	r20, r12
     28a:	5d 09       	sbc	r21, r13
     28c:	06 c0       	rjmp	.+12     	; 0x29a <_fpadd_parts+0x1c0>
     28e:	a6 01       	movw	r20, r12
     290:	95 01       	movw	r18, r10
     292:	2e 19       	sub	r18, r14
     294:	3f 09       	sbc	r19, r15
     296:	40 0b       	sbc	r20, r16
     298:	51 0b       	sbc	r21, r17
     29a:	57 fd       	sbrc	r21, 7
     29c:	08 c0       	rjmp	.+16     	; 0x2ae <_fpadd_parts+0x1d4>
     29e:	11 82       	std	Z+1, r1	; 0x01
     2a0:	33 82       	std	Z+3, r3	; 0x03
     2a2:	22 82       	std	Z+2, r2	; 0x02
     2a4:	24 83       	std	Z+4, r18	; 0x04
     2a6:	35 83       	std	Z+5, r19	; 0x05
     2a8:	46 83       	std	Z+6, r20	; 0x06
     2aa:	57 83       	std	Z+7, r21	; 0x07
     2ac:	1d c0       	rjmp	.+58     	; 0x2e8 <_fpadd_parts+0x20e>
     2ae:	81 e0       	ldi	r24, 0x01	; 1
     2b0:	81 83       	std	Z+1, r24	; 0x01
     2b2:	33 82       	std	Z+3, r3	; 0x03
     2b4:	22 82       	std	Z+2, r2	; 0x02
     2b6:	88 27       	eor	r24, r24
     2b8:	99 27       	eor	r25, r25
     2ba:	dc 01       	movw	r26, r24
     2bc:	82 1b       	sub	r24, r18
     2be:	93 0b       	sbc	r25, r19
     2c0:	a4 0b       	sbc	r26, r20
     2c2:	b5 0b       	sbc	r27, r21
     2c4:	84 83       	std	Z+4, r24	; 0x04
     2c6:	95 83       	std	Z+5, r25	; 0x05
     2c8:	a6 83       	std	Z+6, r26	; 0x06
     2ca:	b7 83       	std	Z+7, r27	; 0x07
     2cc:	0d c0       	rjmp	.+26     	; 0x2e8 <_fpadd_parts+0x20e>
     2ce:	22 0f       	add	r18, r18
     2d0:	33 1f       	adc	r19, r19
     2d2:	44 1f       	adc	r20, r20
     2d4:	55 1f       	adc	r21, r21
     2d6:	24 83       	std	Z+4, r18	; 0x04
     2d8:	35 83       	std	Z+5, r19	; 0x05
     2da:	46 83       	std	Z+6, r20	; 0x06
     2dc:	57 83       	std	Z+7, r21	; 0x07
     2de:	82 81       	ldd	r24, Z+2	; 0x02
     2e0:	93 81       	ldd	r25, Z+3	; 0x03
     2e2:	01 97       	sbiw	r24, 0x01	; 1
     2e4:	93 83       	std	Z+3, r25	; 0x03
     2e6:	82 83       	std	Z+2, r24	; 0x02
     2e8:	24 81       	ldd	r18, Z+4	; 0x04
     2ea:	35 81       	ldd	r19, Z+5	; 0x05
     2ec:	46 81       	ldd	r20, Z+6	; 0x06
     2ee:	57 81       	ldd	r21, Z+7	; 0x07
     2f0:	da 01       	movw	r26, r20
     2f2:	c9 01       	movw	r24, r18
     2f4:	01 97       	sbiw	r24, 0x01	; 1
     2f6:	a1 09       	sbc	r26, r1
     2f8:	b1 09       	sbc	r27, r1
     2fa:	8f 5f       	subi	r24, 0xFF	; 255
     2fc:	9f 4f       	sbci	r25, 0xFF	; 255
     2fe:	af 4f       	sbci	r26, 0xFF	; 255
     300:	bf 43       	sbci	r27, 0x3F	; 63
     302:	28 f3       	brcs	.-54     	; 0x2ce <_fpadd_parts+0x1f4>
     304:	0b c0       	rjmp	.+22     	; 0x31c <_fpadd_parts+0x242>
     306:	91 83       	std	Z+1, r25	; 0x01
     308:	33 82       	std	Z+3, r3	; 0x03
     30a:	22 82       	std	Z+2, r2	; 0x02
     30c:	ea 0c       	add	r14, r10
     30e:	fb 1c       	adc	r15, r11
     310:	0c 1d       	adc	r16, r12
     312:	1d 1d       	adc	r17, r13
     314:	e4 82       	std	Z+4, r14	; 0x04
     316:	f5 82       	std	Z+5, r15	; 0x05
     318:	06 83       	std	Z+6, r16	; 0x06
     31a:	17 83       	std	Z+7, r17	; 0x07
     31c:	83 e0       	ldi	r24, 0x03	; 3
     31e:	80 83       	st	Z, r24
     320:	24 81       	ldd	r18, Z+4	; 0x04
     322:	35 81       	ldd	r19, Z+5	; 0x05
     324:	46 81       	ldd	r20, Z+6	; 0x06
     326:	57 81       	ldd	r21, Z+7	; 0x07
     328:	57 ff       	sbrs	r21, 7
     32a:	1a c0       	rjmp	.+52     	; 0x360 <_fpadd_parts+0x286>
     32c:	c9 01       	movw	r24, r18
     32e:	aa 27       	eor	r26, r26
     330:	97 fd       	sbrc	r25, 7
     332:	a0 95       	com	r26
     334:	ba 2f       	mov	r27, r26
     336:	81 70       	andi	r24, 0x01	; 1
     338:	90 70       	andi	r25, 0x00	; 0
     33a:	a0 70       	andi	r26, 0x00	; 0
     33c:	b0 70       	andi	r27, 0x00	; 0
     33e:	56 95       	lsr	r21
     340:	47 95       	ror	r20
     342:	37 95       	ror	r19
     344:	27 95       	ror	r18
     346:	82 2b       	or	r24, r18
     348:	93 2b       	or	r25, r19
     34a:	a4 2b       	or	r26, r20
     34c:	b5 2b       	or	r27, r21
     34e:	84 83       	std	Z+4, r24	; 0x04
     350:	95 83       	std	Z+5, r25	; 0x05
     352:	a6 83       	std	Z+6, r26	; 0x06
     354:	b7 83       	std	Z+7, r27	; 0x07
     356:	82 81       	ldd	r24, Z+2	; 0x02
     358:	93 81       	ldd	r25, Z+3	; 0x03
     35a:	01 96       	adiw	r24, 0x01	; 1
     35c:	93 83       	std	Z+3, r25	; 0x03
     35e:	82 83       	std	Z+2, r24	; 0x02
     360:	df 01       	movw	r26, r30
     362:	01 c0       	rjmp	.+2      	; 0x366 <_fpadd_parts+0x28c>
     364:	d2 01       	movw	r26, r4
     366:	cd 01       	movw	r24, r26
     368:	cd b7       	in	r28, 0x3d	; 61
     36a:	de b7       	in	r29, 0x3e	; 62
     36c:	e2 e1       	ldi	r30, 0x12	; 18
     36e:	0c 94 eb 12 	jmp	0x25d6	; 0x25d6 <__epilogue_restores__>

00000372 <__subsf3>:
     372:	a0 e2       	ldi	r26, 0x20	; 32
     374:	b0 e0       	ldi	r27, 0x00	; 0
     376:	ef eb       	ldi	r30, 0xBF	; 191
     378:	f1 e0       	ldi	r31, 0x01	; 1
     37a:	0c 94 db 12 	jmp	0x25b6	; 0x25b6 <__prologue_saves__+0x18>
     37e:	69 83       	std	Y+1, r22	; 0x01
     380:	7a 83       	std	Y+2, r23	; 0x02
     382:	8b 83       	std	Y+3, r24	; 0x03
     384:	9c 83       	std	Y+4, r25	; 0x04
     386:	2d 83       	std	Y+5, r18	; 0x05
     388:	3e 83       	std	Y+6, r19	; 0x06
     38a:	4f 83       	std	Y+7, r20	; 0x07
     38c:	58 87       	std	Y+8, r21	; 0x08
     38e:	e9 e0       	ldi	r30, 0x09	; 9
     390:	ee 2e       	mov	r14, r30
     392:	f1 2c       	mov	r15, r1
     394:	ec 0e       	add	r14, r28
     396:	fd 1e       	adc	r15, r29
     398:	ce 01       	movw	r24, r28
     39a:	01 96       	adiw	r24, 0x01	; 1
     39c:	b7 01       	movw	r22, r14
     39e:	0e 94 23 06 	call	0xc46	; 0xc46 <__unpack_f>
     3a2:	8e 01       	movw	r16, r28
     3a4:	0f 5e       	subi	r16, 0xEF	; 239
     3a6:	1f 4f       	sbci	r17, 0xFF	; 255
     3a8:	ce 01       	movw	r24, r28
     3aa:	05 96       	adiw	r24, 0x05	; 5
     3ac:	b8 01       	movw	r22, r16
     3ae:	0e 94 23 06 	call	0xc46	; 0xc46 <__unpack_f>
     3b2:	8a 89       	ldd	r24, Y+18	; 0x12
     3b4:	91 e0       	ldi	r25, 0x01	; 1
     3b6:	89 27       	eor	r24, r25
     3b8:	8a 8b       	std	Y+18, r24	; 0x12
     3ba:	c7 01       	movw	r24, r14
     3bc:	b8 01       	movw	r22, r16
     3be:	ae 01       	movw	r20, r28
     3c0:	47 5e       	subi	r20, 0xE7	; 231
     3c2:	5f 4f       	sbci	r21, 0xFF	; 255
     3c4:	0e 94 6d 00 	call	0xda	; 0xda <_fpadd_parts>
     3c8:	0e 94 4e 05 	call	0xa9c	; 0xa9c <__pack_f>
     3cc:	a0 96       	adiw	r28, 0x20	; 32
     3ce:	e6 e0       	ldi	r30, 0x06	; 6
     3d0:	0c 94 f7 12 	jmp	0x25ee	; 0x25ee <__epilogue_restores__+0x18>

000003d4 <__addsf3>:
     3d4:	a0 e2       	ldi	r26, 0x20	; 32
     3d6:	b0 e0       	ldi	r27, 0x00	; 0
     3d8:	e0 ef       	ldi	r30, 0xF0	; 240
     3da:	f1 e0       	ldi	r31, 0x01	; 1
     3dc:	0c 94 db 12 	jmp	0x25b6	; 0x25b6 <__prologue_saves__+0x18>
     3e0:	69 83       	std	Y+1, r22	; 0x01
     3e2:	7a 83       	std	Y+2, r23	; 0x02
     3e4:	8b 83       	std	Y+3, r24	; 0x03
     3e6:	9c 83       	std	Y+4, r25	; 0x04
     3e8:	2d 83       	std	Y+5, r18	; 0x05
     3ea:	3e 83       	std	Y+6, r19	; 0x06
     3ec:	4f 83       	std	Y+7, r20	; 0x07
     3ee:	58 87       	std	Y+8, r21	; 0x08
     3f0:	f9 e0       	ldi	r31, 0x09	; 9
     3f2:	ef 2e       	mov	r14, r31
     3f4:	f1 2c       	mov	r15, r1
     3f6:	ec 0e       	add	r14, r28
     3f8:	fd 1e       	adc	r15, r29
     3fa:	ce 01       	movw	r24, r28
     3fc:	01 96       	adiw	r24, 0x01	; 1
     3fe:	b7 01       	movw	r22, r14
     400:	0e 94 23 06 	call	0xc46	; 0xc46 <__unpack_f>
     404:	8e 01       	movw	r16, r28
     406:	0f 5e       	subi	r16, 0xEF	; 239
     408:	1f 4f       	sbci	r17, 0xFF	; 255
     40a:	ce 01       	movw	r24, r28
     40c:	05 96       	adiw	r24, 0x05	; 5
     40e:	b8 01       	movw	r22, r16
     410:	0e 94 23 06 	call	0xc46	; 0xc46 <__unpack_f>
     414:	c7 01       	movw	r24, r14
     416:	b8 01       	movw	r22, r16
     418:	ae 01       	movw	r20, r28
     41a:	47 5e       	subi	r20, 0xE7	; 231
     41c:	5f 4f       	sbci	r21, 0xFF	; 255
     41e:	0e 94 6d 00 	call	0xda	; 0xda <_fpadd_parts>
     422:	0e 94 4e 05 	call	0xa9c	; 0xa9c <__pack_f>
     426:	a0 96       	adiw	r28, 0x20	; 32
     428:	e6 e0       	ldi	r30, 0x06	; 6
     42a:	0c 94 f7 12 	jmp	0x25ee	; 0x25ee <__epilogue_restores__+0x18>

0000042e <__mulsf3>:
     42e:	a0 e2       	ldi	r26, 0x20	; 32
     430:	b0 e0       	ldi	r27, 0x00	; 0
     432:	ed e1       	ldi	r30, 0x1D	; 29
     434:	f2 e0       	ldi	r31, 0x02	; 2
     436:	0c 94 cf 12 	jmp	0x259e	; 0x259e <__prologue_saves__>
     43a:	69 83       	std	Y+1, r22	; 0x01
     43c:	7a 83       	std	Y+2, r23	; 0x02
     43e:	8b 83       	std	Y+3, r24	; 0x03
     440:	9c 83       	std	Y+4, r25	; 0x04
     442:	2d 83       	std	Y+5, r18	; 0x05
     444:	3e 83       	std	Y+6, r19	; 0x06
     446:	4f 83       	std	Y+7, r20	; 0x07
     448:	58 87       	std	Y+8, r21	; 0x08
     44a:	ce 01       	movw	r24, r28
     44c:	01 96       	adiw	r24, 0x01	; 1
     44e:	be 01       	movw	r22, r28
     450:	67 5f       	subi	r22, 0xF7	; 247
     452:	7f 4f       	sbci	r23, 0xFF	; 255
     454:	0e 94 23 06 	call	0xc46	; 0xc46 <__unpack_f>
     458:	ce 01       	movw	r24, r28
     45a:	05 96       	adiw	r24, 0x05	; 5
     45c:	be 01       	movw	r22, r28
     45e:	6f 5e       	subi	r22, 0xEF	; 239
     460:	7f 4f       	sbci	r23, 0xFF	; 255
     462:	0e 94 23 06 	call	0xc46	; 0xc46 <__unpack_f>
     466:	99 85       	ldd	r25, Y+9	; 0x09
     468:	92 30       	cpi	r25, 0x02	; 2
     46a:	88 f0       	brcs	.+34     	; 0x48e <__mulsf3+0x60>
     46c:	89 89       	ldd	r24, Y+17	; 0x11
     46e:	82 30       	cpi	r24, 0x02	; 2
     470:	c8 f0       	brcs	.+50     	; 0x4a4 <__mulsf3+0x76>
     472:	94 30       	cpi	r25, 0x04	; 4
     474:	19 f4       	brne	.+6      	; 0x47c <__mulsf3+0x4e>
     476:	82 30       	cpi	r24, 0x02	; 2
     478:	51 f4       	brne	.+20     	; 0x48e <__mulsf3+0x60>
     47a:	04 c0       	rjmp	.+8      	; 0x484 <__mulsf3+0x56>
     47c:	84 30       	cpi	r24, 0x04	; 4
     47e:	29 f4       	brne	.+10     	; 0x48a <__mulsf3+0x5c>
     480:	92 30       	cpi	r25, 0x02	; 2
     482:	81 f4       	brne	.+32     	; 0x4a4 <__mulsf3+0x76>
     484:	80 e6       	ldi	r24, 0x60	; 96
     486:	90 e0       	ldi	r25, 0x00	; 0
     488:	c6 c0       	rjmp	.+396    	; 0x616 <__mulsf3+0x1e8>
     48a:	92 30       	cpi	r25, 0x02	; 2
     48c:	49 f4       	brne	.+18     	; 0x4a0 <__mulsf3+0x72>
     48e:	20 e0       	ldi	r18, 0x00	; 0
     490:	9a 85       	ldd	r25, Y+10	; 0x0a
     492:	8a 89       	ldd	r24, Y+18	; 0x12
     494:	98 13       	cpse	r25, r24
     496:	21 e0       	ldi	r18, 0x01	; 1
     498:	2a 87       	std	Y+10, r18	; 0x0a
     49a:	ce 01       	movw	r24, r28
     49c:	09 96       	adiw	r24, 0x09	; 9
     49e:	bb c0       	rjmp	.+374    	; 0x616 <__mulsf3+0x1e8>
     4a0:	82 30       	cpi	r24, 0x02	; 2
     4a2:	49 f4       	brne	.+18     	; 0x4b6 <__mulsf3+0x88>
     4a4:	20 e0       	ldi	r18, 0x00	; 0
     4a6:	9a 85       	ldd	r25, Y+10	; 0x0a
     4a8:	8a 89       	ldd	r24, Y+18	; 0x12
     4aa:	98 13       	cpse	r25, r24
     4ac:	21 e0       	ldi	r18, 0x01	; 1
     4ae:	2a 8b       	std	Y+18, r18	; 0x12
     4b0:	ce 01       	movw	r24, r28
     4b2:	41 96       	adiw	r24, 0x11	; 17
     4b4:	b0 c0       	rjmp	.+352    	; 0x616 <__mulsf3+0x1e8>
     4b6:	2d 84       	ldd	r2, Y+13	; 0x0d
     4b8:	3e 84       	ldd	r3, Y+14	; 0x0e
     4ba:	4f 84       	ldd	r4, Y+15	; 0x0f
     4bc:	58 88       	ldd	r5, Y+16	; 0x10
     4be:	6d 88       	ldd	r6, Y+21	; 0x15
     4c0:	7e 88       	ldd	r7, Y+22	; 0x16
     4c2:	8f 88       	ldd	r8, Y+23	; 0x17
     4c4:	98 8c       	ldd	r9, Y+24	; 0x18
     4c6:	ee 24       	eor	r14, r14
     4c8:	ff 24       	eor	r15, r15
     4ca:	87 01       	movw	r16, r14
     4cc:	aa 24       	eor	r10, r10
     4ce:	bb 24       	eor	r11, r11
     4d0:	65 01       	movw	r12, r10
     4d2:	40 e0       	ldi	r20, 0x00	; 0
     4d4:	50 e0       	ldi	r21, 0x00	; 0
     4d6:	60 e0       	ldi	r22, 0x00	; 0
     4d8:	70 e0       	ldi	r23, 0x00	; 0
     4da:	e0 e0       	ldi	r30, 0x00	; 0
     4dc:	f0 e0       	ldi	r31, 0x00	; 0
     4de:	c1 01       	movw	r24, r2
     4e0:	81 70       	andi	r24, 0x01	; 1
     4e2:	90 70       	andi	r25, 0x00	; 0
     4e4:	89 2b       	or	r24, r25
     4e6:	e9 f0       	breq	.+58     	; 0x522 <__mulsf3+0xf4>
     4e8:	e6 0c       	add	r14, r6
     4ea:	f7 1c       	adc	r15, r7
     4ec:	08 1d       	adc	r16, r8
     4ee:	19 1d       	adc	r17, r9
     4f0:	9a 01       	movw	r18, r20
     4f2:	ab 01       	movw	r20, r22
     4f4:	2a 0d       	add	r18, r10
     4f6:	3b 1d       	adc	r19, r11
     4f8:	4c 1d       	adc	r20, r12
     4fa:	5d 1d       	adc	r21, r13
     4fc:	80 e0       	ldi	r24, 0x00	; 0
     4fe:	90 e0       	ldi	r25, 0x00	; 0
     500:	a0 e0       	ldi	r26, 0x00	; 0
     502:	b0 e0       	ldi	r27, 0x00	; 0
     504:	e6 14       	cp	r14, r6
     506:	f7 04       	cpc	r15, r7
     508:	08 05       	cpc	r16, r8
     50a:	19 05       	cpc	r17, r9
     50c:	20 f4       	brcc	.+8      	; 0x516 <__mulsf3+0xe8>
     50e:	81 e0       	ldi	r24, 0x01	; 1
     510:	90 e0       	ldi	r25, 0x00	; 0
     512:	a0 e0       	ldi	r26, 0x00	; 0
     514:	b0 e0       	ldi	r27, 0x00	; 0
     516:	ba 01       	movw	r22, r20
     518:	a9 01       	movw	r20, r18
     51a:	48 0f       	add	r20, r24
     51c:	59 1f       	adc	r21, r25
     51e:	6a 1f       	adc	r22, r26
     520:	7b 1f       	adc	r23, r27
     522:	aa 0c       	add	r10, r10
     524:	bb 1c       	adc	r11, r11
     526:	cc 1c       	adc	r12, r12
     528:	dd 1c       	adc	r13, r13
     52a:	97 fe       	sbrs	r9, 7
     52c:	08 c0       	rjmp	.+16     	; 0x53e <__mulsf3+0x110>
     52e:	81 e0       	ldi	r24, 0x01	; 1
     530:	90 e0       	ldi	r25, 0x00	; 0
     532:	a0 e0       	ldi	r26, 0x00	; 0
     534:	b0 e0       	ldi	r27, 0x00	; 0
     536:	a8 2a       	or	r10, r24
     538:	b9 2a       	or	r11, r25
     53a:	ca 2a       	or	r12, r26
     53c:	db 2a       	or	r13, r27
     53e:	31 96       	adiw	r30, 0x01	; 1
     540:	e0 32       	cpi	r30, 0x20	; 32
     542:	f1 05       	cpc	r31, r1
     544:	49 f0       	breq	.+18     	; 0x558 <__mulsf3+0x12a>
     546:	66 0c       	add	r6, r6
     548:	77 1c       	adc	r7, r7
     54a:	88 1c       	adc	r8, r8
     54c:	99 1c       	adc	r9, r9
     54e:	56 94       	lsr	r5
     550:	47 94       	ror	r4
     552:	37 94       	ror	r3
     554:	27 94       	ror	r2
     556:	c3 cf       	rjmp	.-122    	; 0x4de <__mulsf3+0xb0>
     558:	fa 85       	ldd	r31, Y+10	; 0x0a
     55a:	ea 89       	ldd	r30, Y+18	; 0x12
     55c:	2b 89       	ldd	r18, Y+19	; 0x13
     55e:	3c 89       	ldd	r19, Y+20	; 0x14
     560:	8b 85       	ldd	r24, Y+11	; 0x0b
     562:	9c 85       	ldd	r25, Y+12	; 0x0c
     564:	28 0f       	add	r18, r24
     566:	39 1f       	adc	r19, r25
     568:	2e 5f       	subi	r18, 0xFE	; 254
     56a:	3f 4f       	sbci	r19, 0xFF	; 255
     56c:	17 c0       	rjmp	.+46     	; 0x59c <__mulsf3+0x16e>
     56e:	ca 01       	movw	r24, r20
     570:	81 70       	andi	r24, 0x01	; 1
     572:	90 70       	andi	r25, 0x00	; 0
     574:	89 2b       	or	r24, r25
     576:	61 f0       	breq	.+24     	; 0x590 <__mulsf3+0x162>
     578:	16 95       	lsr	r17
     57a:	07 95       	ror	r16
     57c:	f7 94       	ror	r15
     57e:	e7 94       	ror	r14
     580:	80 e0       	ldi	r24, 0x00	; 0
     582:	90 e0       	ldi	r25, 0x00	; 0
     584:	a0 e0       	ldi	r26, 0x00	; 0
     586:	b0 e8       	ldi	r27, 0x80	; 128
     588:	e8 2a       	or	r14, r24
     58a:	f9 2a       	or	r15, r25
     58c:	0a 2b       	or	r16, r26
     58e:	1b 2b       	or	r17, r27
     590:	76 95       	lsr	r23
     592:	67 95       	ror	r22
     594:	57 95       	ror	r21
     596:	47 95       	ror	r20
     598:	2f 5f       	subi	r18, 0xFF	; 255
     59a:	3f 4f       	sbci	r19, 0xFF	; 255
     59c:	77 fd       	sbrc	r23, 7
     59e:	e7 cf       	rjmp	.-50     	; 0x56e <__mulsf3+0x140>
     5a0:	0c c0       	rjmp	.+24     	; 0x5ba <__mulsf3+0x18c>
     5a2:	44 0f       	add	r20, r20
     5a4:	55 1f       	adc	r21, r21
     5a6:	66 1f       	adc	r22, r22
     5a8:	77 1f       	adc	r23, r23
     5aa:	17 fd       	sbrc	r17, 7
     5ac:	41 60       	ori	r20, 0x01	; 1
     5ae:	ee 0c       	add	r14, r14
     5b0:	ff 1c       	adc	r15, r15
     5b2:	00 1f       	adc	r16, r16
     5b4:	11 1f       	adc	r17, r17
     5b6:	21 50       	subi	r18, 0x01	; 1
     5b8:	30 40       	sbci	r19, 0x00	; 0
     5ba:	40 30       	cpi	r20, 0x00	; 0
     5bc:	90 e0       	ldi	r25, 0x00	; 0
     5be:	59 07       	cpc	r21, r25
     5c0:	90 e0       	ldi	r25, 0x00	; 0
     5c2:	69 07       	cpc	r22, r25
     5c4:	90 e4       	ldi	r25, 0x40	; 64
     5c6:	79 07       	cpc	r23, r25
     5c8:	60 f3       	brcs	.-40     	; 0x5a2 <__mulsf3+0x174>
     5ca:	2b 8f       	std	Y+27, r18	; 0x1b
     5cc:	3c 8f       	std	Y+28, r19	; 0x1c
     5ce:	db 01       	movw	r26, r22
     5d0:	ca 01       	movw	r24, r20
     5d2:	8f 77       	andi	r24, 0x7F	; 127
     5d4:	90 70       	andi	r25, 0x00	; 0
     5d6:	a0 70       	andi	r26, 0x00	; 0
     5d8:	b0 70       	andi	r27, 0x00	; 0
     5da:	80 34       	cpi	r24, 0x40	; 64
     5dc:	91 05       	cpc	r25, r1
     5de:	a1 05       	cpc	r26, r1
     5e0:	b1 05       	cpc	r27, r1
     5e2:	61 f4       	brne	.+24     	; 0x5fc <__mulsf3+0x1ce>
     5e4:	47 fd       	sbrc	r20, 7
     5e6:	0a c0       	rjmp	.+20     	; 0x5fc <__mulsf3+0x1ce>
     5e8:	e1 14       	cp	r14, r1
     5ea:	f1 04       	cpc	r15, r1
     5ec:	01 05       	cpc	r16, r1
     5ee:	11 05       	cpc	r17, r1
     5f0:	29 f0       	breq	.+10     	; 0x5fc <__mulsf3+0x1ce>
     5f2:	40 5c       	subi	r20, 0xC0	; 192
     5f4:	5f 4f       	sbci	r21, 0xFF	; 255
     5f6:	6f 4f       	sbci	r22, 0xFF	; 255
     5f8:	7f 4f       	sbci	r23, 0xFF	; 255
     5fa:	40 78       	andi	r20, 0x80	; 128
     5fc:	1a 8e       	std	Y+26, r1	; 0x1a
     5fe:	fe 17       	cp	r31, r30
     600:	11 f0       	breq	.+4      	; 0x606 <__mulsf3+0x1d8>
     602:	81 e0       	ldi	r24, 0x01	; 1
     604:	8a 8f       	std	Y+26, r24	; 0x1a
     606:	4d 8f       	std	Y+29, r20	; 0x1d
     608:	5e 8f       	std	Y+30, r21	; 0x1e
     60a:	6f 8f       	std	Y+31, r22	; 0x1f
     60c:	78 a3       	std	Y+32, r23	; 0x20
     60e:	83 e0       	ldi	r24, 0x03	; 3
     610:	89 8f       	std	Y+25, r24	; 0x19
     612:	ce 01       	movw	r24, r28
     614:	49 96       	adiw	r24, 0x19	; 25
     616:	0e 94 4e 05 	call	0xa9c	; 0xa9c <__pack_f>
     61a:	a0 96       	adiw	r28, 0x20	; 32
     61c:	e2 e1       	ldi	r30, 0x12	; 18
     61e:	0c 94 eb 12 	jmp	0x25d6	; 0x25d6 <__epilogue_restores__>

00000622 <__divsf3>:
     622:	a8 e1       	ldi	r26, 0x18	; 24
     624:	b0 e0       	ldi	r27, 0x00	; 0
     626:	e7 e1       	ldi	r30, 0x17	; 23
     628:	f3 e0       	ldi	r31, 0x03	; 3
     62a:	0c 94 d7 12 	jmp	0x25ae	; 0x25ae <__prologue_saves__+0x10>
     62e:	69 83       	std	Y+1, r22	; 0x01
     630:	7a 83       	std	Y+2, r23	; 0x02
     632:	8b 83       	std	Y+3, r24	; 0x03
     634:	9c 83       	std	Y+4, r25	; 0x04
     636:	2d 83       	std	Y+5, r18	; 0x05
     638:	3e 83       	std	Y+6, r19	; 0x06
     63a:	4f 83       	std	Y+7, r20	; 0x07
     63c:	58 87       	std	Y+8, r21	; 0x08
     63e:	b9 e0       	ldi	r27, 0x09	; 9
     640:	eb 2e       	mov	r14, r27
     642:	f1 2c       	mov	r15, r1
     644:	ec 0e       	add	r14, r28
     646:	fd 1e       	adc	r15, r29
     648:	ce 01       	movw	r24, r28
     64a:	01 96       	adiw	r24, 0x01	; 1
     64c:	b7 01       	movw	r22, r14
     64e:	0e 94 23 06 	call	0xc46	; 0xc46 <__unpack_f>
     652:	8e 01       	movw	r16, r28
     654:	0f 5e       	subi	r16, 0xEF	; 239
     656:	1f 4f       	sbci	r17, 0xFF	; 255
     658:	ce 01       	movw	r24, r28
     65a:	05 96       	adiw	r24, 0x05	; 5
     65c:	b8 01       	movw	r22, r16
     65e:	0e 94 23 06 	call	0xc46	; 0xc46 <__unpack_f>
     662:	29 85       	ldd	r18, Y+9	; 0x09
     664:	22 30       	cpi	r18, 0x02	; 2
     666:	08 f4       	brcc	.+2      	; 0x66a <__divsf3+0x48>
     668:	7e c0       	rjmp	.+252    	; 0x766 <__divsf3+0x144>
     66a:	39 89       	ldd	r19, Y+17	; 0x11
     66c:	32 30       	cpi	r19, 0x02	; 2
     66e:	10 f4       	brcc	.+4      	; 0x674 <__divsf3+0x52>
     670:	b8 01       	movw	r22, r16
     672:	7c c0       	rjmp	.+248    	; 0x76c <__divsf3+0x14a>
     674:	8a 85       	ldd	r24, Y+10	; 0x0a
     676:	9a 89       	ldd	r25, Y+18	; 0x12
     678:	89 27       	eor	r24, r25
     67a:	8a 87       	std	Y+10, r24	; 0x0a
     67c:	24 30       	cpi	r18, 0x04	; 4
     67e:	11 f0       	breq	.+4      	; 0x684 <__divsf3+0x62>
     680:	22 30       	cpi	r18, 0x02	; 2
     682:	31 f4       	brne	.+12     	; 0x690 <__divsf3+0x6e>
     684:	23 17       	cp	r18, r19
     686:	09 f0       	breq	.+2      	; 0x68a <__divsf3+0x68>
     688:	6e c0       	rjmp	.+220    	; 0x766 <__divsf3+0x144>
     68a:	60 e6       	ldi	r22, 0x60	; 96
     68c:	70 e0       	ldi	r23, 0x00	; 0
     68e:	6e c0       	rjmp	.+220    	; 0x76c <__divsf3+0x14a>
     690:	34 30       	cpi	r19, 0x04	; 4
     692:	39 f4       	brne	.+14     	; 0x6a2 <__divsf3+0x80>
     694:	1d 86       	std	Y+13, r1	; 0x0d
     696:	1e 86       	std	Y+14, r1	; 0x0e
     698:	1f 86       	std	Y+15, r1	; 0x0f
     69a:	18 8a       	std	Y+16, r1	; 0x10
     69c:	1c 86       	std	Y+12, r1	; 0x0c
     69e:	1b 86       	std	Y+11, r1	; 0x0b
     6a0:	04 c0       	rjmp	.+8      	; 0x6aa <__divsf3+0x88>
     6a2:	32 30       	cpi	r19, 0x02	; 2
     6a4:	21 f4       	brne	.+8      	; 0x6ae <__divsf3+0x8c>
     6a6:	84 e0       	ldi	r24, 0x04	; 4
     6a8:	89 87       	std	Y+9, r24	; 0x09
     6aa:	b7 01       	movw	r22, r14
     6ac:	5f c0       	rjmp	.+190    	; 0x76c <__divsf3+0x14a>
     6ae:	2b 85       	ldd	r18, Y+11	; 0x0b
     6b0:	3c 85       	ldd	r19, Y+12	; 0x0c
     6b2:	8b 89       	ldd	r24, Y+19	; 0x13
     6b4:	9c 89       	ldd	r25, Y+20	; 0x14
     6b6:	28 1b       	sub	r18, r24
     6b8:	39 0b       	sbc	r19, r25
     6ba:	3c 87       	std	Y+12, r19	; 0x0c
     6bc:	2b 87       	std	Y+11, r18	; 0x0b
     6be:	ed 84       	ldd	r14, Y+13	; 0x0d
     6c0:	fe 84       	ldd	r15, Y+14	; 0x0e
     6c2:	0f 85       	ldd	r16, Y+15	; 0x0f
     6c4:	18 89       	ldd	r17, Y+16	; 0x10
     6c6:	ad 88       	ldd	r10, Y+21	; 0x15
     6c8:	be 88       	ldd	r11, Y+22	; 0x16
     6ca:	cf 88       	ldd	r12, Y+23	; 0x17
     6cc:	d8 8c       	ldd	r13, Y+24	; 0x18
     6ce:	ea 14       	cp	r14, r10
     6d0:	fb 04       	cpc	r15, r11
     6d2:	0c 05       	cpc	r16, r12
     6d4:	1d 05       	cpc	r17, r13
     6d6:	40 f4       	brcc	.+16     	; 0x6e8 <__divsf3+0xc6>
     6d8:	ee 0c       	add	r14, r14
     6da:	ff 1c       	adc	r15, r15
     6dc:	00 1f       	adc	r16, r16
     6de:	11 1f       	adc	r17, r17
     6e0:	21 50       	subi	r18, 0x01	; 1
     6e2:	30 40       	sbci	r19, 0x00	; 0
     6e4:	3c 87       	std	Y+12, r19	; 0x0c
     6e6:	2b 87       	std	Y+11, r18	; 0x0b
     6e8:	20 e0       	ldi	r18, 0x00	; 0
     6ea:	30 e0       	ldi	r19, 0x00	; 0
     6ec:	40 e0       	ldi	r20, 0x00	; 0
     6ee:	50 e0       	ldi	r21, 0x00	; 0
     6f0:	80 e0       	ldi	r24, 0x00	; 0
     6f2:	90 e0       	ldi	r25, 0x00	; 0
     6f4:	a0 e0       	ldi	r26, 0x00	; 0
     6f6:	b0 e4       	ldi	r27, 0x40	; 64
     6f8:	60 e0       	ldi	r22, 0x00	; 0
     6fa:	70 e0       	ldi	r23, 0x00	; 0
     6fc:	ea 14       	cp	r14, r10
     6fe:	fb 04       	cpc	r15, r11
     700:	0c 05       	cpc	r16, r12
     702:	1d 05       	cpc	r17, r13
     704:	40 f0       	brcs	.+16     	; 0x716 <__divsf3+0xf4>
     706:	28 2b       	or	r18, r24
     708:	39 2b       	or	r19, r25
     70a:	4a 2b       	or	r20, r26
     70c:	5b 2b       	or	r21, r27
     70e:	ea 18       	sub	r14, r10
     710:	fb 08       	sbc	r15, r11
     712:	0c 09       	sbc	r16, r12
     714:	1d 09       	sbc	r17, r13
     716:	b6 95       	lsr	r27
     718:	a7 95       	ror	r26
     71a:	97 95       	ror	r25
     71c:	87 95       	ror	r24
     71e:	ee 0c       	add	r14, r14
     720:	ff 1c       	adc	r15, r15
     722:	00 1f       	adc	r16, r16
     724:	11 1f       	adc	r17, r17
     726:	6f 5f       	subi	r22, 0xFF	; 255
     728:	7f 4f       	sbci	r23, 0xFF	; 255
     72a:	6f 31       	cpi	r22, 0x1F	; 31
     72c:	71 05       	cpc	r23, r1
     72e:	31 f7       	brne	.-52     	; 0x6fc <__divsf3+0xda>
     730:	da 01       	movw	r26, r20
     732:	c9 01       	movw	r24, r18
     734:	8f 77       	andi	r24, 0x7F	; 127
     736:	90 70       	andi	r25, 0x00	; 0
     738:	a0 70       	andi	r26, 0x00	; 0
     73a:	b0 70       	andi	r27, 0x00	; 0
     73c:	80 34       	cpi	r24, 0x40	; 64
     73e:	91 05       	cpc	r25, r1
     740:	a1 05       	cpc	r26, r1
     742:	b1 05       	cpc	r27, r1
     744:	61 f4       	brne	.+24     	; 0x75e <__divsf3+0x13c>
     746:	27 fd       	sbrc	r18, 7
     748:	0a c0       	rjmp	.+20     	; 0x75e <__divsf3+0x13c>
     74a:	e1 14       	cp	r14, r1
     74c:	f1 04       	cpc	r15, r1
     74e:	01 05       	cpc	r16, r1
     750:	11 05       	cpc	r17, r1
     752:	29 f0       	breq	.+10     	; 0x75e <__divsf3+0x13c>
     754:	20 5c       	subi	r18, 0xC0	; 192
     756:	3f 4f       	sbci	r19, 0xFF	; 255
     758:	4f 4f       	sbci	r20, 0xFF	; 255
     75a:	5f 4f       	sbci	r21, 0xFF	; 255
     75c:	20 78       	andi	r18, 0x80	; 128
     75e:	2d 87       	std	Y+13, r18	; 0x0d
     760:	3e 87       	std	Y+14, r19	; 0x0e
     762:	4f 87       	std	Y+15, r20	; 0x0f
     764:	58 8b       	std	Y+16, r21	; 0x10
     766:	be 01       	movw	r22, r28
     768:	67 5f       	subi	r22, 0xF7	; 247
     76a:	7f 4f       	sbci	r23, 0xFF	; 255
     76c:	cb 01       	movw	r24, r22
     76e:	0e 94 4e 05 	call	0xa9c	; 0xa9c <__pack_f>
     772:	68 96       	adiw	r28, 0x18	; 24
     774:	ea e0       	ldi	r30, 0x0A	; 10
     776:	0c 94 f3 12 	jmp	0x25e6	; 0x25e6 <__epilogue_restores__+0x10>

0000077a <__gtsf2>:
     77a:	a8 e1       	ldi	r26, 0x18	; 24
     77c:	b0 e0       	ldi	r27, 0x00	; 0
     77e:	e3 ec       	ldi	r30, 0xC3	; 195
     780:	f3 e0       	ldi	r31, 0x03	; 3
     782:	0c 94 db 12 	jmp	0x25b6	; 0x25b6 <__prologue_saves__+0x18>
     786:	69 83       	std	Y+1, r22	; 0x01
     788:	7a 83       	std	Y+2, r23	; 0x02
     78a:	8b 83       	std	Y+3, r24	; 0x03
     78c:	9c 83       	std	Y+4, r25	; 0x04
     78e:	2d 83       	std	Y+5, r18	; 0x05
     790:	3e 83       	std	Y+6, r19	; 0x06
     792:	4f 83       	std	Y+7, r20	; 0x07
     794:	58 87       	std	Y+8, r21	; 0x08
     796:	89 e0       	ldi	r24, 0x09	; 9
     798:	e8 2e       	mov	r14, r24
     79a:	f1 2c       	mov	r15, r1
     79c:	ec 0e       	add	r14, r28
     79e:	fd 1e       	adc	r15, r29
     7a0:	ce 01       	movw	r24, r28
     7a2:	01 96       	adiw	r24, 0x01	; 1
     7a4:	b7 01       	movw	r22, r14
     7a6:	0e 94 23 06 	call	0xc46	; 0xc46 <__unpack_f>
     7aa:	8e 01       	movw	r16, r28
     7ac:	0f 5e       	subi	r16, 0xEF	; 239
     7ae:	1f 4f       	sbci	r17, 0xFF	; 255
     7b0:	ce 01       	movw	r24, r28
     7b2:	05 96       	adiw	r24, 0x05	; 5
     7b4:	b8 01       	movw	r22, r16
     7b6:	0e 94 23 06 	call	0xc46	; 0xc46 <__unpack_f>
     7ba:	89 85       	ldd	r24, Y+9	; 0x09
     7bc:	82 30       	cpi	r24, 0x02	; 2
     7be:	40 f0       	brcs	.+16     	; 0x7d0 <__gtsf2+0x56>
     7c0:	89 89       	ldd	r24, Y+17	; 0x11
     7c2:	82 30       	cpi	r24, 0x02	; 2
     7c4:	28 f0       	brcs	.+10     	; 0x7d0 <__gtsf2+0x56>
     7c6:	c7 01       	movw	r24, r14
     7c8:	b8 01       	movw	r22, r16
     7ca:	0e 94 9b 06 	call	0xd36	; 0xd36 <__fpcmp_parts_f>
     7ce:	01 c0       	rjmp	.+2      	; 0x7d2 <__gtsf2+0x58>
     7d0:	8f ef       	ldi	r24, 0xFF	; 255
     7d2:	68 96       	adiw	r28, 0x18	; 24
     7d4:	e6 e0       	ldi	r30, 0x06	; 6
     7d6:	0c 94 f7 12 	jmp	0x25ee	; 0x25ee <__epilogue_restores__+0x18>

000007da <__gesf2>:
     7da:	a8 e1       	ldi	r26, 0x18	; 24
     7dc:	b0 e0       	ldi	r27, 0x00	; 0
     7de:	e3 ef       	ldi	r30, 0xF3	; 243
     7e0:	f3 e0       	ldi	r31, 0x03	; 3
     7e2:	0c 94 db 12 	jmp	0x25b6	; 0x25b6 <__prologue_saves__+0x18>
     7e6:	69 83       	std	Y+1, r22	; 0x01
     7e8:	7a 83       	std	Y+2, r23	; 0x02
     7ea:	8b 83       	std	Y+3, r24	; 0x03
     7ec:	9c 83       	std	Y+4, r25	; 0x04
     7ee:	2d 83       	std	Y+5, r18	; 0x05
     7f0:	3e 83       	std	Y+6, r19	; 0x06
     7f2:	4f 83       	std	Y+7, r20	; 0x07
     7f4:	58 87       	std	Y+8, r21	; 0x08
     7f6:	89 e0       	ldi	r24, 0x09	; 9
     7f8:	e8 2e       	mov	r14, r24
     7fa:	f1 2c       	mov	r15, r1
     7fc:	ec 0e       	add	r14, r28
     7fe:	fd 1e       	adc	r15, r29
     800:	ce 01       	movw	r24, r28
     802:	01 96       	adiw	r24, 0x01	; 1
     804:	b7 01       	movw	r22, r14
     806:	0e 94 23 06 	call	0xc46	; 0xc46 <__unpack_f>
     80a:	8e 01       	movw	r16, r28
     80c:	0f 5e       	subi	r16, 0xEF	; 239
     80e:	1f 4f       	sbci	r17, 0xFF	; 255
     810:	ce 01       	movw	r24, r28
     812:	05 96       	adiw	r24, 0x05	; 5
     814:	b8 01       	movw	r22, r16
     816:	0e 94 23 06 	call	0xc46	; 0xc46 <__unpack_f>
     81a:	89 85       	ldd	r24, Y+9	; 0x09
     81c:	82 30       	cpi	r24, 0x02	; 2
     81e:	40 f0       	brcs	.+16     	; 0x830 <__gesf2+0x56>
     820:	89 89       	ldd	r24, Y+17	; 0x11
     822:	82 30       	cpi	r24, 0x02	; 2
     824:	28 f0       	brcs	.+10     	; 0x830 <__gesf2+0x56>
     826:	c7 01       	movw	r24, r14
     828:	b8 01       	movw	r22, r16
     82a:	0e 94 9b 06 	call	0xd36	; 0xd36 <__fpcmp_parts_f>
     82e:	01 c0       	rjmp	.+2      	; 0x832 <__gesf2+0x58>
     830:	8f ef       	ldi	r24, 0xFF	; 255
     832:	68 96       	adiw	r28, 0x18	; 24
     834:	e6 e0       	ldi	r30, 0x06	; 6
     836:	0c 94 f7 12 	jmp	0x25ee	; 0x25ee <__epilogue_restores__+0x18>

0000083a <__ltsf2>:
     83a:	a8 e1       	ldi	r26, 0x18	; 24
     83c:	b0 e0       	ldi	r27, 0x00	; 0
     83e:	e3 e2       	ldi	r30, 0x23	; 35
     840:	f4 e0       	ldi	r31, 0x04	; 4
     842:	0c 94 db 12 	jmp	0x25b6	; 0x25b6 <__prologue_saves__+0x18>
     846:	69 83       	std	Y+1, r22	; 0x01
     848:	7a 83       	std	Y+2, r23	; 0x02
     84a:	8b 83       	std	Y+3, r24	; 0x03
     84c:	9c 83       	std	Y+4, r25	; 0x04
     84e:	2d 83       	std	Y+5, r18	; 0x05
     850:	3e 83       	std	Y+6, r19	; 0x06
     852:	4f 83       	std	Y+7, r20	; 0x07
     854:	58 87       	std	Y+8, r21	; 0x08
     856:	89 e0       	ldi	r24, 0x09	; 9
     858:	e8 2e       	mov	r14, r24
     85a:	f1 2c       	mov	r15, r1
     85c:	ec 0e       	add	r14, r28
     85e:	fd 1e       	adc	r15, r29
     860:	ce 01       	movw	r24, r28
     862:	01 96       	adiw	r24, 0x01	; 1
     864:	b7 01       	movw	r22, r14
     866:	0e 94 23 06 	call	0xc46	; 0xc46 <__unpack_f>
     86a:	8e 01       	movw	r16, r28
     86c:	0f 5e       	subi	r16, 0xEF	; 239
     86e:	1f 4f       	sbci	r17, 0xFF	; 255
     870:	ce 01       	movw	r24, r28
     872:	05 96       	adiw	r24, 0x05	; 5
     874:	b8 01       	movw	r22, r16
     876:	0e 94 23 06 	call	0xc46	; 0xc46 <__unpack_f>
     87a:	89 85       	ldd	r24, Y+9	; 0x09
     87c:	82 30       	cpi	r24, 0x02	; 2
     87e:	40 f0       	brcs	.+16     	; 0x890 <__stack+0x31>
     880:	89 89       	ldd	r24, Y+17	; 0x11
     882:	82 30       	cpi	r24, 0x02	; 2
     884:	28 f0       	brcs	.+10     	; 0x890 <__stack+0x31>
     886:	c7 01       	movw	r24, r14
     888:	b8 01       	movw	r22, r16
     88a:	0e 94 9b 06 	call	0xd36	; 0xd36 <__fpcmp_parts_f>
     88e:	01 c0       	rjmp	.+2      	; 0x892 <__stack+0x33>
     890:	81 e0       	ldi	r24, 0x01	; 1
     892:	68 96       	adiw	r28, 0x18	; 24
     894:	e6 e0       	ldi	r30, 0x06	; 6
     896:	0c 94 f7 12 	jmp	0x25ee	; 0x25ee <__epilogue_restores__+0x18>

0000089a <__floatsisf>:
     89a:	a8 e0       	ldi	r26, 0x08	; 8
     89c:	b0 e0       	ldi	r27, 0x00	; 0
     89e:	e3 e5       	ldi	r30, 0x53	; 83
     8a0:	f4 e0       	ldi	r31, 0x04	; 4
     8a2:	0c 94 d8 12 	jmp	0x25b0	; 0x25b0 <__prologue_saves__+0x12>
     8a6:	9b 01       	movw	r18, r22
     8a8:	ac 01       	movw	r20, r24
     8aa:	83 e0       	ldi	r24, 0x03	; 3
     8ac:	89 83       	std	Y+1, r24	; 0x01
     8ae:	da 01       	movw	r26, r20
     8b0:	c9 01       	movw	r24, r18
     8b2:	88 27       	eor	r24, r24
     8b4:	b7 fd       	sbrc	r27, 7
     8b6:	83 95       	inc	r24
     8b8:	99 27       	eor	r25, r25
     8ba:	aa 27       	eor	r26, r26
     8bc:	bb 27       	eor	r27, r27
     8be:	b8 2e       	mov	r11, r24
     8c0:	21 15       	cp	r18, r1
     8c2:	31 05       	cpc	r19, r1
     8c4:	41 05       	cpc	r20, r1
     8c6:	51 05       	cpc	r21, r1
     8c8:	19 f4       	brne	.+6      	; 0x8d0 <__floatsisf+0x36>
     8ca:	82 e0       	ldi	r24, 0x02	; 2
     8cc:	89 83       	std	Y+1, r24	; 0x01
     8ce:	3a c0       	rjmp	.+116    	; 0x944 <__floatsisf+0xaa>
     8d0:	88 23       	and	r24, r24
     8d2:	a9 f0       	breq	.+42     	; 0x8fe <__floatsisf+0x64>
     8d4:	20 30       	cpi	r18, 0x00	; 0
     8d6:	80 e0       	ldi	r24, 0x00	; 0
     8d8:	38 07       	cpc	r19, r24
     8da:	80 e0       	ldi	r24, 0x00	; 0
     8dc:	48 07       	cpc	r20, r24
     8de:	80 e8       	ldi	r24, 0x80	; 128
     8e0:	58 07       	cpc	r21, r24
     8e2:	29 f4       	brne	.+10     	; 0x8ee <__floatsisf+0x54>
     8e4:	60 e0       	ldi	r22, 0x00	; 0
     8e6:	70 e0       	ldi	r23, 0x00	; 0
     8e8:	80 e0       	ldi	r24, 0x00	; 0
     8ea:	9f ec       	ldi	r25, 0xCF	; 207
     8ec:	30 c0       	rjmp	.+96     	; 0x94e <__floatsisf+0xb4>
     8ee:	ee 24       	eor	r14, r14
     8f0:	ff 24       	eor	r15, r15
     8f2:	87 01       	movw	r16, r14
     8f4:	e2 1a       	sub	r14, r18
     8f6:	f3 0a       	sbc	r15, r19
     8f8:	04 0b       	sbc	r16, r20
     8fa:	15 0b       	sbc	r17, r21
     8fc:	02 c0       	rjmp	.+4      	; 0x902 <__floatsisf+0x68>
     8fe:	79 01       	movw	r14, r18
     900:	8a 01       	movw	r16, r20
     902:	8e e1       	ldi	r24, 0x1E	; 30
     904:	c8 2e       	mov	r12, r24
     906:	d1 2c       	mov	r13, r1
     908:	dc 82       	std	Y+4, r13	; 0x04
     90a:	cb 82       	std	Y+3, r12	; 0x03
     90c:	ed 82       	std	Y+5, r14	; 0x05
     90e:	fe 82       	std	Y+6, r15	; 0x06
     910:	0f 83       	std	Y+7, r16	; 0x07
     912:	18 87       	std	Y+8, r17	; 0x08
     914:	c8 01       	movw	r24, r16
     916:	b7 01       	movw	r22, r14
     918:	0e 94 ff 04 	call	0x9fe	; 0x9fe <__clzsi2>
     91c:	01 97       	sbiw	r24, 0x01	; 1
     91e:	18 16       	cp	r1, r24
     920:	19 06       	cpc	r1, r25
     922:	84 f4       	brge	.+32     	; 0x944 <__floatsisf+0xaa>
     924:	08 2e       	mov	r0, r24
     926:	04 c0       	rjmp	.+8      	; 0x930 <__floatsisf+0x96>
     928:	ee 0c       	add	r14, r14
     92a:	ff 1c       	adc	r15, r15
     92c:	00 1f       	adc	r16, r16
     92e:	11 1f       	adc	r17, r17
     930:	0a 94       	dec	r0
     932:	d2 f7       	brpl	.-12     	; 0x928 <__floatsisf+0x8e>
     934:	ed 82       	std	Y+5, r14	; 0x05
     936:	fe 82       	std	Y+6, r15	; 0x06
     938:	0f 83       	std	Y+7, r16	; 0x07
     93a:	18 87       	std	Y+8, r17	; 0x08
     93c:	c8 1a       	sub	r12, r24
     93e:	d9 0a       	sbc	r13, r25
     940:	dc 82       	std	Y+4, r13	; 0x04
     942:	cb 82       	std	Y+3, r12	; 0x03
     944:	ba 82       	std	Y+2, r11	; 0x02
     946:	ce 01       	movw	r24, r28
     948:	01 96       	adiw	r24, 0x01	; 1
     94a:	0e 94 4e 05 	call	0xa9c	; 0xa9c <__pack_f>
     94e:	28 96       	adiw	r28, 0x08	; 8
     950:	e9 e0       	ldi	r30, 0x09	; 9
     952:	0c 94 f4 12 	jmp	0x25e8	; 0x25e8 <__epilogue_restores__+0x12>

00000956 <__fixsfsi>:
     956:	ac e0       	ldi	r26, 0x0C	; 12
     958:	b0 e0       	ldi	r27, 0x00	; 0
     95a:	e1 eb       	ldi	r30, 0xB1	; 177
     95c:	f4 e0       	ldi	r31, 0x04	; 4
     95e:	0c 94 df 12 	jmp	0x25be	; 0x25be <__prologue_saves__+0x20>
     962:	69 83       	std	Y+1, r22	; 0x01
     964:	7a 83       	std	Y+2, r23	; 0x02
     966:	8b 83       	std	Y+3, r24	; 0x03
     968:	9c 83       	std	Y+4, r25	; 0x04
     96a:	ce 01       	movw	r24, r28
     96c:	01 96       	adiw	r24, 0x01	; 1
     96e:	be 01       	movw	r22, r28
     970:	6b 5f       	subi	r22, 0xFB	; 251
     972:	7f 4f       	sbci	r23, 0xFF	; 255
     974:	0e 94 23 06 	call	0xc46	; 0xc46 <__unpack_f>
     978:	8d 81       	ldd	r24, Y+5	; 0x05
     97a:	82 30       	cpi	r24, 0x02	; 2
     97c:	61 f1       	breq	.+88     	; 0x9d6 <__fixsfsi+0x80>
     97e:	82 30       	cpi	r24, 0x02	; 2
     980:	50 f1       	brcs	.+84     	; 0x9d6 <__fixsfsi+0x80>
     982:	84 30       	cpi	r24, 0x04	; 4
     984:	21 f4       	brne	.+8      	; 0x98e <__fixsfsi+0x38>
     986:	8e 81       	ldd	r24, Y+6	; 0x06
     988:	88 23       	and	r24, r24
     98a:	51 f1       	breq	.+84     	; 0x9e0 <__fixsfsi+0x8a>
     98c:	2e c0       	rjmp	.+92     	; 0x9ea <__fixsfsi+0x94>
     98e:	2f 81       	ldd	r18, Y+7	; 0x07
     990:	38 85       	ldd	r19, Y+8	; 0x08
     992:	37 fd       	sbrc	r19, 7
     994:	20 c0       	rjmp	.+64     	; 0x9d6 <__fixsfsi+0x80>
     996:	6e 81       	ldd	r22, Y+6	; 0x06
     998:	2f 31       	cpi	r18, 0x1F	; 31
     99a:	31 05       	cpc	r19, r1
     99c:	1c f0       	brlt	.+6      	; 0x9a4 <__fixsfsi+0x4e>
     99e:	66 23       	and	r22, r22
     9a0:	f9 f0       	breq	.+62     	; 0x9e0 <__fixsfsi+0x8a>
     9a2:	23 c0       	rjmp	.+70     	; 0x9ea <__fixsfsi+0x94>
     9a4:	8e e1       	ldi	r24, 0x1E	; 30
     9a6:	90 e0       	ldi	r25, 0x00	; 0
     9a8:	82 1b       	sub	r24, r18
     9aa:	93 0b       	sbc	r25, r19
     9ac:	29 85       	ldd	r18, Y+9	; 0x09
     9ae:	3a 85       	ldd	r19, Y+10	; 0x0a
     9b0:	4b 85       	ldd	r20, Y+11	; 0x0b
     9b2:	5c 85       	ldd	r21, Y+12	; 0x0c
     9b4:	04 c0       	rjmp	.+8      	; 0x9be <__fixsfsi+0x68>
     9b6:	56 95       	lsr	r21
     9b8:	47 95       	ror	r20
     9ba:	37 95       	ror	r19
     9bc:	27 95       	ror	r18
     9be:	8a 95       	dec	r24
     9c0:	d2 f7       	brpl	.-12     	; 0x9b6 <__fixsfsi+0x60>
     9c2:	66 23       	and	r22, r22
     9c4:	b1 f0       	breq	.+44     	; 0x9f2 <__fixsfsi+0x9c>
     9c6:	50 95       	com	r21
     9c8:	40 95       	com	r20
     9ca:	30 95       	com	r19
     9cc:	21 95       	neg	r18
     9ce:	3f 4f       	sbci	r19, 0xFF	; 255
     9d0:	4f 4f       	sbci	r20, 0xFF	; 255
     9d2:	5f 4f       	sbci	r21, 0xFF	; 255
     9d4:	0e c0       	rjmp	.+28     	; 0x9f2 <__fixsfsi+0x9c>
     9d6:	20 e0       	ldi	r18, 0x00	; 0
     9d8:	30 e0       	ldi	r19, 0x00	; 0
     9da:	40 e0       	ldi	r20, 0x00	; 0
     9dc:	50 e0       	ldi	r21, 0x00	; 0
     9de:	09 c0       	rjmp	.+18     	; 0x9f2 <__fixsfsi+0x9c>
     9e0:	2f ef       	ldi	r18, 0xFF	; 255
     9e2:	3f ef       	ldi	r19, 0xFF	; 255
     9e4:	4f ef       	ldi	r20, 0xFF	; 255
     9e6:	5f e7       	ldi	r21, 0x7F	; 127
     9e8:	04 c0       	rjmp	.+8      	; 0x9f2 <__fixsfsi+0x9c>
     9ea:	20 e0       	ldi	r18, 0x00	; 0
     9ec:	30 e0       	ldi	r19, 0x00	; 0
     9ee:	40 e0       	ldi	r20, 0x00	; 0
     9f0:	50 e8       	ldi	r21, 0x80	; 128
     9f2:	b9 01       	movw	r22, r18
     9f4:	ca 01       	movw	r24, r20
     9f6:	2c 96       	adiw	r28, 0x0c	; 12
     9f8:	e2 e0       	ldi	r30, 0x02	; 2
     9fa:	0c 94 fb 12 	jmp	0x25f6	; 0x25f6 <__epilogue_restores__+0x20>

000009fe <__clzsi2>:
     9fe:	ef 92       	push	r14
     a00:	ff 92       	push	r15
     a02:	0f 93       	push	r16
     a04:	1f 93       	push	r17
     a06:	7b 01       	movw	r14, r22
     a08:	8c 01       	movw	r16, r24
     a0a:	80 e0       	ldi	r24, 0x00	; 0
     a0c:	e8 16       	cp	r14, r24
     a0e:	80 e0       	ldi	r24, 0x00	; 0
     a10:	f8 06       	cpc	r15, r24
     a12:	81 e0       	ldi	r24, 0x01	; 1
     a14:	08 07       	cpc	r16, r24
     a16:	80 e0       	ldi	r24, 0x00	; 0
     a18:	18 07       	cpc	r17, r24
     a1a:	88 f4       	brcc	.+34     	; 0xa3e <__clzsi2+0x40>
     a1c:	8f ef       	ldi	r24, 0xFF	; 255
     a1e:	e8 16       	cp	r14, r24
     a20:	f1 04       	cpc	r15, r1
     a22:	01 05       	cpc	r16, r1
     a24:	11 05       	cpc	r17, r1
     a26:	31 f0       	breq	.+12     	; 0xa34 <__clzsi2+0x36>
     a28:	28 f0       	brcs	.+10     	; 0xa34 <__clzsi2+0x36>
     a2a:	88 e0       	ldi	r24, 0x08	; 8
     a2c:	90 e0       	ldi	r25, 0x00	; 0
     a2e:	a0 e0       	ldi	r26, 0x00	; 0
     a30:	b0 e0       	ldi	r27, 0x00	; 0
     a32:	17 c0       	rjmp	.+46     	; 0xa62 <__clzsi2+0x64>
     a34:	80 e0       	ldi	r24, 0x00	; 0
     a36:	90 e0       	ldi	r25, 0x00	; 0
     a38:	a0 e0       	ldi	r26, 0x00	; 0
     a3a:	b0 e0       	ldi	r27, 0x00	; 0
     a3c:	12 c0       	rjmp	.+36     	; 0xa62 <__clzsi2+0x64>
     a3e:	80 e0       	ldi	r24, 0x00	; 0
     a40:	e8 16       	cp	r14, r24
     a42:	80 e0       	ldi	r24, 0x00	; 0
     a44:	f8 06       	cpc	r15, r24
     a46:	80 e0       	ldi	r24, 0x00	; 0
     a48:	08 07       	cpc	r16, r24
     a4a:	81 e0       	ldi	r24, 0x01	; 1
     a4c:	18 07       	cpc	r17, r24
     a4e:	28 f0       	brcs	.+10     	; 0xa5a <__clzsi2+0x5c>
     a50:	88 e1       	ldi	r24, 0x18	; 24
     a52:	90 e0       	ldi	r25, 0x00	; 0
     a54:	a0 e0       	ldi	r26, 0x00	; 0
     a56:	b0 e0       	ldi	r27, 0x00	; 0
     a58:	04 c0       	rjmp	.+8      	; 0xa62 <__clzsi2+0x64>
     a5a:	80 e1       	ldi	r24, 0x10	; 16
     a5c:	90 e0       	ldi	r25, 0x00	; 0
     a5e:	a0 e0       	ldi	r26, 0x00	; 0
     a60:	b0 e0       	ldi	r27, 0x00	; 0
     a62:	20 e2       	ldi	r18, 0x20	; 32
     a64:	30 e0       	ldi	r19, 0x00	; 0
     a66:	40 e0       	ldi	r20, 0x00	; 0
     a68:	50 e0       	ldi	r21, 0x00	; 0
     a6a:	28 1b       	sub	r18, r24
     a6c:	39 0b       	sbc	r19, r25
     a6e:	4a 0b       	sbc	r20, r26
     a70:	5b 0b       	sbc	r21, r27
     a72:	04 c0       	rjmp	.+8      	; 0xa7c <__clzsi2+0x7e>
     a74:	16 95       	lsr	r17
     a76:	07 95       	ror	r16
     a78:	f7 94       	ror	r15
     a7a:	e7 94       	ror	r14
     a7c:	8a 95       	dec	r24
     a7e:	d2 f7       	brpl	.-12     	; 0xa74 <__clzsi2+0x76>
     a80:	f7 01       	movw	r30, r14
     a82:	e8 59       	subi	r30, 0x98	; 152
     a84:	ff 4f       	sbci	r31, 0xFF	; 255
     a86:	80 81       	ld	r24, Z
     a88:	28 1b       	sub	r18, r24
     a8a:	31 09       	sbc	r19, r1
     a8c:	41 09       	sbc	r20, r1
     a8e:	51 09       	sbc	r21, r1
     a90:	c9 01       	movw	r24, r18
     a92:	1f 91       	pop	r17
     a94:	0f 91       	pop	r16
     a96:	ff 90       	pop	r15
     a98:	ef 90       	pop	r14
     a9a:	08 95       	ret

00000a9c <__pack_f>:
     a9c:	df 92       	push	r13
     a9e:	ef 92       	push	r14
     aa0:	ff 92       	push	r15
     aa2:	0f 93       	push	r16
     aa4:	1f 93       	push	r17
     aa6:	fc 01       	movw	r30, r24
     aa8:	e4 80       	ldd	r14, Z+4	; 0x04
     aaa:	f5 80       	ldd	r15, Z+5	; 0x05
     aac:	06 81       	ldd	r16, Z+6	; 0x06
     aae:	17 81       	ldd	r17, Z+7	; 0x07
     ab0:	d1 80       	ldd	r13, Z+1	; 0x01
     ab2:	80 81       	ld	r24, Z
     ab4:	82 30       	cpi	r24, 0x02	; 2
     ab6:	48 f4       	brcc	.+18     	; 0xaca <__pack_f+0x2e>
     ab8:	80 e0       	ldi	r24, 0x00	; 0
     aba:	90 e0       	ldi	r25, 0x00	; 0
     abc:	a0 e1       	ldi	r26, 0x10	; 16
     abe:	b0 e0       	ldi	r27, 0x00	; 0
     ac0:	e8 2a       	or	r14, r24
     ac2:	f9 2a       	or	r15, r25
     ac4:	0a 2b       	or	r16, r26
     ac6:	1b 2b       	or	r17, r27
     ac8:	a5 c0       	rjmp	.+330    	; 0xc14 <__pack_f+0x178>
     aca:	84 30       	cpi	r24, 0x04	; 4
     acc:	09 f4       	brne	.+2      	; 0xad0 <__pack_f+0x34>
     ace:	9f c0       	rjmp	.+318    	; 0xc0e <__pack_f+0x172>
     ad0:	82 30       	cpi	r24, 0x02	; 2
     ad2:	21 f4       	brne	.+8      	; 0xadc <__pack_f+0x40>
     ad4:	ee 24       	eor	r14, r14
     ad6:	ff 24       	eor	r15, r15
     ad8:	87 01       	movw	r16, r14
     ada:	05 c0       	rjmp	.+10     	; 0xae6 <__pack_f+0x4a>
     adc:	e1 14       	cp	r14, r1
     ade:	f1 04       	cpc	r15, r1
     ae0:	01 05       	cpc	r16, r1
     ae2:	11 05       	cpc	r17, r1
     ae4:	19 f4       	brne	.+6      	; 0xaec <__pack_f+0x50>
     ae6:	e0 e0       	ldi	r30, 0x00	; 0
     ae8:	f0 e0       	ldi	r31, 0x00	; 0
     aea:	96 c0       	rjmp	.+300    	; 0xc18 <__pack_f+0x17c>
     aec:	62 81       	ldd	r22, Z+2	; 0x02
     aee:	73 81       	ldd	r23, Z+3	; 0x03
     af0:	9f ef       	ldi	r25, 0xFF	; 255
     af2:	62 38       	cpi	r22, 0x82	; 130
     af4:	79 07       	cpc	r23, r25
     af6:	0c f0       	brlt	.+2      	; 0xafa <__pack_f+0x5e>
     af8:	5b c0       	rjmp	.+182    	; 0xbb0 <__pack_f+0x114>
     afa:	22 e8       	ldi	r18, 0x82	; 130
     afc:	3f ef       	ldi	r19, 0xFF	; 255
     afe:	26 1b       	sub	r18, r22
     b00:	37 0b       	sbc	r19, r23
     b02:	2a 31       	cpi	r18, 0x1A	; 26
     b04:	31 05       	cpc	r19, r1
     b06:	2c f0       	brlt	.+10     	; 0xb12 <__pack_f+0x76>
     b08:	20 e0       	ldi	r18, 0x00	; 0
     b0a:	30 e0       	ldi	r19, 0x00	; 0
     b0c:	40 e0       	ldi	r20, 0x00	; 0
     b0e:	50 e0       	ldi	r21, 0x00	; 0
     b10:	2a c0       	rjmp	.+84     	; 0xb66 <__pack_f+0xca>
     b12:	b8 01       	movw	r22, r16
     b14:	a7 01       	movw	r20, r14
     b16:	02 2e       	mov	r0, r18
     b18:	04 c0       	rjmp	.+8      	; 0xb22 <__pack_f+0x86>
     b1a:	76 95       	lsr	r23
     b1c:	67 95       	ror	r22
     b1e:	57 95       	ror	r21
     b20:	47 95       	ror	r20
     b22:	0a 94       	dec	r0
     b24:	d2 f7       	brpl	.-12     	; 0xb1a <__pack_f+0x7e>
     b26:	81 e0       	ldi	r24, 0x01	; 1
     b28:	90 e0       	ldi	r25, 0x00	; 0
     b2a:	a0 e0       	ldi	r26, 0x00	; 0
     b2c:	b0 e0       	ldi	r27, 0x00	; 0
     b2e:	04 c0       	rjmp	.+8      	; 0xb38 <__pack_f+0x9c>
     b30:	88 0f       	add	r24, r24
     b32:	99 1f       	adc	r25, r25
     b34:	aa 1f       	adc	r26, r26
     b36:	bb 1f       	adc	r27, r27
     b38:	2a 95       	dec	r18
     b3a:	d2 f7       	brpl	.-12     	; 0xb30 <__pack_f+0x94>
     b3c:	01 97       	sbiw	r24, 0x01	; 1
     b3e:	a1 09       	sbc	r26, r1
     b40:	b1 09       	sbc	r27, r1
     b42:	8e 21       	and	r24, r14
     b44:	9f 21       	and	r25, r15
     b46:	a0 23       	and	r26, r16
     b48:	b1 23       	and	r27, r17
     b4a:	00 97       	sbiw	r24, 0x00	; 0
     b4c:	a1 05       	cpc	r26, r1
     b4e:	b1 05       	cpc	r27, r1
     b50:	21 f0       	breq	.+8      	; 0xb5a <__pack_f+0xbe>
     b52:	81 e0       	ldi	r24, 0x01	; 1
     b54:	90 e0       	ldi	r25, 0x00	; 0
     b56:	a0 e0       	ldi	r26, 0x00	; 0
     b58:	b0 e0       	ldi	r27, 0x00	; 0
     b5a:	9a 01       	movw	r18, r20
     b5c:	ab 01       	movw	r20, r22
     b5e:	28 2b       	or	r18, r24
     b60:	39 2b       	or	r19, r25
     b62:	4a 2b       	or	r20, r26
     b64:	5b 2b       	or	r21, r27
     b66:	da 01       	movw	r26, r20
     b68:	c9 01       	movw	r24, r18
     b6a:	8f 77       	andi	r24, 0x7F	; 127
     b6c:	90 70       	andi	r25, 0x00	; 0
     b6e:	a0 70       	andi	r26, 0x00	; 0
     b70:	b0 70       	andi	r27, 0x00	; 0
     b72:	80 34       	cpi	r24, 0x40	; 64
     b74:	91 05       	cpc	r25, r1
     b76:	a1 05       	cpc	r26, r1
     b78:	b1 05       	cpc	r27, r1
     b7a:	39 f4       	brne	.+14     	; 0xb8a <__pack_f+0xee>
     b7c:	27 ff       	sbrs	r18, 7
     b7e:	09 c0       	rjmp	.+18     	; 0xb92 <__pack_f+0xf6>
     b80:	20 5c       	subi	r18, 0xC0	; 192
     b82:	3f 4f       	sbci	r19, 0xFF	; 255
     b84:	4f 4f       	sbci	r20, 0xFF	; 255
     b86:	5f 4f       	sbci	r21, 0xFF	; 255
     b88:	04 c0       	rjmp	.+8      	; 0xb92 <__pack_f+0xf6>
     b8a:	21 5c       	subi	r18, 0xC1	; 193
     b8c:	3f 4f       	sbci	r19, 0xFF	; 255
     b8e:	4f 4f       	sbci	r20, 0xFF	; 255
     b90:	5f 4f       	sbci	r21, 0xFF	; 255
     b92:	e0 e0       	ldi	r30, 0x00	; 0
     b94:	f0 e0       	ldi	r31, 0x00	; 0
     b96:	20 30       	cpi	r18, 0x00	; 0
     b98:	a0 e0       	ldi	r26, 0x00	; 0
     b9a:	3a 07       	cpc	r19, r26
     b9c:	a0 e0       	ldi	r26, 0x00	; 0
     b9e:	4a 07       	cpc	r20, r26
     ba0:	a0 e4       	ldi	r26, 0x40	; 64
     ba2:	5a 07       	cpc	r21, r26
     ba4:	10 f0       	brcs	.+4      	; 0xbaa <__pack_f+0x10e>
     ba6:	e1 e0       	ldi	r30, 0x01	; 1
     ba8:	f0 e0       	ldi	r31, 0x00	; 0
     baa:	79 01       	movw	r14, r18
     bac:	8a 01       	movw	r16, r20
     bae:	27 c0       	rjmp	.+78     	; 0xbfe <__pack_f+0x162>
     bb0:	60 38       	cpi	r22, 0x80	; 128
     bb2:	71 05       	cpc	r23, r1
     bb4:	64 f5       	brge	.+88     	; 0xc0e <__pack_f+0x172>
     bb6:	fb 01       	movw	r30, r22
     bb8:	e1 58       	subi	r30, 0x81	; 129
     bba:	ff 4f       	sbci	r31, 0xFF	; 255
     bbc:	d8 01       	movw	r26, r16
     bbe:	c7 01       	movw	r24, r14
     bc0:	8f 77       	andi	r24, 0x7F	; 127
     bc2:	90 70       	andi	r25, 0x00	; 0
     bc4:	a0 70       	andi	r26, 0x00	; 0
     bc6:	b0 70       	andi	r27, 0x00	; 0
     bc8:	80 34       	cpi	r24, 0x40	; 64
     bca:	91 05       	cpc	r25, r1
     bcc:	a1 05       	cpc	r26, r1
     bce:	b1 05       	cpc	r27, r1
     bd0:	39 f4       	brne	.+14     	; 0xbe0 <__pack_f+0x144>
     bd2:	e7 fe       	sbrs	r14, 7
     bd4:	0d c0       	rjmp	.+26     	; 0xbf0 <__pack_f+0x154>
     bd6:	80 e4       	ldi	r24, 0x40	; 64
     bd8:	90 e0       	ldi	r25, 0x00	; 0
     bda:	a0 e0       	ldi	r26, 0x00	; 0
     bdc:	b0 e0       	ldi	r27, 0x00	; 0
     bde:	04 c0       	rjmp	.+8      	; 0xbe8 <__pack_f+0x14c>
     be0:	8f e3       	ldi	r24, 0x3F	; 63
     be2:	90 e0       	ldi	r25, 0x00	; 0
     be4:	a0 e0       	ldi	r26, 0x00	; 0
     be6:	b0 e0       	ldi	r27, 0x00	; 0
     be8:	e8 0e       	add	r14, r24
     bea:	f9 1e       	adc	r15, r25
     bec:	0a 1f       	adc	r16, r26
     bee:	1b 1f       	adc	r17, r27
     bf0:	17 ff       	sbrs	r17, 7
     bf2:	05 c0       	rjmp	.+10     	; 0xbfe <__pack_f+0x162>
     bf4:	16 95       	lsr	r17
     bf6:	07 95       	ror	r16
     bf8:	f7 94       	ror	r15
     bfa:	e7 94       	ror	r14
     bfc:	31 96       	adiw	r30, 0x01	; 1
     bfe:	87 e0       	ldi	r24, 0x07	; 7
     c00:	16 95       	lsr	r17
     c02:	07 95       	ror	r16
     c04:	f7 94       	ror	r15
     c06:	e7 94       	ror	r14
     c08:	8a 95       	dec	r24
     c0a:	d1 f7       	brne	.-12     	; 0xc00 <__pack_f+0x164>
     c0c:	05 c0       	rjmp	.+10     	; 0xc18 <__pack_f+0x17c>
     c0e:	ee 24       	eor	r14, r14
     c10:	ff 24       	eor	r15, r15
     c12:	87 01       	movw	r16, r14
     c14:	ef ef       	ldi	r30, 0xFF	; 255
     c16:	f0 e0       	ldi	r31, 0x00	; 0
     c18:	6e 2f       	mov	r22, r30
     c1a:	67 95       	ror	r22
     c1c:	66 27       	eor	r22, r22
     c1e:	67 95       	ror	r22
     c20:	90 2f       	mov	r25, r16
     c22:	9f 77       	andi	r25, 0x7F	; 127
     c24:	d7 94       	ror	r13
     c26:	dd 24       	eor	r13, r13
     c28:	d7 94       	ror	r13
     c2a:	8e 2f       	mov	r24, r30
     c2c:	86 95       	lsr	r24
     c2e:	49 2f       	mov	r20, r25
     c30:	46 2b       	or	r20, r22
     c32:	58 2f       	mov	r21, r24
     c34:	5d 29       	or	r21, r13
     c36:	b7 01       	movw	r22, r14
     c38:	ca 01       	movw	r24, r20
     c3a:	1f 91       	pop	r17
     c3c:	0f 91       	pop	r16
     c3e:	ff 90       	pop	r15
     c40:	ef 90       	pop	r14
     c42:	df 90       	pop	r13
     c44:	08 95       	ret

00000c46 <__unpack_f>:
     c46:	fc 01       	movw	r30, r24
     c48:	db 01       	movw	r26, r22
     c4a:	40 81       	ld	r20, Z
     c4c:	51 81       	ldd	r21, Z+1	; 0x01
     c4e:	22 81       	ldd	r18, Z+2	; 0x02
     c50:	62 2f       	mov	r22, r18
     c52:	6f 77       	andi	r22, 0x7F	; 127
     c54:	70 e0       	ldi	r23, 0x00	; 0
     c56:	22 1f       	adc	r18, r18
     c58:	22 27       	eor	r18, r18
     c5a:	22 1f       	adc	r18, r18
     c5c:	93 81       	ldd	r25, Z+3	; 0x03
     c5e:	89 2f       	mov	r24, r25
     c60:	88 0f       	add	r24, r24
     c62:	82 2b       	or	r24, r18
     c64:	28 2f       	mov	r18, r24
     c66:	30 e0       	ldi	r19, 0x00	; 0
     c68:	99 1f       	adc	r25, r25
     c6a:	99 27       	eor	r25, r25
     c6c:	99 1f       	adc	r25, r25
     c6e:	11 96       	adiw	r26, 0x01	; 1
     c70:	9c 93       	st	X, r25
     c72:	11 97       	sbiw	r26, 0x01	; 1
     c74:	21 15       	cp	r18, r1
     c76:	31 05       	cpc	r19, r1
     c78:	a9 f5       	brne	.+106    	; 0xce4 <__unpack_f+0x9e>
     c7a:	41 15       	cp	r20, r1
     c7c:	51 05       	cpc	r21, r1
     c7e:	61 05       	cpc	r22, r1
     c80:	71 05       	cpc	r23, r1
     c82:	11 f4       	brne	.+4      	; 0xc88 <__unpack_f+0x42>
     c84:	82 e0       	ldi	r24, 0x02	; 2
     c86:	37 c0       	rjmp	.+110    	; 0xcf6 <__unpack_f+0xb0>
     c88:	82 e8       	ldi	r24, 0x82	; 130
     c8a:	9f ef       	ldi	r25, 0xFF	; 255
     c8c:	13 96       	adiw	r26, 0x03	; 3
     c8e:	9c 93       	st	X, r25
     c90:	8e 93       	st	-X, r24
     c92:	12 97       	sbiw	r26, 0x02	; 2
     c94:	9a 01       	movw	r18, r20
     c96:	ab 01       	movw	r20, r22
     c98:	67 e0       	ldi	r22, 0x07	; 7
     c9a:	22 0f       	add	r18, r18
     c9c:	33 1f       	adc	r19, r19
     c9e:	44 1f       	adc	r20, r20
     ca0:	55 1f       	adc	r21, r21
     ca2:	6a 95       	dec	r22
     ca4:	d1 f7       	brne	.-12     	; 0xc9a <__unpack_f+0x54>
     ca6:	83 e0       	ldi	r24, 0x03	; 3
     ca8:	8c 93       	st	X, r24
     caa:	0d c0       	rjmp	.+26     	; 0xcc6 <__unpack_f+0x80>
     cac:	22 0f       	add	r18, r18
     cae:	33 1f       	adc	r19, r19
     cb0:	44 1f       	adc	r20, r20
     cb2:	55 1f       	adc	r21, r21
     cb4:	12 96       	adiw	r26, 0x02	; 2
     cb6:	8d 91       	ld	r24, X+
     cb8:	9c 91       	ld	r25, X
     cba:	13 97       	sbiw	r26, 0x03	; 3
     cbc:	01 97       	sbiw	r24, 0x01	; 1
     cbe:	13 96       	adiw	r26, 0x03	; 3
     cc0:	9c 93       	st	X, r25
     cc2:	8e 93       	st	-X, r24
     cc4:	12 97       	sbiw	r26, 0x02	; 2
     cc6:	20 30       	cpi	r18, 0x00	; 0
     cc8:	80 e0       	ldi	r24, 0x00	; 0
     cca:	38 07       	cpc	r19, r24
     ccc:	80 e0       	ldi	r24, 0x00	; 0
     cce:	48 07       	cpc	r20, r24
     cd0:	80 e4       	ldi	r24, 0x40	; 64
     cd2:	58 07       	cpc	r21, r24
     cd4:	58 f3       	brcs	.-42     	; 0xcac <__unpack_f+0x66>
     cd6:	14 96       	adiw	r26, 0x04	; 4
     cd8:	2d 93       	st	X+, r18
     cda:	3d 93       	st	X+, r19
     cdc:	4d 93       	st	X+, r20
     cde:	5c 93       	st	X, r21
     ce0:	17 97       	sbiw	r26, 0x07	; 7
     ce2:	08 95       	ret
     ce4:	2f 3f       	cpi	r18, 0xFF	; 255
     ce6:	31 05       	cpc	r19, r1
     ce8:	79 f4       	brne	.+30     	; 0xd08 <__unpack_f+0xc2>
     cea:	41 15       	cp	r20, r1
     cec:	51 05       	cpc	r21, r1
     cee:	61 05       	cpc	r22, r1
     cf0:	71 05       	cpc	r23, r1
     cf2:	19 f4       	brne	.+6      	; 0xcfa <__unpack_f+0xb4>
     cf4:	84 e0       	ldi	r24, 0x04	; 4
     cf6:	8c 93       	st	X, r24
     cf8:	08 95       	ret
     cfa:	64 ff       	sbrs	r22, 4
     cfc:	03 c0       	rjmp	.+6      	; 0xd04 <__unpack_f+0xbe>
     cfe:	81 e0       	ldi	r24, 0x01	; 1
     d00:	8c 93       	st	X, r24
     d02:	12 c0       	rjmp	.+36     	; 0xd28 <__unpack_f+0xe2>
     d04:	1c 92       	st	X, r1
     d06:	10 c0       	rjmp	.+32     	; 0xd28 <__unpack_f+0xe2>
     d08:	2f 57       	subi	r18, 0x7F	; 127
     d0a:	30 40       	sbci	r19, 0x00	; 0
     d0c:	13 96       	adiw	r26, 0x03	; 3
     d0e:	3c 93       	st	X, r19
     d10:	2e 93       	st	-X, r18
     d12:	12 97       	sbiw	r26, 0x02	; 2
     d14:	83 e0       	ldi	r24, 0x03	; 3
     d16:	8c 93       	st	X, r24
     d18:	87 e0       	ldi	r24, 0x07	; 7
     d1a:	44 0f       	add	r20, r20
     d1c:	55 1f       	adc	r21, r21
     d1e:	66 1f       	adc	r22, r22
     d20:	77 1f       	adc	r23, r23
     d22:	8a 95       	dec	r24
     d24:	d1 f7       	brne	.-12     	; 0xd1a <__unpack_f+0xd4>
     d26:	70 64       	ori	r23, 0x40	; 64
     d28:	14 96       	adiw	r26, 0x04	; 4
     d2a:	4d 93       	st	X+, r20
     d2c:	5d 93       	st	X+, r21
     d2e:	6d 93       	st	X+, r22
     d30:	7c 93       	st	X, r23
     d32:	17 97       	sbiw	r26, 0x07	; 7
     d34:	08 95       	ret

00000d36 <__fpcmp_parts_f>:
     d36:	1f 93       	push	r17
     d38:	dc 01       	movw	r26, r24
     d3a:	fb 01       	movw	r30, r22
     d3c:	9c 91       	ld	r25, X
     d3e:	92 30       	cpi	r25, 0x02	; 2
     d40:	08 f4       	brcc	.+2      	; 0xd44 <__fpcmp_parts_f+0xe>
     d42:	47 c0       	rjmp	.+142    	; 0xdd2 <__fpcmp_parts_f+0x9c>
     d44:	80 81       	ld	r24, Z
     d46:	82 30       	cpi	r24, 0x02	; 2
     d48:	08 f4       	brcc	.+2      	; 0xd4c <__fpcmp_parts_f+0x16>
     d4a:	43 c0       	rjmp	.+134    	; 0xdd2 <__fpcmp_parts_f+0x9c>
     d4c:	94 30       	cpi	r25, 0x04	; 4
     d4e:	51 f4       	brne	.+20     	; 0xd64 <__fpcmp_parts_f+0x2e>
     d50:	11 96       	adiw	r26, 0x01	; 1
     d52:	1c 91       	ld	r17, X
     d54:	84 30       	cpi	r24, 0x04	; 4
     d56:	99 f5       	brne	.+102    	; 0xdbe <__fpcmp_parts_f+0x88>
     d58:	81 81       	ldd	r24, Z+1	; 0x01
     d5a:	68 2f       	mov	r22, r24
     d5c:	70 e0       	ldi	r23, 0x00	; 0
     d5e:	61 1b       	sub	r22, r17
     d60:	71 09       	sbc	r23, r1
     d62:	3f c0       	rjmp	.+126    	; 0xde2 <__fpcmp_parts_f+0xac>
     d64:	84 30       	cpi	r24, 0x04	; 4
     d66:	21 f0       	breq	.+8      	; 0xd70 <__fpcmp_parts_f+0x3a>
     d68:	92 30       	cpi	r25, 0x02	; 2
     d6a:	31 f4       	brne	.+12     	; 0xd78 <__fpcmp_parts_f+0x42>
     d6c:	82 30       	cpi	r24, 0x02	; 2
     d6e:	b9 f1       	breq	.+110    	; 0xdde <__fpcmp_parts_f+0xa8>
     d70:	81 81       	ldd	r24, Z+1	; 0x01
     d72:	88 23       	and	r24, r24
     d74:	89 f1       	breq	.+98     	; 0xdd8 <__fpcmp_parts_f+0xa2>
     d76:	2d c0       	rjmp	.+90     	; 0xdd2 <__fpcmp_parts_f+0x9c>
     d78:	11 96       	adiw	r26, 0x01	; 1
     d7a:	1c 91       	ld	r17, X
     d7c:	11 97       	sbiw	r26, 0x01	; 1
     d7e:	82 30       	cpi	r24, 0x02	; 2
     d80:	f1 f0       	breq	.+60     	; 0xdbe <__fpcmp_parts_f+0x88>
     d82:	81 81       	ldd	r24, Z+1	; 0x01
     d84:	18 17       	cp	r17, r24
     d86:	d9 f4       	brne	.+54     	; 0xdbe <__fpcmp_parts_f+0x88>
     d88:	12 96       	adiw	r26, 0x02	; 2
     d8a:	2d 91       	ld	r18, X+
     d8c:	3c 91       	ld	r19, X
     d8e:	13 97       	sbiw	r26, 0x03	; 3
     d90:	82 81       	ldd	r24, Z+2	; 0x02
     d92:	93 81       	ldd	r25, Z+3	; 0x03
     d94:	82 17       	cp	r24, r18
     d96:	93 07       	cpc	r25, r19
     d98:	94 f0       	brlt	.+36     	; 0xdbe <__fpcmp_parts_f+0x88>
     d9a:	28 17       	cp	r18, r24
     d9c:	39 07       	cpc	r19, r25
     d9e:	bc f0       	brlt	.+46     	; 0xdce <__fpcmp_parts_f+0x98>
     da0:	14 96       	adiw	r26, 0x04	; 4
     da2:	8d 91       	ld	r24, X+
     da4:	9d 91       	ld	r25, X+
     da6:	0d 90       	ld	r0, X+
     da8:	bc 91       	ld	r27, X
     daa:	a0 2d       	mov	r26, r0
     dac:	24 81       	ldd	r18, Z+4	; 0x04
     dae:	35 81       	ldd	r19, Z+5	; 0x05
     db0:	46 81       	ldd	r20, Z+6	; 0x06
     db2:	57 81       	ldd	r21, Z+7	; 0x07
     db4:	28 17       	cp	r18, r24
     db6:	39 07       	cpc	r19, r25
     db8:	4a 07       	cpc	r20, r26
     dba:	5b 07       	cpc	r21, r27
     dbc:	18 f4       	brcc	.+6      	; 0xdc4 <__fpcmp_parts_f+0x8e>
     dbe:	11 23       	and	r17, r17
     dc0:	41 f0       	breq	.+16     	; 0xdd2 <__fpcmp_parts_f+0x9c>
     dc2:	0a c0       	rjmp	.+20     	; 0xdd8 <__fpcmp_parts_f+0xa2>
     dc4:	82 17       	cp	r24, r18
     dc6:	93 07       	cpc	r25, r19
     dc8:	a4 07       	cpc	r26, r20
     dca:	b5 07       	cpc	r27, r21
     dcc:	40 f4       	brcc	.+16     	; 0xdde <__fpcmp_parts_f+0xa8>
     dce:	11 23       	and	r17, r17
     dd0:	19 f0       	breq	.+6      	; 0xdd8 <__fpcmp_parts_f+0xa2>
     dd2:	61 e0       	ldi	r22, 0x01	; 1
     dd4:	70 e0       	ldi	r23, 0x00	; 0
     dd6:	05 c0       	rjmp	.+10     	; 0xde2 <__fpcmp_parts_f+0xac>
     dd8:	6f ef       	ldi	r22, 0xFF	; 255
     dda:	7f ef       	ldi	r23, 0xFF	; 255
     ddc:	02 c0       	rjmp	.+4      	; 0xde2 <__fpcmp_parts_f+0xac>
     dde:	60 e0       	ldi	r22, 0x00	; 0
     de0:	70 e0       	ldi	r23, 0x00	; 0
     de2:	cb 01       	movw	r24, r22
     de4:	1f 91       	pop	r17
     de6:	08 95       	ret

00000de8 <ADC_Init>:
 */

#include "ADC.h"
#include <avr/io.h>

extern void ADC_Init(void) {
     de8:	df 93       	push	r29
     dea:	cf 93       	push	r28
     dec:	cd b7       	in	r28, 0x3d	; 61
     dee:	de b7       	in	r29, 0x3e	; 62
	// Enable ADC On AVR
	SET_BIT(ADCSRA_Reg, 7);
     df0:	a6 e2       	ldi	r26, 0x26	; 38
     df2:	b0 e0       	ldi	r27, 0x00	; 0
     df4:	e6 e2       	ldi	r30, 0x26	; 38
     df6:	f0 e0       	ldi	r31, 0x00	; 0
     df8:	80 81       	ld	r24, Z
     dfa:	80 68       	ori	r24, 0x80	; 128
     dfc:	8c 93       	st	X, r24

	// Select Conversion Speed
	SET_BIT(ADCSRA_Reg, 0);
     dfe:	a6 e2       	ldi	r26, 0x26	; 38
     e00:	b0 e0       	ldi	r27, 0x00	; 0
     e02:	e6 e2       	ldi	r30, 0x26	; 38
     e04:	f0 e0       	ldi	r31, 0x00	; 0
     e06:	80 81       	ld	r24, Z
     e08:	81 60       	ori	r24, 0x01	; 1
     e0a:	8c 93       	st	X, r24
	SET_BIT(ADCSRA_Reg, 1);
     e0c:	a6 e2       	ldi	r26, 0x26	; 38
     e0e:	b0 e0       	ldi	r27, 0x00	; 0
     e10:	e6 e2       	ldi	r30, 0x26	; 38
     e12:	f0 e0       	ldi	r31, 0x00	; 0
     e14:	80 81       	ld	r24, Z
     e16:	82 60       	ori	r24, 0x02	; 2
     e18:	8c 93       	st	X, r24
	SET_BIT(ADCSRA_Reg, 2);
     e1a:	a6 e2       	ldi	r26, 0x26	; 38
     e1c:	b0 e0       	ldi	r27, 0x00	; 0
     e1e:	e6 e2       	ldi	r30, 0x26	; 38
     e20:	f0 e0       	ldi	r31, 0x00	; 0
     e22:	80 81       	ld	r24, Z
     e24:	84 60       	ori	r24, 0x04	; 4
     e26:	8c 93       	st	X, r24

	// ADC Data Rgith Adjustment
	SET_BIT(ADMUX_Reg, 5);
     e28:	a7 e2       	ldi	r26, 0x27	; 39
     e2a:	b0 e0       	ldi	r27, 0x00	; 0
     e2c:	e7 e2       	ldi	r30, 0x27	; 39
     e2e:	f0 e0       	ldi	r31, 0x00	; 0
     e30:	80 81       	ld	r24, Z
     e32:	80 62       	ori	r24, 0x20	; 32
     e34:	8c 93       	st	X, r24
}
     e36:	cf 91       	pop	r28
     e38:	df 91       	pop	r29
     e3a:	08 95       	ret

00000e3c <ADC_Read>:

u8 ADC_Read(u8 channel) {
     e3c:	df 93       	push	r29
     e3e:	cf 93       	push	r28
     e40:	0f 92       	push	r0
     e42:	cd b7       	in	r28, 0x3d	; 61
     e44:	de b7       	in	r29, 0x3e	; 62
     e46:	89 83       	std	Y+1, r24	; 0x01
	// Select Voltage Reference
	// Select ADC Channel
	ADMUX_Reg = 0x40 | (channel & 0b00000111);
     e48:	e7 e2       	ldi	r30, 0x27	; 39
     e4a:	f0 e0       	ldi	r31, 0x00	; 0
     e4c:	89 81       	ldd	r24, Y+1	; 0x01
     e4e:	87 70       	andi	r24, 0x07	; 7
     e50:	80 64       	ori	r24, 0x40	; 64
     e52:	80 83       	st	Z, r24

	// Start ADC Conversion
	SET_BIT(ADCSRA_Reg, 6);
     e54:	a6 e2       	ldi	r26, 0x26	; 38
     e56:	b0 e0       	ldi	r27, 0x00	; 0
     e58:	e6 e2       	ldi	r30, 0x26	; 38
     e5a:	f0 e0       	ldi	r31, 0x00	; 0
     e5c:	80 81       	ld	r24, Z
     e5e:	80 64       	ori	r24, 0x40	; 64
     e60:	8c 93       	st	X, r24

	//Wait for the conversion
	while (!(ADCSRA_Reg & (1 << 4)))
     e62:	e6 e2       	ldi	r30, 0x26	; 38
     e64:	f0 e0       	ldi	r31, 0x00	; 0
     e66:	80 81       	ld	r24, Z
     e68:	88 2f       	mov	r24, r24
     e6a:	90 e0       	ldi	r25, 0x00	; 0
     e6c:	80 71       	andi	r24, 0x10	; 16
     e6e:	90 70       	andi	r25, 0x00	; 0
     e70:	00 97       	sbiw	r24, 0x00	; 0
     e72:	b9 f3       	breq	.-18     	; 0xe62 <ADC_Read+0x26>
		;

	SET_BIT(ADCSRA_Reg, 4);
     e74:	a6 e2       	ldi	r26, 0x26	; 38
     e76:	b0 e0       	ldi	r27, 0x00	; 0
     e78:	e6 e2       	ldi	r30, 0x26	; 38
     e7a:	f0 e0       	ldi	r31, 0x00	; 0
     e7c:	80 81       	ld	r24, Z
     e7e:	80 61       	ori	r24, 0x10	; 16
     e80:	8c 93       	st	X, r24

	return ADC;
     e82:	e4 e2       	ldi	r30, 0x24	; 36
     e84:	f0 e0       	ldi	r31, 0x00	; 0
     e86:	80 81       	ld	r24, Z
     e88:	91 81       	ldd	r25, Z+1	; 0x01

}
     e8a:	0f 90       	pop	r0
     e8c:	cf 91       	pop	r28
     e8e:	df 91       	pop	r29
     e90:	08 95       	ret

00000e92 <LM35>:

void LM35(void) {
     e92:	df 93       	push	r29
     e94:	cf 93       	push	r28
     e96:	cd b7       	in	r28, 0x3d	; 61
     e98:	de b7       	in	r29, 0x3e	; 62
     e9a:	65 97       	sbiw	r28, 0x15	; 21
     e9c:	0f b6       	in	r0, 0x3f	; 63
     e9e:	f8 94       	cli
     ea0:	de bf       	out	0x3e, r29	; 62
     ea2:	0f be       	out	0x3f, r0	; 63
     ea4:	cd bf       	out	0x3d, r28	; 61

	u8 Temp[6] = { 'T', 'e', 'm', 'p', ':' };
     ea6:	86 e0       	ldi	r24, 0x06	; 6
     ea8:	fe 01       	movw	r30, r28
     eaa:	70 96       	adiw	r30, 0x10	; 16
     eac:	df 01       	movw	r26, r30
     eae:	98 2f       	mov	r25, r24
     eb0:	1d 92       	st	X+, r1
     eb2:	9a 95       	dec	r25
     eb4:	e9 f7       	brne	.-6      	; 0xeb0 <LM35+0x1e>
     eb6:	84 e5       	ldi	r24, 0x54	; 84
     eb8:	88 8b       	std	Y+16, r24	; 0x10
     eba:	85 e6       	ldi	r24, 0x65	; 101
     ebc:	89 8b       	std	Y+17, r24	; 0x11
     ebe:	8d e6       	ldi	r24, 0x6D	; 109
     ec0:	8a 8b       	std	Y+18, r24	; 0x12
     ec2:	80 e7       	ldi	r24, 0x70	; 112
     ec4:	8b 8b       	std	Y+19, r24	; 0x13
     ec6:	8a e3       	ldi	r24, 0x3A	; 58
     ec8:	8c 8b       	std	Y+20, r24	; 0x14

	u8 celsius = (ADC_Read(0) * 4.88);
     eca:	80 e0       	ldi	r24, 0x00	; 0
     ecc:	0e 94 1e 07 	call	0xe3c	; 0xe3c <ADC_Read>
     ed0:	88 2f       	mov	r24, r24
     ed2:	90 e0       	ldi	r25, 0x00	; 0
     ed4:	aa 27       	eor	r26, r26
     ed6:	97 fd       	sbrc	r25, 7
     ed8:	a0 95       	com	r26
     eda:	ba 2f       	mov	r27, r26
     edc:	bc 01       	movw	r22, r24
     ede:	cd 01       	movw	r24, r26
     ee0:	0e 94 4d 04 	call	0x89a	; 0x89a <__floatsisf>
     ee4:	dc 01       	movw	r26, r24
     ee6:	cb 01       	movw	r24, r22
     ee8:	bc 01       	movw	r22, r24
     eea:	cd 01       	movw	r24, r26
     eec:	26 ef       	ldi	r18, 0xF6	; 246
     eee:	38 e2       	ldi	r19, 0x28	; 40
     ef0:	4c e9       	ldi	r20, 0x9C	; 156
     ef2:	50 e4       	ldi	r21, 0x40	; 64
     ef4:	0e 94 17 02 	call	0x42e	; 0x42e <__mulsf3>
     ef8:	dc 01       	movw	r26, r24
     efa:	cb 01       	movw	r24, r22
     efc:	bc 01       	movw	r22, r24
     efe:	cd 01       	movw	r24, r26
     f00:	0e 94 41 00 	call	0x82	; 0x82 <__fixunssfsi>
     f04:	dc 01       	movw	r26, r24
     f06:	cb 01       	movw	r24, r22
     f08:	8f 87       	std	Y+15, r24	; 0x0f

	celsius = (celsius / 10.00);
     f0a:	8f 85       	ldd	r24, Y+15	; 0x0f
     f0c:	88 2f       	mov	r24, r24
     f0e:	90 e0       	ldi	r25, 0x00	; 0
     f10:	aa 27       	eor	r26, r26
     f12:	97 fd       	sbrc	r25, 7
     f14:	a0 95       	com	r26
     f16:	ba 2f       	mov	r27, r26
     f18:	bc 01       	movw	r22, r24
     f1a:	cd 01       	movw	r24, r26
     f1c:	0e 94 4d 04 	call	0x89a	; 0x89a <__floatsisf>
     f20:	dc 01       	movw	r26, r24
     f22:	cb 01       	movw	r24, r22
     f24:	bc 01       	movw	r22, r24
     f26:	cd 01       	movw	r24, r26
     f28:	20 e0       	ldi	r18, 0x00	; 0
     f2a:	30 e0       	ldi	r19, 0x00	; 0
     f2c:	40 e2       	ldi	r20, 0x20	; 32
     f2e:	51 e4       	ldi	r21, 0x41	; 65
     f30:	0e 94 11 03 	call	0x622	; 0x622 <__divsf3>
     f34:	dc 01       	movw	r26, r24
     f36:	cb 01       	movw	r24, r22
     f38:	bc 01       	movw	r22, r24
     f3a:	cd 01       	movw	r24, r26
     f3c:	0e 94 41 00 	call	0x82	; 0x82 <__fixunssfsi>
     f40:	dc 01       	movw	r26, r24
     f42:	cb 01       	movw	r24, r22
     f44:	8f 87       	std	Y+15, r24	; 0x0f

	Gotoxy(1, 0);
     f46:	81 e0       	ldi	r24, 0x01	; 1
     f48:	60 e0       	ldi	r22, 0x00	; 0
     f4a:	0e 94 af 11 	call	0x235e	; 0x235e <Gotoxy>

	LCD_String(Temp);
     f4e:	ce 01       	movw	r24, r28
     f50:	40 96       	adiw	r24, 0x10	; 16
     f52:	0e 94 ca 10 	call	0x2194	; 0x2194 <LCD_String>

	Gotoxy(1, 6);
     f56:	81 e0       	ldi	r24, 0x01	; 1
     f58:	66 e0       	ldi	r22, 0x06	; 6
     f5a:	0e 94 af 11 	call	0x235e	; 0x235e <Gotoxy>

	lcd_writenumber(celsius);
     f5e:	8f 85       	ldd	r24, Y+15	; 0x0f
     f60:	88 2f       	mov	r24, r24
     f62:	90 e0       	ldi	r25, 0x00	; 0
     f64:	0e 94 dd 11 	call	0x23ba	; 0x23ba <lcd_writenumber>
     f68:	80 e0       	ldi	r24, 0x00	; 0
     f6a:	90 e0       	ldi	r25, 0x00	; 0
     f6c:	aa e7       	ldi	r26, 0x7A	; 122
     f6e:	b4 e4       	ldi	r27, 0x44	; 68
     f70:	8b 87       	std	Y+11, r24	; 0x0b
     f72:	9c 87       	std	Y+12, r25	; 0x0c
     f74:	ad 87       	std	Y+13, r26	; 0x0d
     f76:	be 87       	std	Y+14, r27	; 0x0e
 */
void
_delay_ms(double __ms)
{
	uint16_t __ticks;
	double __tmp = ((F_CPU) / 4e3) * __ms;
     f78:	6b 85       	ldd	r22, Y+11	; 0x0b
     f7a:	7c 85       	ldd	r23, Y+12	; 0x0c
     f7c:	8d 85       	ldd	r24, Y+13	; 0x0d
     f7e:	9e 85       	ldd	r25, Y+14	; 0x0e
     f80:	20 e0       	ldi	r18, 0x00	; 0
     f82:	30 e0       	ldi	r19, 0x00	; 0
     f84:	4a ef       	ldi	r20, 0xFA	; 250
     f86:	54 e4       	ldi	r21, 0x44	; 68
     f88:	0e 94 17 02 	call	0x42e	; 0x42e <__mulsf3>
     f8c:	dc 01       	movw	r26, r24
     f8e:	cb 01       	movw	r24, r22
     f90:	8f 83       	std	Y+7, r24	; 0x07
     f92:	98 87       	std	Y+8, r25	; 0x08
     f94:	a9 87       	std	Y+9, r26	; 0x09
     f96:	ba 87       	std	Y+10, r27	; 0x0a
	if (__tmp < 1.0)
     f98:	6f 81       	ldd	r22, Y+7	; 0x07
     f9a:	78 85       	ldd	r23, Y+8	; 0x08
     f9c:	89 85       	ldd	r24, Y+9	; 0x09
     f9e:	9a 85       	ldd	r25, Y+10	; 0x0a
     fa0:	20 e0       	ldi	r18, 0x00	; 0
     fa2:	30 e0       	ldi	r19, 0x00	; 0
     fa4:	40 e8       	ldi	r20, 0x80	; 128
     fa6:	5f e3       	ldi	r21, 0x3F	; 63
     fa8:	0e 94 1d 04 	call	0x83a	; 0x83a <__ltsf2>
     fac:	88 23       	and	r24, r24
     fae:	2c f4       	brge	.+10     	; 0xfba <LM35+0x128>
		__ticks = 1;
     fb0:	81 e0       	ldi	r24, 0x01	; 1
     fb2:	90 e0       	ldi	r25, 0x00	; 0
     fb4:	9e 83       	std	Y+6, r25	; 0x06
     fb6:	8d 83       	std	Y+5, r24	; 0x05
     fb8:	3f c0       	rjmp	.+126    	; 0x1038 <LM35+0x1a6>
	else if (__tmp > 65535)
     fba:	6f 81       	ldd	r22, Y+7	; 0x07
     fbc:	78 85       	ldd	r23, Y+8	; 0x08
     fbe:	89 85       	ldd	r24, Y+9	; 0x09
     fc0:	9a 85       	ldd	r25, Y+10	; 0x0a
     fc2:	20 e0       	ldi	r18, 0x00	; 0
     fc4:	3f ef       	ldi	r19, 0xFF	; 255
     fc6:	4f e7       	ldi	r20, 0x7F	; 127
     fc8:	57 e4       	ldi	r21, 0x47	; 71
     fca:	0e 94 bd 03 	call	0x77a	; 0x77a <__gtsf2>
     fce:	18 16       	cp	r1, r24
     fd0:	4c f5       	brge	.+82     	; 0x1024 <LM35+0x192>
	{
		//	__ticks = requested delay in 1/10 ms
		__ticks = (uint16_t) (__ms * 10.0);
     fd2:	6b 85       	ldd	r22, Y+11	; 0x0b
     fd4:	7c 85       	ldd	r23, Y+12	; 0x0c
     fd6:	8d 85       	ldd	r24, Y+13	; 0x0d
     fd8:	9e 85       	ldd	r25, Y+14	; 0x0e
     fda:	20 e0       	ldi	r18, 0x00	; 0
     fdc:	30 e0       	ldi	r19, 0x00	; 0
     fde:	40 e2       	ldi	r20, 0x20	; 32
     fe0:	51 e4       	ldi	r21, 0x41	; 65
     fe2:	0e 94 17 02 	call	0x42e	; 0x42e <__mulsf3>
     fe6:	dc 01       	movw	r26, r24
     fe8:	cb 01       	movw	r24, r22
     fea:	bc 01       	movw	r22, r24
     fec:	cd 01       	movw	r24, r26
     fee:	0e 94 41 00 	call	0x82	; 0x82 <__fixunssfsi>
     ff2:	dc 01       	movw	r26, r24
     ff4:	cb 01       	movw	r24, r22
     ff6:	9e 83       	std	Y+6, r25	; 0x06
     ff8:	8d 83       	std	Y+5, r24	; 0x05
     ffa:	0f c0       	rjmp	.+30     	; 0x101a <LM35+0x188>
     ffc:	88 ec       	ldi	r24, 0xC8	; 200
     ffe:	90 e0       	ldi	r25, 0x00	; 0
    1000:	9c 83       	std	Y+4, r25	; 0x04
    1002:	8b 83       	std	Y+3, r24	; 0x03
    milliseconds can be achieved.
 */
void
_delay_loop_2(uint16_t __count)
{
	__asm__ volatile (
    1004:	8b 81       	ldd	r24, Y+3	; 0x03
    1006:	9c 81       	ldd	r25, Y+4	; 0x04
    1008:	01 97       	sbiw	r24, 0x01	; 1
    100a:	f1 f7       	brne	.-4      	; 0x1008 <LM35+0x176>
    100c:	9c 83       	std	Y+4, r25	; 0x04
    100e:	8b 83       	std	Y+3, r24	; 0x03
		while(__ticks)
		{
			// wait 1/10 ms
			_delay_loop_2(((F_CPU) / 4e3) / 10);
			__ticks --;
    1010:	8d 81       	ldd	r24, Y+5	; 0x05
    1012:	9e 81       	ldd	r25, Y+6	; 0x06
    1014:	01 97       	sbiw	r24, 0x01	; 1
    1016:	9e 83       	std	Y+6, r25	; 0x06
    1018:	8d 83       	std	Y+5, r24	; 0x05
		__ticks = 1;
	else if (__tmp > 65535)
	{
		//	__ticks = requested delay in 1/10 ms
		__ticks = (uint16_t) (__ms * 10.0);
		while(__ticks)
    101a:	8d 81       	ldd	r24, Y+5	; 0x05
    101c:	9e 81       	ldd	r25, Y+6	; 0x06
    101e:	00 97       	sbiw	r24, 0x00	; 0
    1020:	69 f7       	brne	.-38     	; 0xffc <LM35+0x16a>
    1022:	14 c0       	rjmp	.+40     	; 0x104c <LM35+0x1ba>
			__ticks --;
		}
		return;
	}
	else
		__ticks = (uint16_t)__tmp;
    1024:	6f 81       	ldd	r22, Y+7	; 0x07
    1026:	78 85       	ldd	r23, Y+8	; 0x08
    1028:	89 85       	ldd	r24, Y+9	; 0x09
    102a:	9a 85       	ldd	r25, Y+10	; 0x0a
    102c:	0e 94 41 00 	call	0x82	; 0x82 <__fixunssfsi>
    1030:	dc 01       	movw	r26, r24
    1032:	cb 01       	movw	r24, r22
    1034:	9e 83       	std	Y+6, r25	; 0x06
    1036:	8d 83       	std	Y+5, r24	; 0x05
    1038:	8d 81       	ldd	r24, Y+5	; 0x05
    103a:	9e 81       	ldd	r25, Y+6	; 0x06
    103c:	9a 83       	std	Y+2, r25	; 0x02
    103e:	89 83       	std	Y+1, r24	; 0x01
    1040:	89 81       	ldd	r24, Y+1	; 0x01
    1042:	9a 81       	ldd	r25, Y+2	; 0x02
    1044:	01 97       	sbiw	r24, 0x01	; 1
    1046:	f1 f7       	brne	.-4      	; 0x1044 <LM35+0x1b2>
    1048:	9a 83       	std	Y+2, r25	; 0x02
    104a:	89 83       	std	Y+1, r24	; 0x01

	_delay_ms(1000);

	LCD_vidSendCommand(0x01);
    104c:	81 e0       	ldi	r24, 0x01	; 1
    104e:	0e 94 7a 0e 	call	0x1cf4	; 0x1cf4 <LCD_vidSendCommand>

	if(celsius==30)
    1052:	8f 85       	ldd	r24, Y+15	; 0x0f
    1054:	8e 31       	cpi	r24, 0x1E	; 30
    1056:	39 f4       	brne	.+14     	; 0x1066 <LM35+0x1d4>
	{
		DIO_SetPinValue(PORTB,PIN0,1);
    1058:	e8 e3       	ldi	r30, 0x38	; 56
    105a:	f0 e0       	ldi	r31, 0x00	; 0
    105c:	80 81       	ld	r24, Z
    105e:	60 e0       	ldi	r22, 0x00	; 0
    1060:	41 e0       	ldi	r20, 0x01	; 1
    1062:	0e 94 3c 08 	call	0x1078	; 0x1078 <DIO_SetPinValue>
		TIMSK = 0b00000010;
		OCR0 = 128;
		USART_SendData('2');
	}
*/
}
    1066:	65 96       	adiw	r28, 0x15	; 21
    1068:	0f b6       	in	r0, 0x3f	; 63
    106a:	f8 94       	cli
    106c:	de bf       	out	0x3e, r29	; 62
    106e:	0f be       	out	0x3f, r0	; 63
    1070:	cd bf       	out	0x3d, r28	; 61
    1072:	cf 91       	pop	r28
    1074:	df 91       	pop	r29
    1076:	08 95       	ret

00001078 <DIO_SetPinValue>:
#include "DIO_int.h"
#include "DIO_reg.h"

/* IO Pins */
void DIO_SetPinValue(u8 u8PortIdCopy , u8 u8PinIdCopy, u8 u8PinValCopy)
{
    1078:	df 93       	push	r29
    107a:	cf 93       	push	r28
    107c:	cd b7       	in	r28, 0x3d	; 61
    107e:	de b7       	in	r29, 0x3e	; 62
    1080:	27 97       	sbiw	r28, 0x07	; 7
    1082:	0f b6       	in	r0, 0x3f	; 63
    1084:	f8 94       	cli
    1086:	de bf       	out	0x3e, r29	; 62
    1088:	0f be       	out	0x3f, r0	; 63
    108a:	cd bf       	out	0x3d, r28	; 61
    108c:	89 83       	std	Y+1, r24	; 0x01
    108e:	6a 83       	std	Y+2, r22	; 0x02
    1090:	4b 83       	std	Y+3, r20	; 0x03
	/* Make sure that the Port ID and Pin ID are in the valid range */
	if ((u8PortIdCopy <= PORTD) && (u8PinIdCopy <= PIN7))
    1092:	89 81       	ldd	r24, Y+1	; 0x01
    1094:	84 30       	cpi	r24, 0x04	; 4
    1096:	08 f0       	brcs	.+2      	; 0x109a <DIO_SetPinValue+0x22>
    1098:	ee c0       	rjmp	.+476    	; 0x1276 <DIO_SetPinValue+0x1fe>
    109a:	8a 81       	ldd	r24, Y+2	; 0x02
    109c:	88 30       	cpi	r24, 0x08	; 8
    109e:	08 f0       	brcs	.+2      	; 0x10a2 <DIO_SetPinValue+0x2a>
    10a0:	ea c0       	rjmp	.+468    	; 0x1276 <DIO_SetPinValue+0x1fe>
	{
		if (u8PinValCopy == HIGH)
    10a2:	8b 81       	ldd	r24, Y+3	; 0x03
    10a4:	81 30       	cpi	r24, 0x01	; 1
    10a6:	09 f0       	breq	.+2      	; 0x10aa <DIO_SetPinValue+0x32>
    10a8:	6f c0       	rjmp	.+222    	; 0x1188 <DIO_SetPinValue+0x110>
		{
			/* Check on the Required PORT Number */
			switch (u8PortIdCopy)
    10aa:	89 81       	ldd	r24, Y+1	; 0x01
    10ac:	28 2f       	mov	r18, r24
    10ae:	30 e0       	ldi	r19, 0x00	; 0
    10b0:	3f 83       	std	Y+7, r19	; 0x07
    10b2:	2e 83       	std	Y+6, r18	; 0x06
    10b4:	8e 81       	ldd	r24, Y+6	; 0x06
    10b6:	9f 81       	ldd	r25, Y+7	; 0x07
    10b8:	81 30       	cpi	r24, 0x01	; 1
    10ba:	91 05       	cpc	r25, r1
    10bc:	49 f1       	breq	.+82     	; 0x1110 <DIO_SetPinValue+0x98>
    10be:	2e 81       	ldd	r18, Y+6	; 0x06
    10c0:	3f 81       	ldd	r19, Y+7	; 0x07
    10c2:	22 30       	cpi	r18, 0x02	; 2
    10c4:	31 05       	cpc	r19, r1
    10c6:	2c f4       	brge	.+10     	; 0x10d2 <DIO_SetPinValue+0x5a>
    10c8:	8e 81       	ldd	r24, Y+6	; 0x06
    10ca:	9f 81       	ldd	r25, Y+7	; 0x07
    10cc:	00 97       	sbiw	r24, 0x00	; 0
    10ce:	61 f0       	breq	.+24     	; 0x10e8 <DIO_SetPinValue+0x70>
    10d0:	d2 c0       	rjmp	.+420    	; 0x1276 <DIO_SetPinValue+0x1fe>
    10d2:	2e 81       	ldd	r18, Y+6	; 0x06
    10d4:	3f 81       	ldd	r19, Y+7	; 0x07
    10d6:	22 30       	cpi	r18, 0x02	; 2
    10d8:	31 05       	cpc	r19, r1
    10da:	71 f1       	breq	.+92     	; 0x1138 <DIO_SetPinValue+0xc0>
    10dc:	8e 81       	ldd	r24, Y+6	; 0x06
    10de:	9f 81       	ldd	r25, Y+7	; 0x07
    10e0:	83 30       	cpi	r24, 0x03	; 3
    10e2:	91 05       	cpc	r25, r1
    10e4:	e9 f1       	breq	.+122    	; 0x1160 <DIO_SetPinValue+0xe8>
    10e6:	c7 c0       	rjmp	.+398    	; 0x1276 <DIO_SetPinValue+0x1fe>
			{
				case PORTA: SET_BIT(PORTA_Register,u8PinIdCopy); break;
    10e8:	ab e3       	ldi	r26, 0x3B	; 59
    10ea:	b0 e0       	ldi	r27, 0x00	; 0
    10ec:	eb e3       	ldi	r30, 0x3B	; 59
    10ee:	f0 e0       	ldi	r31, 0x00	; 0
    10f0:	80 81       	ld	r24, Z
    10f2:	48 2f       	mov	r20, r24
    10f4:	8a 81       	ldd	r24, Y+2	; 0x02
    10f6:	28 2f       	mov	r18, r24
    10f8:	30 e0       	ldi	r19, 0x00	; 0
    10fa:	81 e0       	ldi	r24, 0x01	; 1
    10fc:	90 e0       	ldi	r25, 0x00	; 0
    10fe:	02 2e       	mov	r0, r18
    1100:	02 c0       	rjmp	.+4      	; 0x1106 <DIO_SetPinValue+0x8e>
    1102:	88 0f       	add	r24, r24
    1104:	99 1f       	adc	r25, r25
    1106:	0a 94       	dec	r0
    1108:	e2 f7       	brpl	.-8      	; 0x1102 <DIO_SetPinValue+0x8a>
    110a:	84 2b       	or	r24, r20
    110c:	8c 93       	st	X, r24
    110e:	b3 c0       	rjmp	.+358    	; 0x1276 <DIO_SetPinValue+0x1fe>
				case PORTB: SET_BIT(PORTB_Register,u8PinIdCopy); break;
    1110:	a8 e3       	ldi	r26, 0x38	; 56
    1112:	b0 e0       	ldi	r27, 0x00	; 0
    1114:	e8 e3       	ldi	r30, 0x38	; 56
    1116:	f0 e0       	ldi	r31, 0x00	; 0
    1118:	80 81       	ld	r24, Z
    111a:	48 2f       	mov	r20, r24
    111c:	8a 81       	ldd	r24, Y+2	; 0x02
    111e:	28 2f       	mov	r18, r24
    1120:	30 e0       	ldi	r19, 0x00	; 0
    1122:	81 e0       	ldi	r24, 0x01	; 1
    1124:	90 e0       	ldi	r25, 0x00	; 0
    1126:	02 2e       	mov	r0, r18
    1128:	02 c0       	rjmp	.+4      	; 0x112e <DIO_SetPinValue+0xb6>
    112a:	88 0f       	add	r24, r24
    112c:	99 1f       	adc	r25, r25
    112e:	0a 94       	dec	r0
    1130:	e2 f7       	brpl	.-8      	; 0x112a <DIO_SetPinValue+0xb2>
    1132:	84 2b       	or	r24, r20
    1134:	8c 93       	st	X, r24
    1136:	9f c0       	rjmp	.+318    	; 0x1276 <DIO_SetPinValue+0x1fe>
				case PORTC: SET_BIT(PORTC_Register,u8PinIdCopy); break;
    1138:	a5 e3       	ldi	r26, 0x35	; 53
    113a:	b0 e0       	ldi	r27, 0x00	; 0
    113c:	e5 e3       	ldi	r30, 0x35	; 53
    113e:	f0 e0       	ldi	r31, 0x00	; 0
    1140:	80 81       	ld	r24, Z
    1142:	48 2f       	mov	r20, r24
    1144:	8a 81       	ldd	r24, Y+2	; 0x02
    1146:	28 2f       	mov	r18, r24
    1148:	30 e0       	ldi	r19, 0x00	; 0
    114a:	81 e0       	ldi	r24, 0x01	; 1
    114c:	90 e0       	ldi	r25, 0x00	; 0
    114e:	02 2e       	mov	r0, r18
    1150:	02 c0       	rjmp	.+4      	; 0x1156 <DIO_SetPinValue+0xde>
    1152:	88 0f       	add	r24, r24
    1154:	99 1f       	adc	r25, r25
    1156:	0a 94       	dec	r0
    1158:	e2 f7       	brpl	.-8      	; 0x1152 <DIO_SetPinValue+0xda>
    115a:	84 2b       	or	r24, r20
    115c:	8c 93       	st	X, r24
    115e:	8b c0       	rjmp	.+278    	; 0x1276 <DIO_SetPinValue+0x1fe>
				case PORTD: SET_BIT(PORTD_Register,u8PinIdCopy); break;
    1160:	a2 e3       	ldi	r26, 0x32	; 50
    1162:	b0 e0       	ldi	r27, 0x00	; 0
    1164:	e2 e3       	ldi	r30, 0x32	; 50
    1166:	f0 e0       	ldi	r31, 0x00	; 0
    1168:	80 81       	ld	r24, Z
    116a:	48 2f       	mov	r20, r24
    116c:	8a 81       	ldd	r24, Y+2	; 0x02
    116e:	28 2f       	mov	r18, r24
    1170:	30 e0       	ldi	r19, 0x00	; 0
    1172:	81 e0       	ldi	r24, 0x01	; 1
    1174:	90 e0       	ldi	r25, 0x00	; 0
    1176:	02 2e       	mov	r0, r18
    1178:	02 c0       	rjmp	.+4      	; 0x117e <DIO_SetPinValue+0x106>
    117a:	88 0f       	add	r24, r24
    117c:	99 1f       	adc	r25, r25
    117e:	0a 94       	dec	r0
    1180:	e2 f7       	brpl	.-8      	; 0x117a <DIO_SetPinValue+0x102>
    1182:	84 2b       	or	r24, r20
    1184:	8c 93       	st	X, r24
    1186:	77 c0       	rjmp	.+238    	; 0x1276 <DIO_SetPinValue+0x1fe>
			}

		}

		else if (u8PinValCopy == LOW)
    1188:	8b 81       	ldd	r24, Y+3	; 0x03
    118a:	88 23       	and	r24, r24
    118c:	09 f0       	breq	.+2      	; 0x1190 <DIO_SetPinValue+0x118>
    118e:	73 c0       	rjmp	.+230    	; 0x1276 <DIO_SetPinValue+0x1fe>
		{
			/* Check on the Required PORT Number */
			switch (u8PortIdCopy)
    1190:	89 81       	ldd	r24, Y+1	; 0x01
    1192:	28 2f       	mov	r18, r24
    1194:	30 e0       	ldi	r19, 0x00	; 0
    1196:	3d 83       	std	Y+5, r19	; 0x05
    1198:	2c 83       	std	Y+4, r18	; 0x04
    119a:	8c 81       	ldd	r24, Y+4	; 0x04
    119c:	9d 81       	ldd	r25, Y+5	; 0x05
    119e:	81 30       	cpi	r24, 0x01	; 1
    11a0:	91 05       	cpc	r25, r1
    11a2:	59 f1       	breq	.+86     	; 0x11fa <DIO_SetPinValue+0x182>
    11a4:	2c 81       	ldd	r18, Y+4	; 0x04
    11a6:	3d 81       	ldd	r19, Y+5	; 0x05
    11a8:	22 30       	cpi	r18, 0x02	; 2
    11aa:	31 05       	cpc	r19, r1
    11ac:	2c f4       	brge	.+10     	; 0x11b8 <DIO_SetPinValue+0x140>
    11ae:	8c 81       	ldd	r24, Y+4	; 0x04
    11b0:	9d 81       	ldd	r25, Y+5	; 0x05
    11b2:	00 97       	sbiw	r24, 0x00	; 0
    11b4:	69 f0       	breq	.+26     	; 0x11d0 <DIO_SetPinValue+0x158>
    11b6:	5f c0       	rjmp	.+190    	; 0x1276 <DIO_SetPinValue+0x1fe>
    11b8:	2c 81       	ldd	r18, Y+4	; 0x04
    11ba:	3d 81       	ldd	r19, Y+5	; 0x05
    11bc:	22 30       	cpi	r18, 0x02	; 2
    11be:	31 05       	cpc	r19, r1
    11c0:	89 f1       	breq	.+98     	; 0x1224 <DIO_SetPinValue+0x1ac>
    11c2:	8c 81       	ldd	r24, Y+4	; 0x04
    11c4:	9d 81       	ldd	r25, Y+5	; 0x05
    11c6:	83 30       	cpi	r24, 0x03	; 3
    11c8:	91 05       	cpc	r25, r1
    11ca:	09 f4       	brne	.+2      	; 0x11ce <DIO_SetPinValue+0x156>
    11cc:	40 c0       	rjmp	.+128    	; 0x124e <DIO_SetPinValue+0x1d6>
    11ce:	53 c0       	rjmp	.+166    	; 0x1276 <DIO_SetPinValue+0x1fe>
			{
				case PORTA: CLR_BIT(PORTA_Register,u8PinIdCopy); break;
    11d0:	ab e3       	ldi	r26, 0x3B	; 59
    11d2:	b0 e0       	ldi	r27, 0x00	; 0
    11d4:	eb e3       	ldi	r30, 0x3B	; 59
    11d6:	f0 e0       	ldi	r31, 0x00	; 0
    11d8:	80 81       	ld	r24, Z
    11da:	48 2f       	mov	r20, r24
    11dc:	8a 81       	ldd	r24, Y+2	; 0x02
    11de:	28 2f       	mov	r18, r24
    11e0:	30 e0       	ldi	r19, 0x00	; 0
    11e2:	81 e0       	ldi	r24, 0x01	; 1
    11e4:	90 e0       	ldi	r25, 0x00	; 0
    11e6:	02 2e       	mov	r0, r18
    11e8:	02 c0       	rjmp	.+4      	; 0x11ee <DIO_SetPinValue+0x176>
    11ea:	88 0f       	add	r24, r24
    11ec:	99 1f       	adc	r25, r25
    11ee:	0a 94       	dec	r0
    11f0:	e2 f7       	brpl	.-8      	; 0x11ea <DIO_SetPinValue+0x172>
    11f2:	80 95       	com	r24
    11f4:	84 23       	and	r24, r20
    11f6:	8c 93       	st	X, r24
    11f8:	3e c0       	rjmp	.+124    	; 0x1276 <DIO_SetPinValue+0x1fe>
				case PORTB: CLR_BIT(PORTB_Register,u8PinIdCopy); break;
    11fa:	a8 e3       	ldi	r26, 0x38	; 56
    11fc:	b0 e0       	ldi	r27, 0x00	; 0
    11fe:	e8 e3       	ldi	r30, 0x38	; 56
    1200:	f0 e0       	ldi	r31, 0x00	; 0
    1202:	80 81       	ld	r24, Z
    1204:	48 2f       	mov	r20, r24
    1206:	8a 81       	ldd	r24, Y+2	; 0x02
    1208:	28 2f       	mov	r18, r24
    120a:	30 e0       	ldi	r19, 0x00	; 0
    120c:	81 e0       	ldi	r24, 0x01	; 1
    120e:	90 e0       	ldi	r25, 0x00	; 0
    1210:	02 2e       	mov	r0, r18
    1212:	02 c0       	rjmp	.+4      	; 0x1218 <DIO_SetPinValue+0x1a0>
    1214:	88 0f       	add	r24, r24
    1216:	99 1f       	adc	r25, r25
    1218:	0a 94       	dec	r0
    121a:	e2 f7       	brpl	.-8      	; 0x1214 <DIO_SetPinValue+0x19c>
    121c:	80 95       	com	r24
    121e:	84 23       	and	r24, r20
    1220:	8c 93       	st	X, r24
    1222:	29 c0       	rjmp	.+82     	; 0x1276 <DIO_SetPinValue+0x1fe>
				case PORTC: CLR_BIT(PORTC_Register,u8PinIdCopy); break;
    1224:	a5 e3       	ldi	r26, 0x35	; 53
    1226:	b0 e0       	ldi	r27, 0x00	; 0
    1228:	e5 e3       	ldi	r30, 0x35	; 53
    122a:	f0 e0       	ldi	r31, 0x00	; 0
    122c:	80 81       	ld	r24, Z
    122e:	48 2f       	mov	r20, r24
    1230:	8a 81       	ldd	r24, Y+2	; 0x02
    1232:	28 2f       	mov	r18, r24
    1234:	30 e0       	ldi	r19, 0x00	; 0
    1236:	81 e0       	ldi	r24, 0x01	; 1
    1238:	90 e0       	ldi	r25, 0x00	; 0
    123a:	02 2e       	mov	r0, r18
    123c:	02 c0       	rjmp	.+4      	; 0x1242 <DIO_SetPinValue+0x1ca>
    123e:	88 0f       	add	r24, r24
    1240:	99 1f       	adc	r25, r25
    1242:	0a 94       	dec	r0
    1244:	e2 f7       	brpl	.-8      	; 0x123e <DIO_SetPinValue+0x1c6>
    1246:	80 95       	com	r24
    1248:	84 23       	and	r24, r20
    124a:	8c 93       	st	X, r24
    124c:	14 c0       	rjmp	.+40     	; 0x1276 <DIO_SetPinValue+0x1fe>
				case PORTD: CLR_BIT(PORTD_Register,u8PinIdCopy); break;
    124e:	a2 e3       	ldi	r26, 0x32	; 50
    1250:	b0 e0       	ldi	r27, 0x00	; 0
    1252:	e2 e3       	ldi	r30, 0x32	; 50
    1254:	f0 e0       	ldi	r31, 0x00	; 0
    1256:	80 81       	ld	r24, Z
    1258:	48 2f       	mov	r20, r24
    125a:	8a 81       	ldd	r24, Y+2	; 0x02
    125c:	28 2f       	mov	r18, r24
    125e:	30 e0       	ldi	r19, 0x00	; 0
    1260:	81 e0       	ldi	r24, 0x01	; 1
    1262:	90 e0       	ldi	r25, 0x00	; 0
    1264:	02 2e       	mov	r0, r18
    1266:	02 c0       	rjmp	.+4      	; 0x126c <DIO_SetPinValue+0x1f4>
    1268:	88 0f       	add	r24, r24
    126a:	99 1f       	adc	r25, r25
    126c:	0a 94       	dec	r0
    126e:	e2 f7       	brpl	.-8      	; 0x1268 <DIO_SetPinValue+0x1f0>
    1270:	80 95       	com	r24
    1272:	84 23       	and	r24, r20
    1274:	8c 93       	st	X, r24

	else
	{
		/* Do nothing, Error in the Pin ID or PORT ID */
	}
}
    1276:	27 96       	adiw	r28, 0x07	; 7
    1278:	0f b6       	in	r0, 0x3f	; 63
    127a:	f8 94       	cli
    127c:	de bf       	out	0x3e, r29	; 62
    127e:	0f be       	out	0x3f, r0	; 63
    1280:	cd bf       	out	0x3d, r28	; 61
    1282:	cf 91       	pop	r28
    1284:	df 91       	pop	r29
    1286:	08 95       	ret

00001288 <DIO_GetPinValue>:

u8 DIO_GetPinValue(u8 u8PortIdCopy, u8 u8PinIdCopy)
{
    1288:	df 93       	push	r29
    128a:	cf 93       	push	r28
    128c:	00 d0       	rcall	.+0      	; 0x128e <DIO_GetPinValue+0x6>
    128e:	00 d0       	rcall	.+0      	; 0x1290 <DIO_GetPinValue+0x8>
    1290:	0f 92       	push	r0
    1292:	cd b7       	in	r28, 0x3d	; 61
    1294:	de b7       	in	r29, 0x3e	; 62
    1296:	8a 83       	std	Y+2, r24	; 0x02
    1298:	6b 83       	std	Y+3, r22	; 0x03
	/* Define Local Variable to get the BIT Value */
	u8 u8ResultLocal;
	/* Make sure that the Port ID and Pin ID are in the valid range */
	if ((u8PortIdCopy <= PORTD) && (u8PinIdCopy <= PIN7))
    129a:	8a 81       	ldd	r24, Y+2	; 0x02
    129c:	84 30       	cpi	r24, 0x04	; 4
    129e:	08 f0       	brcs	.+2      	; 0x12a2 <DIO_GetPinValue+0x1a>
    12a0:	6c c0       	rjmp	.+216    	; 0x137a <DIO_GetPinValue+0xf2>
    12a2:	8b 81       	ldd	r24, Y+3	; 0x03
    12a4:	88 30       	cpi	r24, 0x08	; 8
    12a6:	08 f0       	brcs	.+2      	; 0x12aa <DIO_GetPinValue+0x22>
    12a8:	68 c0       	rjmp	.+208    	; 0x137a <DIO_GetPinValue+0xf2>
	{
		/* Check on the Required PORT Number */
		switch (u8PortIdCopy)
    12aa:	8a 81       	ldd	r24, Y+2	; 0x02
    12ac:	28 2f       	mov	r18, r24
    12ae:	30 e0       	ldi	r19, 0x00	; 0
    12b0:	3d 83       	std	Y+5, r19	; 0x05
    12b2:	2c 83       	std	Y+4, r18	; 0x04
    12b4:	4c 81       	ldd	r20, Y+4	; 0x04
    12b6:	5d 81       	ldd	r21, Y+5	; 0x05
    12b8:	41 30       	cpi	r20, 0x01	; 1
    12ba:	51 05       	cpc	r21, r1
    12bc:	41 f1       	breq	.+80     	; 0x130e <DIO_GetPinValue+0x86>
    12be:	8c 81       	ldd	r24, Y+4	; 0x04
    12c0:	9d 81       	ldd	r25, Y+5	; 0x05
    12c2:	82 30       	cpi	r24, 0x02	; 2
    12c4:	91 05       	cpc	r25, r1
    12c6:	34 f4       	brge	.+12     	; 0x12d4 <DIO_GetPinValue+0x4c>
    12c8:	2c 81       	ldd	r18, Y+4	; 0x04
    12ca:	3d 81       	ldd	r19, Y+5	; 0x05
    12cc:	21 15       	cp	r18, r1
    12ce:	31 05       	cpc	r19, r1
    12d0:	61 f0       	breq	.+24     	; 0x12ea <DIO_GetPinValue+0x62>
    12d2:	55 c0       	rjmp	.+170    	; 0x137e <DIO_GetPinValue+0xf6>
    12d4:	4c 81       	ldd	r20, Y+4	; 0x04
    12d6:	5d 81       	ldd	r21, Y+5	; 0x05
    12d8:	42 30       	cpi	r20, 0x02	; 2
    12da:	51 05       	cpc	r21, r1
    12dc:	51 f1       	breq	.+84     	; 0x1332 <DIO_GetPinValue+0xaa>
    12de:	8c 81       	ldd	r24, Y+4	; 0x04
    12e0:	9d 81       	ldd	r25, Y+5	; 0x05
    12e2:	83 30       	cpi	r24, 0x03	; 3
    12e4:	91 05       	cpc	r25, r1
    12e6:	b9 f1       	breq	.+110    	; 0x1356 <DIO_GetPinValue+0xce>
    12e8:	4a c0       	rjmp	.+148    	; 0x137e <DIO_GetPinValue+0xf6>
		{
			case PORTA: u8ResultLocal= GET_BIT(PINA_Register,u8PinIdCopy); break;
    12ea:	e9 e3       	ldi	r30, 0x39	; 57
    12ec:	f0 e0       	ldi	r31, 0x00	; 0
    12ee:	80 81       	ld	r24, Z
    12f0:	28 2f       	mov	r18, r24
    12f2:	30 e0       	ldi	r19, 0x00	; 0
    12f4:	8b 81       	ldd	r24, Y+3	; 0x03
    12f6:	88 2f       	mov	r24, r24
    12f8:	90 e0       	ldi	r25, 0x00	; 0
    12fa:	a9 01       	movw	r20, r18
    12fc:	02 c0       	rjmp	.+4      	; 0x1302 <DIO_GetPinValue+0x7a>
    12fe:	55 95       	asr	r21
    1300:	47 95       	ror	r20
    1302:	8a 95       	dec	r24
    1304:	e2 f7       	brpl	.-8      	; 0x12fe <DIO_GetPinValue+0x76>
    1306:	ca 01       	movw	r24, r20
    1308:	81 70       	andi	r24, 0x01	; 1
    130a:	89 83       	std	Y+1, r24	; 0x01
    130c:	38 c0       	rjmp	.+112    	; 0x137e <DIO_GetPinValue+0xf6>
			case PORTB: u8ResultLocal= GET_BIT(PINB_Register,u8PinIdCopy); break;
    130e:	e6 e3       	ldi	r30, 0x36	; 54
    1310:	f0 e0       	ldi	r31, 0x00	; 0
    1312:	80 81       	ld	r24, Z
    1314:	28 2f       	mov	r18, r24
    1316:	30 e0       	ldi	r19, 0x00	; 0
    1318:	8b 81       	ldd	r24, Y+3	; 0x03
    131a:	88 2f       	mov	r24, r24
    131c:	90 e0       	ldi	r25, 0x00	; 0
    131e:	a9 01       	movw	r20, r18
    1320:	02 c0       	rjmp	.+4      	; 0x1326 <DIO_GetPinValue+0x9e>
    1322:	55 95       	asr	r21
    1324:	47 95       	ror	r20
    1326:	8a 95       	dec	r24
    1328:	e2 f7       	brpl	.-8      	; 0x1322 <DIO_GetPinValue+0x9a>
    132a:	ca 01       	movw	r24, r20
    132c:	81 70       	andi	r24, 0x01	; 1
    132e:	89 83       	std	Y+1, r24	; 0x01
    1330:	26 c0       	rjmp	.+76     	; 0x137e <DIO_GetPinValue+0xf6>
			case PORTC: u8ResultLocal= GET_BIT(PINC_Register,u8PinIdCopy); break;
    1332:	e3 e3       	ldi	r30, 0x33	; 51
    1334:	f0 e0       	ldi	r31, 0x00	; 0
    1336:	80 81       	ld	r24, Z
    1338:	28 2f       	mov	r18, r24
    133a:	30 e0       	ldi	r19, 0x00	; 0
    133c:	8b 81       	ldd	r24, Y+3	; 0x03
    133e:	88 2f       	mov	r24, r24
    1340:	90 e0       	ldi	r25, 0x00	; 0
    1342:	a9 01       	movw	r20, r18
    1344:	02 c0       	rjmp	.+4      	; 0x134a <DIO_GetPinValue+0xc2>
    1346:	55 95       	asr	r21
    1348:	47 95       	ror	r20
    134a:	8a 95       	dec	r24
    134c:	e2 f7       	brpl	.-8      	; 0x1346 <DIO_GetPinValue+0xbe>
    134e:	ca 01       	movw	r24, r20
    1350:	81 70       	andi	r24, 0x01	; 1
    1352:	89 83       	std	Y+1, r24	; 0x01
    1354:	14 c0       	rjmp	.+40     	; 0x137e <DIO_GetPinValue+0xf6>
			case PORTD: u8ResultLocal= GET_BIT(PIND_Register,u8PinIdCopy); break;
    1356:	e0 e3       	ldi	r30, 0x30	; 48
    1358:	f0 e0       	ldi	r31, 0x00	; 0
    135a:	80 81       	ld	r24, Z
    135c:	28 2f       	mov	r18, r24
    135e:	30 e0       	ldi	r19, 0x00	; 0
    1360:	8b 81       	ldd	r24, Y+3	; 0x03
    1362:	88 2f       	mov	r24, r24
    1364:	90 e0       	ldi	r25, 0x00	; 0
    1366:	a9 01       	movw	r20, r18
    1368:	02 c0       	rjmp	.+4      	; 0x136e <DIO_GetPinValue+0xe6>
    136a:	55 95       	asr	r21
    136c:	47 95       	ror	r20
    136e:	8a 95       	dec	r24
    1370:	e2 f7       	brpl	.-8      	; 0x136a <DIO_GetPinValue+0xe2>
    1372:	ca 01       	movw	r24, r20
    1374:	81 70       	andi	r24, 0x01	; 1
    1376:	89 83       	std	Y+1, r24	; 0x01
    1378:	02 c0       	rjmp	.+4      	; 0x137e <DIO_GetPinValue+0xf6>
	}

	else
	{
		/* return 0xff in case of error in the Pin ID or PORT ID */
		u8ResultLocal = 0xFF;
    137a:	8f ef       	ldi	r24, 0xFF	; 255
    137c:	89 83       	std	Y+1, r24	; 0x01
	}

	return u8ResultLocal;
    137e:	89 81       	ldd	r24, Y+1	; 0x01
}
    1380:	0f 90       	pop	r0
    1382:	0f 90       	pop	r0
    1384:	0f 90       	pop	r0
    1386:	0f 90       	pop	r0
    1388:	0f 90       	pop	r0
    138a:	cf 91       	pop	r28
    138c:	df 91       	pop	r29
    138e:	08 95       	ret

00001390 <DIO_SetPinDirection>:

void DIO_SetPinDirection (u8 u8PortIdCopy, u8 u8PinIdCopy, u8 u8PinDirCopy)
{
    1390:	df 93       	push	r29
    1392:	cf 93       	push	r28
    1394:	cd b7       	in	r28, 0x3d	; 61
    1396:	de b7       	in	r29, 0x3e	; 62
    1398:	27 97       	sbiw	r28, 0x07	; 7
    139a:	0f b6       	in	r0, 0x3f	; 63
    139c:	f8 94       	cli
    139e:	de bf       	out	0x3e, r29	; 62
    13a0:	0f be       	out	0x3f, r0	; 63
    13a2:	cd bf       	out	0x3d, r28	; 61
    13a4:	89 83       	std	Y+1, r24	; 0x01
    13a6:	6a 83       	std	Y+2, r22	; 0x02
    13a8:	4b 83       	std	Y+3, r20	; 0x03
	/* Make sure that the Port ID and Pin ID are in the valid range */
	if ((u8PortIdCopy <= PORTD) && (u8PinIdCopy <= PIN7))
    13aa:	89 81       	ldd	r24, Y+1	; 0x01
    13ac:	84 30       	cpi	r24, 0x04	; 4
    13ae:	08 f0       	brcs	.+2      	; 0x13b2 <DIO_SetPinDirection+0x22>
    13b0:	ee c0       	rjmp	.+476    	; 0x158e <DIO_SetPinDirection+0x1fe>
    13b2:	8a 81       	ldd	r24, Y+2	; 0x02
    13b4:	88 30       	cpi	r24, 0x08	; 8
    13b6:	08 f0       	brcs	.+2      	; 0x13ba <DIO_SetPinDirection+0x2a>
    13b8:	ea c0       	rjmp	.+468    	; 0x158e <DIO_SetPinDirection+0x1fe>
	{
		if ( u8PinDirCopy == OUTPUT )
    13ba:	8b 81       	ldd	r24, Y+3	; 0x03
    13bc:	81 30       	cpi	r24, 0x01	; 1
    13be:	09 f0       	breq	.+2      	; 0x13c2 <DIO_SetPinDirection+0x32>
    13c0:	6f c0       	rjmp	.+222    	; 0x14a0 <DIO_SetPinDirection+0x110>
		{
			/* Check on the Required PORT Number */
			switch (u8PortIdCopy)
    13c2:	89 81       	ldd	r24, Y+1	; 0x01
    13c4:	28 2f       	mov	r18, r24
    13c6:	30 e0       	ldi	r19, 0x00	; 0
    13c8:	3f 83       	std	Y+7, r19	; 0x07
    13ca:	2e 83       	std	Y+6, r18	; 0x06
    13cc:	8e 81       	ldd	r24, Y+6	; 0x06
    13ce:	9f 81       	ldd	r25, Y+7	; 0x07
    13d0:	81 30       	cpi	r24, 0x01	; 1
    13d2:	91 05       	cpc	r25, r1
    13d4:	49 f1       	breq	.+82     	; 0x1428 <DIO_SetPinDirection+0x98>
    13d6:	2e 81       	ldd	r18, Y+6	; 0x06
    13d8:	3f 81       	ldd	r19, Y+7	; 0x07
    13da:	22 30       	cpi	r18, 0x02	; 2
    13dc:	31 05       	cpc	r19, r1
    13de:	2c f4       	brge	.+10     	; 0x13ea <DIO_SetPinDirection+0x5a>
    13e0:	8e 81       	ldd	r24, Y+6	; 0x06
    13e2:	9f 81       	ldd	r25, Y+7	; 0x07
    13e4:	00 97       	sbiw	r24, 0x00	; 0
    13e6:	61 f0       	breq	.+24     	; 0x1400 <DIO_SetPinDirection+0x70>
    13e8:	d2 c0       	rjmp	.+420    	; 0x158e <DIO_SetPinDirection+0x1fe>
    13ea:	2e 81       	ldd	r18, Y+6	; 0x06
    13ec:	3f 81       	ldd	r19, Y+7	; 0x07
    13ee:	22 30       	cpi	r18, 0x02	; 2
    13f0:	31 05       	cpc	r19, r1
    13f2:	71 f1       	breq	.+92     	; 0x1450 <DIO_SetPinDirection+0xc0>
    13f4:	8e 81       	ldd	r24, Y+6	; 0x06
    13f6:	9f 81       	ldd	r25, Y+7	; 0x07
    13f8:	83 30       	cpi	r24, 0x03	; 3
    13fa:	91 05       	cpc	r25, r1
    13fc:	e9 f1       	breq	.+122    	; 0x1478 <DIO_SetPinDirection+0xe8>
    13fe:	c7 c0       	rjmp	.+398    	; 0x158e <DIO_SetPinDirection+0x1fe>
			{
				case PORTA: SET_BIT(DDRA_Register,u8PinIdCopy); break;
    1400:	aa e3       	ldi	r26, 0x3A	; 58
    1402:	b0 e0       	ldi	r27, 0x00	; 0
    1404:	ea e3       	ldi	r30, 0x3A	; 58
    1406:	f0 e0       	ldi	r31, 0x00	; 0
    1408:	80 81       	ld	r24, Z
    140a:	48 2f       	mov	r20, r24
    140c:	8a 81       	ldd	r24, Y+2	; 0x02
    140e:	28 2f       	mov	r18, r24
    1410:	30 e0       	ldi	r19, 0x00	; 0
    1412:	81 e0       	ldi	r24, 0x01	; 1
    1414:	90 e0       	ldi	r25, 0x00	; 0
    1416:	02 2e       	mov	r0, r18
    1418:	02 c0       	rjmp	.+4      	; 0x141e <DIO_SetPinDirection+0x8e>
    141a:	88 0f       	add	r24, r24
    141c:	99 1f       	adc	r25, r25
    141e:	0a 94       	dec	r0
    1420:	e2 f7       	brpl	.-8      	; 0x141a <DIO_SetPinDirection+0x8a>
    1422:	84 2b       	or	r24, r20
    1424:	8c 93       	st	X, r24
    1426:	b3 c0       	rjmp	.+358    	; 0x158e <DIO_SetPinDirection+0x1fe>
				case PORTB: SET_BIT(DDRB_Register,u8PinIdCopy); break;
    1428:	a7 e3       	ldi	r26, 0x37	; 55
    142a:	b0 e0       	ldi	r27, 0x00	; 0
    142c:	e7 e3       	ldi	r30, 0x37	; 55
    142e:	f0 e0       	ldi	r31, 0x00	; 0
    1430:	80 81       	ld	r24, Z
    1432:	48 2f       	mov	r20, r24
    1434:	8a 81       	ldd	r24, Y+2	; 0x02
    1436:	28 2f       	mov	r18, r24
    1438:	30 e0       	ldi	r19, 0x00	; 0
    143a:	81 e0       	ldi	r24, 0x01	; 1
    143c:	90 e0       	ldi	r25, 0x00	; 0
    143e:	02 2e       	mov	r0, r18
    1440:	02 c0       	rjmp	.+4      	; 0x1446 <DIO_SetPinDirection+0xb6>
    1442:	88 0f       	add	r24, r24
    1444:	99 1f       	adc	r25, r25
    1446:	0a 94       	dec	r0
    1448:	e2 f7       	brpl	.-8      	; 0x1442 <DIO_SetPinDirection+0xb2>
    144a:	84 2b       	or	r24, r20
    144c:	8c 93       	st	X, r24
    144e:	9f c0       	rjmp	.+318    	; 0x158e <DIO_SetPinDirection+0x1fe>
				case PORTC: SET_BIT(DDRC_Register,u8PinIdCopy); break;
    1450:	a4 e3       	ldi	r26, 0x34	; 52
    1452:	b0 e0       	ldi	r27, 0x00	; 0
    1454:	e4 e3       	ldi	r30, 0x34	; 52
    1456:	f0 e0       	ldi	r31, 0x00	; 0
    1458:	80 81       	ld	r24, Z
    145a:	48 2f       	mov	r20, r24
    145c:	8a 81       	ldd	r24, Y+2	; 0x02
    145e:	28 2f       	mov	r18, r24
    1460:	30 e0       	ldi	r19, 0x00	; 0
    1462:	81 e0       	ldi	r24, 0x01	; 1
    1464:	90 e0       	ldi	r25, 0x00	; 0
    1466:	02 2e       	mov	r0, r18
    1468:	02 c0       	rjmp	.+4      	; 0x146e <DIO_SetPinDirection+0xde>
    146a:	88 0f       	add	r24, r24
    146c:	99 1f       	adc	r25, r25
    146e:	0a 94       	dec	r0
    1470:	e2 f7       	brpl	.-8      	; 0x146a <DIO_SetPinDirection+0xda>
    1472:	84 2b       	or	r24, r20
    1474:	8c 93       	st	X, r24
    1476:	8b c0       	rjmp	.+278    	; 0x158e <DIO_SetPinDirection+0x1fe>
				case PORTD: SET_BIT(DDRD_Register,u8PinIdCopy); break;
    1478:	a1 e3       	ldi	r26, 0x31	; 49
    147a:	b0 e0       	ldi	r27, 0x00	; 0
    147c:	e1 e3       	ldi	r30, 0x31	; 49
    147e:	f0 e0       	ldi	r31, 0x00	; 0
    1480:	80 81       	ld	r24, Z
    1482:	48 2f       	mov	r20, r24
    1484:	8a 81       	ldd	r24, Y+2	; 0x02
    1486:	28 2f       	mov	r18, r24
    1488:	30 e0       	ldi	r19, 0x00	; 0
    148a:	81 e0       	ldi	r24, 0x01	; 1
    148c:	90 e0       	ldi	r25, 0x00	; 0
    148e:	02 2e       	mov	r0, r18
    1490:	02 c0       	rjmp	.+4      	; 0x1496 <DIO_SetPinDirection+0x106>
    1492:	88 0f       	add	r24, r24
    1494:	99 1f       	adc	r25, r25
    1496:	0a 94       	dec	r0
    1498:	e2 f7       	brpl	.-8      	; 0x1492 <DIO_SetPinDirection+0x102>
    149a:	84 2b       	or	r24, r20
    149c:	8c 93       	st	X, r24
    149e:	77 c0       	rjmp	.+238    	; 0x158e <DIO_SetPinDirection+0x1fe>
			}
		}

		else if ( u8PinDirCopy == INPUT )
    14a0:	8b 81       	ldd	r24, Y+3	; 0x03
    14a2:	88 23       	and	r24, r24
    14a4:	09 f0       	breq	.+2      	; 0x14a8 <DIO_SetPinDirection+0x118>
    14a6:	73 c0       	rjmp	.+230    	; 0x158e <DIO_SetPinDirection+0x1fe>
		{
			/* Check on the Required PORT Number */
			switch (u8PortIdCopy)
    14a8:	89 81       	ldd	r24, Y+1	; 0x01
    14aa:	28 2f       	mov	r18, r24
    14ac:	30 e0       	ldi	r19, 0x00	; 0
    14ae:	3d 83       	std	Y+5, r19	; 0x05
    14b0:	2c 83       	std	Y+4, r18	; 0x04
    14b2:	8c 81       	ldd	r24, Y+4	; 0x04
    14b4:	9d 81       	ldd	r25, Y+5	; 0x05
    14b6:	81 30       	cpi	r24, 0x01	; 1
    14b8:	91 05       	cpc	r25, r1
    14ba:	59 f1       	breq	.+86     	; 0x1512 <DIO_SetPinDirection+0x182>
    14bc:	2c 81       	ldd	r18, Y+4	; 0x04
    14be:	3d 81       	ldd	r19, Y+5	; 0x05
    14c0:	22 30       	cpi	r18, 0x02	; 2
    14c2:	31 05       	cpc	r19, r1
    14c4:	2c f4       	brge	.+10     	; 0x14d0 <DIO_SetPinDirection+0x140>
    14c6:	8c 81       	ldd	r24, Y+4	; 0x04
    14c8:	9d 81       	ldd	r25, Y+5	; 0x05
    14ca:	00 97       	sbiw	r24, 0x00	; 0
    14cc:	69 f0       	breq	.+26     	; 0x14e8 <DIO_SetPinDirection+0x158>
    14ce:	5f c0       	rjmp	.+190    	; 0x158e <DIO_SetPinDirection+0x1fe>
    14d0:	2c 81       	ldd	r18, Y+4	; 0x04
    14d2:	3d 81       	ldd	r19, Y+5	; 0x05
    14d4:	22 30       	cpi	r18, 0x02	; 2
    14d6:	31 05       	cpc	r19, r1
    14d8:	89 f1       	breq	.+98     	; 0x153c <DIO_SetPinDirection+0x1ac>
    14da:	8c 81       	ldd	r24, Y+4	; 0x04
    14dc:	9d 81       	ldd	r25, Y+5	; 0x05
    14de:	83 30       	cpi	r24, 0x03	; 3
    14e0:	91 05       	cpc	r25, r1
    14e2:	09 f4       	brne	.+2      	; 0x14e6 <DIO_SetPinDirection+0x156>
    14e4:	40 c0       	rjmp	.+128    	; 0x1566 <DIO_SetPinDirection+0x1d6>
    14e6:	53 c0       	rjmp	.+166    	; 0x158e <DIO_SetPinDirection+0x1fe>
			{
				case PORTA: CLR_BIT(DDRA_Register,u8PinIdCopy); break;
    14e8:	aa e3       	ldi	r26, 0x3A	; 58
    14ea:	b0 e0       	ldi	r27, 0x00	; 0
    14ec:	ea e3       	ldi	r30, 0x3A	; 58
    14ee:	f0 e0       	ldi	r31, 0x00	; 0
    14f0:	80 81       	ld	r24, Z
    14f2:	48 2f       	mov	r20, r24
    14f4:	8a 81       	ldd	r24, Y+2	; 0x02
    14f6:	28 2f       	mov	r18, r24
    14f8:	30 e0       	ldi	r19, 0x00	; 0
    14fa:	81 e0       	ldi	r24, 0x01	; 1
    14fc:	90 e0       	ldi	r25, 0x00	; 0
    14fe:	02 2e       	mov	r0, r18
    1500:	02 c0       	rjmp	.+4      	; 0x1506 <DIO_SetPinDirection+0x176>
    1502:	88 0f       	add	r24, r24
    1504:	99 1f       	adc	r25, r25
    1506:	0a 94       	dec	r0
    1508:	e2 f7       	brpl	.-8      	; 0x1502 <DIO_SetPinDirection+0x172>
    150a:	80 95       	com	r24
    150c:	84 23       	and	r24, r20
    150e:	8c 93       	st	X, r24
    1510:	3e c0       	rjmp	.+124    	; 0x158e <DIO_SetPinDirection+0x1fe>
				case PORTB: CLR_BIT(DDRB_Register,u8PinIdCopy); break;
    1512:	a7 e3       	ldi	r26, 0x37	; 55
    1514:	b0 e0       	ldi	r27, 0x00	; 0
    1516:	e7 e3       	ldi	r30, 0x37	; 55
    1518:	f0 e0       	ldi	r31, 0x00	; 0
    151a:	80 81       	ld	r24, Z
    151c:	48 2f       	mov	r20, r24
    151e:	8a 81       	ldd	r24, Y+2	; 0x02
    1520:	28 2f       	mov	r18, r24
    1522:	30 e0       	ldi	r19, 0x00	; 0
    1524:	81 e0       	ldi	r24, 0x01	; 1
    1526:	90 e0       	ldi	r25, 0x00	; 0
    1528:	02 2e       	mov	r0, r18
    152a:	02 c0       	rjmp	.+4      	; 0x1530 <DIO_SetPinDirection+0x1a0>
    152c:	88 0f       	add	r24, r24
    152e:	99 1f       	adc	r25, r25
    1530:	0a 94       	dec	r0
    1532:	e2 f7       	brpl	.-8      	; 0x152c <DIO_SetPinDirection+0x19c>
    1534:	80 95       	com	r24
    1536:	84 23       	and	r24, r20
    1538:	8c 93       	st	X, r24
    153a:	29 c0       	rjmp	.+82     	; 0x158e <DIO_SetPinDirection+0x1fe>
				case PORTC: CLR_BIT(DDRC_Register,u8PinIdCopy); break;
    153c:	a4 e3       	ldi	r26, 0x34	; 52
    153e:	b0 e0       	ldi	r27, 0x00	; 0
    1540:	e4 e3       	ldi	r30, 0x34	; 52
    1542:	f0 e0       	ldi	r31, 0x00	; 0
    1544:	80 81       	ld	r24, Z
    1546:	48 2f       	mov	r20, r24
    1548:	8a 81       	ldd	r24, Y+2	; 0x02
    154a:	28 2f       	mov	r18, r24
    154c:	30 e0       	ldi	r19, 0x00	; 0
    154e:	81 e0       	ldi	r24, 0x01	; 1
    1550:	90 e0       	ldi	r25, 0x00	; 0
    1552:	02 2e       	mov	r0, r18
    1554:	02 c0       	rjmp	.+4      	; 0x155a <DIO_SetPinDirection+0x1ca>
    1556:	88 0f       	add	r24, r24
    1558:	99 1f       	adc	r25, r25
    155a:	0a 94       	dec	r0
    155c:	e2 f7       	brpl	.-8      	; 0x1556 <DIO_SetPinDirection+0x1c6>
    155e:	80 95       	com	r24
    1560:	84 23       	and	r24, r20
    1562:	8c 93       	st	X, r24
    1564:	14 c0       	rjmp	.+40     	; 0x158e <DIO_SetPinDirection+0x1fe>
				case PORTD: CLR_BIT(DDRD_Register,u8PinIdCopy); break;
    1566:	a1 e3       	ldi	r26, 0x31	; 49
    1568:	b0 e0       	ldi	r27, 0x00	; 0
    156a:	e1 e3       	ldi	r30, 0x31	; 49
    156c:	f0 e0       	ldi	r31, 0x00	; 0
    156e:	80 81       	ld	r24, Z
    1570:	48 2f       	mov	r20, r24
    1572:	8a 81       	ldd	r24, Y+2	; 0x02
    1574:	28 2f       	mov	r18, r24
    1576:	30 e0       	ldi	r19, 0x00	; 0
    1578:	81 e0       	ldi	r24, 0x01	; 1
    157a:	90 e0       	ldi	r25, 0x00	; 0
    157c:	02 2e       	mov	r0, r18
    157e:	02 c0       	rjmp	.+4      	; 0x1584 <DIO_SetPinDirection+0x1f4>
    1580:	88 0f       	add	r24, r24
    1582:	99 1f       	adc	r25, r25
    1584:	0a 94       	dec	r0
    1586:	e2 f7       	brpl	.-8      	; 0x1580 <DIO_SetPinDirection+0x1f0>
    1588:	80 95       	com	r24
    158a:	84 23       	and	r24, r20
    158c:	8c 93       	st	X, r24

	else
	{
		/* Do nothing, Error in the Pin ID or PORT ID */
	}
}
    158e:	27 96       	adiw	r28, 0x07	; 7
    1590:	0f b6       	in	r0, 0x3f	; 63
    1592:	f8 94       	cli
    1594:	de bf       	out	0x3e, r29	; 62
    1596:	0f be       	out	0x3f, r0	; 63
    1598:	cd bf       	out	0x3d, r28	; 61
    159a:	cf 91       	pop	r28
    159c:	df 91       	pop	r29
    159e:	08 95       	ret

000015a0 <DIO_SetPortDirection>:


/* IO Ports */
void DIO_SetPortDirection (u8 u8PortId, u8 u8PortDir)
{
    15a0:	df 93       	push	r29
    15a2:	cf 93       	push	r28
    15a4:	00 d0       	rcall	.+0      	; 0x15a6 <DIO_SetPortDirection+0x6>
    15a6:	00 d0       	rcall	.+0      	; 0x15a8 <DIO_SetPortDirection+0x8>
    15a8:	cd b7       	in	r28, 0x3d	; 61
    15aa:	de b7       	in	r29, 0x3e	; 62
    15ac:	89 83       	std	Y+1, r24	; 0x01
    15ae:	6a 83       	std	Y+2, r22	; 0x02
	/* Check on the Required PORT Number */
	switch (u8PortId)
    15b0:	89 81       	ldd	r24, Y+1	; 0x01
    15b2:	28 2f       	mov	r18, r24
    15b4:	30 e0       	ldi	r19, 0x00	; 0
    15b6:	3c 83       	std	Y+4, r19	; 0x04
    15b8:	2b 83       	std	Y+3, r18	; 0x03
    15ba:	8b 81       	ldd	r24, Y+3	; 0x03
    15bc:	9c 81       	ldd	r25, Y+4	; 0x04
    15be:	81 30       	cpi	r24, 0x01	; 1
    15c0:	91 05       	cpc	r25, r1
    15c2:	d1 f0       	breq	.+52     	; 0x15f8 <DIO_SetPortDirection+0x58>
    15c4:	2b 81       	ldd	r18, Y+3	; 0x03
    15c6:	3c 81       	ldd	r19, Y+4	; 0x04
    15c8:	22 30       	cpi	r18, 0x02	; 2
    15ca:	31 05       	cpc	r19, r1
    15cc:	2c f4       	brge	.+10     	; 0x15d8 <DIO_SetPortDirection+0x38>
    15ce:	8b 81       	ldd	r24, Y+3	; 0x03
    15d0:	9c 81       	ldd	r25, Y+4	; 0x04
    15d2:	00 97       	sbiw	r24, 0x00	; 0
    15d4:	61 f0       	breq	.+24     	; 0x15ee <DIO_SetPortDirection+0x4e>
    15d6:	1e c0       	rjmp	.+60     	; 0x1614 <DIO_SetPortDirection+0x74>
    15d8:	2b 81       	ldd	r18, Y+3	; 0x03
    15da:	3c 81       	ldd	r19, Y+4	; 0x04
    15dc:	22 30       	cpi	r18, 0x02	; 2
    15de:	31 05       	cpc	r19, r1
    15e0:	81 f0       	breq	.+32     	; 0x1602 <DIO_SetPortDirection+0x62>
    15e2:	8b 81       	ldd	r24, Y+3	; 0x03
    15e4:	9c 81       	ldd	r25, Y+4	; 0x04
    15e6:	83 30       	cpi	r24, 0x03	; 3
    15e8:	91 05       	cpc	r25, r1
    15ea:	81 f0       	breq	.+32     	; 0x160c <DIO_SetPortDirection+0x6c>
    15ec:	13 c0       	rjmp	.+38     	; 0x1614 <DIO_SetPortDirection+0x74>
	{
		case     PORTA: DDRA_Register = u8PortDir; break;
    15ee:	ea e3       	ldi	r30, 0x3A	; 58
    15f0:	f0 e0       	ldi	r31, 0x00	; 0
    15f2:	8a 81       	ldd	r24, Y+2	; 0x02
    15f4:	80 83       	st	Z, r24
    15f6:	0e c0       	rjmp	.+28     	; 0x1614 <DIO_SetPortDirection+0x74>
		case     PORTB: DDRB_Register = u8PortDir; break;
    15f8:	e7 e3       	ldi	r30, 0x37	; 55
    15fa:	f0 e0       	ldi	r31, 0x00	; 0
    15fc:	8a 81       	ldd	r24, Y+2	; 0x02
    15fe:	80 83       	st	Z, r24
    1600:	09 c0       	rjmp	.+18     	; 0x1614 <DIO_SetPortDirection+0x74>
		case     PORTC: DDRC_Register = u8PortDir; break;
    1602:	e4 e3       	ldi	r30, 0x34	; 52
    1604:	f0 e0       	ldi	r31, 0x00	; 0
    1606:	8a 81       	ldd	r24, Y+2	; 0x02
    1608:	80 83       	st	Z, r24
    160a:	04 c0       	rjmp	.+8      	; 0x1614 <DIO_SetPortDirection+0x74>
		case     PORTD: DDRD_Register = u8PortDir; break;
    160c:	e1 e3       	ldi	r30, 0x31	; 49
    160e:	f0 e0       	ldi	r31, 0x00	; 0
    1610:	8a 81       	ldd	r24, Y+2	; 0x02
    1612:	80 83       	st	Z, r24
		default: /* Wrong Port ID */       break;
	}
}
    1614:	0f 90       	pop	r0
    1616:	0f 90       	pop	r0
    1618:	0f 90       	pop	r0
    161a:	0f 90       	pop	r0
    161c:	cf 91       	pop	r28
    161e:	df 91       	pop	r29
    1620:	08 95       	ret

00001622 <DIO_SetPortValue>:

void DIO_SetPortValue (u8 u8PortId, u8 u8PortVal)
{
    1622:	df 93       	push	r29
    1624:	cf 93       	push	r28
    1626:	00 d0       	rcall	.+0      	; 0x1628 <DIO_SetPortValue+0x6>
    1628:	00 d0       	rcall	.+0      	; 0x162a <DIO_SetPortValue+0x8>
    162a:	cd b7       	in	r28, 0x3d	; 61
    162c:	de b7       	in	r29, 0x3e	; 62
    162e:	89 83       	std	Y+1, r24	; 0x01
    1630:	6a 83       	std	Y+2, r22	; 0x02
	/* Check on the Required PORT Number */
	switch (u8PortId)
    1632:	89 81       	ldd	r24, Y+1	; 0x01
    1634:	28 2f       	mov	r18, r24
    1636:	30 e0       	ldi	r19, 0x00	; 0
    1638:	3c 83       	std	Y+4, r19	; 0x04
    163a:	2b 83       	std	Y+3, r18	; 0x03
    163c:	8b 81       	ldd	r24, Y+3	; 0x03
    163e:	9c 81       	ldd	r25, Y+4	; 0x04
    1640:	81 30       	cpi	r24, 0x01	; 1
    1642:	91 05       	cpc	r25, r1
    1644:	d1 f0       	breq	.+52     	; 0x167a <DIO_SetPortValue+0x58>
    1646:	2b 81       	ldd	r18, Y+3	; 0x03
    1648:	3c 81       	ldd	r19, Y+4	; 0x04
    164a:	22 30       	cpi	r18, 0x02	; 2
    164c:	31 05       	cpc	r19, r1
    164e:	2c f4       	brge	.+10     	; 0x165a <DIO_SetPortValue+0x38>
    1650:	8b 81       	ldd	r24, Y+3	; 0x03
    1652:	9c 81       	ldd	r25, Y+4	; 0x04
    1654:	00 97       	sbiw	r24, 0x00	; 0
    1656:	61 f0       	breq	.+24     	; 0x1670 <DIO_SetPortValue+0x4e>
    1658:	1e c0       	rjmp	.+60     	; 0x1696 <DIO_SetPortValue+0x74>
    165a:	2b 81       	ldd	r18, Y+3	; 0x03
    165c:	3c 81       	ldd	r19, Y+4	; 0x04
    165e:	22 30       	cpi	r18, 0x02	; 2
    1660:	31 05       	cpc	r19, r1
    1662:	81 f0       	breq	.+32     	; 0x1684 <DIO_SetPortValue+0x62>
    1664:	8b 81       	ldd	r24, Y+3	; 0x03
    1666:	9c 81       	ldd	r25, Y+4	; 0x04
    1668:	83 30       	cpi	r24, 0x03	; 3
    166a:	91 05       	cpc	r25, r1
    166c:	81 f0       	breq	.+32     	; 0x168e <DIO_SetPortValue+0x6c>
    166e:	13 c0       	rjmp	.+38     	; 0x1696 <DIO_SetPortValue+0x74>
	{
		case     PORTA: PORTA_Register = u8PortVal; break;
    1670:	eb e3       	ldi	r30, 0x3B	; 59
    1672:	f0 e0       	ldi	r31, 0x00	; 0
    1674:	8a 81       	ldd	r24, Y+2	; 0x02
    1676:	80 83       	st	Z, r24
    1678:	0e c0       	rjmp	.+28     	; 0x1696 <DIO_SetPortValue+0x74>
		case     PORTB: PORTB_Register = u8PortVal; break;
    167a:	e8 e3       	ldi	r30, 0x38	; 56
    167c:	f0 e0       	ldi	r31, 0x00	; 0
    167e:	8a 81       	ldd	r24, Y+2	; 0x02
    1680:	80 83       	st	Z, r24
    1682:	09 c0       	rjmp	.+18     	; 0x1696 <DIO_SetPortValue+0x74>
		case     PORTC: PORTC_Register = u8PortVal; break;
    1684:	e5 e3       	ldi	r30, 0x35	; 53
    1686:	f0 e0       	ldi	r31, 0x00	; 0
    1688:	8a 81       	ldd	r24, Y+2	; 0x02
    168a:	80 83       	st	Z, r24
    168c:	04 c0       	rjmp	.+8      	; 0x1696 <DIO_SetPortValue+0x74>
		case     PORTD: PORTD_Register = u8PortVal; break;
    168e:	e2 e3       	ldi	r30, 0x32	; 50
    1690:	f0 e0       	ldi	r31, 0x00	; 0
    1692:	8a 81       	ldd	r24, Y+2	; 0x02
    1694:	80 83       	st	Z, r24
		default: /* Wrong Port ID */        break;
	}
}
    1696:	0f 90       	pop	r0
    1698:	0f 90       	pop	r0
    169a:	0f 90       	pop	r0
    169c:	0f 90       	pop	r0
    169e:	cf 91       	pop	r28
    16a0:	df 91       	pop	r29
    16a2:	08 95       	ret

000016a4 <LCD_vidInit>:
/* Description! Apply initialization sequence for LCD module                           */
/* Input      ! Nothing                                                                */
/* Output     ! Nothing                                                                */
/***************************************************************************************/
void LCD_vidInit(void)
{
    16a4:	0f 93       	push	r16
    16a6:	1f 93       	push	r17
    16a8:	df 93       	push	r29
    16aa:	cf 93       	push	r28
    16ac:	cd b7       	in	r28, 0x3d	; 61
    16ae:	de b7       	in	r29, 0x3e	; 62
    16b0:	c4 55       	subi	r28, 0x54	; 84
    16b2:	d0 40       	sbci	r29, 0x00	; 0
    16b4:	0f b6       	in	r0, 0x3f	; 63
    16b6:	f8 94       	cli
    16b8:	de bf       	out	0x3e, r29	; 62
    16ba:	0f be       	out	0x3f, r0	; 63
    16bc:	cd bf       	out	0x3d, r28	; 61
    16be:	fe 01       	movw	r30, r28
    16c0:	ef 5a       	subi	r30, 0xAF	; 175
    16c2:	ff 4f       	sbci	r31, 0xFF	; 255
    16c4:	80 e0       	ldi	r24, 0x00	; 0
    16c6:	90 e0       	ldi	r25, 0x00	; 0
    16c8:	a0 ef       	ldi	r26, 0xF0	; 240
    16ca:	b1 e4       	ldi	r27, 0x41	; 65
    16cc:	80 83       	st	Z, r24
    16ce:	91 83       	std	Z+1, r25	; 0x01
    16d0:	a2 83       	std	Z+2, r26	; 0x02
    16d2:	b3 83       	std	Z+3, r27	; 0x03
 */
void
_delay_ms(double __ms)
{
	uint16_t __ticks;
	double __tmp = ((F_CPU) / 4e3) * __ms;
    16d4:	8e 01       	movw	r16, r28
    16d6:	03 5b       	subi	r16, 0xB3	; 179
    16d8:	1f 4f       	sbci	r17, 0xFF	; 255
    16da:	fe 01       	movw	r30, r28
    16dc:	ef 5a       	subi	r30, 0xAF	; 175
    16de:	ff 4f       	sbci	r31, 0xFF	; 255
    16e0:	60 81       	ld	r22, Z
    16e2:	71 81       	ldd	r23, Z+1	; 0x01
    16e4:	82 81       	ldd	r24, Z+2	; 0x02
    16e6:	93 81       	ldd	r25, Z+3	; 0x03
    16e8:	20 e0       	ldi	r18, 0x00	; 0
    16ea:	30 e0       	ldi	r19, 0x00	; 0
    16ec:	4a ef       	ldi	r20, 0xFA	; 250
    16ee:	54 e4       	ldi	r21, 0x44	; 68
    16f0:	0e 94 17 02 	call	0x42e	; 0x42e <__mulsf3>
    16f4:	dc 01       	movw	r26, r24
    16f6:	cb 01       	movw	r24, r22
    16f8:	f8 01       	movw	r30, r16
    16fa:	80 83       	st	Z, r24
    16fc:	91 83       	std	Z+1, r25	; 0x01
    16fe:	a2 83       	std	Z+2, r26	; 0x02
    1700:	b3 83       	std	Z+3, r27	; 0x03
	if (__tmp < 1.0)
    1702:	fe 01       	movw	r30, r28
    1704:	e3 5b       	subi	r30, 0xB3	; 179
    1706:	ff 4f       	sbci	r31, 0xFF	; 255
    1708:	60 81       	ld	r22, Z
    170a:	71 81       	ldd	r23, Z+1	; 0x01
    170c:	82 81       	ldd	r24, Z+2	; 0x02
    170e:	93 81       	ldd	r25, Z+3	; 0x03
    1710:	20 e0       	ldi	r18, 0x00	; 0
    1712:	30 e0       	ldi	r19, 0x00	; 0
    1714:	40 e8       	ldi	r20, 0x80	; 128
    1716:	5f e3       	ldi	r21, 0x3F	; 63
    1718:	0e 94 1d 04 	call	0x83a	; 0x83a <__ltsf2>
    171c:	88 23       	and	r24, r24
    171e:	44 f4       	brge	.+16     	; 0x1730 <LCD_vidInit+0x8c>
		__ticks = 1;
    1720:	fe 01       	movw	r30, r28
    1722:	e5 5b       	subi	r30, 0xB5	; 181
    1724:	ff 4f       	sbci	r31, 0xFF	; 255
    1726:	81 e0       	ldi	r24, 0x01	; 1
    1728:	90 e0       	ldi	r25, 0x00	; 0
    172a:	91 83       	std	Z+1, r25	; 0x01
    172c:	80 83       	st	Z, r24
    172e:	64 c0       	rjmp	.+200    	; 0x17f8 <LCD_vidInit+0x154>
	else if (__tmp > 65535)
    1730:	fe 01       	movw	r30, r28
    1732:	e3 5b       	subi	r30, 0xB3	; 179
    1734:	ff 4f       	sbci	r31, 0xFF	; 255
    1736:	60 81       	ld	r22, Z
    1738:	71 81       	ldd	r23, Z+1	; 0x01
    173a:	82 81       	ldd	r24, Z+2	; 0x02
    173c:	93 81       	ldd	r25, Z+3	; 0x03
    173e:	20 e0       	ldi	r18, 0x00	; 0
    1740:	3f ef       	ldi	r19, 0xFF	; 255
    1742:	4f e7       	ldi	r20, 0x7F	; 127
    1744:	57 e4       	ldi	r21, 0x47	; 71
    1746:	0e 94 bd 03 	call	0x77a	; 0x77a <__gtsf2>
    174a:	18 16       	cp	r1, r24
    174c:	0c f0       	brlt	.+2      	; 0x1750 <LCD_vidInit+0xac>
    174e:	43 c0       	rjmp	.+134    	; 0x17d6 <LCD_vidInit+0x132>
	{
		//	__ticks = requested delay in 1/10 ms
		__ticks = (uint16_t) (__ms * 10.0);
    1750:	fe 01       	movw	r30, r28
    1752:	ef 5a       	subi	r30, 0xAF	; 175
    1754:	ff 4f       	sbci	r31, 0xFF	; 255
    1756:	60 81       	ld	r22, Z
    1758:	71 81       	ldd	r23, Z+1	; 0x01
    175a:	82 81       	ldd	r24, Z+2	; 0x02
    175c:	93 81       	ldd	r25, Z+3	; 0x03
    175e:	20 e0       	ldi	r18, 0x00	; 0
    1760:	30 e0       	ldi	r19, 0x00	; 0
    1762:	40 e2       	ldi	r20, 0x20	; 32
    1764:	51 e4       	ldi	r21, 0x41	; 65
    1766:	0e 94 17 02 	call	0x42e	; 0x42e <__mulsf3>
    176a:	dc 01       	movw	r26, r24
    176c:	cb 01       	movw	r24, r22
    176e:	8e 01       	movw	r16, r28
    1770:	05 5b       	subi	r16, 0xB5	; 181
    1772:	1f 4f       	sbci	r17, 0xFF	; 255
    1774:	bc 01       	movw	r22, r24
    1776:	cd 01       	movw	r24, r26
    1778:	0e 94 41 00 	call	0x82	; 0x82 <__fixunssfsi>
    177c:	dc 01       	movw	r26, r24
    177e:	cb 01       	movw	r24, r22
    1780:	f8 01       	movw	r30, r16
    1782:	91 83       	std	Z+1, r25	; 0x01
    1784:	80 83       	st	Z, r24
    1786:	1f c0       	rjmp	.+62     	; 0x17c6 <LCD_vidInit+0x122>
    1788:	fe 01       	movw	r30, r28
    178a:	e7 5b       	subi	r30, 0xB7	; 183
    178c:	ff 4f       	sbci	r31, 0xFF	; 255
    178e:	88 ec       	ldi	r24, 0xC8	; 200
    1790:	90 e0       	ldi	r25, 0x00	; 0
    1792:	91 83       	std	Z+1, r25	; 0x01
    1794:	80 83       	st	Z, r24
    1796:	fe 01       	movw	r30, r28
    1798:	e7 5b       	subi	r30, 0xB7	; 183
    179a:	ff 4f       	sbci	r31, 0xFF	; 255
    179c:	80 81       	ld	r24, Z
    179e:	91 81       	ldd	r25, Z+1	; 0x01
    17a0:	01 97       	sbiw	r24, 0x01	; 1
    17a2:	f1 f7       	brne	.-4      	; 0x17a0 <LCD_vidInit+0xfc>
    17a4:	fe 01       	movw	r30, r28
    17a6:	e7 5b       	subi	r30, 0xB7	; 183
    17a8:	ff 4f       	sbci	r31, 0xFF	; 255
    17aa:	91 83       	std	Z+1, r25	; 0x01
    17ac:	80 83       	st	Z, r24
		while(__ticks)
		{
			// wait 1/10 ms
			_delay_loop_2(((F_CPU) / 4e3) / 10);
			__ticks --;
    17ae:	de 01       	movw	r26, r28
    17b0:	a5 5b       	subi	r26, 0xB5	; 181
    17b2:	bf 4f       	sbci	r27, 0xFF	; 255
    17b4:	fe 01       	movw	r30, r28
    17b6:	e5 5b       	subi	r30, 0xB5	; 181
    17b8:	ff 4f       	sbci	r31, 0xFF	; 255
    17ba:	80 81       	ld	r24, Z
    17bc:	91 81       	ldd	r25, Z+1	; 0x01
    17be:	01 97       	sbiw	r24, 0x01	; 1
    17c0:	11 96       	adiw	r26, 0x01	; 1
    17c2:	9c 93       	st	X, r25
    17c4:	8e 93       	st	-X, r24
		__ticks = 1;
	else if (__tmp > 65535)
	{
		//	__ticks = requested delay in 1/10 ms
		__ticks = (uint16_t) (__ms * 10.0);
		while(__ticks)
    17c6:	fe 01       	movw	r30, r28
    17c8:	e5 5b       	subi	r30, 0xB5	; 181
    17ca:	ff 4f       	sbci	r31, 0xFF	; 255
    17cc:	80 81       	ld	r24, Z
    17ce:	91 81       	ldd	r25, Z+1	; 0x01
    17d0:	00 97       	sbiw	r24, 0x00	; 0
    17d2:	d1 f6       	brne	.-76     	; 0x1788 <LCD_vidInit+0xe4>
    17d4:	27 c0       	rjmp	.+78     	; 0x1824 <LCD_vidInit+0x180>
			__ticks --;
		}
		return;
	}
	else
		__ticks = (uint16_t)__tmp;
    17d6:	8e 01       	movw	r16, r28
    17d8:	05 5b       	subi	r16, 0xB5	; 181
    17da:	1f 4f       	sbci	r17, 0xFF	; 255
    17dc:	fe 01       	movw	r30, r28
    17de:	e3 5b       	subi	r30, 0xB3	; 179
    17e0:	ff 4f       	sbci	r31, 0xFF	; 255
    17e2:	60 81       	ld	r22, Z
    17e4:	71 81       	ldd	r23, Z+1	; 0x01
    17e6:	82 81       	ldd	r24, Z+2	; 0x02
    17e8:	93 81       	ldd	r25, Z+3	; 0x03
    17ea:	0e 94 41 00 	call	0x82	; 0x82 <__fixunssfsi>
    17ee:	dc 01       	movw	r26, r24
    17f0:	cb 01       	movw	r24, r22
    17f2:	f8 01       	movw	r30, r16
    17f4:	91 83       	std	Z+1, r25	; 0x01
    17f6:	80 83       	st	Z, r24
    17f8:	de 01       	movw	r26, r28
    17fa:	a9 5b       	subi	r26, 0xB9	; 185
    17fc:	bf 4f       	sbci	r27, 0xFF	; 255
    17fe:	fe 01       	movw	r30, r28
    1800:	e5 5b       	subi	r30, 0xB5	; 181
    1802:	ff 4f       	sbci	r31, 0xFF	; 255
    1804:	80 81       	ld	r24, Z
    1806:	91 81       	ldd	r25, Z+1	; 0x01
    1808:	8d 93       	st	X+, r24
    180a:	9c 93       	st	X, r25
    180c:	fe 01       	movw	r30, r28
    180e:	e9 5b       	subi	r30, 0xB9	; 185
    1810:	ff 4f       	sbci	r31, 0xFF	; 255
    1812:	80 81       	ld	r24, Z
    1814:	91 81       	ldd	r25, Z+1	; 0x01
    1816:	01 97       	sbiw	r24, 0x01	; 1
    1818:	f1 f7       	brne	.-4      	; 0x1816 <LCD_vidInit+0x172>
    181a:	fe 01       	movw	r30, r28
    181c:	e9 5b       	subi	r30, 0xB9	; 185
    181e:	ff 4f       	sbci	r31, 0xFF	; 255
    1820:	91 83       	std	Z+1, r25	; 0x01
    1822:	80 83       	st	Z, r24
	/* Delay 30ms to ensure the initialization of the LCD driver */
	_delay_ms(30);

	/* Return Home  */
	LCD_vidSendCommand(lcd_Home);
    1824:	82 e0       	ldi	r24, 0x02	; 2
    1826:	0e 94 7a 0e 	call	0x1cf4	; 0x1cf4 <LCD_vidSendCommand>
    182a:	fe 01       	movw	r30, r28
    182c:	ed 5b       	subi	r30, 0xBD	; 189
    182e:	ff 4f       	sbci	r31, 0xFF	; 255
    1830:	80 e0       	ldi	r24, 0x00	; 0
    1832:	90 e0       	ldi	r25, 0x00	; 0
    1834:	a0 e7       	ldi	r26, 0x70	; 112
    1836:	b1 e4       	ldi	r27, 0x41	; 65
    1838:	80 83       	st	Z, r24
    183a:	91 83       	std	Z+1, r25	; 0x01
    183c:	a2 83       	std	Z+2, r26	; 0x02
    183e:	b3 83       	std	Z+3, r27	; 0x03
 */
void
_delay_ms(double __ms)
{
	uint16_t __ticks;
	double __tmp = ((F_CPU) / 4e3) * __ms;
    1840:	8e 01       	movw	r16, r28
    1842:	01 5c       	subi	r16, 0xC1	; 193
    1844:	1f 4f       	sbci	r17, 0xFF	; 255
    1846:	fe 01       	movw	r30, r28
    1848:	ed 5b       	subi	r30, 0xBD	; 189
    184a:	ff 4f       	sbci	r31, 0xFF	; 255
    184c:	60 81       	ld	r22, Z
    184e:	71 81       	ldd	r23, Z+1	; 0x01
    1850:	82 81       	ldd	r24, Z+2	; 0x02
    1852:	93 81       	ldd	r25, Z+3	; 0x03
    1854:	20 e0       	ldi	r18, 0x00	; 0
    1856:	30 e0       	ldi	r19, 0x00	; 0
    1858:	4a ef       	ldi	r20, 0xFA	; 250
    185a:	54 e4       	ldi	r21, 0x44	; 68
    185c:	0e 94 17 02 	call	0x42e	; 0x42e <__mulsf3>
    1860:	dc 01       	movw	r26, r24
    1862:	cb 01       	movw	r24, r22
    1864:	f8 01       	movw	r30, r16
    1866:	80 83       	st	Z, r24
    1868:	91 83       	std	Z+1, r25	; 0x01
    186a:	a2 83       	std	Z+2, r26	; 0x02
    186c:	b3 83       	std	Z+3, r27	; 0x03
	if (__tmp < 1.0)
    186e:	fe 01       	movw	r30, r28
    1870:	ff 96       	adiw	r30, 0x3f	; 63
    1872:	60 81       	ld	r22, Z
    1874:	71 81       	ldd	r23, Z+1	; 0x01
    1876:	82 81       	ldd	r24, Z+2	; 0x02
    1878:	93 81       	ldd	r25, Z+3	; 0x03
    187a:	20 e0       	ldi	r18, 0x00	; 0
    187c:	30 e0       	ldi	r19, 0x00	; 0
    187e:	40 e8       	ldi	r20, 0x80	; 128
    1880:	5f e3       	ldi	r21, 0x3F	; 63
    1882:	0e 94 1d 04 	call	0x83a	; 0x83a <__ltsf2>
    1886:	88 23       	and	r24, r24
    1888:	2c f4       	brge	.+10     	; 0x1894 <LCD_vidInit+0x1f0>
		__ticks = 1;
    188a:	81 e0       	ldi	r24, 0x01	; 1
    188c:	90 e0       	ldi	r25, 0x00	; 0
    188e:	9e af       	std	Y+62, r25	; 0x3e
    1890:	8d af       	std	Y+61, r24	; 0x3d
    1892:	46 c0       	rjmp	.+140    	; 0x1920 <LCD_vidInit+0x27c>
	else if (__tmp > 65535)
    1894:	fe 01       	movw	r30, r28
    1896:	ff 96       	adiw	r30, 0x3f	; 63
    1898:	60 81       	ld	r22, Z
    189a:	71 81       	ldd	r23, Z+1	; 0x01
    189c:	82 81       	ldd	r24, Z+2	; 0x02
    189e:	93 81       	ldd	r25, Z+3	; 0x03
    18a0:	20 e0       	ldi	r18, 0x00	; 0
    18a2:	3f ef       	ldi	r19, 0xFF	; 255
    18a4:	4f e7       	ldi	r20, 0x7F	; 127
    18a6:	57 e4       	ldi	r21, 0x47	; 71
    18a8:	0e 94 bd 03 	call	0x77a	; 0x77a <__gtsf2>
    18ac:	18 16       	cp	r1, r24
    18ae:	64 f5       	brge	.+88     	; 0x1908 <LCD_vidInit+0x264>
	{
		//	__ticks = requested delay in 1/10 ms
		__ticks = (uint16_t) (__ms * 10.0);
    18b0:	fe 01       	movw	r30, r28
    18b2:	ed 5b       	subi	r30, 0xBD	; 189
    18b4:	ff 4f       	sbci	r31, 0xFF	; 255
    18b6:	60 81       	ld	r22, Z
    18b8:	71 81       	ldd	r23, Z+1	; 0x01
    18ba:	82 81       	ldd	r24, Z+2	; 0x02
    18bc:	93 81       	ldd	r25, Z+3	; 0x03
    18be:	20 e0       	ldi	r18, 0x00	; 0
    18c0:	30 e0       	ldi	r19, 0x00	; 0
    18c2:	40 e2       	ldi	r20, 0x20	; 32
    18c4:	51 e4       	ldi	r21, 0x41	; 65
    18c6:	0e 94 17 02 	call	0x42e	; 0x42e <__mulsf3>
    18ca:	dc 01       	movw	r26, r24
    18cc:	cb 01       	movw	r24, r22
    18ce:	bc 01       	movw	r22, r24
    18d0:	cd 01       	movw	r24, r26
    18d2:	0e 94 41 00 	call	0x82	; 0x82 <__fixunssfsi>
    18d6:	dc 01       	movw	r26, r24
    18d8:	cb 01       	movw	r24, r22
    18da:	9e af       	std	Y+62, r25	; 0x3e
    18dc:	8d af       	std	Y+61, r24	; 0x3d
    18de:	0f c0       	rjmp	.+30     	; 0x18fe <LCD_vidInit+0x25a>
    18e0:	88 ec       	ldi	r24, 0xC8	; 200
    18e2:	90 e0       	ldi	r25, 0x00	; 0
    18e4:	9c af       	std	Y+60, r25	; 0x3c
    18e6:	8b af       	std	Y+59, r24	; 0x3b
    18e8:	8b ad       	ldd	r24, Y+59	; 0x3b
    18ea:	9c ad       	ldd	r25, Y+60	; 0x3c
    18ec:	01 97       	sbiw	r24, 0x01	; 1
    18ee:	f1 f7       	brne	.-4      	; 0x18ec <LCD_vidInit+0x248>
    18f0:	9c af       	std	Y+60, r25	; 0x3c
    18f2:	8b af       	std	Y+59, r24	; 0x3b
		while(__ticks)
		{
			// wait 1/10 ms
			_delay_loop_2(((F_CPU) / 4e3) / 10);
			__ticks --;
    18f4:	8d ad       	ldd	r24, Y+61	; 0x3d
    18f6:	9e ad       	ldd	r25, Y+62	; 0x3e
    18f8:	01 97       	sbiw	r24, 0x01	; 1
    18fa:	9e af       	std	Y+62, r25	; 0x3e
    18fc:	8d af       	std	Y+61, r24	; 0x3d
		__ticks = 1;
	else if (__tmp > 65535)
	{
		//	__ticks = requested delay in 1/10 ms
		__ticks = (uint16_t) (__ms * 10.0);
		while(__ticks)
    18fe:	8d ad       	ldd	r24, Y+61	; 0x3d
    1900:	9e ad       	ldd	r25, Y+62	; 0x3e
    1902:	00 97       	sbiw	r24, 0x00	; 0
    1904:	69 f7       	brne	.-38     	; 0x18e0 <LCD_vidInit+0x23c>
    1906:	16 c0       	rjmp	.+44     	; 0x1934 <LCD_vidInit+0x290>
			__ticks --;
		}
		return;
	}
	else
		__ticks = (uint16_t)__tmp;
    1908:	fe 01       	movw	r30, r28
    190a:	ff 96       	adiw	r30, 0x3f	; 63
    190c:	60 81       	ld	r22, Z
    190e:	71 81       	ldd	r23, Z+1	; 0x01
    1910:	82 81       	ldd	r24, Z+2	; 0x02
    1912:	93 81       	ldd	r25, Z+3	; 0x03
    1914:	0e 94 41 00 	call	0x82	; 0x82 <__fixunssfsi>
    1918:	dc 01       	movw	r26, r24
    191a:	cb 01       	movw	r24, r22
    191c:	9e af       	std	Y+62, r25	; 0x3e
    191e:	8d af       	std	Y+61, r24	; 0x3d
    1920:	8d ad       	ldd	r24, Y+61	; 0x3d
    1922:	9e ad       	ldd	r25, Y+62	; 0x3e
    1924:	9a af       	std	Y+58, r25	; 0x3a
    1926:	89 af       	std	Y+57, r24	; 0x39
    1928:	89 ad       	ldd	r24, Y+57	; 0x39
    192a:	9a ad       	ldd	r25, Y+58	; 0x3a
    192c:	01 97       	sbiw	r24, 0x01	; 1
    192e:	f1 f7       	brne	.-4      	; 0x192c <LCD_vidInit+0x288>
    1930:	9a af       	std	Y+58, r25	; 0x3a
    1932:	89 af       	std	Y+57, r24	; 0x39
	_delay_ms(15);

	/* Function Set  */
	LCD_vidSendCommand(lcd_FunctionSet8bit);
    1934:	88 e3       	ldi	r24, 0x38	; 56
    1936:	0e 94 7a 0e 	call	0x1cf4	; 0x1cf4 <LCD_vidSendCommand>
    193a:	80 e0       	ldi	r24, 0x00	; 0
    193c:	90 e0       	ldi	r25, 0x00	; 0
    193e:	a0 e8       	ldi	r26, 0x80	; 128
    1940:	bf e3       	ldi	r27, 0x3F	; 63
    1942:	8d ab       	std	Y+53, r24	; 0x35
    1944:	9e ab       	std	Y+54, r25	; 0x36
    1946:	af ab       	std	Y+55, r26	; 0x37
    1948:	b8 af       	std	Y+56, r27	; 0x38
 */
void
_delay_ms(double __ms)
{
	uint16_t __ticks;
	double __tmp = ((F_CPU) / 4e3) * __ms;
    194a:	6d a9       	ldd	r22, Y+53	; 0x35
    194c:	7e a9       	ldd	r23, Y+54	; 0x36
    194e:	8f a9       	ldd	r24, Y+55	; 0x37
    1950:	98 ad       	ldd	r25, Y+56	; 0x38
    1952:	20 e0       	ldi	r18, 0x00	; 0
    1954:	30 e0       	ldi	r19, 0x00	; 0
    1956:	4a ef       	ldi	r20, 0xFA	; 250
    1958:	54 e4       	ldi	r21, 0x44	; 68
    195a:	0e 94 17 02 	call	0x42e	; 0x42e <__mulsf3>
    195e:	dc 01       	movw	r26, r24
    1960:	cb 01       	movw	r24, r22
    1962:	89 ab       	std	Y+49, r24	; 0x31
    1964:	9a ab       	std	Y+50, r25	; 0x32
    1966:	ab ab       	std	Y+51, r26	; 0x33
    1968:	bc ab       	std	Y+52, r27	; 0x34
	if (__tmp < 1.0)
    196a:	69 a9       	ldd	r22, Y+49	; 0x31
    196c:	7a a9       	ldd	r23, Y+50	; 0x32
    196e:	8b a9       	ldd	r24, Y+51	; 0x33
    1970:	9c a9       	ldd	r25, Y+52	; 0x34
    1972:	20 e0       	ldi	r18, 0x00	; 0
    1974:	30 e0       	ldi	r19, 0x00	; 0
    1976:	40 e8       	ldi	r20, 0x80	; 128
    1978:	5f e3       	ldi	r21, 0x3F	; 63
    197a:	0e 94 1d 04 	call	0x83a	; 0x83a <__ltsf2>
    197e:	88 23       	and	r24, r24
    1980:	2c f4       	brge	.+10     	; 0x198c <LCD_vidInit+0x2e8>
		__ticks = 1;
    1982:	81 e0       	ldi	r24, 0x01	; 1
    1984:	90 e0       	ldi	r25, 0x00	; 0
    1986:	98 ab       	std	Y+48, r25	; 0x30
    1988:	8f a7       	std	Y+47, r24	; 0x2f
    198a:	3f c0       	rjmp	.+126    	; 0x1a0a <LCD_vidInit+0x366>
	else if (__tmp > 65535)
    198c:	69 a9       	ldd	r22, Y+49	; 0x31
    198e:	7a a9       	ldd	r23, Y+50	; 0x32
    1990:	8b a9       	ldd	r24, Y+51	; 0x33
    1992:	9c a9       	ldd	r25, Y+52	; 0x34
    1994:	20 e0       	ldi	r18, 0x00	; 0
    1996:	3f ef       	ldi	r19, 0xFF	; 255
    1998:	4f e7       	ldi	r20, 0x7F	; 127
    199a:	57 e4       	ldi	r21, 0x47	; 71
    199c:	0e 94 bd 03 	call	0x77a	; 0x77a <__gtsf2>
    19a0:	18 16       	cp	r1, r24
    19a2:	4c f5       	brge	.+82     	; 0x19f6 <LCD_vidInit+0x352>
	{
		//	__ticks = requested delay in 1/10 ms
		__ticks = (uint16_t) (__ms * 10.0);
    19a4:	6d a9       	ldd	r22, Y+53	; 0x35
    19a6:	7e a9       	ldd	r23, Y+54	; 0x36
    19a8:	8f a9       	ldd	r24, Y+55	; 0x37
    19aa:	98 ad       	ldd	r25, Y+56	; 0x38
    19ac:	20 e0       	ldi	r18, 0x00	; 0
    19ae:	30 e0       	ldi	r19, 0x00	; 0
    19b0:	40 e2       	ldi	r20, 0x20	; 32
    19b2:	51 e4       	ldi	r21, 0x41	; 65
    19b4:	0e 94 17 02 	call	0x42e	; 0x42e <__mulsf3>
    19b8:	dc 01       	movw	r26, r24
    19ba:	cb 01       	movw	r24, r22
    19bc:	bc 01       	movw	r22, r24
    19be:	cd 01       	movw	r24, r26
    19c0:	0e 94 41 00 	call	0x82	; 0x82 <__fixunssfsi>
    19c4:	dc 01       	movw	r26, r24
    19c6:	cb 01       	movw	r24, r22
    19c8:	98 ab       	std	Y+48, r25	; 0x30
    19ca:	8f a7       	std	Y+47, r24	; 0x2f
    19cc:	0f c0       	rjmp	.+30     	; 0x19ec <LCD_vidInit+0x348>
    19ce:	88 ec       	ldi	r24, 0xC8	; 200
    19d0:	90 e0       	ldi	r25, 0x00	; 0
    19d2:	9e a7       	std	Y+46, r25	; 0x2e
    19d4:	8d a7       	std	Y+45, r24	; 0x2d
    19d6:	8d a5       	ldd	r24, Y+45	; 0x2d
    19d8:	9e a5       	ldd	r25, Y+46	; 0x2e
    19da:	01 97       	sbiw	r24, 0x01	; 1
    19dc:	f1 f7       	brne	.-4      	; 0x19da <LCD_vidInit+0x336>
    19de:	9e a7       	std	Y+46, r25	; 0x2e
    19e0:	8d a7       	std	Y+45, r24	; 0x2d
		while(__ticks)
		{
			// wait 1/10 ms
			_delay_loop_2(((F_CPU) / 4e3) / 10);
			__ticks --;
    19e2:	8f a5       	ldd	r24, Y+47	; 0x2f
    19e4:	98 a9       	ldd	r25, Y+48	; 0x30
    19e6:	01 97       	sbiw	r24, 0x01	; 1
    19e8:	98 ab       	std	Y+48, r25	; 0x30
    19ea:	8f a7       	std	Y+47, r24	; 0x2f
		__ticks = 1;
	else if (__tmp > 65535)
	{
		//	__ticks = requested delay in 1/10 ms
		__ticks = (uint16_t) (__ms * 10.0);
		while(__ticks)
    19ec:	8f a5       	ldd	r24, Y+47	; 0x2f
    19ee:	98 a9       	ldd	r25, Y+48	; 0x30
    19f0:	00 97       	sbiw	r24, 0x00	; 0
    19f2:	69 f7       	brne	.-38     	; 0x19ce <LCD_vidInit+0x32a>
    19f4:	14 c0       	rjmp	.+40     	; 0x1a1e <LCD_vidInit+0x37a>
			__ticks --;
		}
		return;
	}
	else
		__ticks = (uint16_t)__tmp;
    19f6:	69 a9       	ldd	r22, Y+49	; 0x31
    19f8:	7a a9       	ldd	r23, Y+50	; 0x32
    19fa:	8b a9       	ldd	r24, Y+51	; 0x33
    19fc:	9c a9       	ldd	r25, Y+52	; 0x34
    19fe:	0e 94 41 00 	call	0x82	; 0x82 <__fixunssfsi>
    1a02:	dc 01       	movw	r26, r24
    1a04:	cb 01       	movw	r24, r22
    1a06:	98 ab       	std	Y+48, r25	; 0x30
    1a08:	8f a7       	std	Y+47, r24	; 0x2f
    1a0a:	8f a5       	ldd	r24, Y+47	; 0x2f
    1a0c:	98 a9       	ldd	r25, Y+48	; 0x30
    1a0e:	9c a7       	std	Y+44, r25	; 0x2c
    1a10:	8b a7       	std	Y+43, r24	; 0x2b
    1a12:	8b a5       	ldd	r24, Y+43	; 0x2b
    1a14:	9c a5       	ldd	r25, Y+44	; 0x2c
    1a16:	01 97       	sbiw	r24, 0x01	; 1
    1a18:	f1 f7       	brne	.-4      	; 0x1a16 <LCD_vidInit+0x372>
    1a1a:	9c a7       	std	Y+44, r25	; 0x2c
    1a1c:	8b a7       	std	Y+43, r24	; 0x2b
	_delay_ms(1);

	/* Display ON OFF Control */
	LCD_vidSendCommand(lcd_DisplayOn);
    1a1e:	8c e0       	ldi	r24, 0x0C	; 12
    1a20:	0e 94 7a 0e 	call	0x1cf4	; 0x1cf4 <LCD_vidSendCommand>
    1a24:	80 e0       	ldi	r24, 0x00	; 0
    1a26:	90 e0       	ldi	r25, 0x00	; 0
    1a28:	a0 e8       	ldi	r26, 0x80	; 128
    1a2a:	bf e3       	ldi	r27, 0x3F	; 63
    1a2c:	8f a3       	std	Y+39, r24	; 0x27
    1a2e:	98 a7       	std	Y+40, r25	; 0x28
    1a30:	a9 a7       	std	Y+41, r26	; 0x29
    1a32:	ba a7       	std	Y+42, r27	; 0x2a
 */
void
_delay_ms(double __ms)
{
	uint16_t __ticks;
	double __tmp = ((F_CPU) / 4e3) * __ms;
    1a34:	6f a1       	ldd	r22, Y+39	; 0x27
    1a36:	78 a5       	ldd	r23, Y+40	; 0x28
    1a38:	89 a5       	ldd	r24, Y+41	; 0x29
    1a3a:	9a a5       	ldd	r25, Y+42	; 0x2a
    1a3c:	20 e0       	ldi	r18, 0x00	; 0
    1a3e:	30 e0       	ldi	r19, 0x00	; 0
    1a40:	4a ef       	ldi	r20, 0xFA	; 250
    1a42:	54 e4       	ldi	r21, 0x44	; 68
    1a44:	0e 94 17 02 	call	0x42e	; 0x42e <__mulsf3>
    1a48:	dc 01       	movw	r26, r24
    1a4a:	cb 01       	movw	r24, r22
    1a4c:	8b a3       	std	Y+35, r24	; 0x23
    1a4e:	9c a3       	std	Y+36, r25	; 0x24
    1a50:	ad a3       	std	Y+37, r26	; 0x25
    1a52:	be a3       	std	Y+38, r27	; 0x26
	if (__tmp < 1.0)
    1a54:	6b a1       	ldd	r22, Y+35	; 0x23
    1a56:	7c a1       	ldd	r23, Y+36	; 0x24
    1a58:	8d a1       	ldd	r24, Y+37	; 0x25
    1a5a:	9e a1       	ldd	r25, Y+38	; 0x26
    1a5c:	20 e0       	ldi	r18, 0x00	; 0
    1a5e:	30 e0       	ldi	r19, 0x00	; 0
    1a60:	40 e8       	ldi	r20, 0x80	; 128
    1a62:	5f e3       	ldi	r21, 0x3F	; 63
    1a64:	0e 94 1d 04 	call	0x83a	; 0x83a <__ltsf2>
    1a68:	88 23       	and	r24, r24
    1a6a:	2c f4       	brge	.+10     	; 0x1a76 <LCD_vidInit+0x3d2>
		__ticks = 1;
    1a6c:	81 e0       	ldi	r24, 0x01	; 1
    1a6e:	90 e0       	ldi	r25, 0x00	; 0
    1a70:	9a a3       	std	Y+34, r25	; 0x22
    1a72:	89 a3       	std	Y+33, r24	; 0x21
    1a74:	3f c0       	rjmp	.+126    	; 0x1af4 <LCD_vidInit+0x450>
	else if (__tmp > 65535)
    1a76:	6b a1       	ldd	r22, Y+35	; 0x23
    1a78:	7c a1       	ldd	r23, Y+36	; 0x24
    1a7a:	8d a1       	ldd	r24, Y+37	; 0x25
    1a7c:	9e a1       	ldd	r25, Y+38	; 0x26
    1a7e:	20 e0       	ldi	r18, 0x00	; 0
    1a80:	3f ef       	ldi	r19, 0xFF	; 255
    1a82:	4f e7       	ldi	r20, 0x7F	; 127
    1a84:	57 e4       	ldi	r21, 0x47	; 71
    1a86:	0e 94 bd 03 	call	0x77a	; 0x77a <__gtsf2>
    1a8a:	18 16       	cp	r1, r24
    1a8c:	4c f5       	brge	.+82     	; 0x1ae0 <LCD_vidInit+0x43c>
	{
		//	__ticks = requested delay in 1/10 ms
		__ticks = (uint16_t) (__ms * 10.0);
    1a8e:	6f a1       	ldd	r22, Y+39	; 0x27
    1a90:	78 a5       	ldd	r23, Y+40	; 0x28
    1a92:	89 a5       	ldd	r24, Y+41	; 0x29
    1a94:	9a a5       	ldd	r25, Y+42	; 0x2a
    1a96:	20 e0       	ldi	r18, 0x00	; 0
    1a98:	30 e0       	ldi	r19, 0x00	; 0
    1a9a:	40 e2       	ldi	r20, 0x20	; 32
    1a9c:	51 e4       	ldi	r21, 0x41	; 65
    1a9e:	0e 94 17 02 	call	0x42e	; 0x42e <__mulsf3>
    1aa2:	dc 01       	movw	r26, r24
    1aa4:	cb 01       	movw	r24, r22
    1aa6:	bc 01       	movw	r22, r24
    1aa8:	cd 01       	movw	r24, r26
    1aaa:	0e 94 41 00 	call	0x82	; 0x82 <__fixunssfsi>
    1aae:	dc 01       	movw	r26, r24
    1ab0:	cb 01       	movw	r24, r22
    1ab2:	9a a3       	std	Y+34, r25	; 0x22
    1ab4:	89 a3       	std	Y+33, r24	; 0x21
    1ab6:	0f c0       	rjmp	.+30     	; 0x1ad6 <LCD_vidInit+0x432>
    1ab8:	88 ec       	ldi	r24, 0xC8	; 200
    1aba:	90 e0       	ldi	r25, 0x00	; 0
    1abc:	98 a3       	std	Y+32, r25	; 0x20
    1abe:	8f 8f       	std	Y+31, r24	; 0x1f
    1ac0:	8f 8d       	ldd	r24, Y+31	; 0x1f
    1ac2:	98 a1       	ldd	r25, Y+32	; 0x20
    1ac4:	01 97       	sbiw	r24, 0x01	; 1
    1ac6:	f1 f7       	brne	.-4      	; 0x1ac4 <LCD_vidInit+0x420>
    1ac8:	98 a3       	std	Y+32, r25	; 0x20
    1aca:	8f 8f       	std	Y+31, r24	; 0x1f
		while(__ticks)
		{
			// wait 1/10 ms
			_delay_loop_2(((F_CPU) / 4e3) / 10);
			__ticks --;
    1acc:	89 a1       	ldd	r24, Y+33	; 0x21
    1ace:	9a a1       	ldd	r25, Y+34	; 0x22
    1ad0:	01 97       	sbiw	r24, 0x01	; 1
    1ad2:	9a a3       	std	Y+34, r25	; 0x22
    1ad4:	89 a3       	std	Y+33, r24	; 0x21
		__ticks = 1;
	else if (__tmp > 65535)
	{
		//	__ticks = requested delay in 1/10 ms
		__ticks = (uint16_t) (__ms * 10.0);
		while(__ticks)
    1ad6:	89 a1       	ldd	r24, Y+33	; 0x21
    1ad8:	9a a1       	ldd	r25, Y+34	; 0x22
    1ada:	00 97       	sbiw	r24, 0x00	; 0
    1adc:	69 f7       	brne	.-38     	; 0x1ab8 <LCD_vidInit+0x414>
    1ade:	14 c0       	rjmp	.+40     	; 0x1b08 <LCD_vidInit+0x464>
			__ticks --;
		}
		return;
	}
	else
		__ticks = (uint16_t)__tmp;
    1ae0:	6b a1       	ldd	r22, Y+35	; 0x23
    1ae2:	7c a1       	ldd	r23, Y+36	; 0x24
    1ae4:	8d a1       	ldd	r24, Y+37	; 0x25
    1ae6:	9e a1       	ldd	r25, Y+38	; 0x26
    1ae8:	0e 94 41 00 	call	0x82	; 0x82 <__fixunssfsi>
    1aec:	dc 01       	movw	r26, r24
    1aee:	cb 01       	movw	r24, r22
    1af0:	9a a3       	std	Y+34, r25	; 0x22
    1af2:	89 a3       	std	Y+33, r24	; 0x21
    1af4:	89 a1       	ldd	r24, Y+33	; 0x21
    1af6:	9a a1       	ldd	r25, Y+34	; 0x22
    1af8:	9e 8f       	std	Y+30, r25	; 0x1e
    1afa:	8d 8f       	std	Y+29, r24	; 0x1d
    1afc:	8d 8d       	ldd	r24, Y+29	; 0x1d
    1afe:	9e 8d       	ldd	r25, Y+30	; 0x1e
    1b00:	01 97       	sbiw	r24, 0x01	; 1
    1b02:	f1 f7       	brne	.-4      	; 0x1b00 <LCD_vidInit+0x45c>
    1b04:	9e 8f       	std	Y+30, r25	; 0x1e
    1b06:	8d 8f       	std	Y+29, r24	; 0x1d
	_delay_ms(1);

	/* Clear Display */
	LCD_vidSendCommand(lcd_Clear);
    1b08:	81 e0       	ldi	r24, 0x01	; 1
    1b0a:	0e 94 7a 0e 	call	0x1cf4	; 0x1cf4 <LCD_vidSendCommand>
    1b0e:	80 e0       	ldi	r24, 0x00	; 0
    1b10:	90 e0       	ldi	r25, 0x00	; 0
    1b12:	a0 e7       	ldi	r26, 0x70	; 112
    1b14:	b1 e4       	ldi	r27, 0x41	; 65
    1b16:	89 8f       	std	Y+25, r24	; 0x19
    1b18:	9a 8f       	std	Y+26, r25	; 0x1a
    1b1a:	ab 8f       	std	Y+27, r26	; 0x1b
    1b1c:	bc 8f       	std	Y+28, r27	; 0x1c
 */
void
_delay_ms(double __ms)
{
	uint16_t __ticks;
	double __tmp = ((F_CPU) / 4e3) * __ms;
    1b1e:	69 8d       	ldd	r22, Y+25	; 0x19
    1b20:	7a 8d       	ldd	r23, Y+26	; 0x1a
    1b22:	8b 8d       	ldd	r24, Y+27	; 0x1b
    1b24:	9c 8d       	ldd	r25, Y+28	; 0x1c
    1b26:	20 e0       	ldi	r18, 0x00	; 0
    1b28:	30 e0       	ldi	r19, 0x00	; 0
    1b2a:	4a ef       	ldi	r20, 0xFA	; 250
    1b2c:	54 e4       	ldi	r21, 0x44	; 68
    1b2e:	0e 94 17 02 	call	0x42e	; 0x42e <__mulsf3>
    1b32:	dc 01       	movw	r26, r24
    1b34:	cb 01       	movw	r24, r22
    1b36:	8d 8b       	std	Y+21, r24	; 0x15
    1b38:	9e 8b       	std	Y+22, r25	; 0x16
    1b3a:	af 8b       	std	Y+23, r26	; 0x17
    1b3c:	b8 8f       	std	Y+24, r27	; 0x18
	if (__tmp < 1.0)
    1b3e:	6d 89       	ldd	r22, Y+21	; 0x15
    1b40:	7e 89       	ldd	r23, Y+22	; 0x16
    1b42:	8f 89       	ldd	r24, Y+23	; 0x17
    1b44:	98 8d       	ldd	r25, Y+24	; 0x18
    1b46:	20 e0       	ldi	r18, 0x00	; 0
    1b48:	30 e0       	ldi	r19, 0x00	; 0
    1b4a:	40 e8       	ldi	r20, 0x80	; 128
    1b4c:	5f e3       	ldi	r21, 0x3F	; 63
    1b4e:	0e 94 1d 04 	call	0x83a	; 0x83a <__ltsf2>
    1b52:	88 23       	and	r24, r24
    1b54:	2c f4       	brge	.+10     	; 0x1b60 <LCD_vidInit+0x4bc>
		__ticks = 1;
    1b56:	81 e0       	ldi	r24, 0x01	; 1
    1b58:	90 e0       	ldi	r25, 0x00	; 0
    1b5a:	9c 8b       	std	Y+20, r25	; 0x14
    1b5c:	8b 8b       	std	Y+19, r24	; 0x13
    1b5e:	3f c0       	rjmp	.+126    	; 0x1bde <LCD_vidInit+0x53a>
	else if (__tmp > 65535)
    1b60:	6d 89       	ldd	r22, Y+21	; 0x15
    1b62:	7e 89       	ldd	r23, Y+22	; 0x16
    1b64:	8f 89       	ldd	r24, Y+23	; 0x17
    1b66:	98 8d       	ldd	r25, Y+24	; 0x18
    1b68:	20 e0       	ldi	r18, 0x00	; 0
    1b6a:	3f ef       	ldi	r19, 0xFF	; 255
    1b6c:	4f e7       	ldi	r20, 0x7F	; 127
    1b6e:	57 e4       	ldi	r21, 0x47	; 71
    1b70:	0e 94 bd 03 	call	0x77a	; 0x77a <__gtsf2>
    1b74:	18 16       	cp	r1, r24
    1b76:	4c f5       	brge	.+82     	; 0x1bca <LCD_vidInit+0x526>
	{
		//	__ticks = requested delay in 1/10 ms
		__ticks = (uint16_t) (__ms * 10.0);
    1b78:	69 8d       	ldd	r22, Y+25	; 0x19
    1b7a:	7a 8d       	ldd	r23, Y+26	; 0x1a
    1b7c:	8b 8d       	ldd	r24, Y+27	; 0x1b
    1b7e:	9c 8d       	ldd	r25, Y+28	; 0x1c
    1b80:	20 e0       	ldi	r18, 0x00	; 0
    1b82:	30 e0       	ldi	r19, 0x00	; 0
    1b84:	40 e2       	ldi	r20, 0x20	; 32
    1b86:	51 e4       	ldi	r21, 0x41	; 65
    1b88:	0e 94 17 02 	call	0x42e	; 0x42e <__mulsf3>
    1b8c:	dc 01       	movw	r26, r24
    1b8e:	cb 01       	movw	r24, r22
    1b90:	bc 01       	movw	r22, r24
    1b92:	cd 01       	movw	r24, r26
    1b94:	0e 94 41 00 	call	0x82	; 0x82 <__fixunssfsi>
    1b98:	dc 01       	movw	r26, r24
    1b9a:	cb 01       	movw	r24, r22
    1b9c:	9c 8b       	std	Y+20, r25	; 0x14
    1b9e:	8b 8b       	std	Y+19, r24	; 0x13
    1ba0:	0f c0       	rjmp	.+30     	; 0x1bc0 <LCD_vidInit+0x51c>
    1ba2:	88 ec       	ldi	r24, 0xC8	; 200
    1ba4:	90 e0       	ldi	r25, 0x00	; 0
    1ba6:	9a 8b       	std	Y+18, r25	; 0x12
    1ba8:	89 8b       	std	Y+17, r24	; 0x11
    1baa:	89 89       	ldd	r24, Y+17	; 0x11
    1bac:	9a 89       	ldd	r25, Y+18	; 0x12
    1bae:	01 97       	sbiw	r24, 0x01	; 1
    1bb0:	f1 f7       	brne	.-4      	; 0x1bae <LCD_vidInit+0x50a>
    1bb2:	9a 8b       	std	Y+18, r25	; 0x12
    1bb4:	89 8b       	std	Y+17, r24	; 0x11
		while(__ticks)
		{
			// wait 1/10 ms
			_delay_loop_2(((F_CPU) / 4e3) / 10);
			__ticks --;
    1bb6:	8b 89       	ldd	r24, Y+19	; 0x13
    1bb8:	9c 89       	ldd	r25, Y+20	; 0x14
    1bba:	01 97       	sbiw	r24, 0x01	; 1
    1bbc:	9c 8b       	std	Y+20, r25	; 0x14
    1bbe:	8b 8b       	std	Y+19, r24	; 0x13
		__ticks = 1;
	else if (__tmp > 65535)
	{
		//	__ticks = requested delay in 1/10 ms
		__ticks = (uint16_t) (__ms * 10.0);
		while(__ticks)
    1bc0:	8b 89       	ldd	r24, Y+19	; 0x13
    1bc2:	9c 89       	ldd	r25, Y+20	; 0x14
    1bc4:	00 97       	sbiw	r24, 0x00	; 0
    1bc6:	69 f7       	brne	.-38     	; 0x1ba2 <LCD_vidInit+0x4fe>
    1bc8:	14 c0       	rjmp	.+40     	; 0x1bf2 <LCD_vidInit+0x54e>
			__ticks --;
		}
		return;
	}
	else
		__ticks = (uint16_t)__tmp;
    1bca:	6d 89       	ldd	r22, Y+21	; 0x15
    1bcc:	7e 89       	ldd	r23, Y+22	; 0x16
    1bce:	8f 89       	ldd	r24, Y+23	; 0x17
    1bd0:	98 8d       	ldd	r25, Y+24	; 0x18
    1bd2:	0e 94 41 00 	call	0x82	; 0x82 <__fixunssfsi>
    1bd6:	dc 01       	movw	r26, r24
    1bd8:	cb 01       	movw	r24, r22
    1bda:	9c 8b       	std	Y+20, r25	; 0x14
    1bdc:	8b 8b       	std	Y+19, r24	; 0x13
    1bde:	8b 89       	ldd	r24, Y+19	; 0x13
    1be0:	9c 89       	ldd	r25, Y+20	; 0x14
    1be2:	98 8b       	std	Y+16, r25	; 0x10
    1be4:	8f 87       	std	Y+15, r24	; 0x0f
    1be6:	8f 85       	ldd	r24, Y+15	; 0x0f
    1be8:	98 89       	ldd	r25, Y+16	; 0x10
    1bea:	01 97       	sbiw	r24, 0x01	; 1
    1bec:	f1 f7       	brne	.-4      	; 0x1bea <LCD_vidInit+0x546>
    1bee:	98 8b       	std	Y+16, r25	; 0x10
    1bf0:	8f 87       	std	Y+15, r24	; 0x0f
	_delay_ms(15);

	/* Entry Mode Set  */
	LCD_vidSendCommand(lcd_EntryMode);
    1bf2:	86 e0       	ldi	r24, 0x06	; 6
    1bf4:	0e 94 7a 0e 	call	0x1cf4	; 0x1cf4 <LCD_vidSendCommand>
    1bf8:	80 e0       	ldi	r24, 0x00	; 0
    1bfa:	90 e0       	ldi	r25, 0x00	; 0
    1bfc:	a0 e0       	ldi	r26, 0x00	; 0
    1bfe:	b0 e4       	ldi	r27, 0x40	; 64
    1c00:	8b 87       	std	Y+11, r24	; 0x0b
    1c02:	9c 87       	std	Y+12, r25	; 0x0c
    1c04:	ad 87       	std	Y+13, r26	; 0x0d
    1c06:	be 87       	std	Y+14, r27	; 0x0e
 */
void
_delay_ms(double __ms)
{
	uint16_t __ticks;
	double __tmp = ((F_CPU) / 4e3) * __ms;
    1c08:	6b 85       	ldd	r22, Y+11	; 0x0b
    1c0a:	7c 85       	ldd	r23, Y+12	; 0x0c
    1c0c:	8d 85       	ldd	r24, Y+13	; 0x0d
    1c0e:	9e 85       	ldd	r25, Y+14	; 0x0e
    1c10:	20 e0       	ldi	r18, 0x00	; 0
    1c12:	30 e0       	ldi	r19, 0x00	; 0
    1c14:	4a ef       	ldi	r20, 0xFA	; 250
    1c16:	54 e4       	ldi	r21, 0x44	; 68
    1c18:	0e 94 17 02 	call	0x42e	; 0x42e <__mulsf3>
    1c1c:	dc 01       	movw	r26, r24
    1c1e:	cb 01       	movw	r24, r22
    1c20:	8f 83       	std	Y+7, r24	; 0x07
    1c22:	98 87       	std	Y+8, r25	; 0x08
    1c24:	a9 87       	std	Y+9, r26	; 0x09
    1c26:	ba 87       	std	Y+10, r27	; 0x0a
	if (__tmp < 1.0)
    1c28:	6f 81       	ldd	r22, Y+7	; 0x07
    1c2a:	78 85       	ldd	r23, Y+8	; 0x08
    1c2c:	89 85       	ldd	r24, Y+9	; 0x09
    1c2e:	9a 85       	ldd	r25, Y+10	; 0x0a
    1c30:	20 e0       	ldi	r18, 0x00	; 0
    1c32:	30 e0       	ldi	r19, 0x00	; 0
    1c34:	40 e8       	ldi	r20, 0x80	; 128
    1c36:	5f e3       	ldi	r21, 0x3F	; 63
    1c38:	0e 94 1d 04 	call	0x83a	; 0x83a <__ltsf2>
    1c3c:	88 23       	and	r24, r24
    1c3e:	2c f4       	brge	.+10     	; 0x1c4a <LCD_vidInit+0x5a6>
		__ticks = 1;
    1c40:	81 e0       	ldi	r24, 0x01	; 1
    1c42:	90 e0       	ldi	r25, 0x00	; 0
    1c44:	9e 83       	std	Y+6, r25	; 0x06
    1c46:	8d 83       	std	Y+5, r24	; 0x05
    1c48:	3f c0       	rjmp	.+126    	; 0x1cc8 <LCD_vidInit+0x624>
	else if (__tmp > 65535)
    1c4a:	6f 81       	ldd	r22, Y+7	; 0x07
    1c4c:	78 85       	ldd	r23, Y+8	; 0x08
    1c4e:	89 85       	ldd	r24, Y+9	; 0x09
    1c50:	9a 85       	ldd	r25, Y+10	; 0x0a
    1c52:	20 e0       	ldi	r18, 0x00	; 0
    1c54:	3f ef       	ldi	r19, 0xFF	; 255
    1c56:	4f e7       	ldi	r20, 0x7F	; 127
    1c58:	57 e4       	ldi	r21, 0x47	; 71
    1c5a:	0e 94 bd 03 	call	0x77a	; 0x77a <__gtsf2>
    1c5e:	18 16       	cp	r1, r24
    1c60:	4c f5       	brge	.+82     	; 0x1cb4 <LCD_vidInit+0x610>
	{
		//	__ticks = requested delay in 1/10 ms
		__ticks = (uint16_t) (__ms * 10.0);
    1c62:	6b 85       	ldd	r22, Y+11	; 0x0b
    1c64:	7c 85       	ldd	r23, Y+12	; 0x0c
    1c66:	8d 85       	ldd	r24, Y+13	; 0x0d
    1c68:	9e 85       	ldd	r25, Y+14	; 0x0e
    1c6a:	20 e0       	ldi	r18, 0x00	; 0
    1c6c:	30 e0       	ldi	r19, 0x00	; 0
    1c6e:	40 e2       	ldi	r20, 0x20	; 32
    1c70:	51 e4       	ldi	r21, 0x41	; 65
    1c72:	0e 94 17 02 	call	0x42e	; 0x42e <__mulsf3>
    1c76:	dc 01       	movw	r26, r24
    1c78:	cb 01       	movw	r24, r22
    1c7a:	bc 01       	movw	r22, r24
    1c7c:	cd 01       	movw	r24, r26
    1c7e:	0e 94 41 00 	call	0x82	; 0x82 <__fixunssfsi>
    1c82:	dc 01       	movw	r26, r24
    1c84:	cb 01       	movw	r24, r22
    1c86:	9e 83       	std	Y+6, r25	; 0x06
    1c88:	8d 83       	std	Y+5, r24	; 0x05
    1c8a:	0f c0       	rjmp	.+30     	; 0x1caa <LCD_vidInit+0x606>
    1c8c:	88 ec       	ldi	r24, 0xC8	; 200
    1c8e:	90 e0       	ldi	r25, 0x00	; 0
    1c90:	9c 83       	std	Y+4, r25	; 0x04
    1c92:	8b 83       	std	Y+3, r24	; 0x03
    1c94:	8b 81       	ldd	r24, Y+3	; 0x03
    1c96:	9c 81       	ldd	r25, Y+4	; 0x04
    1c98:	01 97       	sbiw	r24, 0x01	; 1
    1c9a:	f1 f7       	brne	.-4      	; 0x1c98 <LCD_vidInit+0x5f4>
    1c9c:	9c 83       	std	Y+4, r25	; 0x04
    1c9e:	8b 83       	std	Y+3, r24	; 0x03
		while(__ticks)
		{
			// wait 1/10 ms
			_delay_loop_2(((F_CPU) / 4e3) / 10);
			__ticks --;
    1ca0:	8d 81       	ldd	r24, Y+5	; 0x05
    1ca2:	9e 81       	ldd	r25, Y+6	; 0x06
    1ca4:	01 97       	sbiw	r24, 0x01	; 1
    1ca6:	9e 83       	std	Y+6, r25	; 0x06
    1ca8:	8d 83       	std	Y+5, r24	; 0x05
		__ticks = 1;
	else if (__tmp > 65535)
	{
		//	__ticks = requested delay in 1/10 ms
		__ticks = (uint16_t) (__ms * 10.0);
		while(__ticks)
    1caa:	8d 81       	ldd	r24, Y+5	; 0x05
    1cac:	9e 81       	ldd	r25, Y+6	; 0x06
    1cae:	00 97       	sbiw	r24, 0x00	; 0
    1cb0:	69 f7       	brne	.-38     	; 0x1c8c <LCD_vidInit+0x5e8>
    1cb2:	14 c0       	rjmp	.+40     	; 0x1cdc <LCD_vidInit+0x638>
			__ticks --;
		}
		return;
	}
	else
		__ticks = (uint16_t)__tmp;
    1cb4:	6f 81       	ldd	r22, Y+7	; 0x07
    1cb6:	78 85       	ldd	r23, Y+8	; 0x08
    1cb8:	89 85       	ldd	r24, Y+9	; 0x09
    1cba:	9a 85       	ldd	r25, Y+10	; 0x0a
    1cbc:	0e 94 41 00 	call	0x82	; 0x82 <__fixunssfsi>
    1cc0:	dc 01       	movw	r26, r24
    1cc2:	cb 01       	movw	r24, r22
    1cc4:	9e 83       	std	Y+6, r25	; 0x06
    1cc6:	8d 83       	std	Y+5, r24	; 0x05
    1cc8:	8d 81       	ldd	r24, Y+5	; 0x05
    1cca:	9e 81       	ldd	r25, Y+6	; 0x06
    1ccc:	9a 83       	std	Y+2, r25	; 0x02
    1cce:	89 83       	std	Y+1, r24	; 0x01
    1cd0:	89 81       	ldd	r24, Y+1	; 0x01
    1cd2:	9a 81       	ldd	r25, Y+2	; 0x02
    1cd4:	01 97       	sbiw	r24, 0x01	; 1
    1cd6:	f1 f7       	brne	.-4      	; 0x1cd4 <LCD_vidInit+0x630>
    1cd8:	9a 83       	std	Y+2, r25	; 0x02
    1cda:	89 83       	std	Y+1, r24	; 0x01
	_delay_ms(2);

}
    1cdc:	cc 5a       	subi	r28, 0xAC	; 172
    1cde:	df 4f       	sbci	r29, 0xFF	; 255
    1ce0:	0f b6       	in	r0, 0x3f	; 63
    1ce2:	f8 94       	cli
    1ce4:	de bf       	out	0x3e, r29	; 62
    1ce6:	0f be       	out	0x3f, r0	; 63
    1ce8:	cd bf       	out	0x3d, r28	; 61
    1cea:	cf 91       	pop	r28
    1cec:	df 91       	pop	r29
    1cee:	1f 91       	pop	r17
    1cf0:	0f 91       	pop	r16
    1cf2:	08 95       	ret

00001cf4 <LCD_vidSendCommand>:
/* Description! Interface to send the configuration commands to the LCD Driver         */
/* Input      ! Command number                                                         */
/* Output     ! Nothing                                                                */
/***************************************************************************************/
void LCD_vidSendCommand(u8 u8CmdCpy)
{
    1cf4:	df 93       	push	r29
    1cf6:	cf 93       	push	r28
    1cf8:	cd b7       	in	r28, 0x3d	; 61
    1cfa:	de b7       	in	r29, 0x3e	; 62
    1cfc:	6d 97       	sbiw	r28, 0x1d	; 29
    1cfe:	0f b6       	in	r0, 0x3f	; 63
    1d00:	f8 94       	cli
    1d02:	de bf       	out	0x3e, r29	; 62
    1d04:	0f be       	out	0x3f, r0	; 63
    1d06:	cd bf       	out	0x3d, r28	; 61
    1d08:	8d 8f       	std	Y+29, r24	; 0x1d

	/* Set RS to LOW */
	DIO_SetPinValue(PORTB, 4, LOW);
    1d0a:	81 e0       	ldi	r24, 0x01	; 1
    1d0c:	64 e0       	ldi	r22, 0x04	; 4
    1d0e:	40 e0       	ldi	r20, 0x00	; 0
    1d10:	0e 94 3c 08 	call	0x1078	; 0x1078 <DIO_SetPinValue>

	/* Set R/W to LOW */
	DIO_SetPinValue(PORTB, 5, LOW);
    1d14:	81 e0       	ldi	r24, 0x01	; 1
    1d16:	65 e0       	ldi	r22, 0x05	; 5
    1d18:	40 e0       	ldi	r20, 0x00	; 0
    1d1a:	0e 94 3c 08 	call	0x1078	; 0x1078 <DIO_SetPinValue>

	/* Set E to HIGH  */
	DIO_SetPinValue(PORTB, 6, HIGH);
    1d1e:	81 e0       	ldi	r24, 0x01	; 1
    1d20:	66 e0       	ldi	r22, 0x06	; 6
    1d22:	41 e0       	ldi	r20, 0x01	; 1
    1d24:	0e 94 3c 08 	call	0x1078	; 0x1078 <DIO_SetPinValue>

	/* Load Command on Data bus */
	DIO_SetPortValue(PORTC, u8CmdCpy);
    1d28:	82 e0       	ldi	r24, 0x02	; 2
    1d2a:	6d 8d       	ldd	r22, Y+29	; 0x1d
    1d2c:	0e 94 11 0b 	call	0x1622	; 0x1622 <DIO_SetPortValue>

	/* Set E to LOW */
	DIO_SetPinValue(PORTB, 6, LOW);
    1d30:	81 e0       	ldi	r24, 0x01	; 1
    1d32:	66 e0       	ldi	r22, 0x06	; 6
    1d34:	40 e0       	ldi	r20, 0x00	; 0
    1d36:	0e 94 3c 08 	call	0x1078	; 0x1078 <DIO_SetPinValue>
    1d3a:	80 e0       	ldi	r24, 0x00	; 0
    1d3c:	90 e0       	ldi	r25, 0x00	; 0
    1d3e:	a0 ea       	ldi	r26, 0xA0	; 160
    1d40:	b0 e4       	ldi	r27, 0x40	; 64
    1d42:	89 8f       	std	Y+25, r24	; 0x19
    1d44:	9a 8f       	std	Y+26, r25	; 0x1a
    1d46:	ab 8f       	std	Y+27, r26	; 0x1b
    1d48:	bc 8f       	std	Y+28, r27	; 0x1c
 */
void
_delay_ms(double __ms)
{
	uint16_t __ticks;
	double __tmp = ((F_CPU) / 4e3) * __ms;
    1d4a:	69 8d       	ldd	r22, Y+25	; 0x19
    1d4c:	7a 8d       	ldd	r23, Y+26	; 0x1a
    1d4e:	8b 8d       	ldd	r24, Y+27	; 0x1b
    1d50:	9c 8d       	ldd	r25, Y+28	; 0x1c
    1d52:	20 e0       	ldi	r18, 0x00	; 0
    1d54:	30 e0       	ldi	r19, 0x00	; 0
    1d56:	4a ef       	ldi	r20, 0xFA	; 250
    1d58:	54 e4       	ldi	r21, 0x44	; 68
    1d5a:	0e 94 17 02 	call	0x42e	; 0x42e <__mulsf3>
    1d5e:	dc 01       	movw	r26, r24
    1d60:	cb 01       	movw	r24, r22
    1d62:	8d 8b       	std	Y+21, r24	; 0x15
    1d64:	9e 8b       	std	Y+22, r25	; 0x16
    1d66:	af 8b       	std	Y+23, r26	; 0x17
    1d68:	b8 8f       	std	Y+24, r27	; 0x18
	if (__tmp < 1.0)
    1d6a:	6d 89       	ldd	r22, Y+21	; 0x15
    1d6c:	7e 89       	ldd	r23, Y+22	; 0x16
    1d6e:	8f 89       	ldd	r24, Y+23	; 0x17
    1d70:	98 8d       	ldd	r25, Y+24	; 0x18
    1d72:	20 e0       	ldi	r18, 0x00	; 0
    1d74:	30 e0       	ldi	r19, 0x00	; 0
    1d76:	40 e8       	ldi	r20, 0x80	; 128
    1d78:	5f e3       	ldi	r21, 0x3F	; 63
    1d7a:	0e 94 1d 04 	call	0x83a	; 0x83a <__ltsf2>
    1d7e:	88 23       	and	r24, r24
    1d80:	2c f4       	brge	.+10     	; 0x1d8c <LCD_vidSendCommand+0x98>
		__ticks = 1;
    1d82:	81 e0       	ldi	r24, 0x01	; 1
    1d84:	90 e0       	ldi	r25, 0x00	; 0
    1d86:	9c 8b       	std	Y+20, r25	; 0x14
    1d88:	8b 8b       	std	Y+19, r24	; 0x13
    1d8a:	3f c0       	rjmp	.+126    	; 0x1e0a <LCD_vidSendCommand+0x116>
	else if (__tmp > 65535)
    1d8c:	6d 89       	ldd	r22, Y+21	; 0x15
    1d8e:	7e 89       	ldd	r23, Y+22	; 0x16
    1d90:	8f 89       	ldd	r24, Y+23	; 0x17
    1d92:	98 8d       	ldd	r25, Y+24	; 0x18
    1d94:	20 e0       	ldi	r18, 0x00	; 0
    1d96:	3f ef       	ldi	r19, 0xFF	; 255
    1d98:	4f e7       	ldi	r20, 0x7F	; 127
    1d9a:	57 e4       	ldi	r21, 0x47	; 71
    1d9c:	0e 94 bd 03 	call	0x77a	; 0x77a <__gtsf2>
    1da0:	18 16       	cp	r1, r24
    1da2:	4c f5       	brge	.+82     	; 0x1df6 <LCD_vidSendCommand+0x102>
	{
		//	__ticks = requested delay in 1/10 ms
		__ticks = (uint16_t) (__ms * 10.0);
    1da4:	69 8d       	ldd	r22, Y+25	; 0x19
    1da6:	7a 8d       	ldd	r23, Y+26	; 0x1a
    1da8:	8b 8d       	ldd	r24, Y+27	; 0x1b
    1daa:	9c 8d       	ldd	r25, Y+28	; 0x1c
    1dac:	20 e0       	ldi	r18, 0x00	; 0
    1dae:	30 e0       	ldi	r19, 0x00	; 0
    1db0:	40 e2       	ldi	r20, 0x20	; 32
    1db2:	51 e4       	ldi	r21, 0x41	; 65
    1db4:	0e 94 17 02 	call	0x42e	; 0x42e <__mulsf3>
    1db8:	dc 01       	movw	r26, r24
    1dba:	cb 01       	movw	r24, r22
    1dbc:	bc 01       	movw	r22, r24
    1dbe:	cd 01       	movw	r24, r26
    1dc0:	0e 94 41 00 	call	0x82	; 0x82 <__fixunssfsi>
    1dc4:	dc 01       	movw	r26, r24
    1dc6:	cb 01       	movw	r24, r22
    1dc8:	9c 8b       	std	Y+20, r25	; 0x14
    1dca:	8b 8b       	std	Y+19, r24	; 0x13
    1dcc:	0f c0       	rjmp	.+30     	; 0x1dec <LCD_vidSendCommand+0xf8>
    1dce:	88 ec       	ldi	r24, 0xC8	; 200
    1dd0:	90 e0       	ldi	r25, 0x00	; 0
    1dd2:	9a 8b       	std	Y+18, r25	; 0x12
    1dd4:	89 8b       	std	Y+17, r24	; 0x11
    1dd6:	89 89       	ldd	r24, Y+17	; 0x11
    1dd8:	9a 89       	ldd	r25, Y+18	; 0x12
    1dda:	01 97       	sbiw	r24, 0x01	; 1
    1ddc:	f1 f7       	brne	.-4      	; 0x1dda <LCD_vidSendCommand+0xe6>
    1dde:	9a 8b       	std	Y+18, r25	; 0x12
    1de0:	89 8b       	std	Y+17, r24	; 0x11
		while(__ticks)
		{
			// wait 1/10 ms
			_delay_loop_2(((F_CPU) / 4e3) / 10);
			__ticks --;
    1de2:	8b 89       	ldd	r24, Y+19	; 0x13
    1de4:	9c 89       	ldd	r25, Y+20	; 0x14
    1de6:	01 97       	sbiw	r24, 0x01	; 1
    1de8:	9c 8b       	std	Y+20, r25	; 0x14
    1dea:	8b 8b       	std	Y+19, r24	; 0x13
		__ticks = 1;
	else if (__tmp > 65535)
	{
		//	__ticks = requested delay in 1/10 ms
		__ticks = (uint16_t) (__ms * 10.0);
		while(__ticks)
    1dec:	8b 89       	ldd	r24, Y+19	; 0x13
    1dee:	9c 89       	ldd	r25, Y+20	; 0x14
    1df0:	00 97       	sbiw	r24, 0x00	; 0
    1df2:	69 f7       	brne	.-38     	; 0x1dce <LCD_vidSendCommand+0xda>
    1df4:	14 c0       	rjmp	.+40     	; 0x1e1e <LCD_vidSendCommand+0x12a>
			__ticks --;
		}
		return;
	}
	else
		__ticks = (uint16_t)__tmp;
    1df6:	6d 89       	ldd	r22, Y+21	; 0x15
    1df8:	7e 89       	ldd	r23, Y+22	; 0x16
    1dfa:	8f 89       	ldd	r24, Y+23	; 0x17
    1dfc:	98 8d       	ldd	r25, Y+24	; 0x18
    1dfe:	0e 94 41 00 	call	0x82	; 0x82 <__fixunssfsi>
    1e02:	dc 01       	movw	r26, r24
    1e04:	cb 01       	movw	r24, r22
    1e06:	9c 8b       	std	Y+20, r25	; 0x14
    1e08:	8b 8b       	std	Y+19, r24	; 0x13
    1e0a:	8b 89       	ldd	r24, Y+19	; 0x13
    1e0c:	9c 89       	ldd	r25, Y+20	; 0x14
    1e0e:	98 8b       	std	Y+16, r25	; 0x10
    1e10:	8f 87       	std	Y+15, r24	; 0x0f
    1e12:	8f 85       	ldd	r24, Y+15	; 0x0f
    1e14:	98 89       	ldd	r25, Y+16	; 0x10
    1e16:	01 97       	sbiw	r24, 0x01	; 1
    1e18:	f1 f7       	brne	.-4      	; 0x1e16 <LCD_vidSendCommand+0x122>
    1e1a:	98 8b       	std	Y+16, r25	; 0x10
    1e1c:	8f 87       	std	Y+15, r24	; 0x0f

	/* Wait for E to settle */
	_delay_ms(5);

	/* Set E to HIGH */
	DIO_SetPinValue(PORTB, 6, HIGH);
    1e1e:	81 e0       	ldi	r24, 0x01	; 1
    1e20:	66 e0       	ldi	r22, 0x06	; 6
    1e22:	41 e0       	ldi	r20, 0x01	; 1
    1e24:	0e 94 3c 08 	call	0x1078	; 0x1078 <DIO_SetPinValue>
    1e28:	80 e0       	ldi	r24, 0x00	; 0
    1e2a:	90 e0       	ldi	r25, 0x00	; 0
    1e2c:	a0 e2       	ldi	r26, 0x20	; 32
    1e2e:	b1 e4       	ldi	r27, 0x41	; 65
    1e30:	8b 87       	std	Y+11, r24	; 0x0b
    1e32:	9c 87       	std	Y+12, r25	; 0x0c
    1e34:	ad 87       	std	Y+13, r26	; 0x0d
    1e36:	be 87       	std	Y+14, r27	; 0x0e
 */
void
_delay_ms(double __ms)
{
	uint16_t __ticks;
	double __tmp = ((F_CPU) / 4e3) * __ms;
    1e38:	6b 85       	ldd	r22, Y+11	; 0x0b
    1e3a:	7c 85       	ldd	r23, Y+12	; 0x0c
    1e3c:	8d 85       	ldd	r24, Y+13	; 0x0d
    1e3e:	9e 85       	ldd	r25, Y+14	; 0x0e
    1e40:	20 e0       	ldi	r18, 0x00	; 0
    1e42:	30 e0       	ldi	r19, 0x00	; 0
    1e44:	4a ef       	ldi	r20, 0xFA	; 250
    1e46:	54 e4       	ldi	r21, 0x44	; 68
    1e48:	0e 94 17 02 	call	0x42e	; 0x42e <__mulsf3>
    1e4c:	dc 01       	movw	r26, r24
    1e4e:	cb 01       	movw	r24, r22
    1e50:	8f 83       	std	Y+7, r24	; 0x07
    1e52:	98 87       	std	Y+8, r25	; 0x08
    1e54:	a9 87       	std	Y+9, r26	; 0x09
    1e56:	ba 87       	std	Y+10, r27	; 0x0a
	if (__tmp < 1.0)
    1e58:	6f 81       	ldd	r22, Y+7	; 0x07
    1e5a:	78 85       	ldd	r23, Y+8	; 0x08
    1e5c:	89 85       	ldd	r24, Y+9	; 0x09
    1e5e:	9a 85       	ldd	r25, Y+10	; 0x0a
    1e60:	20 e0       	ldi	r18, 0x00	; 0
    1e62:	30 e0       	ldi	r19, 0x00	; 0
    1e64:	40 e8       	ldi	r20, 0x80	; 128
    1e66:	5f e3       	ldi	r21, 0x3F	; 63
    1e68:	0e 94 1d 04 	call	0x83a	; 0x83a <__ltsf2>
    1e6c:	88 23       	and	r24, r24
    1e6e:	2c f4       	brge	.+10     	; 0x1e7a <LCD_vidSendCommand+0x186>
		__ticks = 1;
    1e70:	81 e0       	ldi	r24, 0x01	; 1
    1e72:	90 e0       	ldi	r25, 0x00	; 0
    1e74:	9e 83       	std	Y+6, r25	; 0x06
    1e76:	8d 83       	std	Y+5, r24	; 0x05
    1e78:	3f c0       	rjmp	.+126    	; 0x1ef8 <LCD_vidSendCommand+0x204>
	else if (__tmp > 65535)
    1e7a:	6f 81       	ldd	r22, Y+7	; 0x07
    1e7c:	78 85       	ldd	r23, Y+8	; 0x08
    1e7e:	89 85       	ldd	r24, Y+9	; 0x09
    1e80:	9a 85       	ldd	r25, Y+10	; 0x0a
    1e82:	20 e0       	ldi	r18, 0x00	; 0
    1e84:	3f ef       	ldi	r19, 0xFF	; 255
    1e86:	4f e7       	ldi	r20, 0x7F	; 127
    1e88:	57 e4       	ldi	r21, 0x47	; 71
    1e8a:	0e 94 bd 03 	call	0x77a	; 0x77a <__gtsf2>
    1e8e:	18 16       	cp	r1, r24
    1e90:	4c f5       	brge	.+82     	; 0x1ee4 <LCD_vidSendCommand+0x1f0>
	{
		//	__ticks = requested delay in 1/10 ms
		__ticks = (uint16_t) (__ms * 10.0);
    1e92:	6b 85       	ldd	r22, Y+11	; 0x0b
    1e94:	7c 85       	ldd	r23, Y+12	; 0x0c
    1e96:	8d 85       	ldd	r24, Y+13	; 0x0d
    1e98:	9e 85       	ldd	r25, Y+14	; 0x0e
    1e9a:	20 e0       	ldi	r18, 0x00	; 0
    1e9c:	30 e0       	ldi	r19, 0x00	; 0
    1e9e:	40 e2       	ldi	r20, 0x20	; 32
    1ea0:	51 e4       	ldi	r21, 0x41	; 65
    1ea2:	0e 94 17 02 	call	0x42e	; 0x42e <__mulsf3>
    1ea6:	dc 01       	movw	r26, r24
    1ea8:	cb 01       	movw	r24, r22
    1eaa:	bc 01       	movw	r22, r24
    1eac:	cd 01       	movw	r24, r26
    1eae:	0e 94 41 00 	call	0x82	; 0x82 <__fixunssfsi>
    1eb2:	dc 01       	movw	r26, r24
    1eb4:	cb 01       	movw	r24, r22
    1eb6:	9e 83       	std	Y+6, r25	; 0x06
    1eb8:	8d 83       	std	Y+5, r24	; 0x05
    1eba:	0f c0       	rjmp	.+30     	; 0x1eda <LCD_vidSendCommand+0x1e6>
    1ebc:	88 ec       	ldi	r24, 0xC8	; 200
    1ebe:	90 e0       	ldi	r25, 0x00	; 0
    1ec0:	9c 83       	std	Y+4, r25	; 0x04
    1ec2:	8b 83       	std	Y+3, r24	; 0x03
    1ec4:	8b 81       	ldd	r24, Y+3	; 0x03
    1ec6:	9c 81       	ldd	r25, Y+4	; 0x04
    1ec8:	01 97       	sbiw	r24, 0x01	; 1
    1eca:	f1 f7       	brne	.-4      	; 0x1ec8 <LCD_vidSendCommand+0x1d4>
    1ecc:	9c 83       	std	Y+4, r25	; 0x04
    1ece:	8b 83       	std	Y+3, r24	; 0x03
		while(__ticks)
		{
			// wait 1/10 ms
			_delay_loop_2(((F_CPU) / 4e3) / 10);
			__ticks --;
    1ed0:	8d 81       	ldd	r24, Y+5	; 0x05
    1ed2:	9e 81       	ldd	r25, Y+6	; 0x06
    1ed4:	01 97       	sbiw	r24, 0x01	; 1
    1ed6:	9e 83       	std	Y+6, r25	; 0x06
    1ed8:	8d 83       	std	Y+5, r24	; 0x05
		__ticks = 1;
	else if (__tmp > 65535)
	{
		//	__ticks = requested delay in 1/10 ms
		__ticks = (uint16_t) (__ms * 10.0);
		while(__ticks)
    1eda:	8d 81       	ldd	r24, Y+5	; 0x05
    1edc:	9e 81       	ldd	r25, Y+6	; 0x06
    1ede:	00 97       	sbiw	r24, 0x00	; 0
    1ee0:	69 f7       	brne	.-38     	; 0x1ebc <LCD_vidSendCommand+0x1c8>
    1ee2:	14 c0       	rjmp	.+40     	; 0x1f0c <LCD_vidSendCommand+0x218>
			__ticks --;
		}
		return;
	}
	else
		__ticks = (uint16_t)__tmp;
    1ee4:	6f 81       	ldd	r22, Y+7	; 0x07
    1ee6:	78 85       	ldd	r23, Y+8	; 0x08
    1ee8:	89 85       	ldd	r24, Y+9	; 0x09
    1eea:	9a 85       	ldd	r25, Y+10	; 0x0a
    1eec:	0e 94 41 00 	call	0x82	; 0x82 <__fixunssfsi>
    1ef0:	dc 01       	movw	r26, r24
    1ef2:	cb 01       	movw	r24, r22
    1ef4:	9e 83       	std	Y+6, r25	; 0x06
    1ef6:	8d 83       	std	Y+5, r24	; 0x05
    1ef8:	8d 81       	ldd	r24, Y+5	; 0x05
    1efa:	9e 81       	ldd	r25, Y+6	; 0x06
    1efc:	9a 83       	std	Y+2, r25	; 0x02
    1efe:	89 83       	std	Y+1, r24	; 0x01
    1f00:	89 81       	ldd	r24, Y+1	; 0x01
    1f02:	9a 81       	ldd	r25, Y+2	; 0x02
    1f04:	01 97       	sbiw	r24, 0x01	; 1
    1f06:	f1 f7       	brne	.-4      	; 0x1f04 <LCD_vidSendCommand+0x210>
    1f08:	9a 83       	std	Y+2, r25	; 0x02
    1f0a:	89 83       	std	Y+1, r24	; 0x01

	/* Delay for 10ms to let the LCD execute command */
	_delay_ms(10);

}
    1f0c:	6d 96       	adiw	r28, 0x1d	; 29
    1f0e:	0f b6       	in	r0, 0x3f	; 63
    1f10:	f8 94       	cli
    1f12:	de bf       	out	0x3e, r29	; 62
    1f14:	0f be       	out	0x3f, r0	; 63
    1f16:	cd bf       	out	0x3d, r28	; 61
    1f18:	cf 91       	pop	r28
    1f1a:	df 91       	pop	r29
    1f1c:	08 95       	ret

00001f1e <LCD_vidWriteCharctr>:
/* Description! Interface to write character on LCD screen                             */
/* Input      ! Data to send                                                           */
/* Output     ! Nothing                                                                */
/***************************************************************************************/
void LCD_vidWriteCharctr(u8 u8DataCpy)
{
    1f1e:	df 93       	push	r29
    1f20:	cf 93       	push	r28
    1f22:	cd b7       	in	r28, 0x3d	; 61
    1f24:	de b7       	in	r29, 0x3e	; 62
    1f26:	6d 97       	sbiw	r28, 0x1d	; 29
    1f28:	0f b6       	in	r0, 0x3f	; 63
    1f2a:	f8 94       	cli
    1f2c:	de bf       	out	0x3e, r29	; 62
    1f2e:	0f be       	out	0x3f, r0	; 63
    1f30:	cd bf       	out	0x3d, r28	; 61
    1f32:	8d 8f       	std	Y+29, r24	; 0x1d
	/* Set RS to HIG */
	DIO_SetPinValue(PORTB, 4, HIGH);
    1f34:	81 e0       	ldi	r24, 0x01	; 1
    1f36:	64 e0       	ldi	r22, 0x04	; 4
    1f38:	41 e0       	ldi	r20, 0x01	; 1
    1f3a:	0e 94 3c 08 	call	0x1078	; 0x1078 <DIO_SetPinValue>

	/* Set R/W to LOW */
	DIO_SetPinValue(PORTB, 5, LOW);
    1f3e:	81 e0       	ldi	r24, 0x01	; 1
    1f40:	65 e0       	ldi	r22, 0x05	; 5
    1f42:	40 e0       	ldi	r20, 0x00	; 0
    1f44:	0e 94 3c 08 	call	0x1078	; 0x1078 <DIO_SetPinValue>

	/* Set E to HIGH */
	DIO_SetPinValue(PORTB, 6, HIGH);
    1f48:	81 e0       	ldi	r24, 0x01	; 1
    1f4a:	66 e0       	ldi	r22, 0x06	; 6
    1f4c:	41 e0       	ldi	r20, 0x01	; 1
    1f4e:	0e 94 3c 08 	call	0x1078	; 0x1078 <DIO_SetPinValue>

	/* Load Command on Data bus */
	DIO_SetPortValue(PORTC, u8DataCpy);
    1f52:	82 e0       	ldi	r24, 0x02	; 2
    1f54:	6d 8d       	ldd	r22, Y+29	; 0x1d
    1f56:	0e 94 11 0b 	call	0x1622	; 0x1622 <DIO_SetPortValue>

	/* Set E to LOW */
	DIO_SetPinValue(PORTB, 6, LOW);
    1f5a:	81 e0       	ldi	r24, 0x01	; 1
    1f5c:	66 e0       	ldi	r22, 0x06	; 6
    1f5e:	40 e0       	ldi	r20, 0x00	; 0
    1f60:	0e 94 3c 08 	call	0x1078	; 0x1078 <DIO_SetPinValue>
    1f64:	80 e0       	ldi	r24, 0x00	; 0
    1f66:	90 e0       	ldi	r25, 0x00	; 0
    1f68:	a0 ea       	ldi	r26, 0xA0	; 160
    1f6a:	b0 e4       	ldi	r27, 0x40	; 64
    1f6c:	89 8f       	std	Y+25, r24	; 0x19
    1f6e:	9a 8f       	std	Y+26, r25	; 0x1a
    1f70:	ab 8f       	std	Y+27, r26	; 0x1b
    1f72:	bc 8f       	std	Y+28, r27	; 0x1c
 */
void
_delay_ms(double __ms)
{
	uint16_t __ticks;
	double __tmp = ((F_CPU) / 4e3) * __ms;
    1f74:	69 8d       	ldd	r22, Y+25	; 0x19
    1f76:	7a 8d       	ldd	r23, Y+26	; 0x1a
    1f78:	8b 8d       	ldd	r24, Y+27	; 0x1b
    1f7a:	9c 8d       	ldd	r25, Y+28	; 0x1c
    1f7c:	20 e0       	ldi	r18, 0x00	; 0
    1f7e:	30 e0       	ldi	r19, 0x00	; 0
    1f80:	4a ef       	ldi	r20, 0xFA	; 250
    1f82:	54 e4       	ldi	r21, 0x44	; 68
    1f84:	0e 94 17 02 	call	0x42e	; 0x42e <__mulsf3>
    1f88:	dc 01       	movw	r26, r24
    1f8a:	cb 01       	movw	r24, r22
    1f8c:	8d 8b       	std	Y+21, r24	; 0x15
    1f8e:	9e 8b       	std	Y+22, r25	; 0x16
    1f90:	af 8b       	std	Y+23, r26	; 0x17
    1f92:	b8 8f       	std	Y+24, r27	; 0x18
	if (__tmp < 1.0)
    1f94:	6d 89       	ldd	r22, Y+21	; 0x15
    1f96:	7e 89       	ldd	r23, Y+22	; 0x16
    1f98:	8f 89       	ldd	r24, Y+23	; 0x17
    1f9a:	98 8d       	ldd	r25, Y+24	; 0x18
    1f9c:	20 e0       	ldi	r18, 0x00	; 0
    1f9e:	30 e0       	ldi	r19, 0x00	; 0
    1fa0:	40 e8       	ldi	r20, 0x80	; 128
    1fa2:	5f e3       	ldi	r21, 0x3F	; 63
    1fa4:	0e 94 1d 04 	call	0x83a	; 0x83a <__ltsf2>
    1fa8:	88 23       	and	r24, r24
    1faa:	2c f4       	brge	.+10     	; 0x1fb6 <LCD_vidWriteCharctr+0x98>
		__ticks = 1;
    1fac:	81 e0       	ldi	r24, 0x01	; 1
    1fae:	90 e0       	ldi	r25, 0x00	; 0
    1fb0:	9c 8b       	std	Y+20, r25	; 0x14
    1fb2:	8b 8b       	std	Y+19, r24	; 0x13
    1fb4:	3f c0       	rjmp	.+126    	; 0x2034 <LCD_vidWriteCharctr+0x116>
	else if (__tmp > 65535)
    1fb6:	6d 89       	ldd	r22, Y+21	; 0x15
    1fb8:	7e 89       	ldd	r23, Y+22	; 0x16
    1fba:	8f 89       	ldd	r24, Y+23	; 0x17
    1fbc:	98 8d       	ldd	r25, Y+24	; 0x18
    1fbe:	20 e0       	ldi	r18, 0x00	; 0
    1fc0:	3f ef       	ldi	r19, 0xFF	; 255
    1fc2:	4f e7       	ldi	r20, 0x7F	; 127
    1fc4:	57 e4       	ldi	r21, 0x47	; 71
    1fc6:	0e 94 bd 03 	call	0x77a	; 0x77a <__gtsf2>
    1fca:	18 16       	cp	r1, r24
    1fcc:	4c f5       	brge	.+82     	; 0x2020 <LCD_vidWriteCharctr+0x102>
	{
		//	__ticks = requested delay in 1/10 ms
		__ticks = (uint16_t) (__ms * 10.0);
    1fce:	69 8d       	ldd	r22, Y+25	; 0x19
    1fd0:	7a 8d       	ldd	r23, Y+26	; 0x1a
    1fd2:	8b 8d       	ldd	r24, Y+27	; 0x1b
    1fd4:	9c 8d       	ldd	r25, Y+28	; 0x1c
    1fd6:	20 e0       	ldi	r18, 0x00	; 0
    1fd8:	30 e0       	ldi	r19, 0x00	; 0
    1fda:	40 e2       	ldi	r20, 0x20	; 32
    1fdc:	51 e4       	ldi	r21, 0x41	; 65
    1fde:	0e 94 17 02 	call	0x42e	; 0x42e <__mulsf3>
    1fe2:	dc 01       	movw	r26, r24
    1fe4:	cb 01       	movw	r24, r22
    1fe6:	bc 01       	movw	r22, r24
    1fe8:	cd 01       	movw	r24, r26
    1fea:	0e 94 41 00 	call	0x82	; 0x82 <__fixunssfsi>
    1fee:	dc 01       	movw	r26, r24
    1ff0:	cb 01       	movw	r24, r22
    1ff2:	9c 8b       	std	Y+20, r25	; 0x14
    1ff4:	8b 8b       	std	Y+19, r24	; 0x13
    1ff6:	0f c0       	rjmp	.+30     	; 0x2016 <LCD_vidWriteCharctr+0xf8>
    1ff8:	88 ec       	ldi	r24, 0xC8	; 200
    1ffa:	90 e0       	ldi	r25, 0x00	; 0
    1ffc:	9a 8b       	std	Y+18, r25	; 0x12
    1ffe:	89 8b       	std	Y+17, r24	; 0x11
    2000:	89 89       	ldd	r24, Y+17	; 0x11
    2002:	9a 89       	ldd	r25, Y+18	; 0x12
    2004:	01 97       	sbiw	r24, 0x01	; 1
    2006:	f1 f7       	brne	.-4      	; 0x2004 <LCD_vidWriteCharctr+0xe6>
    2008:	9a 8b       	std	Y+18, r25	; 0x12
    200a:	89 8b       	std	Y+17, r24	; 0x11
		while(__ticks)
		{
			// wait 1/10 ms
			_delay_loop_2(((F_CPU) / 4e3) / 10);
			__ticks --;
    200c:	8b 89       	ldd	r24, Y+19	; 0x13
    200e:	9c 89       	ldd	r25, Y+20	; 0x14
    2010:	01 97       	sbiw	r24, 0x01	; 1
    2012:	9c 8b       	std	Y+20, r25	; 0x14
    2014:	8b 8b       	std	Y+19, r24	; 0x13
		__ticks = 1;
	else if (__tmp > 65535)
	{
		//	__ticks = requested delay in 1/10 ms
		__ticks = (uint16_t) (__ms * 10.0);
		while(__ticks)
    2016:	8b 89       	ldd	r24, Y+19	; 0x13
    2018:	9c 89       	ldd	r25, Y+20	; 0x14
    201a:	00 97       	sbiw	r24, 0x00	; 0
    201c:	69 f7       	brne	.-38     	; 0x1ff8 <LCD_vidWriteCharctr+0xda>
    201e:	14 c0       	rjmp	.+40     	; 0x2048 <LCD_vidWriteCharctr+0x12a>
			__ticks --;
		}
		return;
	}
	else
		__ticks = (uint16_t)__tmp;
    2020:	6d 89       	ldd	r22, Y+21	; 0x15
    2022:	7e 89       	ldd	r23, Y+22	; 0x16
    2024:	8f 89       	ldd	r24, Y+23	; 0x17
    2026:	98 8d       	ldd	r25, Y+24	; 0x18
    2028:	0e 94 41 00 	call	0x82	; 0x82 <__fixunssfsi>
    202c:	dc 01       	movw	r26, r24
    202e:	cb 01       	movw	r24, r22
    2030:	9c 8b       	std	Y+20, r25	; 0x14
    2032:	8b 8b       	std	Y+19, r24	; 0x13
    2034:	8b 89       	ldd	r24, Y+19	; 0x13
    2036:	9c 89       	ldd	r25, Y+20	; 0x14
    2038:	98 8b       	std	Y+16, r25	; 0x10
    203a:	8f 87       	std	Y+15, r24	; 0x0f
    203c:	8f 85       	ldd	r24, Y+15	; 0x0f
    203e:	98 89       	ldd	r25, Y+16	; 0x10
    2040:	01 97       	sbiw	r24, 0x01	; 1
    2042:	f1 f7       	brne	.-4      	; 0x2040 <LCD_vidWriteCharctr+0x122>
    2044:	98 8b       	std	Y+16, r25	; 0x10
    2046:	8f 87       	std	Y+15, r24	; 0x0f

	/* Wait for E to settle */
	_delay_ms(5);

	/* Set E to HIGH */
	DIO_SetPinValue(PORTB, 6, HIGH);
    2048:	81 e0       	ldi	r24, 0x01	; 1
    204a:	66 e0       	ldi	r22, 0x06	; 6
    204c:	41 e0       	ldi	r20, 0x01	; 1
    204e:	0e 94 3c 08 	call	0x1078	; 0x1078 <DIO_SetPinValue>
    2052:	80 e0       	ldi	r24, 0x00	; 0
    2054:	90 e0       	ldi	r25, 0x00	; 0
    2056:	a0 e2       	ldi	r26, 0x20	; 32
    2058:	b1 e4       	ldi	r27, 0x41	; 65
    205a:	8b 87       	std	Y+11, r24	; 0x0b
    205c:	9c 87       	std	Y+12, r25	; 0x0c
    205e:	ad 87       	std	Y+13, r26	; 0x0d
    2060:	be 87       	std	Y+14, r27	; 0x0e
 */
void
_delay_ms(double __ms)
{
	uint16_t __ticks;
	double __tmp = ((F_CPU) / 4e3) * __ms;
    2062:	6b 85       	ldd	r22, Y+11	; 0x0b
    2064:	7c 85       	ldd	r23, Y+12	; 0x0c
    2066:	8d 85       	ldd	r24, Y+13	; 0x0d
    2068:	9e 85       	ldd	r25, Y+14	; 0x0e
    206a:	20 e0       	ldi	r18, 0x00	; 0
    206c:	30 e0       	ldi	r19, 0x00	; 0
    206e:	4a ef       	ldi	r20, 0xFA	; 250
    2070:	54 e4       	ldi	r21, 0x44	; 68
    2072:	0e 94 17 02 	call	0x42e	; 0x42e <__mulsf3>
    2076:	dc 01       	movw	r26, r24
    2078:	cb 01       	movw	r24, r22
    207a:	8f 83       	std	Y+7, r24	; 0x07
    207c:	98 87       	std	Y+8, r25	; 0x08
    207e:	a9 87       	std	Y+9, r26	; 0x09
    2080:	ba 87       	std	Y+10, r27	; 0x0a
	if (__tmp < 1.0)
    2082:	6f 81       	ldd	r22, Y+7	; 0x07
    2084:	78 85       	ldd	r23, Y+8	; 0x08
    2086:	89 85       	ldd	r24, Y+9	; 0x09
    2088:	9a 85       	ldd	r25, Y+10	; 0x0a
    208a:	20 e0       	ldi	r18, 0x00	; 0
    208c:	30 e0       	ldi	r19, 0x00	; 0
    208e:	40 e8       	ldi	r20, 0x80	; 128
    2090:	5f e3       	ldi	r21, 0x3F	; 63
    2092:	0e 94 1d 04 	call	0x83a	; 0x83a <__ltsf2>
    2096:	88 23       	and	r24, r24
    2098:	2c f4       	brge	.+10     	; 0x20a4 <LCD_vidWriteCharctr+0x186>
		__ticks = 1;
    209a:	81 e0       	ldi	r24, 0x01	; 1
    209c:	90 e0       	ldi	r25, 0x00	; 0
    209e:	9e 83       	std	Y+6, r25	; 0x06
    20a0:	8d 83       	std	Y+5, r24	; 0x05
    20a2:	3f c0       	rjmp	.+126    	; 0x2122 <LCD_vidWriteCharctr+0x204>
	else if (__tmp > 65535)
    20a4:	6f 81       	ldd	r22, Y+7	; 0x07
    20a6:	78 85       	ldd	r23, Y+8	; 0x08
    20a8:	89 85       	ldd	r24, Y+9	; 0x09
    20aa:	9a 85       	ldd	r25, Y+10	; 0x0a
    20ac:	20 e0       	ldi	r18, 0x00	; 0
    20ae:	3f ef       	ldi	r19, 0xFF	; 255
    20b0:	4f e7       	ldi	r20, 0x7F	; 127
    20b2:	57 e4       	ldi	r21, 0x47	; 71
    20b4:	0e 94 bd 03 	call	0x77a	; 0x77a <__gtsf2>
    20b8:	18 16       	cp	r1, r24
    20ba:	4c f5       	brge	.+82     	; 0x210e <LCD_vidWriteCharctr+0x1f0>
	{
		//	__ticks = requested delay in 1/10 ms
		__ticks = (uint16_t) (__ms * 10.0);
    20bc:	6b 85       	ldd	r22, Y+11	; 0x0b
    20be:	7c 85       	ldd	r23, Y+12	; 0x0c
    20c0:	8d 85       	ldd	r24, Y+13	; 0x0d
    20c2:	9e 85       	ldd	r25, Y+14	; 0x0e
    20c4:	20 e0       	ldi	r18, 0x00	; 0
    20c6:	30 e0       	ldi	r19, 0x00	; 0
    20c8:	40 e2       	ldi	r20, 0x20	; 32
    20ca:	51 e4       	ldi	r21, 0x41	; 65
    20cc:	0e 94 17 02 	call	0x42e	; 0x42e <__mulsf3>
    20d0:	dc 01       	movw	r26, r24
    20d2:	cb 01       	movw	r24, r22
    20d4:	bc 01       	movw	r22, r24
    20d6:	cd 01       	movw	r24, r26
    20d8:	0e 94 41 00 	call	0x82	; 0x82 <__fixunssfsi>
    20dc:	dc 01       	movw	r26, r24
    20de:	cb 01       	movw	r24, r22
    20e0:	9e 83       	std	Y+6, r25	; 0x06
    20e2:	8d 83       	std	Y+5, r24	; 0x05
    20e4:	0f c0       	rjmp	.+30     	; 0x2104 <LCD_vidWriteCharctr+0x1e6>
    20e6:	88 ec       	ldi	r24, 0xC8	; 200
    20e8:	90 e0       	ldi	r25, 0x00	; 0
    20ea:	9c 83       	std	Y+4, r25	; 0x04
    20ec:	8b 83       	std	Y+3, r24	; 0x03
    20ee:	8b 81       	ldd	r24, Y+3	; 0x03
    20f0:	9c 81       	ldd	r25, Y+4	; 0x04
    20f2:	01 97       	sbiw	r24, 0x01	; 1
    20f4:	f1 f7       	brne	.-4      	; 0x20f2 <LCD_vidWriteCharctr+0x1d4>
    20f6:	9c 83       	std	Y+4, r25	; 0x04
    20f8:	8b 83       	std	Y+3, r24	; 0x03
		while(__ticks)
		{
			// wait 1/10 ms
			_delay_loop_2(((F_CPU) / 4e3) / 10);
			__ticks --;
    20fa:	8d 81       	ldd	r24, Y+5	; 0x05
    20fc:	9e 81       	ldd	r25, Y+6	; 0x06
    20fe:	01 97       	sbiw	r24, 0x01	; 1
    2100:	9e 83       	std	Y+6, r25	; 0x06
    2102:	8d 83       	std	Y+5, r24	; 0x05
		__ticks = 1;
	else if (__tmp > 65535)
	{
		//	__ticks = requested delay in 1/10 ms
		__ticks = (uint16_t) (__ms * 10.0);
		while(__ticks)
    2104:	8d 81       	ldd	r24, Y+5	; 0x05
    2106:	9e 81       	ldd	r25, Y+6	; 0x06
    2108:	00 97       	sbiw	r24, 0x00	; 0
    210a:	69 f7       	brne	.-38     	; 0x20e6 <LCD_vidWriteCharctr+0x1c8>
    210c:	14 c0       	rjmp	.+40     	; 0x2136 <LCD_vidWriteCharctr+0x218>
			__ticks --;
		}
		return;
	}
	else
		__ticks = (uint16_t)__tmp;
    210e:	6f 81       	ldd	r22, Y+7	; 0x07
    2110:	78 85       	ldd	r23, Y+8	; 0x08
    2112:	89 85       	ldd	r24, Y+9	; 0x09
    2114:	9a 85       	ldd	r25, Y+10	; 0x0a
    2116:	0e 94 41 00 	call	0x82	; 0x82 <__fixunssfsi>
    211a:	dc 01       	movw	r26, r24
    211c:	cb 01       	movw	r24, r22
    211e:	9e 83       	std	Y+6, r25	; 0x06
    2120:	8d 83       	std	Y+5, r24	; 0x05
    2122:	8d 81       	ldd	r24, Y+5	; 0x05
    2124:	9e 81       	ldd	r25, Y+6	; 0x06
    2126:	9a 83       	std	Y+2, r25	; 0x02
    2128:	89 83       	std	Y+1, r24	; 0x01
    212a:	89 81       	ldd	r24, Y+1	; 0x01
    212c:	9a 81       	ldd	r25, Y+2	; 0x02
    212e:	01 97       	sbiw	r24, 0x01	; 1
    2130:	f1 f7       	brne	.-4      	; 0x212e <LCD_vidWriteCharctr+0x210>
    2132:	9a 83       	std	Y+2, r25	; 0x02
    2134:	89 83       	std	Y+1, r24	; 0x01

	/* Delay to let the LCD Display the character */
	_delay_ms(10);

}
    2136:	6d 96       	adiw	r28, 0x1d	; 29
    2138:	0f b6       	in	r0, 0x3f	; 63
    213a:	f8 94       	cli
    213c:	de bf       	out	0x3e, r29	; 62
    213e:	0f be       	out	0x3f, r0	; 63
    2140:	cd bf       	out	0x3d, r28	; 61
    2142:	cf 91       	pop	r28
    2144:	df 91       	pop	r29
    2146:	08 95       	ret

00002148 <LCD_String_xy>:
/* Description! Interface to write string on LCD screen                                */
/* Input      ! Pointer to the string                                                  */
/* Output     ! Nothing                                                                */
/***************************************************************************************/
void LCD_String_xy (char row, char pos, char *str)	/* Send string to LCD function */
{
    2148:	df 93       	push	r29
    214a:	cf 93       	push	r28
    214c:	00 d0       	rcall	.+0      	; 0x214e <LCD_String_xy+0x6>
    214e:	00 d0       	rcall	.+0      	; 0x2150 <LCD_String_xy+0x8>
    2150:	cd b7       	in	r28, 0x3d	; 61
    2152:	de b7       	in	r29, 0x3e	; 62
    2154:	89 83       	std	Y+1, r24	; 0x01
    2156:	6a 83       	std	Y+2, r22	; 0x02
    2158:	5c 83       	std	Y+4, r21	; 0x04
    215a:	4b 83       	std	Y+3, r20	; 0x03
	if (row == 1)
    215c:	89 81       	ldd	r24, Y+1	; 0x01
    215e:	81 30       	cpi	r24, 0x01	; 1
    2160:	31 f4       	brne	.+12     	; 0x216e <LCD_String_xy+0x26>
		LCD_vidSendCommand((pos & 0x0F)|0x80);				/* Command of first row and required position<16 */
    2162:	8a 81       	ldd	r24, Y+2	; 0x02
    2164:	8f 70       	andi	r24, 0x0F	; 15
    2166:	80 68       	ori	r24, 0x80	; 128
    2168:	0e 94 7a 0e 	call	0x1cf4	; 0x1cf4 <LCD_vidSendCommand>
    216c:	08 c0       	rjmp	.+16     	; 0x217e <LCD_String_xy+0x36>
	else if (row == 2)
    216e:	89 81       	ldd	r24, Y+1	; 0x01
    2170:	82 30       	cpi	r24, 0x02	; 2
    2172:	29 f4       	brne	.+10     	; 0x217e <LCD_String_xy+0x36>
		LCD_vidSendCommand((pos & 0x0F)|0xC0);				/* Command of Second row and required position<16 */
    2174:	8a 81       	ldd	r24, Y+2	; 0x02
    2176:	8f 70       	andi	r24, 0x0F	; 15
    2178:	80 6c       	ori	r24, 0xC0	; 192
    217a:	0e 94 7a 0e 	call	0x1cf4	; 0x1cf4 <LCD_vidSendCommand>
	LCD_String(str);								/* Call LCD string function */
    217e:	8b 81       	ldd	r24, Y+3	; 0x03
    2180:	9c 81       	ldd	r25, Y+4	; 0x04
    2182:	0e 94 ca 10 	call	0x2194	; 0x2194 <LCD_String>
}
    2186:	0f 90       	pop	r0
    2188:	0f 90       	pop	r0
    218a:	0f 90       	pop	r0
    218c:	0f 90       	pop	r0
    218e:	cf 91       	pop	r28
    2190:	df 91       	pop	r29
    2192:	08 95       	ret

00002194 <LCD_String>:

void LCD_String (char *str)							/* Send string to LCD function */
{
    2194:	df 93       	push	r29
    2196:	cf 93       	push	r28
    2198:	00 d0       	rcall	.+0      	; 0x219a <LCD_String+0x6>
    219a:	00 d0       	rcall	.+0      	; 0x219c <LCD_String+0x8>
    219c:	cd b7       	in	r28, 0x3d	; 61
    219e:	de b7       	in	r29, 0x3e	; 62
    21a0:	9c 83       	std	Y+4, r25	; 0x04
    21a2:	8b 83       	std	Y+3, r24	; 0x03
	int i;
	for(i=0;str[i]!=0;i++)							/* Send each char of string till the NULL */
    21a4:	1a 82       	std	Y+2, r1	; 0x02
    21a6:	19 82       	std	Y+1, r1	; 0x01
    21a8:	0f c0       	rjmp	.+30     	; 0x21c8 <LCD_String+0x34>
	{
		LCD_vidWriteCharctr(str[i]);							/* Call LCD data write */
    21aa:	29 81       	ldd	r18, Y+1	; 0x01
    21ac:	3a 81       	ldd	r19, Y+2	; 0x02
    21ae:	8b 81       	ldd	r24, Y+3	; 0x03
    21b0:	9c 81       	ldd	r25, Y+4	; 0x04
    21b2:	fc 01       	movw	r30, r24
    21b4:	e2 0f       	add	r30, r18
    21b6:	f3 1f       	adc	r31, r19
    21b8:	80 81       	ld	r24, Z
    21ba:	0e 94 8f 0f 	call	0x1f1e	; 0x1f1e <LCD_vidWriteCharctr>
}

void LCD_String (char *str)							/* Send string to LCD function */
{
	int i;
	for(i=0;str[i]!=0;i++)							/* Send each char of string till the NULL */
    21be:	89 81       	ldd	r24, Y+1	; 0x01
    21c0:	9a 81       	ldd	r25, Y+2	; 0x02
    21c2:	01 96       	adiw	r24, 0x01	; 1
    21c4:	9a 83       	std	Y+2, r25	; 0x02
    21c6:	89 83       	std	Y+1, r24	; 0x01
    21c8:	29 81       	ldd	r18, Y+1	; 0x01
    21ca:	3a 81       	ldd	r19, Y+2	; 0x02
    21cc:	8b 81       	ldd	r24, Y+3	; 0x03
    21ce:	9c 81       	ldd	r25, Y+4	; 0x04
    21d0:	fc 01       	movw	r30, r24
    21d2:	e2 0f       	add	r30, r18
    21d4:	f3 1f       	adc	r31, r19
    21d6:	80 81       	ld	r24, Z
    21d8:	88 23       	and	r24, r24
    21da:	39 f7       	brne	.-50     	; 0x21aa <LCD_String+0x16>
	{
		LCD_vidWriteCharctr(str[i]);							/* Call LCD data write */
	}
}
    21dc:	0f 90       	pop	r0
    21de:	0f 90       	pop	r0
    21e0:	0f 90       	pop	r0
    21e2:	0f 90       	pop	r0
    21e4:	cf 91       	pop	r28
    21e6:	df 91       	pop	r29
    21e8:	08 95       	ret

000021ea <LCD_vidWriteExtraChar>:
/* Description! Interface to write extra characters saved in the CGRAM                 */
/* Input      ! Y = Row position , X = Column position                                 */
/* Output     ! Nothing                                                                */
/***************************************************************************************/
void LCD_vidWriteExtraChar (u8 Y,u8 X,u8* ExtraChar,u8* Index)
{
    21ea:	df 93       	push	r29
    21ec:	cf 93       	push	r28
    21ee:	cd b7       	in	r28, 0x3d	; 61
    21f0:	de b7       	in	r29, 0x3e	; 62
    21f2:	66 97       	sbiw	r28, 0x16	; 22
    21f4:	0f b6       	in	r0, 0x3f	; 63
    21f6:	f8 94       	cli
    21f8:	de bf       	out	0x3e, r29	; 62
    21fa:	0f be       	out	0x3f, r0	; 63
    21fc:	cd bf       	out	0x3d, r28	; 61
    21fe:	89 8b       	std	Y+17, r24	; 0x11
    2200:	6a 8b       	std	Y+18, r22	; 0x12
    2202:	5c 8b       	std	Y+20, r21	; 0x14
    2204:	4b 8b       	std	Y+19, r20	; 0x13
    2206:	3e 8b       	std	Y+22, r19	; 0x16
    2208:	2d 8b       	std	Y+21, r18	; 0x15


    u8 iteration1,iteration2;

    /*DDRAM-->CGRAM*/
    LCD_vidSendCommand(64);
    220a:	80 e4       	ldi	r24, 0x40	; 64
    220c:	0e 94 7a 0e 	call	0x1cf4	; 0x1cf4 <LCD_vidSendCommand>
	for(iteration1=0 ; iteration1<Index ; iteration1++)
    2210:	18 8a       	std	Y+16, r1	; 0x10
    2212:	0e c0       	rjmp	.+28     	; 0x2230 <LCD_vidWriteExtraChar+0x46>
	{
		LCD_vidWriteCharctr(ExtraChar[iteration1]);
    2214:	88 89       	ldd	r24, Y+16	; 0x10
    2216:	28 2f       	mov	r18, r24
    2218:	30 e0       	ldi	r19, 0x00	; 0
    221a:	8b 89       	ldd	r24, Y+19	; 0x13
    221c:	9c 89       	ldd	r25, Y+20	; 0x14
    221e:	fc 01       	movw	r30, r24
    2220:	e2 0f       	add	r30, r18
    2222:	f3 1f       	adc	r31, r19
    2224:	80 81       	ld	r24, Z
    2226:	0e 94 8f 0f 	call	0x1f1e	; 0x1f1e <LCD_vidWriteCharctr>

    u8 iteration1,iteration2;

    /*DDRAM-->CGRAM*/
    LCD_vidSendCommand(64);
	for(iteration1=0 ; iteration1<Index ; iteration1++)
    222a:	88 89       	ldd	r24, Y+16	; 0x10
    222c:	8f 5f       	subi	r24, 0xFF	; 255
    222e:	88 8b       	std	Y+16, r24	; 0x10
    2230:	88 89       	ldd	r24, Y+16	; 0x10
    2232:	88 2f       	mov	r24, r24
    2234:	90 e0       	ldi	r25, 0x00	; 0
    2236:	9c 01       	movw	r18, r24
    2238:	8d 89       	ldd	r24, Y+21	; 0x15
    223a:	9e 89       	ldd	r25, Y+22	; 0x16
    223c:	28 17       	cp	r18, r24
    223e:	39 07       	cpc	r19, r25
    2240:	48 f3       	brcs	.-46     	; 0x2214 <LCD_vidWriteExtraChar+0x2a>
	{
		LCD_vidWriteCharctr(ExtraChar[iteration1]);
	}
	/*CGRAM-->DDRAM*/
	LCD_vidSendCommand(128);
    2242:	80 e8       	ldi	r24, 0x80	; 128
    2244:	0e 94 7a 0e 	call	0x1cf4	; 0x1cf4 <LCD_vidSendCommand>
	Gotoxy(Y,X);
    2248:	89 89       	ldd	r24, Y+17	; 0x11
    224a:	6a 89       	ldd	r22, Y+18	; 0x12
    224c:	0e 94 af 11 	call	0x235e	; 0x235e <Gotoxy>
	/*First eight character which saved at CGRAM*/
	for (iteration2=0; iteration2<=7 ; iteration2++)
    2250:	1f 86       	std	Y+15, r1	; 0x0f
    2252:	78 c0       	rjmp	.+240    	; 0x2344 <LCD_vidWriteExtraChar+0x15a>
	{
		/* Write bytes of DDRAM */
		LCD_vidWriteCharctr(iteration2);
    2254:	8f 85       	ldd	r24, Y+15	; 0x0f
    2256:	0e 94 8f 0f 	call	0x1f1e	; 0x1f1e <LCD_vidWriteCharctr>
    225a:	80 e0       	ldi	r24, 0x00	; 0
    225c:	90 e0       	ldi	r25, 0x00	; 0
    225e:	a0 ea       	ldi	r26, 0xA0	; 160
    2260:	b0 e4       	ldi	r27, 0x40	; 64
    2262:	8b 87       	std	Y+11, r24	; 0x0b
    2264:	9c 87       	std	Y+12, r25	; 0x0c
    2266:	ad 87       	std	Y+13, r26	; 0x0d
    2268:	be 87       	std	Y+14, r27	; 0x0e
 */
void
_delay_ms(double __ms)
{
	uint16_t __ticks;
	double __tmp = ((F_CPU) / 4e3) * __ms;
    226a:	6b 85       	ldd	r22, Y+11	; 0x0b
    226c:	7c 85       	ldd	r23, Y+12	; 0x0c
    226e:	8d 85       	ldd	r24, Y+13	; 0x0d
    2270:	9e 85       	ldd	r25, Y+14	; 0x0e
    2272:	20 e0       	ldi	r18, 0x00	; 0
    2274:	30 e0       	ldi	r19, 0x00	; 0
    2276:	4a ef       	ldi	r20, 0xFA	; 250
    2278:	54 e4       	ldi	r21, 0x44	; 68
    227a:	0e 94 17 02 	call	0x42e	; 0x42e <__mulsf3>
    227e:	dc 01       	movw	r26, r24
    2280:	cb 01       	movw	r24, r22
    2282:	8f 83       	std	Y+7, r24	; 0x07
    2284:	98 87       	std	Y+8, r25	; 0x08
    2286:	a9 87       	std	Y+9, r26	; 0x09
    2288:	ba 87       	std	Y+10, r27	; 0x0a
	if (__tmp < 1.0)
    228a:	6f 81       	ldd	r22, Y+7	; 0x07
    228c:	78 85       	ldd	r23, Y+8	; 0x08
    228e:	89 85       	ldd	r24, Y+9	; 0x09
    2290:	9a 85       	ldd	r25, Y+10	; 0x0a
    2292:	20 e0       	ldi	r18, 0x00	; 0
    2294:	30 e0       	ldi	r19, 0x00	; 0
    2296:	40 e8       	ldi	r20, 0x80	; 128
    2298:	5f e3       	ldi	r21, 0x3F	; 63
    229a:	0e 94 1d 04 	call	0x83a	; 0x83a <__ltsf2>
    229e:	88 23       	and	r24, r24
    22a0:	2c f4       	brge	.+10     	; 0x22ac <LCD_vidWriteExtraChar+0xc2>
		__ticks = 1;
    22a2:	81 e0       	ldi	r24, 0x01	; 1
    22a4:	90 e0       	ldi	r25, 0x00	; 0
    22a6:	9e 83       	std	Y+6, r25	; 0x06
    22a8:	8d 83       	std	Y+5, r24	; 0x05
    22aa:	3f c0       	rjmp	.+126    	; 0x232a <LCD_vidWriteExtraChar+0x140>
	else if (__tmp > 65535)
    22ac:	6f 81       	ldd	r22, Y+7	; 0x07
    22ae:	78 85       	ldd	r23, Y+8	; 0x08
    22b0:	89 85       	ldd	r24, Y+9	; 0x09
    22b2:	9a 85       	ldd	r25, Y+10	; 0x0a
    22b4:	20 e0       	ldi	r18, 0x00	; 0
    22b6:	3f ef       	ldi	r19, 0xFF	; 255
    22b8:	4f e7       	ldi	r20, 0x7F	; 127
    22ba:	57 e4       	ldi	r21, 0x47	; 71
    22bc:	0e 94 bd 03 	call	0x77a	; 0x77a <__gtsf2>
    22c0:	18 16       	cp	r1, r24
    22c2:	4c f5       	brge	.+82     	; 0x2316 <LCD_vidWriteExtraChar+0x12c>
	{
		//	__ticks = requested delay in 1/10 ms
		__ticks = (uint16_t) (__ms * 10.0);
    22c4:	6b 85       	ldd	r22, Y+11	; 0x0b
    22c6:	7c 85       	ldd	r23, Y+12	; 0x0c
    22c8:	8d 85       	ldd	r24, Y+13	; 0x0d
    22ca:	9e 85       	ldd	r25, Y+14	; 0x0e
    22cc:	20 e0       	ldi	r18, 0x00	; 0
    22ce:	30 e0       	ldi	r19, 0x00	; 0
    22d0:	40 e2       	ldi	r20, 0x20	; 32
    22d2:	51 e4       	ldi	r21, 0x41	; 65
    22d4:	0e 94 17 02 	call	0x42e	; 0x42e <__mulsf3>
    22d8:	dc 01       	movw	r26, r24
    22da:	cb 01       	movw	r24, r22
    22dc:	bc 01       	movw	r22, r24
    22de:	cd 01       	movw	r24, r26
    22e0:	0e 94 41 00 	call	0x82	; 0x82 <__fixunssfsi>
    22e4:	dc 01       	movw	r26, r24
    22e6:	cb 01       	movw	r24, r22
    22e8:	9e 83       	std	Y+6, r25	; 0x06
    22ea:	8d 83       	std	Y+5, r24	; 0x05
    22ec:	0f c0       	rjmp	.+30     	; 0x230c <LCD_vidWriteExtraChar+0x122>
    22ee:	88 ec       	ldi	r24, 0xC8	; 200
    22f0:	90 e0       	ldi	r25, 0x00	; 0
    22f2:	9c 83       	std	Y+4, r25	; 0x04
    22f4:	8b 83       	std	Y+3, r24	; 0x03
    22f6:	8b 81       	ldd	r24, Y+3	; 0x03
    22f8:	9c 81       	ldd	r25, Y+4	; 0x04
    22fa:	01 97       	sbiw	r24, 0x01	; 1
    22fc:	f1 f7       	brne	.-4      	; 0x22fa <LCD_vidWriteExtraChar+0x110>
    22fe:	9c 83       	std	Y+4, r25	; 0x04
    2300:	8b 83       	std	Y+3, r24	; 0x03
		while(__ticks)
		{
			// wait 1/10 ms
			_delay_loop_2(((F_CPU) / 4e3) / 10);
			__ticks --;
    2302:	8d 81       	ldd	r24, Y+5	; 0x05
    2304:	9e 81       	ldd	r25, Y+6	; 0x06
    2306:	01 97       	sbiw	r24, 0x01	; 1
    2308:	9e 83       	std	Y+6, r25	; 0x06
    230a:	8d 83       	std	Y+5, r24	; 0x05
		__ticks = 1;
	else if (__tmp > 65535)
	{
		//	__ticks = requested delay in 1/10 ms
		__ticks = (uint16_t) (__ms * 10.0);
		while(__ticks)
    230c:	8d 81       	ldd	r24, Y+5	; 0x05
    230e:	9e 81       	ldd	r25, Y+6	; 0x06
    2310:	00 97       	sbiw	r24, 0x00	; 0
    2312:	69 f7       	brne	.-38     	; 0x22ee <LCD_vidWriteExtraChar+0x104>
    2314:	14 c0       	rjmp	.+40     	; 0x233e <LCD_vidWriteExtraChar+0x154>
			__ticks --;
		}
		return;
	}
	else
		__ticks = (uint16_t)__tmp;
    2316:	6f 81       	ldd	r22, Y+7	; 0x07
    2318:	78 85       	ldd	r23, Y+8	; 0x08
    231a:	89 85       	ldd	r24, Y+9	; 0x09
    231c:	9a 85       	ldd	r25, Y+10	; 0x0a
    231e:	0e 94 41 00 	call	0x82	; 0x82 <__fixunssfsi>
    2322:	dc 01       	movw	r26, r24
    2324:	cb 01       	movw	r24, r22
    2326:	9e 83       	std	Y+6, r25	; 0x06
    2328:	8d 83       	std	Y+5, r24	; 0x05
    232a:	8d 81       	ldd	r24, Y+5	; 0x05
    232c:	9e 81       	ldd	r25, Y+6	; 0x06
    232e:	9a 83       	std	Y+2, r25	; 0x02
    2330:	89 83       	std	Y+1, r24	; 0x01
    2332:	89 81       	ldd	r24, Y+1	; 0x01
    2334:	9a 81       	ldd	r25, Y+2	; 0x02
    2336:	01 97       	sbiw	r24, 0x01	; 1
    2338:	f1 f7       	brne	.-4      	; 0x2336 <LCD_vidWriteExtraChar+0x14c>
    233a:	9a 83       	std	Y+2, r25	; 0x02
    233c:	89 83       	std	Y+1, r24	; 0x01
	}
	/*CGRAM-->DDRAM*/
	LCD_vidSendCommand(128);
	Gotoxy(Y,X);
	/*First eight character which saved at CGRAM*/
	for (iteration2=0; iteration2<=7 ; iteration2++)
    233e:	8f 85       	ldd	r24, Y+15	; 0x0f
    2340:	8f 5f       	subi	r24, 0xFF	; 255
    2342:	8f 87       	std	Y+15, r24	; 0x0f
    2344:	8f 85       	ldd	r24, Y+15	; 0x0f
    2346:	88 30       	cpi	r24, 0x08	; 8
    2348:	08 f4       	brcc	.+2      	; 0x234c <LCD_vidWriteExtraChar+0x162>
    234a:	84 cf       	rjmp	.-248    	; 0x2254 <LCD_vidWriteExtraChar+0x6a>
		/* Write bytes of DDRAM */
		LCD_vidWriteCharctr(iteration2);

		_delay_ms(5);
	}
}
    234c:	66 96       	adiw	r28, 0x16	; 22
    234e:	0f b6       	in	r0, 0x3f	; 63
    2350:	f8 94       	cli
    2352:	de bf       	out	0x3e, r29	; 62
    2354:	0f be       	out	0x3f, r0	; 63
    2356:	cd bf       	out	0x3d, r28	; 61
    2358:	cf 91       	pop	r28
    235a:	df 91       	pop	r29
    235c:	08 95       	ret

0000235e <Gotoxy>:

void Gotoxy (u8 Y,u8 X)
{
    235e:	df 93       	push	r29
    2360:	cf 93       	push	r28
    2362:	00 d0       	rcall	.+0      	; 0x2364 <Gotoxy+0x6>
    2364:	00 d0       	rcall	.+0      	; 0x2366 <Gotoxy+0x8>
    2366:	cd b7       	in	r28, 0x3d	; 61
    2368:	de b7       	in	r29, 0x3e	; 62
    236a:	89 83       	std	Y+1, r24	; 0x01
    236c:	6a 83       	std	Y+2, r22	; 0x02
	if (X>0 && X<=16)
    236e:	8a 81       	ldd	r24, Y+2	; 0x02
    2370:	88 23       	and	r24, r24
    2372:	e1 f0       	breq	.+56     	; 0x23ac <Gotoxy+0x4e>
    2374:	8a 81       	ldd	r24, Y+2	; 0x02
    2376:	81 31       	cpi	r24, 0x11	; 17
    2378:	c8 f4       	brcc	.+50     	; 0x23ac <Gotoxy+0x4e>
	{
	    switch(Y)
    237a:	89 81       	ldd	r24, Y+1	; 0x01
    237c:	28 2f       	mov	r18, r24
    237e:	30 e0       	ldi	r19, 0x00	; 0
    2380:	3c 83       	std	Y+4, r19	; 0x04
    2382:	2b 83       	std	Y+3, r18	; 0x03
    2384:	8b 81       	ldd	r24, Y+3	; 0x03
    2386:	9c 81       	ldd	r25, Y+4	; 0x04
    2388:	81 30       	cpi	r24, 0x01	; 1
    238a:	91 05       	cpc	r25, r1
    238c:	31 f0       	breq	.+12     	; 0x239a <Gotoxy+0x3c>
    238e:	2b 81       	ldd	r18, Y+3	; 0x03
    2390:	3c 81       	ldd	r19, Y+4	; 0x04
    2392:	22 30       	cpi	r18, 0x02	; 2
    2394:	31 05       	cpc	r19, r1
    2396:	31 f0       	breq	.+12     	; 0x23a4 <Gotoxy+0x46>
    2398:	09 c0       	rjmp	.+18     	; 0x23ac <Gotoxy+0x4e>
	    {
		    case 1:
		    	LCD_vidSendCommand(X+127);
    239a:	8a 81       	ldd	r24, Y+2	; 0x02
    239c:	81 58       	subi	r24, 0x81	; 129
    239e:	0e 94 7a 0e 	call	0x1cf4	; 0x1cf4 <LCD_vidSendCommand>
    23a2:	04 c0       	rjmp	.+8      	; 0x23ac <Gotoxy+0x4e>
		    break;
		    case 2:
		    	LCD_vidSendCommand(X+191);
    23a4:	8a 81       	ldd	r24, Y+2	; 0x02
    23a6:	81 54       	subi	r24, 0x41	; 65
    23a8:	0e 94 7a 0e 	call	0x1cf4	; 0x1cf4 <LCD_vidSendCommand>
		    break;
		    default:
		    break;
	    }
	}
}
    23ac:	0f 90       	pop	r0
    23ae:	0f 90       	pop	r0
    23b0:	0f 90       	pop	r0
    23b2:	0f 90       	pop	r0
    23b4:	cf 91       	pop	r28
    23b6:	df 91       	pop	r29
    23b8:	08 95       	ret

000023ba <lcd_writenumber>:

void lcd_writenumber(int num)
{
    23ba:	df 93       	push	r29
    23bc:	cf 93       	push	r28
    23be:	cd b7       	in	r28, 0x3d	; 61
    23c0:	de b7       	in	r29, 0x3e	; 62
    23c2:	28 97       	sbiw	r28, 0x08	; 8
    23c4:	0f b6       	in	r0, 0x3f	; 63
    23c6:	f8 94       	cli
    23c8:	de bf       	out	0x3e, r29	; 62
    23ca:	0f be       	out	0x3f, r0	; 63
    23cc:	cd bf       	out	0x3d, r28	; 61
    23ce:	98 87       	std	Y+8, r25	; 0x08
    23d0:	8f 83       	std	Y+7, r24	; 0x07
	int temp=1;
    23d2:	81 e0       	ldi	r24, 0x01	; 1
    23d4:	90 e0       	ldi	r25, 0x00	; 0
    23d6:	9e 83       	std	Y+6, r25	; 0x06
    23d8:	8d 83       	std	Y+5, r24	; 0x05
	int rem;
	int rem2;
	if(num==0)
    23da:	8f 81       	ldd	r24, Y+7	; 0x07
    23dc:	98 85       	ldd	r25, Y+8	; 0x08
    23de:	00 97       	sbiw	r24, 0x00	; 0
    23e0:	49 f5       	brne	.+82     	; 0x2434 <lcd_writenumber+0x7a>
	{
		LCD_vidWriteCharctr(48);
    23e2:	80 e3       	ldi	r24, 0x30	; 48
    23e4:	0e 94 8f 0f 	call	0x1f1e	; 0x1f1e <LCD_vidWriteCharctr>
    23e8:	25 c0       	rjmp	.+74     	; 0x2434 <lcd_writenumber+0x7a>
	}
	while(num!=0)
	{
		rem=num%10;
    23ea:	8f 81       	ldd	r24, Y+7	; 0x07
    23ec:	98 85       	ldd	r25, Y+8	; 0x08
    23ee:	2a e0       	ldi	r18, 0x0A	; 10
    23f0:	30 e0       	ldi	r19, 0x00	; 0
    23f2:	b9 01       	movw	r22, r18
    23f4:	0e 94 a8 12 	call	0x2550	; 0x2550 <__divmodhi4>
    23f8:	9c 83       	std	Y+4, r25	; 0x04
    23fa:	8b 83       	std	Y+3, r24	; 0x03
		num/=10;
    23fc:	8f 81       	ldd	r24, Y+7	; 0x07
    23fe:	98 85       	ldd	r25, Y+8	; 0x08
    2400:	2a e0       	ldi	r18, 0x0A	; 10
    2402:	30 e0       	ldi	r19, 0x00	; 0
    2404:	b9 01       	movw	r22, r18
    2406:	0e 94 a8 12 	call	0x2550	; 0x2550 <__divmodhi4>
    240a:	cb 01       	movw	r24, r22
    240c:	98 87       	std	Y+8, r25	; 0x08
    240e:	8f 83       	std	Y+7, r24	; 0x07
		temp=temp*10+rem;
    2410:	8d 81       	ldd	r24, Y+5	; 0x05
    2412:	9e 81       	ldd	r25, Y+6	; 0x06
    2414:	9c 01       	movw	r18, r24
    2416:	22 0f       	add	r18, r18
    2418:	33 1f       	adc	r19, r19
    241a:	c9 01       	movw	r24, r18
    241c:	88 0f       	add	r24, r24
    241e:	99 1f       	adc	r25, r25
    2420:	88 0f       	add	r24, r24
    2422:	99 1f       	adc	r25, r25
    2424:	28 0f       	add	r18, r24
    2426:	39 1f       	adc	r19, r25
    2428:	8b 81       	ldd	r24, Y+3	; 0x03
    242a:	9c 81       	ldd	r25, Y+4	; 0x04
    242c:	82 0f       	add	r24, r18
    242e:	93 1f       	adc	r25, r19
    2430:	9e 83       	std	Y+6, r25	; 0x06
    2432:	8d 83       	std	Y+5, r24	; 0x05
	int rem2;
	if(num==0)
	{
		LCD_vidWriteCharctr(48);
	}
	while(num!=0)
    2434:	8f 81       	ldd	r24, Y+7	; 0x07
    2436:	98 85       	ldd	r25, Y+8	; 0x08
    2438:	00 97       	sbiw	r24, 0x00	; 0
    243a:	b9 f6       	brne	.-82     	; 0x23ea <lcd_writenumber+0x30>
    243c:	17 c0       	rjmp	.+46     	; 0x246c <lcd_writenumber+0xb2>
		num/=10;
		temp=temp*10+rem;
	}
	while(temp!=1)
	{
		rem2=temp%10;
    243e:	8d 81       	ldd	r24, Y+5	; 0x05
    2440:	9e 81       	ldd	r25, Y+6	; 0x06
    2442:	2a e0       	ldi	r18, 0x0A	; 10
    2444:	30 e0       	ldi	r19, 0x00	; 0
    2446:	b9 01       	movw	r22, r18
    2448:	0e 94 a8 12 	call	0x2550	; 0x2550 <__divmodhi4>
    244c:	9a 83       	std	Y+2, r25	; 0x02
    244e:	89 83       	std	Y+1, r24	; 0x01
		LCD_vidWriteCharctr(rem2+48);
    2450:	89 81       	ldd	r24, Y+1	; 0x01
    2452:	80 5d       	subi	r24, 0xD0	; 208
    2454:	0e 94 8f 0f 	call	0x1f1e	; 0x1f1e <LCD_vidWriteCharctr>
		temp/=10;
    2458:	8d 81       	ldd	r24, Y+5	; 0x05
    245a:	9e 81       	ldd	r25, Y+6	; 0x06
    245c:	2a e0       	ldi	r18, 0x0A	; 10
    245e:	30 e0       	ldi	r19, 0x00	; 0
    2460:	b9 01       	movw	r22, r18
    2462:	0e 94 a8 12 	call	0x2550	; 0x2550 <__divmodhi4>
    2466:	cb 01       	movw	r24, r22
    2468:	9e 83       	std	Y+6, r25	; 0x06
    246a:	8d 83       	std	Y+5, r24	; 0x05
	{
		rem=num%10;
		num/=10;
		temp=temp*10+rem;
	}
	while(temp!=1)
    246c:	8d 81       	ldd	r24, Y+5	; 0x05
    246e:	9e 81       	ldd	r25, Y+6	; 0x06
    2470:	81 30       	cpi	r24, 0x01	; 1
    2472:	91 05       	cpc	r25, r1
    2474:	21 f7       	brne	.-56     	; 0x243e <lcd_writenumber+0x84>
	{
		rem2=temp%10;
		LCD_vidWriteCharctr(rem2+48);
		temp/=10;
	}
}
    2476:	28 96       	adiw	r28, 0x08	; 8
    2478:	0f b6       	in	r0, 0x3f	; 63
    247a:	f8 94       	cli
    247c:	de bf       	out	0x3e, r29	; 62
    247e:	0f be       	out	0x3f, r0	; 63
    2480:	cd bf       	out	0x3d, r28	; 61
    2482:	cf 91       	pop	r28
    2484:	df 91       	pop	r29
    2486:	08 95       	ret

00002488 <USART_Init>:
/*************************************************************/
/* Description : this function Initialize USART Pheripherial */
/*************************************************************/

void USART_Init(void)
{
    2488:	df 93       	push	r29
    248a:	cf 93       	push	r28
    248c:	cd b7       	in	r28, 0x3d	; 61
    248e:	de b7       	in	r29, 0x3e	; 62
		 * 0 --> Disable : Not Take in Calculations of frame format Ninth bit
		 * 1 --> Enable  : Take in Calculations of frame format Ninth bit
	 	 * -------------------------------*
	*/

	UCSRB_Reg = 0b00011000 ;
    2490:	ea e2       	ldi	r30, 0x2A	; 42
    2492:	f0 e0       	ldi	r31, 0x00	; 0
    2494:	88 e1       	ldi	r24, 0x18	; 24
    2496:	80 83       	st	Z, r24
	 * 1 | 0 | 1 --> Reserved
	 * 1 | 1 | 0 --> Reserved
	 * 1 | 1 | 1 --> 9-bit
	 * ----------------------------------*
	 */
	UCSRC_Reg = 0b10000110 ;
    2498:	e0 e4       	ldi	r30, 0x40	; 64
    249a:	f0 e0       	ldi	r31, 0x00	; 0
    249c:	86 e8       	ldi	r24, 0x86	; 134
    249e:	80 83       	st	Z, r24
		 * Bit 11:0 – UBRR11:0: USART Baud Rate Register
		 * From Bit 11 to Bit 8 --> UBRRH
		 * From Bit 7  to Bit 0 --> UBRRL
		 * We Adjust Baud Rate From DataSheet Page 163 : 166 according to our frequency of MicroController and Specification
	*/
	UBRRL_Reg = 102 ;
    24a0:	e9 e2       	ldi	r30, 0x29	; 41
    24a2:	f0 e0       	ldi	r31, 0x00	; 0
    24a4:	86 e6       	ldi	r24, 0x66	; 102
    24a6:	80 83       	st	Z, r24
	UBRRH_Reg = 0 ;
    24a8:	e0 e4       	ldi	r30, 0x40	; 64
    24aa:	f0 e0       	ldi	r31, 0x00	; 0
    24ac:	10 82       	st	Z, r1

}
    24ae:	cf 91       	pop	r28
    24b0:	df 91       	pop	r29
    24b2:	08 95       	ret

000024b4 <USART_SendData>:
/***********************************************************************/
/* Description : this function to define USART_SendData functionality  */
/***********************************************************************/

void USART_SendData(u8 Data)
{
    24b4:	df 93       	push	r29
    24b6:	cf 93       	push	r28
    24b8:	0f 92       	push	r0
    24ba:	cd b7       	in	r28, 0x3d	; 61
    24bc:	de b7       	in	r29, 0x3e	; 62
    24be:	89 83       	std	Y+1, r24	; 0x01
	   * 0 --> Busy
	 */

	//in this function We check our data register if its become 1 in USCRA we can Transmit Data//

	while(GET_BIT(UCSRA_Reg,PIN5)==0); // UDRE: USART Data Register Empty , The UDRE Flag indicates if the transmit buffer (UDR) is ready to receive new data.
    24c0:	eb e2       	ldi	r30, 0x2B	; 43
    24c2:	f0 e0       	ldi	r31, 0x00	; 0
    24c4:	80 81       	ld	r24, Z
    24c6:	82 95       	swap	r24
    24c8:	86 95       	lsr	r24
    24ca:	87 70       	andi	r24, 0x07	; 7
    24cc:	88 2f       	mov	r24, r24
    24ce:	90 e0       	ldi	r25, 0x00	; 0
    24d0:	81 70       	andi	r24, 0x01	; 1
    24d2:	90 70       	andi	r25, 0x00	; 0
    24d4:	00 97       	sbiw	r24, 0x00	; 0
    24d6:	a1 f3       	breq	.-24     	; 0x24c0 <USART_SendData+0xc>
	// when it equal zero that mean that means the register is full of data and can't send now
	UDR_Reg = Data ;
    24d8:	ec e2       	ldi	r30, 0x2C	; 44
    24da:	f0 e0       	ldi	r31, 0x00	; 0
    24dc:	89 81       	ldd	r24, Y+1	; 0x01
    24de:	80 83       	st	Z, r24
}
    24e0:	0f 90       	pop	r0
    24e2:	cf 91       	pop	r28
    24e4:	df 91       	pop	r29
    24e6:	08 95       	ret

000024e8 <USART_ReceiveData>:
/*************************************************************************/
/* Description : this function to define USART_ReceiveData functionality */
/*************************************************************************/

u8  USART_ReceiveData(void)
{
    24e8:	df 93       	push	r29
    24ea:	cf 93       	push	r28
    24ec:	0f 92       	push	r0
    24ee:	cd b7       	in	r28, 0x3d	; 61
    24f0:	de b7       	in	r29, 0x3e	; 62
		   * 1 --> Data Complete
		   * 0 --> No Data
		 */

		//in this function We check our data register if its become 1 in USCRA we Receive Complete Data//
	while(GET_BIT(UCSRA_Reg,PIN7)==0);
    24f2:	eb e2       	ldi	r30, 0x2B	; 43
    24f4:	f0 e0       	ldi	r31, 0x00	; 0
    24f6:	80 81       	ld	r24, Z
    24f8:	88 23       	and	r24, r24
    24fa:	dc f7       	brge	.-10     	; 0x24f2 <USART_ReceiveData+0xa>

	RXData = UDR_Reg ;
    24fc:	ec e2       	ldi	r30, 0x2C	; 44
    24fe:	f0 e0       	ldi	r31, 0x00	; 0
    2500:	80 81       	ld	r24, Z
    2502:	89 83       	std	Y+1, r24	; 0x01

	return RXData;
    2504:	89 81       	ldd	r24, Y+1	; 0x01

}
    2506:	0f 90       	pop	r0
    2508:	cf 91       	pop	r28
    250a:	df 91       	pop	r29
    250c:	08 95       	ret

0000250e <main>:

//#include "USART.h"
#include "DIO_int.h"

int main()
{
    250e:	df 93       	push	r29
    2510:	cf 93       	push	r28
    2512:	cd b7       	in	r28, 0x3d	; 61
    2514:	de b7       	in	r29, 0x3e	; 62

		DIO_SetPinDirection(PORTD,PIN0,INPUT);  //  D0: Rx ( input )
    2516:	83 e0       	ldi	r24, 0x03	; 3
    2518:	60 e0       	ldi	r22, 0x00	; 0
    251a:	40 e0       	ldi	r20, 0x00	; 0
    251c:	0e 94 c8 09 	call	0x1390	; 0x1390 <DIO_SetPinDirection>
		DIO_SetPinDirection(PORTD,PIN1,OUTPUT); //  D1: Tx ( output )
    2520:	83 e0       	ldi	r24, 0x03	; 3
    2522:	61 e0       	ldi	r22, 0x01	; 1
    2524:	41 e0       	ldi	r20, 0x01	; 1
    2526:	0e 94 c8 09 	call	0x1390	; 0x1390 <DIO_SetPinDirection>

		DIO_SetPortDirection(PORTB,HIGH);
    252a:	81 e0       	ldi	r24, 0x01	; 1
    252c:	61 e0       	ldi	r22, 0x01	; 1
    252e:	0e 94 d0 0a 	call	0x15a0	; 0x15a0 <DIO_SetPortDirection>
		DIO_SetPortDirection(PORTC,HIGH);
    2532:	82 e0       	ldi	r24, 0x02	; 2
    2534:	61 e0       	ldi	r22, 0x01	; 1
    2536:	0e 94 d0 0a 	call	0x15a0	; 0x15a0 <DIO_SetPortDirection>
		DIO_SetPortDirection(PORTA,LOW);
    253a:	80 e0       	ldi	r24, 0x00	; 0
    253c:	60 e0       	ldi	r22, 0x00	; 0
    253e:	0e 94 d0 0a 	call	0x15a0	; 0x15a0 <DIO_SetPortDirection>

		ADC_Init();
    2542:	0e 94 f4 06 	call	0xde8	; 0xde8 <ADC_Init>
		LCD_vidInit();
    2546:	0e 94 52 0b 	call	0x16a4	; 0x16a4 <LCD_vidInit>
	//	USART_Init();
	
	while(1)
	{

		LM35();
    254a:	0e 94 49 07 	call	0xe92	; 0xe92 <LM35>
    254e:	fd cf       	rjmp	.-6      	; 0x254a <main+0x3c>

00002550 <__divmodhi4>:
    2550:	97 fb       	bst	r25, 7
    2552:	09 2e       	mov	r0, r25
    2554:	07 26       	eor	r0, r23
    2556:	0a d0       	rcall	.+20     	; 0x256c <__divmodhi4_neg1>
    2558:	77 fd       	sbrc	r23, 7
    255a:	04 d0       	rcall	.+8      	; 0x2564 <__divmodhi4_neg2>
    255c:	0c d0       	rcall	.+24     	; 0x2576 <__udivmodhi4>
    255e:	06 d0       	rcall	.+12     	; 0x256c <__divmodhi4_neg1>
    2560:	00 20       	and	r0, r0
    2562:	1a f4       	brpl	.+6      	; 0x256a <__divmodhi4_exit>

00002564 <__divmodhi4_neg2>:
    2564:	70 95       	com	r23
    2566:	61 95       	neg	r22
    2568:	7f 4f       	sbci	r23, 0xFF	; 255

0000256a <__divmodhi4_exit>:
    256a:	08 95       	ret

0000256c <__divmodhi4_neg1>:
    256c:	f6 f7       	brtc	.-4      	; 0x256a <__divmodhi4_exit>
    256e:	90 95       	com	r25
    2570:	81 95       	neg	r24
    2572:	9f 4f       	sbci	r25, 0xFF	; 255
    2574:	08 95       	ret

00002576 <__udivmodhi4>:
    2576:	aa 1b       	sub	r26, r26
    2578:	bb 1b       	sub	r27, r27
    257a:	51 e1       	ldi	r21, 0x11	; 17
    257c:	07 c0       	rjmp	.+14     	; 0x258c <__udivmodhi4_ep>

0000257e <__udivmodhi4_loop>:
    257e:	aa 1f       	adc	r26, r26
    2580:	bb 1f       	adc	r27, r27
    2582:	a6 17       	cp	r26, r22
    2584:	b7 07       	cpc	r27, r23
    2586:	10 f0       	brcs	.+4      	; 0x258c <__udivmodhi4_ep>
    2588:	a6 1b       	sub	r26, r22
    258a:	b7 0b       	sbc	r27, r23

0000258c <__udivmodhi4_ep>:
    258c:	88 1f       	adc	r24, r24
    258e:	99 1f       	adc	r25, r25
    2590:	5a 95       	dec	r21
    2592:	a9 f7       	brne	.-22     	; 0x257e <__udivmodhi4_loop>
    2594:	80 95       	com	r24
    2596:	90 95       	com	r25
    2598:	bc 01       	movw	r22, r24
    259a:	cd 01       	movw	r24, r26
    259c:	08 95       	ret

0000259e <__prologue_saves__>:
    259e:	2f 92       	push	r2
    25a0:	3f 92       	push	r3
    25a2:	4f 92       	push	r4
    25a4:	5f 92       	push	r5
    25a6:	6f 92       	push	r6
    25a8:	7f 92       	push	r7
    25aa:	8f 92       	push	r8
    25ac:	9f 92       	push	r9
    25ae:	af 92       	push	r10
    25b0:	bf 92       	push	r11
    25b2:	cf 92       	push	r12
    25b4:	df 92       	push	r13
    25b6:	ef 92       	push	r14
    25b8:	ff 92       	push	r15
    25ba:	0f 93       	push	r16
    25bc:	1f 93       	push	r17
    25be:	cf 93       	push	r28
    25c0:	df 93       	push	r29
    25c2:	cd b7       	in	r28, 0x3d	; 61
    25c4:	de b7       	in	r29, 0x3e	; 62
    25c6:	ca 1b       	sub	r28, r26
    25c8:	db 0b       	sbc	r29, r27
    25ca:	0f b6       	in	r0, 0x3f	; 63
    25cc:	f8 94       	cli
    25ce:	de bf       	out	0x3e, r29	; 62
    25d0:	0f be       	out	0x3f, r0	; 63
    25d2:	cd bf       	out	0x3d, r28	; 61
    25d4:	09 94       	ijmp

000025d6 <__epilogue_restores__>:
    25d6:	2a 88       	ldd	r2, Y+18	; 0x12
    25d8:	39 88       	ldd	r3, Y+17	; 0x11
    25da:	48 88       	ldd	r4, Y+16	; 0x10
    25dc:	5f 84       	ldd	r5, Y+15	; 0x0f
    25de:	6e 84       	ldd	r6, Y+14	; 0x0e
    25e0:	7d 84       	ldd	r7, Y+13	; 0x0d
    25e2:	8c 84       	ldd	r8, Y+12	; 0x0c
    25e4:	9b 84       	ldd	r9, Y+11	; 0x0b
    25e6:	aa 84       	ldd	r10, Y+10	; 0x0a
    25e8:	b9 84       	ldd	r11, Y+9	; 0x09
    25ea:	c8 84       	ldd	r12, Y+8	; 0x08
    25ec:	df 80       	ldd	r13, Y+7	; 0x07
    25ee:	ee 80       	ldd	r14, Y+6	; 0x06
    25f0:	fd 80       	ldd	r15, Y+5	; 0x05
    25f2:	0c 81       	ldd	r16, Y+4	; 0x04
    25f4:	1b 81       	ldd	r17, Y+3	; 0x03
    25f6:	aa 81       	ldd	r26, Y+2	; 0x02
    25f8:	b9 81       	ldd	r27, Y+1	; 0x01
    25fa:	ce 0f       	add	r28, r30
    25fc:	d1 1d       	adc	r29, r1
    25fe:	0f b6       	in	r0, 0x3f	; 63
    2600:	f8 94       	cli
    2602:	de bf       	out	0x3e, r29	; 62
    2604:	0f be       	out	0x3f, r0	; 63
    2606:	cd bf       	out	0x3d, r28	; 61
    2608:	ed 01       	movw	r28, r26
    260a:	08 95       	ret

0000260c <_exit>:
    260c:	f8 94       	cli

0000260e <__stop_program>:
    260e:	ff cf       	rjmp	.-2      	; 0x260e <__stop_program>
