
Project_7_GSM_Based_Fire_Alarm_System.elf:     file format elf32-avr

Sections:
Idx Name          Size      VMA       LMA       File off  Algn
  0 .text         000029e2  00000000  00000000  00000074  2**1
                  CONTENTS, ALLOC, LOAD, READONLY, CODE
  1 .data         0000006a  00800060  000029e2  00002a56  2**0
                  CONTENTS, ALLOC, LOAD, DATA
  2 .stab         0000219c  00000000  00000000  00002ac0  2**2
                  CONTENTS, READONLY, DEBUGGING
  3 .stabstr      00000b6d  00000000  00000000  00004c5c  2**0
                  CONTENTS, READONLY, DEBUGGING
  4 .debug_aranges 00000140  00000000  00000000  000057c9  2**0
                  CONTENTS, READONLY, DEBUGGING
  5 .debug_pubnames 00000170  00000000  00000000  00005909  2**0
                  CONTENTS, READONLY, DEBUGGING
  6 .debug_info   00001c49  00000000  00000000  00005a79  2**0
                  CONTENTS, READONLY, DEBUGGING
  7 .debug_abbrev 00000eeb  00000000  00000000  000076c2  2**0
                  CONTENTS, READONLY, DEBUGGING
  8 .debug_line   00000dad  00000000  00000000  000085ad  2**0
                  CONTENTS, READONLY, DEBUGGING
  9 .debug_frame  00000160  00000000  00000000  0000935c  2**2
                  CONTENTS, READONLY, DEBUGGING
 10 .debug_str    0000028d  00000000  00000000  000094bc  2**0
                  CONTENTS, READONLY, DEBUGGING
 11 .debug_loc    000007ce  00000000  00000000  00009749  2**0
                  CONTENTS, READONLY, DEBUGGING
 12 .debug_ranges 00000050  00000000  00000000  00009f17  2**0
                  CONTENTS, READONLY, DEBUGGING

Disassembly of section .text:

00000000 <__vectors>:
       0:	0c 94 2a 00 	jmp	0x54	; 0x54 <__ctors_end>
       4:	0c 94 3f 00 	jmp	0x7e	; 0x7e <__bad_interrupt>
       8:	0c 94 3f 00 	jmp	0x7e	; 0x7e <__bad_interrupt>
       c:	0c 94 3f 00 	jmp	0x7e	; 0x7e <__bad_interrupt>
      10:	0c 94 3f 00 	jmp	0x7e	; 0x7e <__bad_interrupt>
      14:	0c 94 3f 00 	jmp	0x7e	; 0x7e <__bad_interrupt>
      18:	0c 94 3f 00 	jmp	0x7e	; 0x7e <__bad_interrupt>
      1c:	0c 94 3f 00 	jmp	0x7e	; 0x7e <__bad_interrupt>
      20:	0c 94 3f 00 	jmp	0x7e	; 0x7e <__bad_interrupt>
      24:	0c 94 3f 00 	jmp	0x7e	; 0x7e <__bad_interrupt>
      28:	0c 94 3f 00 	jmp	0x7e	; 0x7e <__bad_interrupt>
      2c:	0c 94 3f 00 	jmp	0x7e	; 0x7e <__bad_interrupt>
      30:	0c 94 3f 00 	jmp	0x7e	; 0x7e <__bad_interrupt>
      34:	0c 94 3f 00 	jmp	0x7e	; 0x7e <__bad_interrupt>
      38:	0c 94 3f 00 	jmp	0x7e	; 0x7e <__bad_interrupt>
      3c:	0c 94 3f 00 	jmp	0x7e	; 0x7e <__bad_interrupt>
      40:	0c 94 3f 00 	jmp	0x7e	; 0x7e <__bad_interrupt>
      44:	0c 94 3f 00 	jmp	0x7e	; 0x7e <__bad_interrupt>
      48:	0c 94 3f 00 	jmp	0x7e	; 0x7e <__bad_interrupt>
      4c:	0c 94 3f 00 	jmp	0x7e	; 0x7e <__bad_interrupt>
      50:	0c 94 3f 00 	jmp	0x7e	; 0x7e <__bad_interrupt>

00000054 <__ctors_end>:
      54:	11 24       	eor	r1, r1
      56:	1f be       	out	0x3f, r1	; 63
      58:	cf e5       	ldi	r28, 0x5F	; 95
      5a:	d8 e0       	ldi	r29, 0x08	; 8
      5c:	de bf       	out	0x3e, r29	; 62
      5e:	cd bf       	out	0x3d, r28	; 61

00000060 <__do_copy_data>:
      60:	10 e0       	ldi	r17, 0x00	; 0
      62:	a0 e6       	ldi	r26, 0x60	; 96
      64:	b0 e0       	ldi	r27, 0x00	; 0
      66:	e2 ee       	ldi	r30, 0xE2	; 226
      68:	f9 e2       	ldi	r31, 0x29	; 41
      6a:	02 c0       	rjmp	.+4      	; 0x70 <.do_copy_data_start>

0000006c <.do_copy_data_loop>:
      6c:	05 90       	lpm	r0, Z+
      6e:	0d 92       	st	X+, r0

00000070 <.do_copy_data_start>:
      70:	aa 3c       	cpi	r26, 0xCA	; 202
      72:	b1 07       	cpc	r27, r17
      74:	d9 f7       	brne	.-10     	; 0x6c <.do_copy_data_loop>
      76:	0e 94 51 14 	call	0x28a2	; 0x28a2 <main>
      7a:	0c 94 ef 14 	jmp	0x29de	; 0x29de <_exit>

0000007e <__bad_interrupt>:
      7e:	0c 94 00 00 	jmp	0	; 0x0 <__vectors>

00000082 <__fixunssfsi>:
      82:	ef 92       	push	r14
      84:	ff 92       	push	r15
      86:	0f 93       	push	r16
      88:	1f 93       	push	r17
      8a:	7b 01       	movw	r14, r22
      8c:	8c 01       	movw	r16, r24
      8e:	20 e0       	ldi	r18, 0x00	; 0
      90:	30 e0       	ldi	r19, 0x00	; 0
      92:	40 e0       	ldi	r20, 0x00	; 0
      94:	5f e4       	ldi	r21, 0x4F	; 79
      96:	0e 94 41 03 	call	0x682	; 0x682 <__gesf2>
      9a:	88 23       	and	r24, r24
      9c:	8c f0       	brlt	.+34     	; 0xc0 <__fixunssfsi+0x3e>
      9e:	c8 01       	movw	r24, r16
      a0:	b7 01       	movw	r22, r14
      a2:	20 e0       	ldi	r18, 0x00	; 0
      a4:	30 e0       	ldi	r19, 0x00	; 0
      a6:	40 e0       	ldi	r20, 0x00	; 0
      a8:	5f e4       	ldi	r21, 0x4F	; 79
      aa:	0e 94 b9 01 	call	0x372	; 0x372 <__subsf3>
      ae:	0e 94 a1 03 	call	0x742	; 0x742 <__fixsfsi>
      b2:	9b 01       	movw	r18, r22
      b4:	ac 01       	movw	r20, r24
      b6:	20 50       	subi	r18, 0x00	; 0
      b8:	30 40       	sbci	r19, 0x00	; 0
      ba:	40 40       	sbci	r20, 0x00	; 0
      bc:	50 48       	sbci	r21, 0x80	; 128
      be:	06 c0       	rjmp	.+12     	; 0xcc <__fixunssfsi+0x4a>
      c0:	c8 01       	movw	r24, r16
      c2:	b7 01       	movw	r22, r14
      c4:	0e 94 a1 03 	call	0x742	; 0x742 <__fixsfsi>
      c8:	9b 01       	movw	r18, r22
      ca:	ac 01       	movw	r20, r24
      cc:	b9 01       	movw	r22, r18
      ce:	ca 01       	movw	r24, r20
      d0:	1f 91       	pop	r17
      d2:	0f 91       	pop	r16
      d4:	ff 90       	pop	r15
      d6:	ef 90       	pop	r14
      d8:	08 95       	ret

000000da <_fpadd_parts>:
      da:	a0 e0       	ldi	r26, 0x00	; 0
      dc:	b0 e0       	ldi	r27, 0x00	; 0
      de:	e3 e7       	ldi	r30, 0x73	; 115
      e0:	f0 e0       	ldi	r31, 0x00	; 0
      e2:	0c 94 af 14 	jmp	0x295e	; 0x295e <__prologue_saves__>
      e6:	dc 01       	movw	r26, r24
      e8:	2b 01       	movw	r4, r22
      ea:	fa 01       	movw	r30, r20
      ec:	9c 91       	ld	r25, X
      ee:	92 30       	cpi	r25, 0x02	; 2
      f0:	08 f4       	brcc	.+2      	; 0xf4 <_fpadd_parts+0x1a>
      f2:	39 c1       	rjmp	.+626    	; 0x366 <_fpadd_parts+0x28c>
      f4:	eb 01       	movw	r28, r22
      f6:	88 81       	ld	r24, Y
      f8:	82 30       	cpi	r24, 0x02	; 2
      fa:	08 f4       	brcc	.+2      	; 0xfe <_fpadd_parts+0x24>
      fc:	33 c1       	rjmp	.+614    	; 0x364 <_fpadd_parts+0x28a>
      fe:	94 30       	cpi	r25, 0x04	; 4
     100:	69 f4       	brne	.+26     	; 0x11c <_fpadd_parts+0x42>
     102:	84 30       	cpi	r24, 0x04	; 4
     104:	09 f0       	breq	.+2      	; 0x108 <_fpadd_parts+0x2e>
     106:	2f c1       	rjmp	.+606    	; 0x366 <_fpadd_parts+0x28c>
     108:	11 96       	adiw	r26, 0x01	; 1
     10a:	9c 91       	ld	r25, X
     10c:	11 97       	sbiw	r26, 0x01	; 1
     10e:	89 81       	ldd	r24, Y+1	; 0x01
     110:	98 17       	cp	r25, r24
     112:	09 f4       	brne	.+2      	; 0x116 <_fpadd_parts+0x3c>
     114:	28 c1       	rjmp	.+592    	; 0x366 <_fpadd_parts+0x28c>
     116:	a9 ea       	ldi	r26, 0xA9	; 169
     118:	b0 e0       	ldi	r27, 0x00	; 0
     11a:	25 c1       	rjmp	.+586    	; 0x366 <_fpadd_parts+0x28c>
     11c:	84 30       	cpi	r24, 0x04	; 4
     11e:	09 f4       	brne	.+2      	; 0x122 <_fpadd_parts+0x48>
     120:	21 c1       	rjmp	.+578    	; 0x364 <_fpadd_parts+0x28a>
     122:	82 30       	cpi	r24, 0x02	; 2
     124:	a9 f4       	brne	.+42     	; 0x150 <_fpadd_parts+0x76>
     126:	92 30       	cpi	r25, 0x02	; 2
     128:	09 f0       	breq	.+2      	; 0x12c <_fpadd_parts+0x52>
     12a:	1d c1       	rjmp	.+570    	; 0x366 <_fpadd_parts+0x28c>
     12c:	9a 01       	movw	r18, r20
     12e:	ad 01       	movw	r20, r26
     130:	88 e0       	ldi	r24, 0x08	; 8
     132:	ea 01       	movw	r28, r20
     134:	09 90       	ld	r0, Y+
     136:	ae 01       	movw	r20, r28
     138:	e9 01       	movw	r28, r18
     13a:	09 92       	st	Y+, r0
     13c:	9e 01       	movw	r18, r28
     13e:	81 50       	subi	r24, 0x01	; 1
     140:	c1 f7       	brne	.-16     	; 0x132 <_fpadd_parts+0x58>
     142:	e2 01       	movw	r28, r4
     144:	89 81       	ldd	r24, Y+1	; 0x01
     146:	11 96       	adiw	r26, 0x01	; 1
     148:	9c 91       	ld	r25, X
     14a:	89 23       	and	r24, r25
     14c:	81 83       	std	Z+1, r24	; 0x01
     14e:	08 c1       	rjmp	.+528    	; 0x360 <_fpadd_parts+0x286>
     150:	92 30       	cpi	r25, 0x02	; 2
     152:	09 f4       	brne	.+2      	; 0x156 <_fpadd_parts+0x7c>
     154:	07 c1       	rjmp	.+526    	; 0x364 <_fpadd_parts+0x28a>
     156:	12 96       	adiw	r26, 0x02	; 2
     158:	2d 90       	ld	r2, X+
     15a:	3c 90       	ld	r3, X
     15c:	13 97       	sbiw	r26, 0x03	; 3
     15e:	eb 01       	movw	r28, r22
     160:	8a 81       	ldd	r24, Y+2	; 0x02
     162:	9b 81       	ldd	r25, Y+3	; 0x03
     164:	14 96       	adiw	r26, 0x04	; 4
     166:	ad 90       	ld	r10, X+
     168:	bd 90       	ld	r11, X+
     16a:	cd 90       	ld	r12, X+
     16c:	dc 90       	ld	r13, X
     16e:	17 97       	sbiw	r26, 0x07	; 7
     170:	ec 80       	ldd	r14, Y+4	; 0x04
     172:	fd 80       	ldd	r15, Y+5	; 0x05
     174:	0e 81       	ldd	r16, Y+6	; 0x06
     176:	1f 81       	ldd	r17, Y+7	; 0x07
     178:	91 01       	movw	r18, r2
     17a:	28 1b       	sub	r18, r24
     17c:	39 0b       	sbc	r19, r25
     17e:	b9 01       	movw	r22, r18
     180:	37 ff       	sbrs	r19, 7
     182:	04 c0       	rjmp	.+8      	; 0x18c <_fpadd_parts+0xb2>
     184:	66 27       	eor	r22, r22
     186:	77 27       	eor	r23, r23
     188:	62 1b       	sub	r22, r18
     18a:	73 0b       	sbc	r23, r19
     18c:	60 32       	cpi	r22, 0x20	; 32
     18e:	71 05       	cpc	r23, r1
     190:	0c f0       	brlt	.+2      	; 0x194 <_fpadd_parts+0xba>
     192:	61 c0       	rjmp	.+194    	; 0x256 <_fpadd_parts+0x17c>
     194:	12 16       	cp	r1, r18
     196:	13 06       	cpc	r1, r19
     198:	6c f5       	brge	.+90     	; 0x1f4 <_fpadd_parts+0x11a>
     19a:	37 01       	movw	r6, r14
     19c:	48 01       	movw	r8, r16
     19e:	06 2e       	mov	r0, r22
     1a0:	04 c0       	rjmp	.+8      	; 0x1aa <_fpadd_parts+0xd0>
     1a2:	96 94       	lsr	r9
     1a4:	87 94       	ror	r8
     1a6:	77 94       	ror	r7
     1a8:	67 94       	ror	r6
     1aa:	0a 94       	dec	r0
     1ac:	d2 f7       	brpl	.-12     	; 0x1a2 <_fpadd_parts+0xc8>
     1ae:	21 e0       	ldi	r18, 0x01	; 1
     1b0:	30 e0       	ldi	r19, 0x00	; 0
     1b2:	40 e0       	ldi	r20, 0x00	; 0
     1b4:	50 e0       	ldi	r21, 0x00	; 0
     1b6:	04 c0       	rjmp	.+8      	; 0x1c0 <_fpadd_parts+0xe6>
     1b8:	22 0f       	add	r18, r18
     1ba:	33 1f       	adc	r19, r19
     1bc:	44 1f       	adc	r20, r20
     1be:	55 1f       	adc	r21, r21
     1c0:	6a 95       	dec	r22
     1c2:	d2 f7       	brpl	.-12     	; 0x1b8 <_fpadd_parts+0xde>
     1c4:	21 50       	subi	r18, 0x01	; 1
     1c6:	30 40       	sbci	r19, 0x00	; 0
     1c8:	40 40       	sbci	r20, 0x00	; 0
     1ca:	50 40       	sbci	r21, 0x00	; 0
     1cc:	2e 21       	and	r18, r14
     1ce:	3f 21       	and	r19, r15
     1d0:	40 23       	and	r20, r16
     1d2:	51 23       	and	r21, r17
     1d4:	21 15       	cp	r18, r1
     1d6:	31 05       	cpc	r19, r1
     1d8:	41 05       	cpc	r20, r1
     1da:	51 05       	cpc	r21, r1
     1dc:	21 f0       	breq	.+8      	; 0x1e6 <_fpadd_parts+0x10c>
     1de:	21 e0       	ldi	r18, 0x01	; 1
     1e0:	30 e0       	ldi	r19, 0x00	; 0
     1e2:	40 e0       	ldi	r20, 0x00	; 0
     1e4:	50 e0       	ldi	r21, 0x00	; 0
     1e6:	79 01       	movw	r14, r18
     1e8:	8a 01       	movw	r16, r20
     1ea:	e6 28       	or	r14, r6
     1ec:	f7 28       	or	r15, r7
     1ee:	08 29       	or	r16, r8
     1f0:	19 29       	or	r17, r9
     1f2:	3c c0       	rjmp	.+120    	; 0x26c <_fpadd_parts+0x192>
     1f4:	23 2b       	or	r18, r19
     1f6:	d1 f1       	breq	.+116    	; 0x26c <_fpadd_parts+0x192>
     1f8:	26 0e       	add	r2, r22
     1fa:	37 1e       	adc	r3, r23
     1fc:	35 01       	movw	r6, r10
     1fe:	46 01       	movw	r8, r12
     200:	06 2e       	mov	r0, r22
     202:	04 c0       	rjmp	.+8      	; 0x20c <_fpadd_parts+0x132>
     204:	96 94       	lsr	r9
     206:	87 94       	ror	r8
     208:	77 94       	ror	r7
     20a:	67 94       	ror	r6
     20c:	0a 94       	dec	r0
     20e:	d2 f7       	brpl	.-12     	; 0x204 <_fpadd_parts+0x12a>
     210:	21 e0       	ldi	r18, 0x01	; 1
     212:	30 e0       	ldi	r19, 0x00	; 0
     214:	40 e0       	ldi	r20, 0x00	; 0
     216:	50 e0       	ldi	r21, 0x00	; 0
     218:	04 c0       	rjmp	.+8      	; 0x222 <_fpadd_parts+0x148>
     21a:	22 0f       	add	r18, r18
     21c:	33 1f       	adc	r19, r19
     21e:	44 1f       	adc	r20, r20
     220:	55 1f       	adc	r21, r21
     222:	6a 95       	dec	r22
     224:	d2 f7       	brpl	.-12     	; 0x21a <_fpadd_parts+0x140>
     226:	21 50       	subi	r18, 0x01	; 1
     228:	30 40       	sbci	r19, 0x00	; 0
     22a:	40 40       	sbci	r20, 0x00	; 0
     22c:	50 40       	sbci	r21, 0x00	; 0
     22e:	2a 21       	and	r18, r10
     230:	3b 21       	and	r19, r11
     232:	4c 21       	and	r20, r12
     234:	5d 21       	and	r21, r13
     236:	21 15       	cp	r18, r1
     238:	31 05       	cpc	r19, r1
     23a:	41 05       	cpc	r20, r1
     23c:	51 05       	cpc	r21, r1
     23e:	21 f0       	breq	.+8      	; 0x248 <_fpadd_parts+0x16e>
     240:	21 e0       	ldi	r18, 0x01	; 1
     242:	30 e0       	ldi	r19, 0x00	; 0
     244:	40 e0       	ldi	r20, 0x00	; 0
     246:	50 e0       	ldi	r21, 0x00	; 0
     248:	59 01       	movw	r10, r18
     24a:	6a 01       	movw	r12, r20
     24c:	a6 28       	or	r10, r6
     24e:	b7 28       	or	r11, r7
     250:	c8 28       	or	r12, r8
     252:	d9 28       	or	r13, r9
     254:	0b c0       	rjmp	.+22     	; 0x26c <_fpadd_parts+0x192>
     256:	82 15       	cp	r24, r2
     258:	93 05       	cpc	r25, r3
     25a:	2c f0       	brlt	.+10     	; 0x266 <_fpadd_parts+0x18c>
     25c:	1c 01       	movw	r2, r24
     25e:	aa 24       	eor	r10, r10
     260:	bb 24       	eor	r11, r11
     262:	65 01       	movw	r12, r10
     264:	03 c0       	rjmp	.+6      	; 0x26c <_fpadd_parts+0x192>
     266:	ee 24       	eor	r14, r14
     268:	ff 24       	eor	r15, r15
     26a:	87 01       	movw	r16, r14
     26c:	11 96       	adiw	r26, 0x01	; 1
     26e:	9c 91       	ld	r25, X
     270:	d2 01       	movw	r26, r4
     272:	11 96       	adiw	r26, 0x01	; 1
     274:	8c 91       	ld	r24, X
     276:	98 17       	cp	r25, r24
     278:	09 f4       	brne	.+2      	; 0x27c <_fpadd_parts+0x1a2>
     27a:	45 c0       	rjmp	.+138    	; 0x306 <_fpadd_parts+0x22c>
     27c:	99 23       	and	r25, r25
     27e:	39 f0       	breq	.+14     	; 0x28e <_fpadd_parts+0x1b4>
     280:	a8 01       	movw	r20, r16
     282:	97 01       	movw	r18, r14
     284:	2a 19       	sub	r18, r10
     286:	3b 09       	sbc	r19, r11
     288:	4c 09       	sbc	r20, r12
     28a:	5d 09       	sbc	r21, r13
     28c:	06 c0       	rjmp	.+12     	; 0x29a <_fpadd_parts+0x1c0>
     28e:	a6 01       	movw	r20, r12
     290:	95 01       	movw	r18, r10
     292:	2e 19       	sub	r18, r14
     294:	3f 09       	sbc	r19, r15
     296:	40 0b       	sbc	r20, r16
     298:	51 0b       	sbc	r21, r17
     29a:	57 fd       	sbrc	r21, 7
     29c:	08 c0       	rjmp	.+16     	; 0x2ae <_fpadd_parts+0x1d4>
     29e:	11 82       	std	Z+1, r1	; 0x01
     2a0:	33 82       	std	Z+3, r3	; 0x03
     2a2:	22 82       	std	Z+2, r2	; 0x02
     2a4:	24 83       	std	Z+4, r18	; 0x04
     2a6:	35 83       	std	Z+5, r19	; 0x05
     2a8:	46 83       	std	Z+6, r20	; 0x06
     2aa:	57 83       	std	Z+7, r21	; 0x07
     2ac:	1d c0       	rjmp	.+58     	; 0x2e8 <_fpadd_parts+0x20e>
     2ae:	81 e0       	ldi	r24, 0x01	; 1
     2b0:	81 83       	std	Z+1, r24	; 0x01
     2b2:	33 82       	std	Z+3, r3	; 0x03
     2b4:	22 82       	std	Z+2, r2	; 0x02
     2b6:	88 27       	eor	r24, r24
     2b8:	99 27       	eor	r25, r25
     2ba:	dc 01       	movw	r26, r24
     2bc:	82 1b       	sub	r24, r18
     2be:	93 0b       	sbc	r25, r19
     2c0:	a4 0b       	sbc	r26, r20
     2c2:	b5 0b       	sbc	r27, r21
     2c4:	84 83       	std	Z+4, r24	; 0x04
     2c6:	95 83       	std	Z+5, r25	; 0x05
     2c8:	a6 83       	std	Z+6, r26	; 0x06
     2ca:	b7 83       	std	Z+7, r27	; 0x07
     2cc:	0d c0       	rjmp	.+26     	; 0x2e8 <_fpadd_parts+0x20e>
     2ce:	22 0f       	add	r18, r18
     2d0:	33 1f       	adc	r19, r19
     2d2:	44 1f       	adc	r20, r20
     2d4:	55 1f       	adc	r21, r21
     2d6:	24 83       	std	Z+4, r18	; 0x04
     2d8:	35 83       	std	Z+5, r19	; 0x05
     2da:	46 83       	std	Z+6, r20	; 0x06
     2dc:	57 83       	std	Z+7, r21	; 0x07
     2de:	82 81       	ldd	r24, Z+2	; 0x02
     2e0:	93 81       	ldd	r25, Z+3	; 0x03
     2e2:	01 97       	sbiw	r24, 0x01	; 1
     2e4:	93 83       	std	Z+3, r25	; 0x03
     2e6:	82 83       	std	Z+2, r24	; 0x02
     2e8:	24 81       	ldd	r18, Z+4	; 0x04
     2ea:	35 81       	ldd	r19, Z+5	; 0x05
     2ec:	46 81       	ldd	r20, Z+6	; 0x06
     2ee:	57 81       	ldd	r21, Z+7	; 0x07
     2f0:	da 01       	movw	r26, r20
     2f2:	c9 01       	movw	r24, r18
     2f4:	01 97       	sbiw	r24, 0x01	; 1
     2f6:	a1 09       	sbc	r26, r1
     2f8:	b1 09       	sbc	r27, r1
     2fa:	8f 5f       	subi	r24, 0xFF	; 255
     2fc:	9f 4f       	sbci	r25, 0xFF	; 255
     2fe:	af 4f       	sbci	r26, 0xFF	; 255
     300:	bf 43       	sbci	r27, 0x3F	; 63
     302:	28 f3       	brcs	.-54     	; 0x2ce <_fpadd_parts+0x1f4>
     304:	0b c0       	rjmp	.+22     	; 0x31c <_fpadd_parts+0x242>
     306:	91 83       	std	Z+1, r25	; 0x01
     308:	33 82       	std	Z+3, r3	; 0x03
     30a:	22 82       	std	Z+2, r2	; 0x02
     30c:	ea 0c       	add	r14, r10
     30e:	fb 1c       	adc	r15, r11
     310:	0c 1d       	adc	r16, r12
     312:	1d 1d       	adc	r17, r13
     314:	e4 82       	std	Z+4, r14	; 0x04
     316:	f5 82       	std	Z+5, r15	; 0x05
     318:	06 83       	std	Z+6, r16	; 0x06
     31a:	17 83       	std	Z+7, r17	; 0x07
     31c:	83 e0       	ldi	r24, 0x03	; 3
     31e:	80 83       	st	Z, r24
     320:	24 81       	ldd	r18, Z+4	; 0x04
     322:	35 81       	ldd	r19, Z+5	; 0x05
     324:	46 81       	ldd	r20, Z+6	; 0x06
     326:	57 81       	ldd	r21, Z+7	; 0x07
     328:	57 ff       	sbrs	r21, 7
     32a:	1a c0       	rjmp	.+52     	; 0x360 <_fpadd_parts+0x286>
     32c:	c9 01       	movw	r24, r18
     32e:	aa 27       	eor	r26, r26
     330:	97 fd       	sbrc	r25, 7
     332:	a0 95       	com	r26
     334:	ba 2f       	mov	r27, r26
     336:	81 70       	andi	r24, 0x01	; 1
     338:	90 70       	andi	r25, 0x00	; 0
     33a:	a0 70       	andi	r26, 0x00	; 0
     33c:	b0 70       	andi	r27, 0x00	; 0
     33e:	56 95       	lsr	r21
     340:	47 95       	ror	r20
     342:	37 95       	ror	r19
     344:	27 95       	ror	r18
     346:	82 2b       	or	r24, r18
     348:	93 2b       	or	r25, r19
     34a:	a4 2b       	or	r26, r20
     34c:	b5 2b       	or	r27, r21
     34e:	84 83       	std	Z+4, r24	; 0x04
     350:	95 83       	std	Z+5, r25	; 0x05
     352:	a6 83       	std	Z+6, r26	; 0x06
     354:	b7 83       	std	Z+7, r27	; 0x07
     356:	82 81       	ldd	r24, Z+2	; 0x02
     358:	93 81       	ldd	r25, Z+3	; 0x03
     35a:	01 96       	adiw	r24, 0x01	; 1
     35c:	93 83       	std	Z+3, r25	; 0x03
     35e:	82 83       	std	Z+2, r24	; 0x02
     360:	df 01       	movw	r26, r30
     362:	01 c0       	rjmp	.+2      	; 0x366 <_fpadd_parts+0x28c>
     364:	d2 01       	movw	r26, r4
     366:	cd 01       	movw	r24, r26
     368:	cd b7       	in	r28, 0x3d	; 61
     36a:	de b7       	in	r29, 0x3e	; 62
     36c:	e2 e1       	ldi	r30, 0x12	; 18
     36e:	0c 94 cb 14 	jmp	0x2996	; 0x2996 <__epilogue_restores__>

00000372 <__subsf3>:
     372:	a0 e2       	ldi	r26, 0x20	; 32
     374:	b0 e0       	ldi	r27, 0x00	; 0
     376:	ef eb       	ldi	r30, 0xBF	; 191
     378:	f1 e0       	ldi	r31, 0x01	; 1
     37a:	0c 94 bb 14 	jmp	0x2976	; 0x2976 <__prologue_saves__+0x18>
     37e:	69 83       	std	Y+1, r22	; 0x01
     380:	7a 83       	std	Y+2, r23	; 0x02
     382:	8b 83       	std	Y+3, r24	; 0x03
     384:	9c 83       	std	Y+4, r25	; 0x04
     386:	2d 83       	std	Y+5, r18	; 0x05
     388:	3e 83       	std	Y+6, r19	; 0x06
     38a:	4f 83       	std	Y+7, r20	; 0x07
     38c:	58 87       	std	Y+8, r21	; 0x08
     38e:	e9 e0       	ldi	r30, 0x09	; 9
     390:	ee 2e       	mov	r14, r30
     392:	f1 2c       	mov	r15, r1
     394:	ec 0e       	add	r14, r28
     396:	fd 1e       	adc	r15, r29
     398:	ce 01       	movw	r24, r28
     39a:	01 96       	adiw	r24, 0x01	; 1
     39c:	b7 01       	movw	r22, r14
     39e:	0e 94 ca 04 	call	0x994	; 0x994 <__unpack_f>
     3a2:	8e 01       	movw	r16, r28
     3a4:	0f 5e       	subi	r16, 0xEF	; 239
     3a6:	1f 4f       	sbci	r17, 0xFF	; 255
     3a8:	ce 01       	movw	r24, r28
     3aa:	05 96       	adiw	r24, 0x05	; 5
     3ac:	b8 01       	movw	r22, r16
     3ae:	0e 94 ca 04 	call	0x994	; 0x994 <__unpack_f>
     3b2:	8a 89       	ldd	r24, Y+18	; 0x12
     3b4:	91 e0       	ldi	r25, 0x01	; 1
     3b6:	89 27       	eor	r24, r25
     3b8:	8a 8b       	std	Y+18, r24	; 0x12
     3ba:	c7 01       	movw	r24, r14
     3bc:	b8 01       	movw	r22, r16
     3be:	ae 01       	movw	r20, r28
     3c0:	47 5e       	subi	r20, 0xE7	; 231
     3c2:	5f 4f       	sbci	r21, 0xFF	; 255
     3c4:	0e 94 6d 00 	call	0xda	; 0xda <_fpadd_parts>
     3c8:	0e 94 f5 03 	call	0x7ea	; 0x7ea <__pack_f>
     3cc:	a0 96       	adiw	r28, 0x20	; 32
     3ce:	e6 e0       	ldi	r30, 0x06	; 6
     3d0:	0c 94 d7 14 	jmp	0x29ae	; 0x29ae <__epilogue_restores__+0x18>

000003d4 <__addsf3>:
     3d4:	a0 e2       	ldi	r26, 0x20	; 32
     3d6:	b0 e0       	ldi	r27, 0x00	; 0
     3d8:	e0 ef       	ldi	r30, 0xF0	; 240
     3da:	f1 e0       	ldi	r31, 0x01	; 1
     3dc:	0c 94 bb 14 	jmp	0x2976	; 0x2976 <__prologue_saves__+0x18>
     3e0:	69 83       	std	Y+1, r22	; 0x01
     3e2:	7a 83       	std	Y+2, r23	; 0x02
     3e4:	8b 83       	std	Y+3, r24	; 0x03
     3e6:	9c 83       	std	Y+4, r25	; 0x04
     3e8:	2d 83       	std	Y+5, r18	; 0x05
     3ea:	3e 83       	std	Y+6, r19	; 0x06
     3ec:	4f 83       	std	Y+7, r20	; 0x07
     3ee:	58 87       	std	Y+8, r21	; 0x08
     3f0:	f9 e0       	ldi	r31, 0x09	; 9
     3f2:	ef 2e       	mov	r14, r31
     3f4:	f1 2c       	mov	r15, r1
     3f6:	ec 0e       	add	r14, r28
     3f8:	fd 1e       	adc	r15, r29
     3fa:	ce 01       	movw	r24, r28
     3fc:	01 96       	adiw	r24, 0x01	; 1
     3fe:	b7 01       	movw	r22, r14
     400:	0e 94 ca 04 	call	0x994	; 0x994 <__unpack_f>
     404:	8e 01       	movw	r16, r28
     406:	0f 5e       	subi	r16, 0xEF	; 239
     408:	1f 4f       	sbci	r17, 0xFF	; 255
     40a:	ce 01       	movw	r24, r28
     40c:	05 96       	adiw	r24, 0x05	; 5
     40e:	b8 01       	movw	r22, r16
     410:	0e 94 ca 04 	call	0x994	; 0x994 <__unpack_f>
     414:	c7 01       	movw	r24, r14
     416:	b8 01       	movw	r22, r16
     418:	ae 01       	movw	r20, r28
     41a:	47 5e       	subi	r20, 0xE7	; 231
     41c:	5f 4f       	sbci	r21, 0xFF	; 255
     41e:	0e 94 6d 00 	call	0xda	; 0xda <_fpadd_parts>
     422:	0e 94 f5 03 	call	0x7ea	; 0x7ea <__pack_f>
     426:	a0 96       	adiw	r28, 0x20	; 32
     428:	e6 e0       	ldi	r30, 0x06	; 6
     42a:	0c 94 d7 14 	jmp	0x29ae	; 0x29ae <__epilogue_restores__+0x18>

0000042e <__mulsf3>:
     42e:	a0 e2       	ldi	r26, 0x20	; 32
     430:	b0 e0       	ldi	r27, 0x00	; 0
     432:	ed e1       	ldi	r30, 0x1D	; 29
     434:	f2 e0       	ldi	r31, 0x02	; 2
     436:	0c 94 af 14 	jmp	0x295e	; 0x295e <__prologue_saves__>
     43a:	69 83       	std	Y+1, r22	; 0x01
     43c:	7a 83       	std	Y+2, r23	; 0x02
     43e:	8b 83       	std	Y+3, r24	; 0x03
     440:	9c 83       	std	Y+4, r25	; 0x04
     442:	2d 83       	std	Y+5, r18	; 0x05
     444:	3e 83       	std	Y+6, r19	; 0x06
     446:	4f 83       	std	Y+7, r20	; 0x07
     448:	58 87       	std	Y+8, r21	; 0x08
     44a:	ce 01       	movw	r24, r28
     44c:	01 96       	adiw	r24, 0x01	; 1
     44e:	be 01       	movw	r22, r28
     450:	67 5f       	subi	r22, 0xF7	; 247
     452:	7f 4f       	sbci	r23, 0xFF	; 255
     454:	0e 94 ca 04 	call	0x994	; 0x994 <__unpack_f>
     458:	ce 01       	movw	r24, r28
     45a:	05 96       	adiw	r24, 0x05	; 5
     45c:	be 01       	movw	r22, r28
     45e:	6f 5e       	subi	r22, 0xEF	; 239
     460:	7f 4f       	sbci	r23, 0xFF	; 255
     462:	0e 94 ca 04 	call	0x994	; 0x994 <__unpack_f>
     466:	99 85       	ldd	r25, Y+9	; 0x09
     468:	92 30       	cpi	r25, 0x02	; 2
     46a:	88 f0       	brcs	.+34     	; 0x48e <__mulsf3+0x60>
     46c:	89 89       	ldd	r24, Y+17	; 0x11
     46e:	82 30       	cpi	r24, 0x02	; 2
     470:	c8 f0       	brcs	.+50     	; 0x4a4 <__mulsf3+0x76>
     472:	94 30       	cpi	r25, 0x04	; 4
     474:	19 f4       	brne	.+6      	; 0x47c <__mulsf3+0x4e>
     476:	82 30       	cpi	r24, 0x02	; 2
     478:	51 f4       	brne	.+20     	; 0x48e <__mulsf3+0x60>
     47a:	04 c0       	rjmp	.+8      	; 0x484 <__mulsf3+0x56>
     47c:	84 30       	cpi	r24, 0x04	; 4
     47e:	29 f4       	brne	.+10     	; 0x48a <__mulsf3+0x5c>
     480:	92 30       	cpi	r25, 0x02	; 2
     482:	81 f4       	brne	.+32     	; 0x4a4 <__mulsf3+0x76>
     484:	89 ea       	ldi	r24, 0xA9	; 169
     486:	90 e0       	ldi	r25, 0x00	; 0
     488:	c6 c0       	rjmp	.+396    	; 0x616 <__mulsf3+0x1e8>
     48a:	92 30       	cpi	r25, 0x02	; 2
     48c:	49 f4       	brne	.+18     	; 0x4a0 <__mulsf3+0x72>
     48e:	20 e0       	ldi	r18, 0x00	; 0
     490:	9a 85       	ldd	r25, Y+10	; 0x0a
     492:	8a 89       	ldd	r24, Y+18	; 0x12
     494:	98 13       	cpse	r25, r24
     496:	21 e0       	ldi	r18, 0x01	; 1
     498:	2a 87       	std	Y+10, r18	; 0x0a
     49a:	ce 01       	movw	r24, r28
     49c:	09 96       	adiw	r24, 0x09	; 9
     49e:	bb c0       	rjmp	.+374    	; 0x616 <__mulsf3+0x1e8>
     4a0:	82 30       	cpi	r24, 0x02	; 2
     4a2:	49 f4       	brne	.+18     	; 0x4b6 <__mulsf3+0x88>
     4a4:	20 e0       	ldi	r18, 0x00	; 0
     4a6:	9a 85       	ldd	r25, Y+10	; 0x0a
     4a8:	8a 89       	ldd	r24, Y+18	; 0x12
     4aa:	98 13       	cpse	r25, r24
     4ac:	21 e0       	ldi	r18, 0x01	; 1
     4ae:	2a 8b       	std	Y+18, r18	; 0x12
     4b0:	ce 01       	movw	r24, r28
     4b2:	41 96       	adiw	r24, 0x11	; 17
     4b4:	b0 c0       	rjmp	.+352    	; 0x616 <__mulsf3+0x1e8>
     4b6:	2d 84       	ldd	r2, Y+13	; 0x0d
     4b8:	3e 84       	ldd	r3, Y+14	; 0x0e
     4ba:	4f 84       	ldd	r4, Y+15	; 0x0f
     4bc:	58 88       	ldd	r5, Y+16	; 0x10
     4be:	6d 88       	ldd	r6, Y+21	; 0x15
     4c0:	7e 88       	ldd	r7, Y+22	; 0x16
     4c2:	8f 88       	ldd	r8, Y+23	; 0x17
     4c4:	98 8c       	ldd	r9, Y+24	; 0x18
     4c6:	ee 24       	eor	r14, r14
     4c8:	ff 24       	eor	r15, r15
     4ca:	87 01       	movw	r16, r14
     4cc:	aa 24       	eor	r10, r10
     4ce:	bb 24       	eor	r11, r11
     4d0:	65 01       	movw	r12, r10
     4d2:	40 e0       	ldi	r20, 0x00	; 0
     4d4:	50 e0       	ldi	r21, 0x00	; 0
     4d6:	60 e0       	ldi	r22, 0x00	; 0
     4d8:	70 e0       	ldi	r23, 0x00	; 0
     4da:	e0 e0       	ldi	r30, 0x00	; 0
     4dc:	f0 e0       	ldi	r31, 0x00	; 0
     4de:	c1 01       	movw	r24, r2
     4e0:	81 70       	andi	r24, 0x01	; 1
     4e2:	90 70       	andi	r25, 0x00	; 0
     4e4:	89 2b       	or	r24, r25
     4e6:	e9 f0       	breq	.+58     	; 0x522 <__mulsf3+0xf4>
     4e8:	e6 0c       	add	r14, r6
     4ea:	f7 1c       	adc	r15, r7
     4ec:	08 1d       	adc	r16, r8
     4ee:	19 1d       	adc	r17, r9
     4f0:	9a 01       	movw	r18, r20
     4f2:	ab 01       	movw	r20, r22
     4f4:	2a 0d       	add	r18, r10
     4f6:	3b 1d       	adc	r19, r11
     4f8:	4c 1d       	adc	r20, r12
     4fa:	5d 1d       	adc	r21, r13
     4fc:	80 e0       	ldi	r24, 0x00	; 0
     4fe:	90 e0       	ldi	r25, 0x00	; 0
     500:	a0 e0       	ldi	r26, 0x00	; 0
     502:	b0 e0       	ldi	r27, 0x00	; 0
     504:	e6 14       	cp	r14, r6
     506:	f7 04       	cpc	r15, r7
     508:	08 05       	cpc	r16, r8
     50a:	19 05       	cpc	r17, r9
     50c:	20 f4       	brcc	.+8      	; 0x516 <__mulsf3+0xe8>
     50e:	81 e0       	ldi	r24, 0x01	; 1
     510:	90 e0       	ldi	r25, 0x00	; 0
     512:	a0 e0       	ldi	r26, 0x00	; 0
     514:	b0 e0       	ldi	r27, 0x00	; 0
     516:	ba 01       	movw	r22, r20
     518:	a9 01       	movw	r20, r18
     51a:	48 0f       	add	r20, r24
     51c:	59 1f       	adc	r21, r25
     51e:	6a 1f       	adc	r22, r26
     520:	7b 1f       	adc	r23, r27
     522:	aa 0c       	add	r10, r10
     524:	bb 1c       	adc	r11, r11
     526:	cc 1c       	adc	r12, r12
     528:	dd 1c       	adc	r13, r13
     52a:	97 fe       	sbrs	r9, 7
     52c:	08 c0       	rjmp	.+16     	; 0x53e <__mulsf3+0x110>
     52e:	81 e0       	ldi	r24, 0x01	; 1
     530:	90 e0       	ldi	r25, 0x00	; 0
     532:	a0 e0       	ldi	r26, 0x00	; 0
     534:	b0 e0       	ldi	r27, 0x00	; 0
     536:	a8 2a       	or	r10, r24
     538:	b9 2a       	or	r11, r25
     53a:	ca 2a       	or	r12, r26
     53c:	db 2a       	or	r13, r27
     53e:	31 96       	adiw	r30, 0x01	; 1
     540:	e0 32       	cpi	r30, 0x20	; 32
     542:	f1 05       	cpc	r31, r1
     544:	49 f0       	breq	.+18     	; 0x558 <__mulsf3+0x12a>
     546:	66 0c       	add	r6, r6
     548:	77 1c       	adc	r7, r7
     54a:	88 1c       	adc	r8, r8
     54c:	99 1c       	adc	r9, r9
     54e:	56 94       	lsr	r5
     550:	47 94       	ror	r4
     552:	37 94       	ror	r3
     554:	27 94       	ror	r2
     556:	c3 cf       	rjmp	.-122    	; 0x4de <__mulsf3+0xb0>
     558:	fa 85       	ldd	r31, Y+10	; 0x0a
     55a:	ea 89       	ldd	r30, Y+18	; 0x12
     55c:	2b 89       	ldd	r18, Y+19	; 0x13
     55e:	3c 89       	ldd	r19, Y+20	; 0x14
     560:	8b 85       	ldd	r24, Y+11	; 0x0b
     562:	9c 85       	ldd	r25, Y+12	; 0x0c
     564:	28 0f       	add	r18, r24
     566:	39 1f       	adc	r19, r25
     568:	2e 5f       	subi	r18, 0xFE	; 254
     56a:	3f 4f       	sbci	r19, 0xFF	; 255
     56c:	17 c0       	rjmp	.+46     	; 0x59c <__mulsf3+0x16e>
     56e:	ca 01       	movw	r24, r20
     570:	81 70       	andi	r24, 0x01	; 1
     572:	90 70       	andi	r25, 0x00	; 0
     574:	89 2b       	or	r24, r25
     576:	61 f0       	breq	.+24     	; 0x590 <__mulsf3+0x162>
     578:	16 95       	lsr	r17
     57a:	07 95       	ror	r16
     57c:	f7 94       	ror	r15
     57e:	e7 94       	ror	r14
     580:	80 e0       	ldi	r24, 0x00	; 0
     582:	90 e0       	ldi	r25, 0x00	; 0
     584:	a0 e0       	ldi	r26, 0x00	; 0
     586:	b0 e8       	ldi	r27, 0x80	; 128
     588:	e8 2a       	or	r14, r24
     58a:	f9 2a       	or	r15, r25
     58c:	0a 2b       	or	r16, r26
     58e:	1b 2b       	or	r17, r27
     590:	76 95       	lsr	r23
     592:	67 95       	ror	r22
     594:	57 95       	ror	r21
     596:	47 95       	ror	r20
     598:	2f 5f       	subi	r18, 0xFF	; 255
     59a:	3f 4f       	sbci	r19, 0xFF	; 255
     59c:	77 fd       	sbrc	r23, 7
     59e:	e7 cf       	rjmp	.-50     	; 0x56e <__mulsf3+0x140>
     5a0:	0c c0       	rjmp	.+24     	; 0x5ba <__mulsf3+0x18c>
     5a2:	44 0f       	add	r20, r20
     5a4:	55 1f       	adc	r21, r21
     5a6:	66 1f       	adc	r22, r22
     5a8:	77 1f       	adc	r23, r23
     5aa:	17 fd       	sbrc	r17, 7
     5ac:	41 60       	ori	r20, 0x01	; 1
     5ae:	ee 0c       	add	r14, r14
     5b0:	ff 1c       	adc	r15, r15
     5b2:	00 1f       	adc	r16, r16
     5b4:	11 1f       	adc	r17, r17
     5b6:	21 50       	subi	r18, 0x01	; 1
     5b8:	30 40       	sbci	r19, 0x00	; 0
     5ba:	40 30       	cpi	r20, 0x00	; 0
     5bc:	90 e0       	ldi	r25, 0x00	; 0
     5be:	59 07       	cpc	r21, r25
     5c0:	90 e0       	ldi	r25, 0x00	; 0
     5c2:	69 07       	cpc	r22, r25
     5c4:	90 e4       	ldi	r25, 0x40	; 64
     5c6:	79 07       	cpc	r23, r25
     5c8:	60 f3       	brcs	.-40     	; 0x5a2 <__mulsf3+0x174>
     5ca:	2b 8f       	std	Y+27, r18	; 0x1b
     5cc:	3c 8f       	std	Y+28, r19	; 0x1c
     5ce:	db 01       	movw	r26, r22
     5d0:	ca 01       	movw	r24, r20
     5d2:	8f 77       	andi	r24, 0x7F	; 127
     5d4:	90 70       	andi	r25, 0x00	; 0
     5d6:	a0 70       	andi	r26, 0x00	; 0
     5d8:	b0 70       	andi	r27, 0x00	; 0
     5da:	80 34       	cpi	r24, 0x40	; 64
     5dc:	91 05       	cpc	r25, r1
     5de:	a1 05       	cpc	r26, r1
     5e0:	b1 05       	cpc	r27, r1
     5e2:	61 f4       	brne	.+24     	; 0x5fc <__mulsf3+0x1ce>
     5e4:	47 fd       	sbrc	r20, 7
     5e6:	0a c0       	rjmp	.+20     	; 0x5fc <__mulsf3+0x1ce>
     5e8:	e1 14       	cp	r14, r1
     5ea:	f1 04       	cpc	r15, r1
     5ec:	01 05       	cpc	r16, r1
     5ee:	11 05       	cpc	r17, r1
     5f0:	29 f0       	breq	.+10     	; 0x5fc <__mulsf3+0x1ce>
     5f2:	40 5c       	subi	r20, 0xC0	; 192
     5f4:	5f 4f       	sbci	r21, 0xFF	; 255
     5f6:	6f 4f       	sbci	r22, 0xFF	; 255
     5f8:	7f 4f       	sbci	r23, 0xFF	; 255
     5fa:	40 78       	andi	r20, 0x80	; 128
     5fc:	1a 8e       	std	Y+26, r1	; 0x1a
     5fe:	fe 17       	cp	r31, r30
     600:	11 f0       	breq	.+4      	; 0x606 <__mulsf3+0x1d8>
     602:	81 e0       	ldi	r24, 0x01	; 1
     604:	8a 8f       	std	Y+26, r24	; 0x1a
     606:	4d 8f       	std	Y+29, r20	; 0x1d
     608:	5e 8f       	std	Y+30, r21	; 0x1e
     60a:	6f 8f       	std	Y+31, r22	; 0x1f
     60c:	78 a3       	std	Y+32, r23	; 0x20
     60e:	83 e0       	ldi	r24, 0x03	; 3
     610:	89 8f       	std	Y+25, r24	; 0x19
     612:	ce 01       	movw	r24, r28
     614:	49 96       	adiw	r24, 0x19	; 25
     616:	0e 94 f5 03 	call	0x7ea	; 0x7ea <__pack_f>
     61a:	a0 96       	adiw	r28, 0x20	; 32
     61c:	e2 e1       	ldi	r30, 0x12	; 18
     61e:	0c 94 cb 14 	jmp	0x2996	; 0x2996 <__epilogue_restores__>

00000622 <__gtsf2>:
     622:	a8 e1       	ldi	r26, 0x18	; 24
     624:	b0 e0       	ldi	r27, 0x00	; 0
     626:	e7 e1       	ldi	r30, 0x17	; 23
     628:	f3 e0       	ldi	r31, 0x03	; 3
     62a:	0c 94 bb 14 	jmp	0x2976	; 0x2976 <__prologue_saves__+0x18>
     62e:	69 83       	std	Y+1, r22	; 0x01
     630:	7a 83       	std	Y+2, r23	; 0x02
     632:	8b 83       	std	Y+3, r24	; 0x03
     634:	9c 83       	std	Y+4, r25	; 0x04
     636:	2d 83       	std	Y+5, r18	; 0x05
     638:	3e 83       	std	Y+6, r19	; 0x06
     63a:	4f 83       	std	Y+7, r20	; 0x07
     63c:	58 87       	std	Y+8, r21	; 0x08
     63e:	89 e0       	ldi	r24, 0x09	; 9
     640:	e8 2e       	mov	r14, r24
     642:	f1 2c       	mov	r15, r1
     644:	ec 0e       	add	r14, r28
     646:	fd 1e       	adc	r15, r29
     648:	ce 01       	movw	r24, r28
     64a:	01 96       	adiw	r24, 0x01	; 1
     64c:	b7 01       	movw	r22, r14
     64e:	0e 94 ca 04 	call	0x994	; 0x994 <__unpack_f>
     652:	8e 01       	movw	r16, r28
     654:	0f 5e       	subi	r16, 0xEF	; 239
     656:	1f 4f       	sbci	r17, 0xFF	; 255
     658:	ce 01       	movw	r24, r28
     65a:	05 96       	adiw	r24, 0x05	; 5
     65c:	b8 01       	movw	r22, r16
     65e:	0e 94 ca 04 	call	0x994	; 0x994 <__unpack_f>
     662:	89 85       	ldd	r24, Y+9	; 0x09
     664:	82 30       	cpi	r24, 0x02	; 2
     666:	40 f0       	brcs	.+16     	; 0x678 <__gtsf2+0x56>
     668:	89 89       	ldd	r24, Y+17	; 0x11
     66a:	82 30       	cpi	r24, 0x02	; 2
     66c:	28 f0       	brcs	.+10     	; 0x678 <__gtsf2+0x56>
     66e:	c7 01       	movw	r24, r14
     670:	b8 01       	movw	r22, r16
     672:	0e 94 42 05 	call	0xa84	; 0xa84 <__fpcmp_parts_f>
     676:	01 c0       	rjmp	.+2      	; 0x67a <__gtsf2+0x58>
     678:	8f ef       	ldi	r24, 0xFF	; 255
     67a:	68 96       	adiw	r28, 0x18	; 24
     67c:	e6 e0       	ldi	r30, 0x06	; 6
     67e:	0c 94 d7 14 	jmp	0x29ae	; 0x29ae <__epilogue_restores__+0x18>

00000682 <__gesf2>:
     682:	a8 e1       	ldi	r26, 0x18	; 24
     684:	b0 e0       	ldi	r27, 0x00	; 0
     686:	e7 e4       	ldi	r30, 0x47	; 71
     688:	f3 e0       	ldi	r31, 0x03	; 3
     68a:	0c 94 bb 14 	jmp	0x2976	; 0x2976 <__prologue_saves__+0x18>
     68e:	69 83       	std	Y+1, r22	; 0x01
     690:	7a 83       	std	Y+2, r23	; 0x02
     692:	8b 83       	std	Y+3, r24	; 0x03
     694:	9c 83       	std	Y+4, r25	; 0x04
     696:	2d 83       	std	Y+5, r18	; 0x05
     698:	3e 83       	std	Y+6, r19	; 0x06
     69a:	4f 83       	std	Y+7, r20	; 0x07
     69c:	58 87       	std	Y+8, r21	; 0x08
     69e:	89 e0       	ldi	r24, 0x09	; 9
     6a0:	e8 2e       	mov	r14, r24
     6a2:	f1 2c       	mov	r15, r1
     6a4:	ec 0e       	add	r14, r28
     6a6:	fd 1e       	adc	r15, r29
     6a8:	ce 01       	movw	r24, r28
     6aa:	01 96       	adiw	r24, 0x01	; 1
     6ac:	b7 01       	movw	r22, r14
     6ae:	0e 94 ca 04 	call	0x994	; 0x994 <__unpack_f>
     6b2:	8e 01       	movw	r16, r28
     6b4:	0f 5e       	subi	r16, 0xEF	; 239
     6b6:	1f 4f       	sbci	r17, 0xFF	; 255
     6b8:	ce 01       	movw	r24, r28
     6ba:	05 96       	adiw	r24, 0x05	; 5
     6bc:	b8 01       	movw	r22, r16
     6be:	0e 94 ca 04 	call	0x994	; 0x994 <__unpack_f>
     6c2:	89 85       	ldd	r24, Y+9	; 0x09
     6c4:	82 30       	cpi	r24, 0x02	; 2
     6c6:	40 f0       	brcs	.+16     	; 0x6d8 <__gesf2+0x56>
     6c8:	89 89       	ldd	r24, Y+17	; 0x11
     6ca:	82 30       	cpi	r24, 0x02	; 2
     6cc:	28 f0       	brcs	.+10     	; 0x6d8 <__gesf2+0x56>
     6ce:	c7 01       	movw	r24, r14
     6d0:	b8 01       	movw	r22, r16
     6d2:	0e 94 42 05 	call	0xa84	; 0xa84 <__fpcmp_parts_f>
     6d6:	01 c0       	rjmp	.+2      	; 0x6da <__gesf2+0x58>
     6d8:	8f ef       	ldi	r24, 0xFF	; 255
     6da:	68 96       	adiw	r28, 0x18	; 24
     6dc:	e6 e0       	ldi	r30, 0x06	; 6
     6de:	0c 94 d7 14 	jmp	0x29ae	; 0x29ae <__epilogue_restores__+0x18>

000006e2 <__ltsf2>:
     6e2:	a8 e1       	ldi	r26, 0x18	; 24
     6e4:	b0 e0       	ldi	r27, 0x00	; 0
     6e6:	e7 e7       	ldi	r30, 0x77	; 119
     6e8:	f3 e0       	ldi	r31, 0x03	; 3
     6ea:	0c 94 bb 14 	jmp	0x2976	; 0x2976 <__prologue_saves__+0x18>
     6ee:	69 83       	std	Y+1, r22	; 0x01
     6f0:	7a 83       	std	Y+2, r23	; 0x02
     6f2:	8b 83       	std	Y+3, r24	; 0x03
     6f4:	9c 83       	std	Y+4, r25	; 0x04
     6f6:	2d 83       	std	Y+5, r18	; 0x05
     6f8:	3e 83       	std	Y+6, r19	; 0x06
     6fa:	4f 83       	std	Y+7, r20	; 0x07
     6fc:	58 87       	std	Y+8, r21	; 0x08
     6fe:	89 e0       	ldi	r24, 0x09	; 9
     700:	e8 2e       	mov	r14, r24
     702:	f1 2c       	mov	r15, r1
     704:	ec 0e       	add	r14, r28
     706:	fd 1e       	adc	r15, r29
     708:	ce 01       	movw	r24, r28
     70a:	01 96       	adiw	r24, 0x01	; 1
     70c:	b7 01       	movw	r22, r14
     70e:	0e 94 ca 04 	call	0x994	; 0x994 <__unpack_f>
     712:	8e 01       	movw	r16, r28
     714:	0f 5e       	subi	r16, 0xEF	; 239
     716:	1f 4f       	sbci	r17, 0xFF	; 255
     718:	ce 01       	movw	r24, r28
     71a:	05 96       	adiw	r24, 0x05	; 5
     71c:	b8 01       	movw	r22, r16
     71e:	0e 94 ca 04 	call	0x994	; 0x994 <__unpack_f>
     722:	89 85       	ldd	r24, Y+9	; 0x09
     724:	82 30       	cpi	r24, 0x02	; 2
     726:	40 f0       	brcs	.+16     	; 0x738 <__ltsf2+0x56>
     728:	89 89       	ldd	r24, Y+17	; 0x11
     72a:	82 30       	cpi	r24, 0x02	; 2
     72c:	28 f0       	brcs	.+10     	; 0x738 <__ltsf2+0x56>
     72e:	c7 01       	movw	r24, r14
     730:	b8 01       	movw	r22, r16
     732:	0e 94 42 05 	call	0xa84	; 0xa84 <__fpcmp_parts_f>
     736:	01 c0       	rjmp	.+2      	; 0x73a <__ltsf2+0x58>
     738:	81 e0       	ldi	r24, 0x01	; 1
     73a:	68 96       	adiw	r28, 0x18	; 24
     73c:	e6 e0       	ldi	r30, 0x06	; 6
     73e:	0c 94 d7 14 	jmp	0x29ae	; 0x29ae <__epilogue_restores__+0x18>

00000742 <__fixsfsi>:
     742:	ac e0       	ldi	r26, 0x0C	; 12
     744:	b0 e0       	ldi	r27, 0x00	; 0
     746:	e7 ea       	ldi	r30, 0xA7	; 167
     748:	f3 e0       	ldi	r31, 0x03	; 3
     74a:	0c 94 bf 14 	jmp	0x297e	; 0x297e <__prologue_saves__+0x20>
     74e:	69 83       	std	Y+1, r22	; 0x01
     750:	7a 83       	std	Y+2, r23	; 0x02
     752:	8b 83       	std	Y+3, r24	; 0x03
     754:	9c 83       	std	Y+4, r25	; 0x04
     756:	ce 01       	movw	r24, r28
     758:	01 96       	adiw	r24, 0x01	; 1
     75a:	be 01       	movw	r22, r28
     75c:	6b 5f       	subi	r22, 0xFB	; 251
     75e:	7f 4f       	sbci	r23, 0xFF	; 255
     760:	0e 94 ca 04 	call	0x994	; 0x994 <__unpack_f>
     764:	8d 81       	ldd	r24, Y+5	; 0x05
     766:	82 30       	cpi	r24, 0x02	; 2
     768:	61 f1       	breq	.+88     	; 0x7c2 <__fixsfsi+0x80>
     76a:	82 30       	cpi	r24, 0x02	; 2
     76c:	50 f1       	brcs	.+84     	; 0x7c2 <__fixsfsi+0x80>
     76e:	84 30       	cpi	r24, 0x04	; 4
     770:	21 f4       	brne	.+8      	; 0x77a <__fixsfsi+0x38>
     772:	8e 81       	ldd	r24, Y+6	; 0x06
     774:	88 23       	and	r24, r24
     776:	51 f1       	breq	.+84     	; 0x7cc <__fixsfsi+0x8a>
     778:	2e c0       	rjmp	.+92     	; 0x7d6 <__fixsfsi+0x94>
     77a:	2f 81       	ldd	r18, Y+7	; 0x07
     77c:	38 85       	ldd	r19, Y+8	; 0x08
     77e:	37 fd       	sbrc	r19, 7
     780:	20 c0       	rjmp	.+64     	; 0x7c2 <__fixsfsi+0x80>
     782:	6e 81       	ldd	r22, Y+6	; 0x06
     784:	2f 31       	cpi	r18, 0x1F	; 31
     786:	31 05       	cpc	r19, r1
     788:	1c f0       	brlt	.+6      	; 0x790 <__fixsfsi+0x4e>
     78a:	66 23       	and	r22, r22
     78c:	f9 f0       	breq	.+62     	; 0x7cc <__fixsfsi+0x8a>
     78e:	23 c0       	rjmp	.+70     	; 0x7d6 <__fixsfsi+0x94>
     790:	8e e1       	ldi	r24, 0x1E	; 30
     792:	90 e0       	ldi	r25, 0x00	; 0
     794:	82 1b       	sub	r24, r18
     796:	93 0b       	sbc	r25, r19
     798:	29 85       	ldd	r18, Y+9	; 0x09
     79a:	3a 85       	ldd	r19, Y+10	; 0x0a
     79c:	4b 85       	ldd	r20, Y+11	; 0x0b
     79e:	5c 85       	ldd	r21, Y+12	; 0x0c
     7a0:	04 c0       	rjmp	.+8      	; 0x7aa <__fixsfsi+0x68>
     7a2:	56 95       	lsr	r21
     7a4:	47 95       	ror	r20
     7a6:	37 95       	ror	r19
     7a8:	27 95       	ror	r18
     7aa:	8a 95       	dec	r24
     7ac:	d2 f7       	brpl	.-12     	; 0x7a2 <__fixsfsi+0x60>
     7ae:	66 23       	and	r22, r22
     7b0:	b1 f0       	breq	.+44     	; 0x7de <__fixsfsi+0x9c>
     7b2:	50 95       	com	r21
     7b4:	40 95       	com	r20
     7b6:	30 95       	com	r19
     7b8:	21 95       	neg	r18
     7ba:	3f 4f       	sbci	r19, 0xFF	; 255
     7bc:	4f 4f       	sbci	r20, 0xFF	; 255
     7be:	5f 4f       	sbci	r21, 0xFF	; 255
     7c0:	0e c0       	rjmp	.+28     	; 0x7de <__fixsfsi+0x9c>
     7c2:	20 e0       	ldi	r18, 0x00	; 0
     7c4:	30 e0       	ldi	r19, 0x00	; 0
     7c6:	40 e0       	ldi	r20, 0x00	; 0
     7c8:	50 e0       	ldi	r21, 0x00	; 0
     7ca:	09 c0       	rjmp	.+18     	; 0x7de <__fixsfsi+0x9c>
     7cc:	2f ef       	ldi	r18, 0xFF	; 255
     7ce:	3f ef       	ldi	r19, 0xFF	; 255
     7d0:	4f ef       	ldi	r20, 0xFF	; 255
     7d2:	5f e7       	ldi	r21, 0x7F	; 127
     7d4:	04 c0       	rjmp	.+8      	; 0x7de <__fixsfsi+0x9c>
     7d6:	20 e0       	ldi	r18, 0x00	; 0
     7d8:	30 e0       	ldi	r19, 0x00	; 0
     7da:	40 e0       	ldi	r20, 0x00	; 0
     7dc:	50 e8       	ldi	r21, 0x80	; 128
     7de:	b9 01       	movw	r22, r18
     7e0:	ca 01       	movw	r24, r20
     7e2:	2c 96       	adiw	r28, 0x0c	; 12
     7e4:	e2 e0       	ldi	r30, 0x02	; 2
     7e6:	0c 94 db 14 	jmp	0x29b6	; 0x29b6 <__epilogue_restores__+0x20>

000007ea <__pack_f>:
     7ea:	df 92       	push	r13
     7ec:	ef 92       	push	r14
     7ee:	ff 92       	push	r15
     7f0:	0f 93       	push	r16
     7f2:	1f 93       	push	r17
     7f4:	fc 01       	movw	r30, r24
     7f6:	e4 80       	ldd	r14, Z+4	; 0x04
     7f8:	f5 80       	ldd	r15, Z+5	; 0x05
     7fa:	06 81       	ldd	r16, Z+6	; 0x06
     7fc:	17 81       	ldd	r17, Z+7	; 0x07
     7fe:	d1 80       	ldd	r13, Z+1	; 0x01
     800:	80 81       	ld	r24, Z
     802:	82 30       	cpi	r24, 0x02	; 2
     804:	48 f4       	brcc	.+18     	; 0x818 <__pack_f+0x2e>
     806:	80 e0       	ldi	r24, 0x00	; 0
     808:	90 e0       	ldi	r25, 0x00	; 0
     80a:	a0 e1       	ldi	r26, 0x10	; 16
     80c:	b0 e0       	ldi	r27, 0x00	; 0
     80e:	e8 2a       	or	r14, r24
     810:	f9 2a       	or	r15, r25
     812:	0a 2b       	or	r16, r26
     814:	1b 2b       	or	r17, r27
     816:	a5 c0       	rjmp	.+330    	; 0x962 <__stack+0x103>
     818:	84 30       	cpi	r24, 0x04	; 4
     81a:	09 f4       	brne	.+2      	; 0x81e <__pack_f+0x34>
     81c:	9f c0       	rjmp	.+318    	; 0x95c <__stack+0xfd>
     81e:	82 30       	cpi	r24, 0x02	; 2
     820:	21 f4       	brne	.+8      	; 0x82a <__pack_f+0x40>
     822:	ee 24       	eor	r14, r14
     824:	ff 24       	eor	r15, r15
     826:	87 01       	movw	r16, r14
     828:	05 c0       	rjmp	.+10     	; 0x834 <__pack_f+0x4a>
     82a:	e1 14       	cp	r14, r1
     82c:	f1 04       	cpc	r15, r1
     82e:	01 05       	cpc	r16, r1
     830:	11 05       	cpc	r17, r1
     832:	19 f4       	brne	.+6      	; 0x83a <__pack_f+0x50>
     834:	e0 e0       	ldi	r30, 0x00	; 0
     836:	f0 e0       	ldi	r31, 0x00	; 0
     838:	96 c0       	rjmp	.+300    	; 0x966 <__stack+0x107>
     83a:	62 81       	ldd	r22, Z+2	; 0x02
     83c:	73 81       	ldd	r23, Z+3	; 0x03
     83e:	9f ef       	ldi	r25, 0xFF	; 255
     840:	62 38       	cpi	r22, 0x82	; 130
     842:	79 07       	cpc	r23, r25
     844:	0c f0       	brlt	.+2      	; 0x848 <__pack_f+0x5e>
     846:	5b c0       	rjmp	.+182    	; 0x8fe <__stack+0x9f>
     848:	22 e8       	ldi	r18, 0x82	; 130
     84a:	3f ef       	ldi	r19, 0xFF	; 255
     84c:	26 1b       	sub	r18, r22
     84e:	37 0b       	sbc	r19, r23
     850:	2a 31       	cpi	r18, 0x1A	; 26
     852:	31 05       	cpc	r19, r1
     854:	2c f0       	brlt	.+10     	; 0x860 <__stack+0x1>
     856:	20 e0       	ldi	r18, 0x00	; 0
     858:	30 e0       	ldi	r19, 0x00	; 0
     85a:	40 e0       	ldi	r20, 0x00	; 0
     85c:	50 e0       	ldi	r21, 0x00	; 0
     85e:	2a c0       	rjmp	.+84     	; 0x8b4 <__stack+0x55>
     860:	b8 01       	movw	r22, r16
     862:	a7 01       	movw	r20, r14
     864:	02 2e       	mov	r0, r18
     866:	04 c0       	rjmp	.+8      	; 0x870 <__stack+0x11>
     868:	76 95       	lsr	r23
     86a:	67 95       	ror	r22
     86c:	57 95       	ror	r21
     86e:	47 95       	ror	r20
     870:	0a 94       	dec	r0
     872:	d2 f7       	brpl	.-12     	; 0x868 <__stack+0x9>
     874:	81 e0       	ldi	r24, 0x01	; 1
     876:	90 e0       	ldi	r25, 0x00	; 0
     878:	a0 e0       	ldi	r26, 0x00	; 0
     87a:	b0 e0       	ldi	r27, 0x00	; 0
     87c:	04 c0       	rjmp	.+8      	; 0x886 <__stack+0x27>
     87e:	88 0f       	add	r24, r24
     880:	99 1f       	adc	r25, r25
     882:	aa 1f       	adc	r26, r26
     884:	bb 1f       	adc	r27, r27
     886:	2a 95       	dec	r18
     888:	d2 f7       	brpl	.-12     	; 0x87e <__stack+0x1f>
     88a:	01 97       	sbiw	r24, 0x01	; 1
     88c:	a1 09       	sbc	r26, r1
     88e:	b1 09       	sbc	r27, r1
     890:	8e 21       	and	r24, r14
     892:	9f 21       	and	r25, r15
     894:	a0 23       	and	r26, r16
     896:	b1 23       	and	r27, r17
     898:	00 97       	sbiw	r24, 0x00	; 0
     89a:	a1 05       	cpc	r26, r1
     89c:	b1 05       	cpc	r27, r1
     89e:	21 f0       	breq	.+8      	; 0x8a8 <__stack+0x49>
     8a0:	81 e0       	ldi	r24, 0x01	; 1
     8a2:	90 e0       	ldi	r25, 0x00	; 0
     8a4:	a0 e0       	ldi	r26, 0x00	; 0
     8a6:	b0 e0       	ldi	r27, 0x00	; 0
     8a8:	9a 01       	movw	r18, r20
     8aa:	ab 01       	movw	r20, r22
     8ac:	28 2b       	or	r18, r24
     8ae:	39 2b       	or	r19, r25
     8b0:	4a 2b       	or	r20, r26
     8b2:	5b 2b       	or	r21, r27
     8b4:	da 01       	movw	r26, r20
     8b6:	c9 01       	movw	r24, r18
     8b8:	8f 77       	andi	r24, 0x7F	; 127
     8ba:	90 70       	andi	r25, 0x00	; 0
     8bc:	a0 70       	andi	r26, 0x00	; 0
     8be:	b0 70       	andi	r27, 0x00	; 0
     8c0:	80 34       	cpi	r24, 0x40	; 64
     8c2:	91 05       	cpc	r25, r1
     8c4:	a1 05       	cpc	r26, r1
     8c6:	b1 05       	cpc	r27, r1
     8c8:	39 f4       	brne	.+14     	; 0x8d8 <__stack+0x79>
     8ca:	27 ff       	sbrs	r18, 7
     8cc:	09 c0       	rjmp	.+18     	; 0x8e0 <__stack+0x81>
     8ce:	20 5c       	subi	r18, 0xC0	; 192
     8d0:	3f 4f       	sbci	r19, 0xFF	; 255
     8d2:	4f 4f       	sbci	r20, 0xFF	; 255
     8d4:	5f 4f       	sbci	r21, 0xFF	; 255
     8d6:	04 c0       	rjmp	.+8      	; 0x8e0 <__stack+0x81>
     8d8:	21 5c       	subi	r18, 0xC1	; 193
     8da:	3f 4f       	sbci	r19, 0xFF	; 255
     8dc:	4f 4f       	sbci	r20, 0xFF	; 255
     8de:	5f 4f       	sbci	r21, 0xFF	; 255
     8e0:	e0 e0       	ldi	r30, 0x00	; 0
     8e2:	f0 e0       	ldi	r31, 0x00	; 0
     8e4:	20 30       	cpi	r18, 0x00	; 0
     8e6:	a0 e0       	ldi	r26, 0x00	; 0
     8e8:	3a 07       	cpc	r19, r26
     8ea:	a0 e0       	ldi	r26, 0x00	; 0
     8ec:	4a 07       	cpc	r20, r26
     8ee:	a0 e4       	ldi	r26, 0x40	; 64
     8f0:	5a 07       	cpc	r21, r26
     8f2:	10 f0       	brcs	.+4      	; 0x8f8 <__stack+0x99>
     8f4:	e1 e0       	ldi	r30, 0x01	; 1
     8f6:	f0 e0       	ldi	r31, 0x00	; 0
     8f8:	79 01       	movw	r14, r18
     8fa:	8a 01       	movw	r16, r20
     8fc:	27 c0       	rjmp	.+78     	; 0x94c <__stack+0xed>
     8fe:	60 38       	cpi	r22, 0x80	; 128
     900:	71 05       	cpc	r23, r1
     902:	64 f5       	brge	.+88     	; 0x95c <__stack+0xfd>
     904:	fb 01       	movw	r30, r22
     906:	e1 58       	subi	r30, 0x81	; 129
     908:	ff 4f       	sbci	r31, 0xFF	; 255
     90a:	d8 01       	movw	r26, r16
     90c:	c7 01       	movw	r24, r14
     90e:	8f 77       	andi	r24, 0x7F	; 127
     910:	90 70       	andi	r25, 0x00	; 0
     912:	a0 70       	andi	r26, 0x00	; 0
     914:	b0 70       	andi	r27, 0x00	; 0
     916:	80 34       	cpi	r24, 0x40	; 64
     918:	91 05       	cpc	r25, r1
     91a:	a1 05       	cpc	r26, r1
     91c:	b1 05       	cpc	r27, r1
     91e:	39 f4       	brne	.+14     	; 0x92e <__stack+0xcf>
     920:	e7 fe       	sbrs	r14, 7
     922:	0d c0       	rjmp	.+26     	; 0x93e <__stack+0xdf>
     924:	80 e4       	ldi	r24, 0x40	; 64
     926:	90 e0       	ldi	r25, 0x00	; 0
     928:	a0 e0       	ldi	r26, 0x00	; 0
     92a:	b0 e0       	ldi	r27, 0x00	; 0
     92c:	04 c0       	rjmp	.+8      	; 0x936 <__stack+0xd7>
     92e:	8f e3       	ldi	r24, 0x3F	; 63
     930:	90 e0       	ldi	r25, 0x00	; 0
     932:	a0 e0       	ldi	r26, 0x00	; 0
     934:	b0 e0       	ldi	r27, 0x00	; 0
     936:	e8 0e       	add	r14, r24
     938:	f9 1e       	adc	r15, r25
     93a:	0a 1f       	adc	r16, r26
     93c:	1b 1f       	adc	r17, r27
     93e:	17 ff       	sbrs	r17, 7
     940:	05 c0       	rjmp	.+10     	; 0x94c <__stack+0xed>
     942:	16 95       	lsr	r17
     944:	07 95       	ror	r16
     946:	f7 94       	ror	r15
     948:	e7 94       	ror	r14
     94a:	31 96       	adiw	r30, 0x01	; 1
     94c:	87 e0       	ldi	r24, 0x07	; 7
     94e:	16 95       	lsr	r17
     950:	07 95       	ror	r16
     952:	f7 94       	ror	r15
     954:	e7 94       	ror	r14
     956:	8a 95       	dec	r24
     958:	d1 f7       	brne	.-12     	; 0x94e <__stack+0xef>
     95a:	05 c0       	rjmp	.+10     	; 0x966 <__stack+0x107>
     95c:	ee 24       	eor	r14, r14
     95e:	ff 24       	eor	r15, r15
     960:	87 01       	movw	r16, r14
     962:	ef ef       	ldi	r30, 0xFF	; 255
     964:	f0 e0       	ldi	r31, 0x00	; 0
     966:	6e 2f       	mov	r22, r30
     968:	67 95       	ror	r22
     96a:	66 27       	eor	r22, r22
     96c:	67 95       	ror	r22
     96e:	90 2f       	mov	r25, r16
     970:	9f 77       	andi	r25, 0x7F	; 127
     972:	d7 94       	ror	r13
     974:	dd 24       	eor	r13, r13
     976:	d7 94       	ror	r13
     978:	8e 2f       	mov	r24, r30
     97a:	86 95       	lsr	r24
     97c:	49 2f       	mov	r20, r25
     97e:	46 2b       	or	r20, r22
     980:	58 2f       	mov	r21, r24
     982:	5d 29       	or	r21, r13
     984:	b7 01       	movw	r22, r14
     986:	ca 01       	movw	r24, r20
     988:	1f 91       	pop	r17
     98a:	0f 91       	pop	r16
     98c:	ff 90       	pop	r15
     98e:	ef 90       	pop	r14
     990:	df 90       	pop	r13
     992:	08 95       	ret

00000994 <__unpack_f>:
     994:	fc 01       	movw	r30, r24
     996:	db 01       	movw	r26, r22
     998:	40 81       	ld	r20, Z
     99a:	51 81       	ldd	r21, Z+1	; 0x01
     99c:	22 81       	ldd	r18, Z+2	; 0x02
     99e:	62 2f       	mov	r22, r18
     9a0:	6f 77       	andi	r22, 0x7F	; 127
     9a2:	70 e0       	ldi	r23, 0x00	; 0
     9a4:	22 1f       	adc	r18, r18
     9a6:	22 27       	eor	r18, r18
     9a8:	22 1f       	adc	r18, r18
     9aa:	93 81       	ldd	r25, Z+3	; 0x03
     9ac:	89 2f       	mov	r24, r25
     9ae:	88 0f       	add	r24, r24
     9b0:	82 2b       	or	r24, r18
     9b2:	28 2f       	mov	r18, r24
     9b4:	30 e0       	ldi	r19, 0x00	; 0
     9b6:	99 1f       	adc	r25, r25
     9b8:	99 27       	eor	r25, r25
     9ba:	99 1f       	adc	r25, r25
     9bc:	11 96       	adiw	r26, 0x01	; 1
     9be:	9c 93       	st	X, r25
     9c0:	11 97       	sbiw	r26, 0x01	; 1
     9c2:	21 15       	cp	r18, r1
     9c4:	31 05       	cpc	r19, r1
     9c6:	a9 f5       	brne	.+106    	; 0xa32 <__unpack_f+0x9e>
     9c8:	41 15       	cp	r20, r1
     9ca:	51 05       	cpc	r21, r1
     9cc:	61 05       	cpc	r22, r1
     9ce:	71 05       	cpc	r23, r1
     9d0:	11 f4       	brne	.+4      	; 0x9d6 <__unpack_f+0x42>
     9d2:	82 e0       	ldi	r24, 0x02	; 2
     9d4:	37 c0       	rjmp	.+110    	; 0xa44 <__unpack_f+0xb0>
     9d6:	82 e8       	ldi	r24, 0x82	; 130
     9d8:	9f ef       	ldi	r25, 0xFF	; 255
     9da:	13 96       	adiw	r26, 0x03	; 3
     9dc:	9c 93       	st	X, r25
     9de:	8e 93       	st	-X, r24
     9e0:	12 97       	sbiw	r26, 0x02	; 2
     9e2:	9a 01       	movw	r18, r20
     9e4:	ab 01       	movw	r20, r22
     9e6:	67 e0       	ldi	r22, 0x07	; 7
     9e8:	22 0f       	add	r18, r18
     9ea:	33 1f       	adc	r19, r19
     9ec:	44 1f       	adc	r20, r20
     9ee:	55 1f       	adc	r21, r21
     9f0:	6a 95       	dec	r22
     9f2:	d1 f7       	brne	.-12     	; 0x9e8 <__unpack_f+0x54>
     9f4:	83 e0       	ldi	r24, 0x03	; 3
     9f6:	8c 93       	st	X, r24
     9f8:	0d c0       	rjmp	.+26     	; 0xa14 <__unpack_f+0x80>
     9fa:	22 0f       	add	r18, r18
     9fc:	33 1f       	adc	r19, r19
     9fe:	44 1f       	adc	r20, r20
     a00:	55 1f       	adc	r21, r21
     a02:	12 96       	adiw	r26, 0x02	; 2
     a04:	8d 91       	ld	r24, X+
     a06:	9c 91       	ld	r25, X
     a08:	13 97       	sbiw	r26, 0x03	; 3
     a0a:	01 97       	sbiw	r24, 0x01	; 1
     a0c:	13 96       	adiw	r26, 0x03	; 3
     a0e:	9c 93       	st	X, r25
     a10:	8e 93       	st	-X, r24
     a12:	12 97       	sbiw	r26, 0x02	; 2
     a14:	20 30       	cpi	r18, 0x00	; 0
     a16:	80 e0       	ldi	r24, 0x00	; 0
     a18:	38 07       	cpc	r19, r24
     a1a:	80 e0       	ldi	r24, 0x00	; 0
     a1c:	48 07       	cpc	r20, r24
     a1e:	80 e4       	ldi	r24, 0x40	; 64
     a20:	58 07       	cpc	r21, r24
     a22:	58 f3       	brcs	.-42     	; 0x9fa <__unpack_f+0x66>
     a24:	14 96       	adiw	r26, 0x04	; 4
     a26:	2d 93       	st	X+, r18
     a28:	3d 93       	st	X+, r19
     a2a:	4d 93       	st	X+, r20
     a2c:	5c 93       	st	X, r21
     a2e:	17 97       	sbiw	r26, 0x07	; 7
     a30:	08 95       	ret
     a32:	2f 3f       	cpi	r18, 0xFF	; 255
     a34:	31 05       	cpc	r19, r1
     a36:	79 f4       	brne	.+30     	; 0xa56 <__unpack_f+0xc2>
     a38:	41 15       	cp	r20, r1
     a3a:	51 05       	cpc	r21, r1
     a3c:	61 05       	cpc	r22, r1
     a3e:	71 05       	cpc	r23, r1
     a40:	19 f4       	brne	.+6      	; 0xa48 <__unpack_f+0xb4>
     a42:	84 e0       	ldi	r24, 0x04	; 4
     a44:	8c 93       	st	X, r24
     a46:	08 95       	ret
     a48:	64 ff       	sbrs	r22, 4
     a4a:	03 c0       	rjmp	.+6      	; 0xa52 <__unpack_f+0xbe>
     a4c:	81 e0       	ldi	r24, 0x01	; 1
     a4e:	8c 93       	st	X, r24
     a50:	12 c0       	rjmp	.+36     	; 0xa76 <__unpack_f+0xe2>
     a52:	1c 92       	st	X, r1
     a54:	10 c0       	rjmp	.+32     	; 0xa76 <__unpack_f+0xe2>
     a56:	2f 57       	subi	r18, 0x7F	; 127
     a58:	30 40       	sbci	r19, 0x00	; 0
     a5a:	13 96       	adiw	r26, 0x03	; 3
     a5c:	3c 93       	st	X, r19
     a5e:	2e 93       	st	-X, r18
     a60:	12 97       	sbiw	r26, 0x02	; 2
     a62:	83 e0       	ldi	r24, 0x03	; 3
     a64:	8c 93       	st	X, r24
     a66:	87 e0       	ldi	r24, 0x07	; 7
     a68:	44 0f       	add	r20, r20
     a6a:	55 1f       	adc	r21, r21
     a6c:	66 1f       	adc	r22, r22
     a6e:	77 1f       	adc	r23, r23
     a70:	8a 95       	dec	r24
     a72:	d1 f7       	brne	.-12     	; 0xa68 <__unpack_f+0xd4>
     a74:	70 64       	ori	r23, 0x40	; 64
     a76:	14 96       	adiw	r26, 0x04	; 4
     a78:	4d 93       	st	X+, r20
     a7a:	5d 93       	st	X+, r21
     a7c:	6d 93       	st	X+, r22
     a7e:	7c 93       	st	X, r23
     a80:	17 97       	sbiw	r26, 0x07	; 7
     a82:	08 95       	ret

00000a84 <__fpcmp_parts_f>:
     a84:	1f 93       	push	r17
     a86:	dc 01       	movw	r26, r24
     a88:	fb 01       	movw	r30, r22
     a8a:	9c 91       	ld	r25, X
     a8c:	92 30       	cpi	r25, 0x02	; 2
     a8e:	08 f4       	brcc	.+2      	; 0xa92 <__fpcmp_parts_f+0xe>
     a90:	47 c0       	rjmp	.+142    	; 0xb20 <__fpcmp_parts_f+0x9c>
     a92:	80 81       	ld	r24, Z
     a94:	82 30       	cpi	r24, 0x02	; 2
     a96:	08 f4       	brcc	.+2      	; 0xa9a <__fpcmp_parts_f+0x16>
     a98:	43 c0       	rjmp	.+134    	; 0xb20 <__fpcmp_parts_f+0x9c>
     a9a:	94 30       	cpi	r25, 0x04	; 4
     a9c:	51 f4       	brne	.+20     	; 0xab2 <__fpcmp_parts_f+0x2e>
     a9e:	11 96       	adiw	r26, 0x01	; 1
     aa0:	1c 91       	ld	r17, X
     aa2:	84 30       	cpi	r24, 0x04	; 4
     aa4:	99 f5       	brne	.+102    	; 0xb0c <__fpcmp_parts_f+0x88>
     aa6:	81 81       	ldd	r24, Z+1	; 0x01
     aa8:	68 2f       	mov	r22, r24
     aaa:	70 e0       	ldi	r23, 0x00	; 0
     aac:	61 1b       	sub	r22, r17
     aae:	71 09       	sbc	r23, r1
     ab0:	3f c0       	rjmp	.+126    	; 0xb30 <__fpcmp_parts_f+0xac>
     ab2:	84 30       	cpi	r24, 0x04	; 4
     ab4:	21 f0       	breq	.+8      	; 0xabe <__fpcmp_parts_f+0x3a>
     ab6:	92 30       	cpi	r25, 0x02	; 2
     ab8:	31 f4       	brne	.+12     	; 0xac6 <__fpcmp_parts_f+0x42>
     aba:	82 30       	cpi	r24, 0x02	; 2
     abc:	b9 f1       	breq	.+110    	; 0xb2c <__fpcmp_parts_f+0xa8>
     abe:	81 81       	ldd	r24, Z+1	; 0x01
     ac0:	88 23       	and	r24, r24
     ac2:	89 f1       	breq	.+98     	; 0xb26 <__fpcmp_parts_f+0xa2>
     ac4:	2d c0       	rjmp	.+90     	; 0xb20 <__fpcmp_parts_f+0x9c>
     ac6:	11 96       	adiw	r26, 0x01	; 1
     ac8:	1c 91       	ld	r17, X
     aca:	11 97       	sbiw	r26, 0x01	; 1
     acc:	82 30       	cpi	r24, 0x02	; 2
     ace:	f1 f0       	breq	.+60     	; 0xb0c <__fpcmp_parts_f+0x88>
     ad0:	81 81       	ldd	r24, Z+1	; 0x01
     ad2:	18 17       	cp	r17, r24
     ad4:	d9 f4       	brne	.+54     	; 0xb0c <__fpcmp_parts_f+0x88>
     ad6:	12 96       	adiw	r26, 0x02	; 2
     ad8:	2d 91       	ld	r18, X+
     ada:	3c 91       	ld	r19, X
     adc:	13 97       	sbiw	r26, 0x03	; 3
     ade:	82 81       	ldd	r24, Z+2	; 0x02
     ae0:	93 81       	ldd	r25, Z+3	; 0x03
     ae2:	82 17       	cp	r24, r18
     ae4:	93 07       	cpc	r25, r19
     ae6:	94 f0       	brlt	.+36     	; 0xb0c <__fpcmp_parts_f+0x88>
     ae8:	28 17       	cp	r18, r24
     aea:	39 07       	cpc	r19, r25
     aec:	bc f0       	brlt	.+46     	; 0xb1c <__fpcmp_parts_f+0x98>
     aee:	14 96       	adiw	r26, 0x04	; 4
     af0:	8d 91       	ld	r24, X+
     af2:	9d 91       	ld	r25, X+
     af4:	0d 90       	ld	r0, X+
     af6:	bc 91       	ld	r27, X
     af8:	a0 2d       	mov	r26, r0
     afa:	24 81       	ldd	r18, Z+4	; 0x04
     afc:	35 81       	ldd	r19, Z+5	; 0x05
     afe:	46 81       	ldd	r20, Z+6	; 0x06
     b00:	57 81       	ldd	r21, Z+7	; 0x07
     b02:	28 17       	cp	r18, r24
     b04:	39 07       	cpc	r19, r25
     b06:	4a 07       	cpc	r20, r26
     b08:	5b 07       	cpc	r21, r27
     b0a:	18 f4       	brcc	.+6      	; 0xb12 <__fpcmp_parts_f+0x8e>
     b0c:	11 23       	and	r17, r17
     b0e:	41 f0       	breq	.+16     	; 0xb20 <__fpcmp_parts_f+0x9c>
     b10:	0a c0       	rjmp	.+20     	; 0xb26 <__fpcmp_parts_f+0xa2>
     b12:	82 17       	cp	r24, r18
     b14:	93 07       	cpc	r25, r19
     b16:	a4 07       	cpc	r26, r20
     b18:	b5 07       	cpc	r27, r21
     b1a:	40 f4       	brcc	.+16     	; 0xb2c <__fpcmp_parts_f+0xa8>
     b1c:	11 23       	and	r17, r17
     b1e:	19 f0       	breq	.+6      	; 0xb26 <__fpcmp_parts_f+0xa2>
     b20:	61 e0       	ldi	r22, 0x01	; 1
     b22:	70 e0       	ldi	r23, 0x00	; 0
     b24:	05 c0       	rjmp	.+10     	; 0xb30 <__fpcmp_parts_f+0xac>
     b26:	6f ef       	ldi	r22, 0xFF	; 255
     b28:	7f ef       	ldi	r23, 0xFF	; 255
     b2a:	02 c0       	rjmp	.+4      	; 0xb30 <__fpcmp_parts_f+0xac>
     b2c:	60 e0       	ldi	r22, 0x00	; 0
     b2e:	70 e0       	ldi	r23, 0x00	; 0
     b30:	cb 01       	movw	r24, r22
     b32:	1f 91       	pop	r17
     b34:	08 95       	ret

00000b36 <DIO_SetPinValue>:
#include "DIO_int.h"
#include "DIO_reg.h"

/* IO Pins */
void DIO_SetPinValue(u8 u8PortIdCopy , u8 u8PinIdCopy, u8 u8PinValCopy)
{
     b36:	df 93       	push	r29
     b38:	cf 93       	push	r28
     b3a:	cd b7       	in	r28, 0x3d	; 61
     b3c:	de b7       	in	r29, 0x3e	; 62
     b3e:	27 97       	sbiw	r28, 0x07	; 7
     b40:	0f b6       	in	r0, 0x3f	; 63
     b42:	f8 94       	cli
     b44:	de bf       	out	0x3e, r29	; 62
     b46:	0f be       	out	0x3f, r0	; 63
     b48:	cd bf       	out	0x3d, r28	; 61
     b4a:	89 83       	std	Y+1, r24	; 0x01
     b4c:	6a 83       	std	Y+2, r22	; 0x02
     b4e:	4b 83       	std	Y+3, r20	; 0x03
	/* Make sure that the Port ID and Pin ID are in the valid range */
	if ((u8PortIdCopy <= PORTD) && (u8PinIdCopy <= PIN7))
     b50:	89 81       	ldd	r24, Y+1	; 0x01
     b52:	84 30       	cpi	r24, 0x04	; 4
     b54:	08 f0       	brcs	.+2      	; 0xb58 <DIO_SetPinValue+0x22>
     b56:	ee c0       	rjmp	.+476    	; 0xd34 <DIO_SetPinValue+0x1fe>
     b58:	8a 81       	ldd	r24, Y+2	; 0x02
     b5a:	88 30       	cpi	r24, 0x08	; 8
     b5c:	08 f0       	brcs	.+2      	; 0xb60 <DIO_SetPinValue+0x2a>
     b5e:	ea c0       	rjmp	.+468    	; 0xd34 <DIO_SetPinValue+0x1fe>
	{
		if (u8PinValCopy == HIGH)
     b60:	8b 81       	ldd	r24, Y+3	; 0x03
     b62:	81 30       	cpi	r24, 0x01	; 1
     b64:	09 f0       	breq	.+2      	; 0xb68 <DIO_SetPinValue+0x32>
     b66:	6f c0       	rjmp	.+222    	; 0xc46 <DIO_SetPinValue+0x110>
		{
			/* Check on the Required PORT Number */
			switch (u8PortIdCopy)
     b68:	89 81       	ldd	r24, Y+1	; 0x01
     b6a:	28 2f       	mov	r18, r24
     b6c:	30 e0       	ldi	r19, 0x00	; 0
     b6e:	3f 83       	std	Y+7, r19	; 0x07
     b70:	2e 83       	std	Y+6, r18	; 0x06
     b72:	8e 81       	ldd	r24, Y+6	; 0x06
     b74:	9f 81       	ldd	r25, Y+7	; 0x07
     b76:	81 30       	cpi	r24, 0x01	; 1
     b78:	91 05       	cpc	r25, r1
     b7a:	49 f1       	breq	.+82     	; 0xbce <DIO_SetPinValue+0x98>
     b7c:	2e 81       	ldd	r18, Y+6	; 0x06
     b7e:	3f 81       	ldd	r19, Y+7	; 0x07
     b80:	22 30       	cpi	r18, 0x02	; 2
     b82:	31 05       	cpc	r19, r1
     b84:	2c f4       	brge	.+10     	; 0xb90 <DIO_SetPinValue+0x5a>
     b86:	8e 81       	ldd	r24, Y+6	; 0x06
     b88:	9f 81       	ldd	r25, Y+7	; 0x07
     b8a:	00 97       	sbiw	r24, 0x00	; 0
     b8c:	61 f0       	breq	.+24     	; 0xba6 <DIO_SetPinValue+0x70>
     b8e:	d2 c0       	rjmp	.+420    	; 0xd34 <DIO_SetPinValue+0x1fe>
     b90:	2e 81       	ldd	r18, Y+6	; 0x06
     b92:	3f 81       	ldd	r19, Y+7	; 0x07
     b94:	22 30       	cpi	r18, 0x02	; 2
     b96:	31 05       	cpc	r19, r1
     b98:	71 f1       	breq	.+92     	; 0xbf6 <DIO_SetPinValue+0xc0>
     b9a:	8e 81       	ldd	r24, Y+6	; 0x06
     b9c:	9f 81       	ldd	r25, Y+7	; 0x07
     b9e:	83 30       	cpi	r24, 0x03	; 3
     ba0:	91 05       	cpc	r25, r1
     ba2:	e9 f1       	breq	.+122    	; 0xc1e <DIO_SetPinValue+0xe8>
     ba4:	c7 c0       	rjmp	.+398    	; 0xd34 <DIO_SetPinValue+0x1fe>
			{
				case PORTA: SET_BIT(PORTA_Register,u8PinIdCopy); break;
     ba6:	ab e3       	ldi	r26, 0x3B	; 59
     ba8:	b0 e0       	ldi	r27, 0x00	; 0
     baa:	eb e3       	ldi	r30, 0x3B	; 59
     bac:	f0 e0       	ldi	r31, 0x00	; 0
     bae:	80 81       	ld	r24, Z
     bb0:	48 2f       	mov	r20, r24
     bb2:	8a 81       	ldd	r24, Y+2	; 0x02
     bb4:	28 2f       	mov	r18, r24
     bb6:	30 e0       	ldi	r19, 0x00	; 0
     bb8:	81 e0       	ldi	r24, 0x01	; 1
     bba:	90 e0       	ldi	r25, 0x00	; 0
     bbc:	02 2e       	mov	r0, r18
     bbe:	02 c0       	rjmp	.+4      	; 0xbc4 <DIO_SetPinValue+0x8e>
     bc0:	88 0f       	add	r24, r24
     bc2:	99 1f       	adc	r25, r25
     bc4:	0a 94       	dec	r0
     bc6:	e2 f7       	brpl	.-8      	; 0xbc0 <DIO_SetPinValue+0x8a>
     bc8:	84 2b       	or	r24, r20
     bca:	8c 93       	st	X, r24
     bcc:	b3 c0       	rjmp	.+358    	; 0xd34 <DIO_SetPinValue+0x1fe>
				case PORTB: SET_BIT(PORTB_Register,u8PinIdCopy); break;
     bce:	a8 e3       	ldi	r26, 0x38	; 56
     bd0:	b0 e0       	ldi	r27, 0x00	; 0
     bd2:	e8 e3       	ldi	r30, 0x38	; 56
     bd4:	f0 e0       	ldi	r31, 0x00	; 0
     bd6:	80 81       	ld	r24, Z
     bd8:	48 2f       	mov	r20, r24
     bda:	8a 81       	ldd	r24, Y+2	; 0x02
     bdc:	28 2f       	mov	r18, r24
     bde:	30 e0       	ldi	r19, 0x00	; 0
     be0:	81 e0       	ldi	r24, 0x01	; 1
     be2:	90 e0       	ldi	r25, 0x00	; 0
     be4:	02 2e       	mov	r0, r18
     be6:	02 c0       	rjmp	.+4      	; 0xbec <DIO_SetPinValue+0xb6>
     be8:	88 0f       	add	r24, r24
     bea:	99 1f       	adc	r25, r25
     bec:	0a 94       	dec	r0
     bee:	e2 f7       	brpl	.-8      	; 0xbe8 <DIO_SetPinValue+0xb2>
     bf0:	84 2b       	or	r24, r20
     bf2:	8c 93       	st	X, r24
     bf4:	9f c0       	rjmp	.+318    	; 0xd34 <DIO_SetPinValue+0x1fe>
				case PORTC: SET_BIT(PORTC_Register,u8PinIdCopy); break;
     bf6:	a5 e3       	ldi	r26, 0x35	; 53
     bf8:	b0 e0       	ldi	r27, 0x00	; 0
     bfa:	e5 e3       	ldi	r30, 0x35	; 53
     bfc:	f0 e0       	ldi	r31, 0x00	; 0
     bfe:	80 81       	ld	r24, Z
     c00:	48 2f       	mov	r20, r24
     c02:	8a 81       	ldd	r24, Y+2	; 0x02
     c04:	28 2f       	mov	r18, r24
     c06:	30 e0       	ldi	r19, 0x00	; 0
     c08:	81 e0       	ldi	r24, 0x01	; 1
     c0a:	90 e0       	ldi	r25, 0x00	; 0
     c0c:	02 2e       	mov	r0, r18
     c0e:	02 c0       	rjmp	.+4      	; 0xc14 <DIO_SetPinValue+0xde>
     c10:	88 0f       	add	r24, r24
     c12:	99 1f       	adc	r25, r25
     c14:	0a 94       	dec	r0
     c16:	e2 f7       	brpl	.-8      	; 0xc10 <DIO_SetPinValue+0xda>
     c18:	84 2b       	or	r24, r20
     c1a:	8c 93       	st	X, r24
     c1c:	8b c0       	rjmp	.+278    	; 0xd34 <DIO_SetPinValue+0x1fe>
				case PORTD: SET_BIT(PORTD_Register,u8PinIdCopy); break;
     c1e:	a2 e3       	ldi	r26, 0x32	; 50
     c20:	b0 e0       	ldi	r27, 0x00	; 0
     c22:	e2 e3       	ldi	r30, 0x32	; 50
     c24:	f0 e0       	ldi	r31, 0x00	; 0
     c26:	80 81       	ld	r24, Z
     c28:	48 2f       	mov	r20, r24
     c2a:	8a 81       	ldd	r24, Y+2	; 0x02
     c2c:	28 2f       	mov	r18, r24
     c2e:	30 e0       	ldi	r19, 0x00	; 0
     c30:	81 e0       	ldi	r24, 0x01	; 1
     c32:	90 e0       	ldi	r25, 0x00	; 0
     c34:	02 2e       	mov	r0, r18
     c36:	02 c0       	rjmp	.+4      	; 0xc3c <DIO_SetPinValue+0x106>
     c38:	88 0f       	add	r24, r24
     c3a:	99 1f       	adc	r25, r25
     c3c:	0a 94       	dec	r0
     c3e:	e2 f7       	brpl	.-8      	; 0xc38 <DIO_SetPinValue+0x102>
     c40:	84 2b       	or	r24, r20
     c42:	8c 93       	st	X, r24
     c44:	77 c0       	rjmp	.+238    	; 0xd34 <DIO_SetPinValue+0x1fe>
			}

		}

		else if (u8PinValCopy == LOW)
     c46:	8b 81       	ldd	r24, Y+3	; 0x03
     c48:	88 23       	and	r24, r24
     c4a:	09 f0       	breq	.+2      	; 0xc4e <DIO_SetPinValue+0x118>
     c4c:	73 c0       	rjmp	.+230    	; 0xd34 <DIO_SetPinValue+0x1fe>
		{
			/* Check on the Required PORT Number */
			switch (u8PortIdCopy)
     c4e:	89 81       	ldd	r24, Y+1	; 0x01
     c50:	28 2f       	mov	r18, r24
     c52:	30 e0       	ldi	r19, 0x00	; 0
     c54:	3d 83       	std	Y+5, r19	; 0x05
     c56:	2c 83       	std	Y+4, r18	; 0x04
     c58:	8c 81       	ldd	r24, Y+4	; 0x04
     c5a:	9d 81       	ldd	r25, Y+5	; 0x05
     c5c:	81 30       	cpi	r24, 0x01	; 1
     c5e:	91 05       	cpc	r25, r1
     c60:	59 f1       	breq	.+86     	; 0xcb8 <DIO_SetPinValue+0x182>
     c62:	2c 81       	ldd	r18, Y+4	; 0x04
     c64:	3d 81       	ldd	r19, Y+5	; 0x05
     c66:	22 30       	cpi	r18, 0x02	; 2
     c68:	31 05       	cpc	r19, r1
     c6a:	2c f4       	brge	.+10     	; 0xc76 <DIO_SetPinValue+0x140>
     c6c:	8c 81       	ldd	r24, Y+4	; 0x04
     c6e:	9d 81       	ldd	r25, Y+5	; 0x05
     c70:	00 97       	sbiw	r24, 0x00	; 0
     c72:	69 f0       	breq	.+26     	; 0xc8e <DIO_SetPinValue+0x158>
     c74:	5f c0       	rjmp	.+190    	; 0xd34 <DIO_SetPinValue+0x1fe>
     c76:	2c 81       	ldd	r18, Y+4	; 0x04
     c78:	3d 81       	ldd	r19, Y+5	; 0x05
     c7a:	22 30       	cpi	r18, 0x02	; 2
     c7c:	31 05       	cpc	r19, r1
     c7e:	89 f1       	breq	.+98     	; 0xce2 <DIO_SetPinValue+0x1ac>
     c80:	8c 81       	ldd	r24, Y+4	; 0x04
     c82:	9d 81       	ldd	r25, Y+5	; 0x05
     c84:	83 30       	cpi	r24, 0x03	; 3
     c86:	91 05       	cpc	r25, r1
     c88:	09 f4       	brne	.+2      	; 0xc8c <DIO_SetPinValue+0x156>
     c8a:	40 c0       	rjmp	.+128    	; 0xd0c <DIO_SetPinValue+0x1d6>
     c8c:	53 c0       	rjmp	.+166    	; 0xd34 <DIO_SetPinValue+0x1fe>
			{
				case PORTA: CLR_BIT(PORTA_Register,u8PinIdCopy); break;
     c8e:	ab e3       	ldi	r26, 0x3B	; 59
     c90:	b0 e0       	ldi	r27, 0x00	; 0
     c92:	eb e3       	ldi	r30, 0x3B	; 59
     c94:	f0 e0       	ldi	r31, 0x00	; 0
     c96:	80 81       	ld	r24, Z
     c98:	48 2f       	mov	r20, r24
     c9a:	8a 81       	ldd	r24, Y+2	; 0x02
     c9c:	28 2f       	mov	r18, r24
     c9e:	30 e0       	ldi	r19, 0x00	; 0
     ca0:	81 e0       	ldi	r24, 0x01	; 1
     ca2:	90 e0       	ldi	r25, 0x00	; 0
     ca4:	02 2e       	mov	r0, r18
     ca6:	02 c0       	rjmp	.+4      	; 0xcac <DIO_SetPinValue+0x176>
     ca8:	88 0f       	add	r24, r24
     caa:	99 1f       	adc	r25, r25
     cac:	0a 94       	dec	r0
     cae:	e2 f7       	brpl	.-8      	; 0xca8 <DIO_SetPinValue+0x172>
     cb0:	80 95       	com	r24
     cb2:	84 23       	and	r24, r20
     cb4:	8c 93       	st	X, r24
     cb6:	3e c0       	rjmp	.+124    	; 0xd34 <DIO_SetPinValue+0x1fe>
				case PORTB: CLR_BIT(PORTB_Register,u8PinIdCopy); break;
     cb8:	a8 e3       	ldi	r26, 0x38	; 56
     cba:	b0 e0       	ldi	r27, 0x00	; 0
     cbc:	e8 e3       	ldi	r30, 0x38	; 56
     cbe:	f0 e0       	ldi	r31, 0x00	; 0
     cc0:	80 81       	ld	r24, Z
     cc2:	48 2f       	mov	r20, r24
     cc4:	8a 81       	ldd	r24, Y+2	; 0x02
     cc6:	28 2f       	mov	r18, r24
     cc8:	30 e0       	ldi	r19, 0x00	; 0
     cca:	81 e0       	ldi	r24, 0x01	; 1
     ccc:	90 e0       	ldi	r25, 0x00	; 0
     cce:	02 2e       	mov	r0, r18
     cd0:	02 c0       	rjmp	.+4      	; 0xcd6 <DIO_SetPinValue+0x1a0>
     cd2:	88 0f       	add	r24, r24
     cd4:	99 1f       	adc	r25, r25
     cd6:	0a 94       	dec	r0
     cd8:	e2 f7       	brpl	.-8      	; 0xcd2 <DIO_SetPinValue+0x19c>
     cda:	80 95       	com	r24
     cdc:	84 23       	and	r24, r20
     cde:	8c 93       	st	X, r24
     ce0:	29 c0       	rjmp	.+82     	; 0xd34 <DIO_SetPinValue+0x1fe>
				case PORTC: CLR_BIT(PORTC_Register,u8PinIdCopy); break;
     ce2:	a5 e3       	ldi	r26, 0x35	; 53
     ce4:	b0 e0       	ldi	r27, 0x00	; 0
     ce6:	e5 e3       	ldi	r30, 0x35	; 53
     ce8:	f0 e0       	ldi	r31, 0x00	; 0
     cea:	80 81       	ld	r24, Z
     cec:	48 2f       	mov	r20, r24
     cee:	8a 81       	ldd	r24, Y+2	; 0x02
     cf0:	28 2f       	mov	r18, r24
     cf2:	30 e0       	ldi	r19, 0x00	; 0
     cf4:	81 e0       	ldi	r24, 0x01	; 1
     cf6:	90 e0       	ldi	r25, 0x00	; 0
     cf8:	02 2e       	mov	r0, r18
     cfa:	02 c0       	rjmp	.+4      	; 0xd00 <DIO_SetPinValue+0x1ca>
     cfc:	88 0f       	add	r24, r24
     cfe:	99 1f       	adc	r25, r25
     d00:	0a 94       	dec	r0
     d02:	e2 f7       	brpl	.-8      	; 0xcfc <DIO_SetPinValue+0x1c6>
     d04:	80 95       	com	r24
     d06:	84 23       	and	r24, r20
     d08:	8c 93       	st	X, r24
     d0a:	14 c0       	rjmp	.+40     	; 0xd34 <DIO_SetPinValue+0x1fe>
				case PORTD: CLR_BIT(PORTD_Register,u8PinIdCopy); break;
     d0c:	a2 e3       	ldi	r26, 0x32	; 50
     d0e:	b0 e0       	ldi	r27, 0x00	; 0
     d10:	e2 e3       	ldi	r30, 0x32	; 50
     d12:	f0 e0       	ldi	r31, 0x00	; 0
     d14:	80 81       	ld	r24, Z
     d16:	48 2f       	mov	r20, r24
     d18:	8a 81       	ldd	r24, Y+2	; 0x02
     d1a:	28 2f       	mov	r18, r24
     d1c:	30 e0       	ldi	r19, 0x00	; 0
     d1e:	81 e0       	ldi	r24, 0x01	; 1
     d20:	90 e0       	ldi	r25, 0x00	; 0
     d22:	02 2e       	mov	r0, r18
     d24:	02 c0       	rjmp	.+4      	; 0xd2a <DIO_SetPinValue+0x1f4>
     d26:	88 0f       	add	r24, r24
     d28:	99 1f       	adc	r25, r25
     d2a:	0a 94       	dec	r0
     d2c:	e2 f7       	brpl	.-8      	; 0xd26 <DIO_SetPinValue+0x1f0>
     d2e:	80 95       	com	r24
     d30:	84 23       	and	r24, r20
     d32:	8c 93       	st	X, r24

	else
	{
		/* Do nothing, Error in the Pin ID or PORT ID */
	}
}
     d34:	27 96       	adiw	r28, 0x07	; 7
     d36:	0f b6       	in	r0, 0x3f	; 63
     d38:	f8 94       	cli
     d3a:	de bf       	out	0x3e, r29	; 62
     d3c:	0f be       	out	0x3f, r0	; 63
     d3e:	cd bf       	out	0x3d, r28	; 61
     d40:	cf 91       	pop	r28
     d42:	df 91       	pop	r29
     d44:	08 95       	ret

00000d46 <DIO_GetPinValue>:

u8 DIO_GetPinValue(u8 u8PortIdCopy, u8 u8PinIdCopy)
{
     d46:	df 93       	push	r29
     d48:	cf 93       	push	r28
     d4a:	00 d0       	rcall	.+0      	; 0xd4c <DIO_GetPinValue+0x6>
     d4c:	00 d0       	rcall	.+0      	; 0xd4e <DIO_GetPinValue+0x8>
     d4e:	0f 92       	push	r0
     d50:	cd b7       	in	r28, 0x3d	; 61
     d52:	de b7       	in	r29, 0x3e	; 62
     d54:	8a 83       	std	Y+2, r24	; 0x02
     d56:	6b 83       	std	Y+3, r22	; 0x03
	/* Define Local Variable to get the BIT Value */
	u8 u8ResultLocal;
	/* Make sure that the Port ID and Pin ID are in the valid range */
	if ((u8PortIdCopy <= PORTD) && (u8PinIdCopy <= PIN7))
     d58:	8a 81       	ldd	r24, Y+2	; 0x02
     d5a:	84 30       	cpi	r24, 0x04	; 4
     d5c:	08 f0       	brcs	.+2      	; 0xd60 <DIO_GetPinValue+0x1a>
     d5e:	6c c0       	rjmp	.+216    	; 0xe38 <DIO_GetPinValue+0xf2>
     d60:	8b 81       	ldd	r24, Y+3	; 0x03
     d62:	88 30       	cpi	r24, 0x08	; 8
     d64:	08 f0       	brcs	.+2      	; 0xd68 <DIO_GetPinValue+0x22>
     d66:	68 c0       	rjmp	.+208    	; 0xe38 <DIO_GetPinValue+0xf2>
	{
		/* Check on the Required PORT Number */
		switch (u8PortIdCopy)
     d68:	8a 81       	ldd	r24, Y+2	; 0x02
     d6a:	28 2f       	mov	r18, r24
     d6c:	30 e0       	ldi	r19, 0x00	; 0
     d6e:	3d 83       	std	Y+5, r19	; 0x05
     d70:	2c 83       	std	Y+4, r18	; 0x04
     d72:	4c 81       	ldd	r20, Y+4	; 0x04
     d74:	5d 81       	ldd	r21, Y+5	; 0x05
     d76:	41 30       	cpi	r20, 0x01	; 1
     d78:	51 05       	cpc	r21, r1
     d7a:	41 f1       	breq	.+80     	; 0xdcc <DIO_GetPinValue+0x86>
     d7c:	8c 81       	ldd	r24, Y+4	; 0x04
     d7e:	9d 81       	ldd	r25, Y+5	; 0x05
     d80:	82 30       	cpi	r24, 0x02	; 2
     d82:	91 05       	cpc	r25, r1
     d84:	34 f4       	brge	.+12     	; 0xd92 <DIO_GetPinValue+0x4c>
     d86:	2c 81       	ldd	r18, Y+4	; 0x04
     d88:	3d 81       	ldd	r19, Y+5	; 0x05
     d8a:	21 15       	cp	r18, r1
     d8c:	31 05       	cpc	r19, r1
     d8e:	61 f0       	breq	.+24     	; 0xda8 <DIO_GetPinValue+0x62>
     d90:	55 c0       	rjmp	.+170    	; 0xe3c <DIO_GetPinValue+0xf6>
     d92:	4c 81       	ldd	r20, Y+4	; 0x04
     d94:	5d 81       	ldd	r21, Y+5	; 0x05
     d96:	42 30       	cpi	r20, 0x02	; 2
     d98:	51 05       	cpc	r21, r1
     d9a:	51 f1       	breq	.+84     	; 0xdf0 <DIO_GetPinValue+0xaa>
     d9c:	8c 81       	ldd	r24, Y+4	; 0x04
     d9e:	9d 81       	ldd	r25, Y+5	; 0x05
     da0:	83 30       	cpi	r24, 0x03	; 3
     da2:	91 05       	cpc	r25, r1
     da4:	b9 f1       	breq	.+110    	; 0xe14 <DIO_GetPinValue+0xce>
     da6:	4a c0       	rjmp	.+148    	; 0xe3c <DIO_GetPinValue+0xf6>
		{
			case PORTA: u8ResultLocal= GET_BIT(PINA_Register,u8PinIdCopy); break;
     da8:	e9 e3       	ldi	r30, 0x39	; 57
     daa:	f0 e0       	ldi	r31, 0x00	; 0
     dac:	80 81       	ld	r24, Z
     dae:	28 2f       	mov	r18, r24
     db0:	30 e0       	ldi	r19, 0x00	; 0
     db2:	8b 81       	ldd	r24, Y+3	; 0x03
     db4:	88 2f       	mov	r24, r24
     db6:	90 e0       	ldi	r25, 0x00	; 0
     db8:	a9 01       	movw	r20, r18
     dba:	02 c0       	rjmp	.+4      	; 0xdc0 <DIO_GetPinValue+0x7a>
     dbc:	55 95       	asr	r21
     dbe:	47 95       	ror	r20
     dc0:	8a 95       	dec	r24
     dc2:	e2 f7       	brpl	.-8      	; 0xdbc <DIO_GetPinValue+0x76>
     dc4:	ca 01       	movw	r24, r20
     dc6:	81 70       	andi	r24, 0x01	; 1
     dc8:	89 83       	std	Y+1, r24	; 0x01
     dca:	38 c0       	rjmp	.+112    	; 0xe3c <DIO_GetPinValue+0xf6>
			case PORTB: u8ResultLocal= GET_BIT(PINB_Register,u8PinIdCopy); break;
     dcc:	e6 e3       	ldi	r30, 0x36	; 54
     dce:	f0 e0       	ldi	r31, 0x00	; 0
     dd0:	80 81       	ld	r24, Z
     dd2:	28 2f       	mov	r18, r24
     dd4:	30 e0       	ldi	r19, 0x00	; 0
     dd6:	8b 81       	ldd	r24, Y+3	; 0x03
     dd8:	88 2f       	mov	r24, r24
     dda:	90 e0       	ldi	r25, 0x00	; 0
     ddc:	a9 01       	movw	r20, r18
     dde:	02 c0       	rjmp	.+4      	; 0xde4 <DIO_GetPinValue+0x9e>
     de0:	55 95       	asr	r21
     de2:	47 95       	ror	r20
     de4:	8a 95       	dec	r24
     de6:	e2 f7       	brpl	.-8      	; 0xde0 <DIO_GetPinValue+0x9a>
     de8:	ca 01       	movw	r24, r20
     dea:	81 70       	andi	r24, 0x01	; 1
     dec:	89 83       	std	Y+1, r24	; 0x01
     dee:	26 c0       	rjmp	.+76     	; 0xe3c <DIO_GetPinValue+0xf6>
			case PORTC: u8ResultLocal= GET_BIT(PINC_Register,u8PinIdCopy); break;
     df0:	e3 e3       	ldi	r30, 0x33	; 51
     df2:	f0 e0       	ldi	r31, 0x00	; 0
     df4:	80 81       	ld	r24, Z
     df6:	28 2f       	mov	r18, r24
     df8:	30 e0       	ldi	r19, 0x00	; 0
     dfa:	8b 81       	ldd	r24, Y+3	; 0x03
     dfc:	88 2f       	mov	r24, r24
     dfe:	90 e0       	ldi	r25, 0x00	; 0
     e00:	a9 01       	movw	r20, r18
     e02:	02 c0       	rjmp	.+4      	; 0xe08 <DIO_GetPinValue+0xc2>
     e04:	55 95       	asr	r21
     e06:	47 95       	ror	r20
     e08:	8a 95       	dec	r24
     e0a:	e2 f7       	brpl	.-8      	; 0xe04 <DIO_GetPinValue+0xbe>
     e0c:	ca 01       	movw	r24, r20
     e0e:	81 70       	andi	r24, 0x01	; 1
     e10:	89 83       	std	Y+1, r24	; 0x01
     e12:	14 c0       	rjmp	.+40     	; 0xe3c <DIO_GetPinValue+0xf6>
			case PORTD: u8ResultLocal= GET_BIT(PIND_Register,u8PinIdCopy); break;
     e14:	e0 e3       	ldi	r30, 0x30	; 48
     e16:	f0 e0       	ldi	r31, 0x00	; 0
     e18:	80 81       	ld	r24, Z
     e1a:	28 2f       	mov	r18, r24
     e1c:	30 e0       	ldi	r19, 0x00	; 0
     e1e:	8b 81       	ldd	r24, Y+3	; 0x03
     e20:	88 2f       	mov	r24, r24
     e22:	90 e0       	ldi	r25, 0x00	; 0
     e24:	a9 01       	movw	r20, r18
     e26:	02 c0       	rjmp	.+4      	; 0xe2c <DIO_GetPinValue+0xe6>
     e28:	55 95       	asr	r21
     e2a:	47 95       	ror	r20
     e2c:	8a 95       	dec	r24
     e2e:	e2 f7       	brpl	.-8      	; 0xe28 <DIO_GetPinValue+0xe2>
     e30:	ca 01       	movw	r24, r20
     e32:	81 70       	andi	r24, 0x01	; 1
     e34:	89 83       	std	Y+1, r24	; 0x01
     e36:	02 c0       	rjmp	.+4      	; 0xe3c <DIO_GetPinValue+0xf6>
	}

	else
	{
		/* return 0xff in case of error in the Pin ID or PORT ID */
		u8ResultLocal = 0xFF;
     e38:	8f ef       	ldi	r24, 0xFF	; 255
     e3a:	89 83       	std	Y+1, r24	; 0x01
	}

	return u8ResultLocal;
     e3c:	89 81       	ldd	r24, Y+1	; 0x01
}
     e3e:	0f 90       	pop	r0
     e40:	0f 90       	pop	r0
     e42:	0f 90       	pop	r0
     e44:	0f 90       	pop	r0
     e46:	0f 90       	pop	r0
     e48:	cf 91       	pop	r28
     e4a:	df 91       	pop	r29
     e4c:	08 95       	ret

00000e4e <DIO_SetPinDirection>:

void DIO_SetPinDirection (u8 u8PortIdCopy, u8 u8PinIdCopy, u8 u8PinDirCopy)
{
     e4e:	df 93       	push	r29
     e50:	cf 93       	push	r28
     e52:	cd b7       	in	r28, 0x3d	; 61
     e54:	de b7       	in	r29, 0x3e	; 62
     e56:	27 97       	sbiw	r28, 0x07	; 7
     e58:	0f b6       	in	r0, 0x3f	; 63
     e5a:	f8 94       	cli
     e5c:	de bf       	out	0x3e, r29	; 62
     e5e:	0f be       	out	0x3f, r0	; 63
     e60:	cd bf       	out	0x3d, r28	; 61
     e62:	89 83       	std	Y+1, r24	; 0x01
     e64:	6a 83       	std	Y+2, r22	; 0x02
     e66:	4b 83       	std	Y+3, r20	; 0x03
	/* Make sure that the Port ID and Pin ID are in the valid range */
	if ((u8PortIdCopy <= PORTD) && (u8PinIdCopy <= PIN7))
     e68:	89 81       	ldd	r24, Y+1	; 0x01
     e6a:	84 30       	cpi	r24, 0x04	; 4
     e6c:	08 f0       	brcs	.+2      	; 0xe70 <DIO_SetPinDirection+0x22>
     e6e:	ee c0       	rjmp	.+476    	; 0x104c <DIO_SetPinDirection+0x1fe>
     e70:	8a 81       	ldd	r24, Y+2	; 0x02
     e72:	88 30       	cpi	r24, 0x08	; 8
     e74:	08 f0       	brcs	.+2      	; 0xe78 <DIO_SetPinDirection+0x2a>
     e76:	ea c0       	rjmp	.+468    	; 0x104c <DIO_SetPinDirection+0x1fe>
	{
		if ( u8PinDirCopy == OUTPUT )
     e78:	8b 81       	ldd	r24, Y+3	; 0x03
     e7a:	81 30       	cpi	r24, 0x01	; 1
     e7c:	09 f0       	breq	.+2      	; 0xe80 <DIO_SetPinDirection+0x32>
     e7e:	6f c0       	rjmp	.+222    	; 0xf5e <DIO_SetPinDirection+0x110>
		{
			/* Check on the Required PORT Number */
			switch (u8PortIdCopy)
     e80:	89 81       	ldd	r24, Y+1	; 0x01
     e82:	28 2f       	mov	r18, r24
     e84:	30 e0       	ldi	r19, 0x00	; 0
     e86:	3f 83       	std	Y+7, r19	; 0x07
     e88:	2e 83       	std	Y+6, r18	; 0x06
     e8a:	8e 81       	ldd	r24, Y+6	; 0x06
     e8c:	9f 81       	ldd	r25, Y+7	; 0x07
     e8e:	81 30       	cpi	r24, 0x01	; 1
     e90:	91 05       	cpc	r25, r1
     e92:	49 f1       	breq	.+82     	; 0xee6 <DIO_SetPinDirection+0x98>
     e94:	2e 81       	ldd	r18, Y+6	; 0x06
     e96:	3f 81       	ldd	r19, Y+7	; 0x07
     e98:	22 30       	cpi	r18, 0x02	; 2
     e9a:	31 05       	cpc	r19, r1
     e9c:	2c f4       	brge	.+10     	; 0xea8 <DIO_SetPinDirection+0x5a>
     e9e:	8e 81       	ldd	r24, Y+6	; 0x06
     ea0:	9f 81       	ldd	r25, Y+7	; 0x07
     ea2:	00 97       	sbiw	r24, 0x00	; 0
     ea4:	61 f0       	breq	.+24     	; 0xebe <DIO_SetPinDirection+0x70>
     ea6:	d2 c0       	rjmp	.+420    	; 0x104c <DIO_SetPinDirection+0x1fe>
     ea8:	2e 81       	ldd	r18, Y+6	; 0x06
     eaa:	3f 81       	ldd	r19, Y+7	; 0x07
     eac:	22 30       	cpi	r18, 0x02	; 2
     eae:	31 05       	cpc	r19, r1
     eb0:	71 f1       	breq	.+92     	; 0xf0e <DIO_SetPinDirection+0xc0>
     eb2:	8e 81       	ldd	r24, Y+6	; 0x06
     eb4:	9f 81       	ldd	r25, Y+7	; 0x07
     eb6:	83 30       	cpi	r24, 0x03	; 3
     eb8:	91 05       	cpc	r25, r1
     eba:	e9 f1       	breq	.+122    	; 0xf36 <DIO_SetPinDirection+0xe8>
     ebc:	c7 c0       	rjmp	.+398    	; 0x104c <DIO_SetPinDirection+0x1fe>
			{
				case PORTA: SET_BIT(DDRA_Register,u8PinIdCopy); break;
     ebe:	aa e3       	ldi	r26, 0x3A	; 58
     ec0:	b0 e0       	ldi	r27, 0x00	; 0
     ec2:	ea e3       	ldi	r30, 0x3A	; 58
     ec4:	f0 e0       	ldi	r31, 0x00	; 0
     ec6:	80 81       	ld	r24, Z
     ec8:	48 2f       	mov	r20, r24
     eca:	8a 81       	ldd	r24, Y+2	; 0x02
     ecc:	28 2f       	mov	r18, r24
     ece:	30 e0       	ldi	r19, 0x00	; 0
     ed0:	81 e0       	ldi	r24, 0x01	; 1
     ed2:	90 e0       	ldi	r25, 0x00	; 0
     ed4:	02 2e       	mov	r0, r18
     ed6:	02 c0       	rjmp	.+4      	; 0xedc <DIO_SetPinDirection+0x8e>
     ed8:	88 0f       	add	r24, r24
     eda:	99 1f       	adc	r25, r25
     edc:	0a 94       	dec	r0
     ede:	e2 f7       	brpl	.-8      	; 0xed8 <DIO_SetPinDirection+0x8a>
     ee0:	84 2b       	or	r24, r20
     ee2:	8c 93       	st	X, r24
     ee4:	b3 c0       	rjmp	.+358    	; 0x104c <DIO_SetPinDirection+0x1fe>
				case PORTB: SET_BIT(DDRB_Register,u8PinIdCopy); break;
     ee6:	a7 e3       	ldi	r26, 0x37	; 55
     ee8:	b0 e0       	ldi	r27, 0x00	; 0
     eea:	e7 e3       	ldi	r30, 0x37	; 55
     eec:	f0 e0       	ldi	r31, 0x00	; 0
     eee:	80 81       	ld	r24, Z
     ef0:	48 2f       	mov	r20, r24
     ef2:	8a 81       	ldd	r24, Y+2	; 0x02
     ef4:	28 2f       	mov	r18, r24
     ef6:	30 e0       	ldi	r19, 0x00	; 0
     ef8:	81 e0       	ldi	r24, 0x01	; 1
     efa:	90 e0       	ldi	r25, 0x00	; 0
     efc:	02 2e       	mov	r0, r18
     efe:	02 c0       	rjmp	.+4      	; 0xf04 <DIO_SetPinDirection+0xb6>
     f00:	88 0f       	add	r24, r24
     f02:	99 1f       	adc	r25, r25
     f04:	0a 94       	dec	r0
     f06:	e2 f7       	brpl	.-8      	; 0xf00 <DIO_SetPinDirection+0xb2>
     f08:	84 2b       	or	r24, r20
     f0a:	8c 93       	st	X, r24
     f0c:	9f c0       	rjmp	.+318    	; 0x104c <DIO_SetPinDirection+0x1fe>
				case PORTC: SET_BIT(DDRC_Register,u8PinIdCopy); break;
     f0e:	a4 e3       	ldi	r26, 0x34	; 52
     f10:	b0 e0       	ldi	r27, 0x00	; 0
     f12:	e4 e3       	ldi	r30, 0x34	; 52
     f14:	f0 e0       	ldi	r31, 0x00	; 0
     f16:	80 81       	ld	r24, Z
     f18:	48 2f       	mov	r20, r24
     f1a:	8a 81       	ldd	r24, Y+2	; 0x02
     f1c:	28 2f       	mov	r18, r24
     f1e:	30 e0       	ldi	r19, 0x00	; 0
     f20:	81 e0       	ldi	r24, 0x01	; 1
     f22:	90 e0       	ldi	r25, 0x00	; 0
     f24:	02 2e       	mov	r0, r18
     f26:	02 c0       	rjmp	.+4      	; 0xf2c <DIO_SetPinDirection+0xde>
     f28:	88 0f       	add	r24, r24
     f2a:	99 1f       	adc	r25, r25
     f2c:	0a 94       	dec	r0
     f2e:	e2 f7       	brpl	.-8      	; 0xf28 <DIO_SetPinDirection+0xda>
     f30:	84 2b       	or	r24, r20
     f32:	8c 93       	st	X, r24
     f34:	8b c0       	rjmp	.+278    	; 0x104c <DIO_SetPinDirection+0x1fe>
				case PORTD: SET_BIT(DDRD_Register,u8PinIdCopy); break;
     f36:	a1 e3       	ldi	r26, 0x31	; 49
     f38:	b0 e0       	ldi	r27, 0x00	; 0
     f3a:	e1 e3       	ldi	r30, 0x31	; 49
     f3c:	f0 e0       	ldi	r31, 0x00	; 0
     f3e:	80 81       	ld	r24, Z
     f40:	48 2f       	mov	r20, r24
     f42:	8a 81       	ldd	r24, Y+2	; 0x02
     f44:	28 2f       	mov	r18, r24
     f46:	30 e0       	ldi	r19, 0x00	; 0
     f48:	81 e0       	ldi	r24, 0x01	; 1
     f4a:	90 e0       	ldi	r25, 0x00	; 0
     f4c:	02 2e       	mov	r0, r18
     f4e:	02 c0       	rjmp	.+4      	; 0xf54 <DIO_SetPinDirection+0x106>
     f50:	88 0f       	add	r24, r24
     f52:	99 1f       	adc	r25, r25
     f54:	0a 94       	dec	r0
     f56:	e2 f7       	brpl	.-8      	; 0xf50 <DIO_SetPinDirection+0x102>
     f58:	84 2b       	or	r24, r20
     f5a:	8c 93       	st	X, r24
     f5c:	77 c0       	rjmp	.+238    	; 0x104c <DIO_SetPinDirection+0x1fe>
			}
		}

		else if ( u8PinDirCopy == INPUT )
     f5e:	8b 81       	ldd	r24, Y+3	; 0x03
     f60:	88 23       	and	r24, r24
     f62:	09 f0       	breq	.+2      	; 0xf66 <DIO_SetPinDirection+0x118>
     f64:	73 c0       	rjmp	.+230    	; 0x104c <DIO_SetPinDirection+0x1fe>
		{
			/* Check on the Required PORT Number */
			switch (u8PortIdCopy)
     f66:	89 81       	ldd	r24, Y+1	; 0x01
     f68:	28 2f       	mov	r18, r24
     f6a:	30 e0       	ldi	r19, 0x00	; 0
     f6c:	3d 83       	std	Y+5, r19	; 0x05
     f6e:	2c 83       	std	Y+4, r18	; 0x04
     f70:	8c 81       	ldd	r24, Y+4	; 0x04
     f72:	9d 81       	ldd	r25, Y+5	; 0x05
     f74:	81 30       	cpi	r24, 0x01	; 1
     f76:	91 05       	cpc	r25, r1
     f78:	59 f1       	breq	.+86     	; 0xfd0 <DIO_SetPinDirection+0x182>
     f7a:	2c 81       	ldd	r18, Y+4	; 0x04
     f7c:	3d 81       	ldd	r19, Y+5	; 0x05
     f7e:	22 30       	cpi	r18, 0x02	; 2
     f80:	31 05       	cpc	r19, r1
     f82:	2c f4       	brge	.+10     	; 0xf8e <DIO_SetPinDirection+0x140>
     f84:	8c 81       	ldd	r24, Y+4	; 0x04
     f86:	9d 81       	ldd	r25, Y+5	; 0x05
     f88:	00 97       	sbiw	r24, 0x00	; 0
     f8a:	69 f0       	breq	.+26     	; 0xfa6 <DIO_SetPinDirection+0x158>
     f8c:	5f c0       	rjmp	.+190    	; 0x104c <DIO_SetPinDirection+0x1fe>
     f8e:	2c 81       	ldd	r18, Y+4	; 0x04
     f90:	3d 81       	ldd	r19, Y+5	; 0x05
     f92:	22 30       	cpi	r18, 0x02	; 2
     f94:	31 05       	cpc	r19, r1
     f96:	89 f1       	breq	.+98     	; 0xffa <DIO_SetPinDirection+0x1ac>
     f98:	8c 81       	ldd	r24, Y+4	; 0x04
     f9a:	9d 81       	ldd	r25, Y+5	; 0x05
     f9c:	83 30       	cpi	r24, 0x03	; 3
     f9e:	91 05       	cpc	r25, r1
     fa0:	09 f4       	brne	.+2      	; 0xfa4 <DIO_SetPinDirection+0x156>
     fa2:	40 c0       	rjmp	.+128    	; 0x1024 <DIO_SetPinDirection+0x1d6>
     fa4:	53 c0       	rjmp	.+166    	; 0x104c <DIO_SetPinDirection+0x1fe>
			{
				case PORTA: CLR_BIT(DDRA_Register,u8PinIdCopy); break;
     fa6:	aa e3       	ldi	r26, 0x3A	; 58
     fa8:	b0 e0       	ldi	r27, 0x00	; 0
     faa:	ea e3       	ldi	r30, 0x3A	; 58
     fac:	f0 e0       	ldi	r31, 0x00	; 0
     fae:	80 81       	ld	r24, Z
     fb0:	48 2f       	mov	r20, r24
     fb2:	8a 81       	ldd	r24, Y+2	; 0x02
     fb4:	28 2f       	mov	r18, r24
     fb6:	30 e0       	ldi	r19, 0x00	; 0
     fb8:	81 e0       	ldi	r24, 0x01	; 1
     fba:	90 e0       	ldi	r25, 0x00	; 0
     fbc:	02 2e       	mov	r0, r18
     fbe:	02 c0       	rjmp	.+4      	; 0xfc4 <DIO_SetPinDirection+0x176>
     fc0:	88 0f       	add	r24, r24
     fc2:	99 1f       	adc	r25, r25
     fc4:	0a 94       	dec	r0
     fc6:	e2 f7       	brpl	.-8      	; 0xfc0 <DIO_SetPinDirection+0x172>
     fc8:	80 95       	com	r24
     fca:	84 23       	and	r24, r20
     fcc:	8c 93       	st	X, r24
     fce:	3e c0       	rjmp	.+124    	; 0x104c <DIO_SetPinDirection+0x1fe>
				case PORTB: CLR_BIT(DDRB_Register,u8PinIdCopy); break;
     fd0:	a7 e3       	ldi	r26, 0x37	; 55
     fd2:	b0 e0       	ldi	r27, 0x00	; 0
     fd4:	e7 e3       	ldi	r30, 0x37	; 55
     fd6:	f0 e0       	ldi	r31, 0x00	; 0
     fd8:	80 81       	ld	r24, Z
     fda:	48 2f       	mov	r20, r24
     fdc:	8a 81       	ldd	r24, Y+2	; 0x02
     fde:	28 2f       	mov	r18, r24
     fe0:	30 e0       	ldi	r19, 0x00	; 0
     fe2:	81 e0       	ldi	r24, 0x01	; 1
     fe4:	90 e0       	ldi	r25, 0x00	; 0
     fe6:	02 2e       	mov	r0, r18
     fe8:	02 c0       	rjmp	.+4      	; 0xfee <DIO_SetPinDirection+0x1a0>
     fea:	88 0f       	add	r24, r24
     fec:	99 1f       	adc	r25, r25
     fee:	0a 94       	dec	r0
     ff0:	e2 f7       	brpl	.-8      	; 0xfea <DIO_SetPinDirection+0x19c>
     ff2:	80 95       	com	r24
     ff4:	84 23       	and	r24, r20
     ff6:	8c 93       	st	X, r24
     ff8:	29 c0       	rjmp	.+82     	; 0x104c <DIO_SetPinDirection+0x1fe>
				case PORTC: CLR_BIT(DDRC_Register,u8PinIdCopy); break;
     ffa:	a4 e3       	ldi	r26, 0x34	; 52
     ffc:	b0 e0       	ldi	r27, 0x00	; 0
     ffe:	e4 e3       	ldi	r30, 0x34	; 52
    1000:	f0 e0       	ldi	r31, 0x00	; 0
    1002:	80 81       	ld	r24, Z
    1004:	48 2f       	mov	r20, r24
    1006:	8a 81       	ldd	r24, Y+2	; 0x02
    1008:	28 2f       	mov	r18, r24
    100a:	30 e0       	ldi	r19, 0x00	; 0
    100c:	81 e0       	ldi	r24, 0x01	; 1
    100e:	90 e0       	ldi	r25, 0x00	; 0
    1010:	02 2e       	mov	r0, r18
    1012:	02 c0       	rjmp	.+4      	; 0x1018 <DIO_SetPinDirection+0x1ca>
    1014:	88 0f       	add	r24, r24
    1016:	99 1f       	adc	r25, r25
    1018:	0a 94       	dec	r0
    101a:	e2 f7       	brpl	.-8      	; 0x1014 <DIO_SetPinDirection+0x1c6>
    101c:	80 95       	com	r24
    101e:	84 23       	and	r24, r20
    1020:	8c 93       	st	X, r24
    1022:	14 c0       	rjmp	.+40     	; 0x104c <DIO_SetPinDirection+0x1fe>
				case PORTD: CLR_BIT(DDRD_Register,u8PinIdCopy); break;
    1024:	a1 e3       	ldi	r26, 0x31	; 49
    1026:	b0 e0       	ldi	r27, 0x00	; 0
    1028:	e1 e3       	ldi	r30, 0x31	; 49
    102a:	f0 e0       	ldi	r31, 0x00	; 0
    102c:	80 81       	ld	r24, Z
    102e:	48 2f       	mov	r20, r24
    1030:	8a 81       	ldd	r24, Y+2	; 0x02
    1032:	28 2f       	mov	r18, r24
    1034:	30 e0       	ldi	r19, 0x00	; 0
    1036:	81 e0       	ldi	r24, 0x01	; 1
    1038:	90 e0       	ldi	r25, 0x00	; 0
    103a:	02 2e       	mov	r0, r18
    103c:	02 c0       	rjmp	.+4      	; 0x1042 <DIO_SetPinDirection+0x1f4>
    103e:	88 0f       	add	r24, r24
    1040:	99 1f       	adc	r25, r25
    1042:	0a 94       	dec	r0
    1044:	e2 f7       	brpl	.-8      	; 0x103e <DIO_SetPinDirection+0x1f0>
    1046:	80 95       	com	r24
    1048:	84 23       	and	r24, r20
    104a:	8c 93       	st	X, r24

	else
	{
		/* Do nothing, Error in the Pin ID or PORT ID */
	}
}
    104c:	27 96       	adiw	r28, 0x07	; 7
    104e:	0f b6       	in	r0, 0x3f	; 63
    1050:	f8 94       	cli
    1052:	de bf       	out	0x3e, r29	; 62
    1054:	0f be       	out	0x3f, r0	; 63
    1056:	cd bf       	out	0x3d, r28	; 61
    1058:	cf 91       	pop	r28
    105a:	df 91       	pop	r29
    105c:	08 95       	ret

0000105e <DIO_SetPortDirection>:


/* IO Ports */
void DIO_SetPortDirection (u8 u8PortId, u8 u8PortDir)
{
    105e:	df 93       	push	r29
    1060:	cf 93       	push	r28
    1062:	00 d0       	rcall	.+0      	; 0x1064 <DIO_SetPortDirection+0x6>
    1064:	00 d0       	rcall	.+0      	; 0x1066 <DIO_SetPortDirection+0x8>
    1066:	cd b7       	in	r28, 0x3d	; 61
    1068:	de b7       	in	r29, 0x3e	; 62
    106a:	89 83       	std	Y+1, r24	; 0x01
    106c:	6a 83       	std	Y+2, r22	; 0x02
	/* Check on the Required PORT Number */
	switch (u8PortId)
    106e:	89 81       	ldd	r24, Y+1	; 0x01
    1070:	28 2f       	mov	r18, r24
    1072:	30 e0       	ldi	r19, 0x00	; 0
    1074:	3c 83       	std	Y+4, r19	; 0x04
    1076:	2b 83       	std	Y+3, r18	; 0x03
    1078:	8b 81       	ldd	r24, Y+3	; 0x03
    107a:	9c 81       	ldd	r25, Y+4	; 0x04
    107c:	81 30       	cpi	r24, 0x01	; 1
    107e:	91 05       	cpc	r25, r1
    1080:	d1 f0       	breq	.+52     	; 0x10b6 <DIO_SetPortDirection+0x58>
    1082:	2b 81       	ldd	r18, Y+3	; 0x03
    1084:	3c 81       	ldd	r19, Y+4	; 0x04
    1086:	22 30       	cpi	r18, 0x02	; 2
    1088:	31 05       	cpc	r19, r1
    108a:	2c f4       	brge	.+10     	; 0x1096 <DIO_SetPortDirection+0x38>
    108c:	8b 81       	ldd	r24, Y+3	; 0x03
    108e:	9c 81       	ldd	r25, Y+4	; 0x04
    1090:	00 97       	sbiw	r24, 0x00	; 0
    1092:	61 f0       	breq	.+24     	; 0x10ac <DIO_SetPortDirection+0x4e>
    1094:	1e c0       	rjmp	.+60     	; 0x10d2 <DIO_SetPortDirection+0x74>
    1096:	2b 81       	ldd	r18, Y+3	; 0x03
    1098:	3c 81       	ldd	r19, Y+4	; 0x04
    109a:	22 30       	cpi	r18, 0x02	; 2
    109c:	31 05       	cpc	r19, r1
    109e:	81 f0       	breq	.+32     	; 0x10c0 <DIO_SetPortDirection+0x62>
    10a0:	8b 81       	ldd	r24, Y+3	; 0x03
    10a2:	9c 81       	ldd	r25, Y+4	; 0x04
    10a4:	83 30       	cpi	r24, 0x03	; 3
    10a6:	91 05       	cpc	r25, r1
    10a8:	81 f0       	breq	.+32     	; 0x10ca <DIO_SetPortDirection+0x6c>
    10aa:	13 c0       	rjmp	.+38     	; 0x10d2 <DIO_SetPortDirection+0x74>
	{
		case     PORTA: DDRA_Register = u8PortDir; break;
    10ac:	ea e3       	ldi	r30, 0x3A	; 58
    10ae:	f0 e0       	ldi	r31, 0x00	; 0
    10b0:	8a 81       	ldd	r24, Y+2	; 0x02
    10b2:	80 83       	st	Z, r24
    10b4:	0e c0       	rjmp	.+28     	; 0x10d2 <DIO_SetPortDirection+0x74>
		case     PORTB: DDRB_Register = u8PortDir; break;
    10b6:	e7 e3       	ldi	r30, 0x37	; 55
    10b8:	f0 e0       	ldi	r31, 0x00	; 0
    10ba:	8a 81       	ldd	r24, Y+2	; 0x02
    10bc:	80 83       	st	Z, r24
    10be:	09 c0       	rjmp	.+18     	; 0x10d2 <DIO_SetPortDirection+0x74>
		case     PORTC: DDRC_Register = u8PortDir; break;
    10c0:	e4 e3       	ldi	r30, 0x34	; 52
    10c2:	f0 e0       	ldi	r31, 0x00	; 0
    10c4:	8a 81       	ldd	r24, Y+2	; 0x02
    10c6:	80 83       	st	Z, r24
    10c8:	04 c0       	rjmp	.+8      	; 0x10d2 <DIO_SetPortDirection+0x74>
		case     PORTD: DDRD_Register = u8PortDir; break;
    10ca:	e1 e3       	ldi	r30, 0x31	; 49
    10cc:	f0 e0       	ldi	r31, 0x00	; 0
    10ce:	8a 81       	ldd	r24, Y+2	; 0x02
    10d0:	80 83       	st	Z, r24
		default: /* Wrong Port ID */       break;
	}
}
    10d2:	0f 90       	pop	r0
    10d4:	0f 90       	pop	r0
    10d6:	0f 90       	pop	r0
    10d8:	0f 90       	pop	r0
    10da:	cf 91       	pop	r28
    10dc:	df 91       	pop	r29
    10de:	08 95       	ret

000010e0 <DIO_SetPortValue>:

void DIO_SetPortValue (u8 u8PortId, u8 u8PortVal)
{
    10e0:	df 93       	push	r29
    10e2:	cf 93       	push	r28
    10e4:	00 d0       	rcall	.+0      	; 0x10e6 <DIO_SetPortValue+0x6>
    10e6:	00 d0       	rcall	.+0      	; 0x10e8 <DIO_SetPortValue+0x8>
    10e8:	cd b7       	in	r28, 0x3d	; 61
    10ea:	de b7       	in	r29, 0x3e	; 62
    10ec:	89 83       	std	Y+1, r24	; 0x01
    10ee:	6a 83       	std	Y+2, r22	; 0x02
	/* Check on the Required PORT Number */
	switch (u8PortId)
    10f0:	89 81       	ldd	r24, Y+1	; 0x01
    10f2:	28 2f       	mov	r18, r24
    10f4:	30 e0       	ldi	r19, 0x00	; 0
    10f6:	3c 83       	std	Y+4, r19	; 0x04
    10f8:	2b 83       	std	Y+3, r18	; 0x03
    10fa:	8b 81       	ldd	r24, Y+3	; 0x03
    10fc:	9c 81       	ldd	r25, Y+4	; 0x04
    10fe:	81 30       	cpi	r24, 0x01	; 1
    1100:	91 05       	cpc	r25, r1
    1102:	d1 f0       	breq	.+52     	; 0x1138 <DIO_SetPortValue+0x58>
    1104:	2b 81       	ldd	r18, Y+3	; 0x03
    1106:	3c 81       	ldd	r19, Y+4	; 0x04
    1108:	22 30       	cpi	r18, 0x02	; 2
    110a:	31 05       	cpc	r19, r1
    110c:	2c f4       	brge	.+10     	; 0x1118 <DIO_SetPortValue+0x38>
    110e:	8b 81       	ldd	r24, Y+3	; 0x03
    1110:	9c 81       	ldd	r25, Y+4	; 0x04
    1112:	00 97       	sbiw	r24, 0x00	; 0
    1114:	61 f0       	breq	.+24     	; 0x112e <DIO_SetPortValue+0x4e>
    1116:	1e c0       	rjmp	.+60     	; 0x1154 <DIO_SetPortValue+0x74>
    1118:	2b 81       	ldd	r18, Y+3	; 0x03
    111a:	3c 81       	ldd	r19, Y+4	; 0x04
    111c:	22 30       	cpi	r18, 0x02	; 2
    111e:	31 05       	cpc	r19, r1
    1120:	81 f0       	breq	.+32     	; 0x1142 <DIO_SetPortValue+0x62>
    1122:	8b 81       	ldd	r24, Y+3	; 0x03
    1124:	9c 81       	ldd	r25, Y+4	; 0x04
    1126:	83 30       	cpi	r24, 0x03	; 3
    1128:	91 05       	cpc	r25, r1
    112a:	81 f0       	breq	.+32     	; 0x114c <DIO_SetPortValue+0x6c>
    112c:	13 c0       	rjmp	.+38     	; 0x1154 <DIO_SetPortValue+0x74>
	{
		case     PORTA: PORTA_Register = u8PortVal; break;
    112e:	eb e3       	ldi	r30, 0x3B	; 59
    1130:	f0 e0       	ldi	r31, 0x00	; 0
    1132:	8a 81       	ldd	r24, Y+2	; 0x02
    1134:	80 83       	st	Z, r24
    1136:	0e c0       	rjmp	.+28     	; 0x1154 <DIO_SetPortValue+0x74>
		case     PORTB: PORTB_Register = u8PortVal; break;
    1138:	e8 e3       	ldi	r30, 0x38	; 56
    113a:	f0 e0       	ldi	r31, 0x00	; 0
    113c:	8a 81       	ldd	r24, Y+2	; 0x02
    113e:	80 83       	st	Z, r24
    1140:	09 c0       	rjmp	.+18     	; 0x1154 <DIO_SetPortValue+0x74>
		case     PORTC: PORTC_Register = u8PortVal; break;
    1142:	e5 e3       	ldi	r30, 0x35	; 53
    1144:	f0 e0       	ldi	r31, 0x00	; 0
    1146:	8a 81       	ldd	r24, Y+2	; 0x02
    1148:	80 83       	st	Z, r24
    114a:	04 c0       	rjmp	.+8      	; 0x1154 <DIO_SetPortValue+0x74>
		case     PORTD: PORTD_Register = u8PortVal; break;
    114c:	e2 e3       	ldi	r30, 0x32	; 50
    114e:	f0 e0       	ldi	r31, 0x00	; 0
    1150:	8a 81       	ldd	r24, Y+2	; 0x02
    1152:	80 83       	st	Z, r24
		default: /* Wrong Port ID */        break;
	}
}
    1154:	0f 90       	pop	r0
    1156:	0f 90       	pop	r0
    1158:	0f 90       	pop	r0
    115a:	0f 90       	pop	r0
    115c:	cf 91       	pop	r28
    115e:	df 91       	pop	r29
    1160:	08 95       	ret

00001162 <Fire_Alarm>:

#include "Flame_Sensor.h"

u8 Flame[10] = "Attention";
u8 Flamei[14] = "Fire Detected";
void Fire_Alarm(void) {
    1162:	df 93       	push	r29
    1164:	cf 93       	push	r28
    1166:	cd b7       	in	r28, 0x3d	; 61
    1168:	de b7       	in	r29, 0x3e	; 62
	if (DIO_GetPinValue(PORTD, PIN2) == 1) {
    116a:	83 e0       	ldi	r24, 0x03	; 3
    116c:	62 e0       	ldi	r22, 0x02	; 2
    116e:	0e 94 a3 06 	call	0xd46	; 0xd46 <DIO_GetPinValue>
    1172:	81 30       	cpi	r24, 0x01	; 1
    1174:	c9 f4       	brne	.+50     	; 0x11a8 <Fire_Alarm+0x46>
		LCD_String_xy(1, 3, Flame);
    1176:	21 eb       	ldi	r18, 0xB1	; 177
    1178:	30 e0       	ldi	r19, 0x00	; 0
    117a:	81 e0       	ldi	r24, 0x01	; 1
    117c:	63 e0       	ldi	r22, 0x03	; 3
    117e:	a9 01       	movw	r20, r18
    1180:	0e 94 39 12 	call	0x2472	; 0x2472 <LCD_String_xy>
		LCD_String_xy(2, 1, Flamei);
    1184:	2b eb       	ldi	r18, 0xBB	; 187
    1186:	30 e0       	ldi	r19, 0x00	; 0
    1188:	82 e0       	ldi	r24, 0x02	; 2
    118a:	61 e0       	ldi	r22, 0x01	; 1
    118c:	a9 01       	movw	r20, r18
    118e:	0e 94 39 12 	call	0x2472	; 0x2472 <LCD_String_xy>
		DIO_SetPinValue(PORTB, PIN0, HIGH);  // Buzzer ON
    1192:	81 e0       	ldi	r24, 0x01	; 1
    1194:	60 e0       	ldi	r22, 0x00	; 0
    1196:	41 e0       	ldi	r20, 0x01	; 1
    1198:	0e 94 9b 05 	call	0xb36	; 0xb36 <DIO_SetPinValue>
		sendSMS();
    119c:	0e 94 dc 08 	call	0x11b8	; 0x11b8 <sendSMS>
		LCD_vidSendCommand(0x01);
    11a0:	81 e0       	ldi	r24, 0x01	; 1
    11a2:	0e 94 0f 10 	call	0x201e	; 0x201e <LCD_vidSendCommand>
    11a6:	05 c0       	rjmp	.+10     	; 0x11b2 <Fire_Alarm+0x50>

	} else {
		DIO_SetPinValue(PORTB, PIN0, LOW);  // Buzzer OFF
    11a8:	81 e0       	ldi	r24, 0x01	; 1
    11aa:	60 e0       	ldi	r22, 0x00	; 0
    11ac:	40 e0       	ldi	r20, 0x00	; 0
    11ae:	0e 94 9b 05 	call	0xb36	; 0xb36 <DIO_SetPinValue>

	}
}
    11b2:	cf 91       	pop	r28
    11b4:	df 91       	pop	r29
    11b6:	08 95       	ret

000011b8 <sendSMS>:
 */

#include "GSM_Sender.h"

void sendSMS()
{
    11b8:	0f 93       	push	r16
    11ba:	1f 93       	push	r17
    11bc:	df 93       	push	r29
    11be:	cf 93       	push	r28
    11c0:	cd b7       	in	r28, 0x3d	; 61
    11c2:	de b7       	in	r29, 0x3e	; 62
    11c4:	c2 56       	subi	r28, 0x62	; 98
    11c6:	d0 40       	sbci	r29, 0x00	; 0
    11c8:	0f b6       	in	r0, 0x3f	; 63
    11ca:	f8 94       	cli
    11cc:	de bf       	out	0x3e, r29	; 62
    11ce:	0f be       	out	0x3f, r0	; 63
    11d0:	cd bf       	out	0x3d, r28	; 61
     senddata("AT+CMGD=1");
    11d2:	80 e6       	ldi	r24, 0x60	; 96
    11d4:	90 e0       	ldi	r25, 0x00	; 0
    11d6:	0e 94 20 14 	call	0x2840	; 0x2840 <senddata>
     USART_SendData(13);
    11da:	8d e0       	ldi	r24, 0x0D	; 13
    11dc:	0e 94 f3 13 	call	0x27e6	; 0x27e6 <USART_SendData>
     USART_SendData(10);
    11e0:	8a e0       	ldi	r24, 0x0A	; 10
    11e2:	0e 94 f3 13 	call	0x27e6	; 0x27e6 <USART_SendData>
    11e6:	fe 01       	movw	r30, r28
    11e8:	e1 5a       	subi	r30, 0xA1	; 161
    11ea:	ff 4f       	sbci	r31, 0xFF	; 255
    11ec:	80 e0       	ldi	r24, 0x00	; 0
    11ee:	90 e0       	ldi	r25, 0x00	; 0
    11f0:	aa e7       	ldi	r26, 0x7A	; 122
    11f2:	b4 e4       	ldi	r27, 0x44	; 68
    11f4:	80 83       	st	Z, r24
    11f6:	91 83       	std	Z+1, r25	; 0x01
    11f8:	a2 83       	std	Z+2, r26	; 0x02
    11fa:	b3 83       	std	Z+3, r27	; 0x03
 */
void
_delay_ms(double __ms)
{
	uint16_t __ticks;
	double __tmp = ((F_CPU) / 4e3) * __ms;
    11fc:	8e 01       	movw	r16, r28
    11fe:	05 5a       	subi	r16, 0xA5	; 165
    1200:	1f 4f       	sbci	r17, 0xFF	; 255
    1202:	fe 01       	movw	r30, r28
    1204:	e1 5a       	subi	r30, 0xA1	; 161
    1206:	ff 4f       	sbci	r31, 0xFF	; 255
    1208:	60 81       	ld	r22, Z
    120a:	71 81       	ldd	r23, Z+1	; 0x01
    120c:	82 81       	ldd	r24, Z+2	; 0x02
    120e:	93 81       	ldd	r25, Z+3	; 0x03
    1210:	20 e0       	ldi	r18, 0x00	; 0
    1212:	30 e0       	ldi	r19, 0x00	; 0
    1214:	4a ef       	ldi	r20, 0xFA	; 250
    1216:	54 e4       	ldi	r21, 0x44	; 68
    1218:	0e 94 17 02 	call	0x42e	; 0x42e <__mulsf3>
    121c:	dc 01       	movw	r26, r24
    121e:	cb 01       	movw	r24, r22
    1220:	f8 01       	movw	r30, r16
    1222:	80 83       	st	Z, r24
    1224:	91 83       	std	Z+1, r25	; 0x01
    1226:	a2 83       	std	Z+2, r26	; 0x02
    1228:	b3 83       	std	Z+3, r27	; 0x03
	if (__tmp < 1.0)
    122a:	fe 01       	movw	r30, r28
    122c:	e5 5a       	subi	r30, 0xA5	; 165
    122e:	ff 4f       	sbci	r31, 0xFF	; 255
    1230:	60 81       	ld	r22, Z
    1232:	71 81       	ldd	r23, Z+1	; 0x01
    1234:	82 81       	ldd	r24, Z+2	; 0x02
    1236:	93 81       	ldd	r25, Z+3	; 0x03
    1238:	20 e0       	ldi	r18, 0x00	; 0
    123a:	30 e0       	ldi	r19, 0x00	; 0
    123c:	40 e8       	ldi	r20, 0x80	; 128
    123e:	5f e3       	ldi	r21, 0x3F	; 63
    1240:	0e 94 71 03 	call	0x6e2	; 0x6e2 <__ltsf2>
    1244:	88 23       	and	r24, r24
    1246:	44 f4       	brge	.+16     	; 0x1258 <sendSMS+0xa0>
		__ticks = 1;
    1248:	fe 01       	movw	r30, r28
    124a:	e7 5a       	subi	r30, 0xA7	; 167
    124c:	ff 4f       	sbci	r31, 0xFF	; 255
    124e:	81 e0       	ldi	r24, 0x01	; 1
    1250:	90 e0       	ldi	r25, 0x00	; 0
    1252:	91 83       	std	Z+1, r25	; 0x01
    1254:	80 83       	st	Z, r24
    1256:	64 c0       	rjmp	.+200    	; 0x1320 <sendSMS+0x168>
	else if (__tmp > 65535)
    1258:	fe 01       	movw	r30, r28
    125a:	e5 5a       	subi	r30, 0xA5	; 165
    125c:	ff 4f       	sbci	r31, 0xFF	; 255
    125e:	60 81       	ld	r22, Z
    1260:	71 81       	ldd	r23, Z+1	; 0x01
    1262:	82 81       	ldd	r24, Z+2	; 0x02
    1264:	93 81       	ldd	r25, Z+3	; 0x03
    1266:	20 e0       	ldi	r18, 0x00	; 0
    1268:	3f ef       	ldi	r19, 0xFF	; 255
    126a:	4f e7       	ldi	r20, 0x7F	; 127
    126c:	57 e4       	ldi	r21, 0x47	; 71
    126e:	0e 94 11 03 	call	0x622	; 0x622 <__gtsf2>
    1272:	18 16       	cp	r1, r24
    1274:	0c f0       	brlt	.+2      	; 0x1278 <sendSMS+0xc0>
    1276:	43 c0       	rjmp	.+134    	; 0x12fe <sendSMS+0x146>
	{
		//	__ticks = requested delay in 1/10 ms
		__ticks = (uint16_t) (__ms * 10.0);
    1278:	fe 01       	movw	r30, r28
    127a:	e1 5a       	subi	r30, 0xA1	; 161
    127c:	ff 4f       	sbci	r31, 0xFF	; 255
    127e:	60 81       	ld	r22, Z
    1280:	71 81       	ldd	r23, Z+1	; 0x01
    1282:	82 81       	ldd	r24, Z+2	; 0x02
    1284:	93 81       	ldd	r25, Z+3	; 0x03
    1286:	20 e0       	ldi	r18, 0x00	; 0
    1288:	30 e0       	ldi	r19, 0x00	; 0
    128a:	40 e2       	ldi	r20, 0x20	; 32
    128c:	51 e4       	ldi	r21, 0x41	; 65
    128e:	0e 94 17 02 	call	0x42e	; 0x42e <__mulsf3>
    1292:	dc 01       	movw	r26, r24
    1294:	cb 01       	movw	r24, r22
    1296:	8e 01       	movw	r16, r28
    1298:	07 5a       	subi	r16, 0xA7	; 167
    129a:	1f 4f       	sbci	r17, 0xFF	; 255
    129c:	bc 01       	movw	r22, r24
    129e:	cd 01       	movw	r24, r26
    12a0:	0e 94 41 00 	call	0x82	; 0x82 <__fixunssfsi>
    12a4:	dc 01       	movw	r26, r24
    12a6:	cb 01       	movw	r24, r22
    12a8:	f8 01       	movw	r30, r16
    12aa:	91 83       	std	Z+1, r25	; 0x01
    12ac:	80 83       	st	Z, r24
    12ae:	1f c0       	rjmp	.+62     	; 0x12ee <sendSMS+0x136>
    12b0:	fe 01       	movw	r30, r28
    12b2:	e9 5a       	subi	r30, 0xA9	; 169
    12b4:	ff 4f       	sbci	r31, 0xFF	; 255
    12b6:	88 ec       	ldi	r24, 0xC8	; 200
    12b8:	90 e0       	ldi	r25, 0x00	; 0
    12ba:	91 83       	std	Z+1, r25	; 0x01
    12bc:	80 83       	st	Z, r24
    milliseconds can be achieved.
 */
void
_delay_loop_2(uint16_t __count)
{
	__asm__ volatile (
    12be:	fe 01       	movw	r30, r28
    12c0:	e9 5a       	subi	r30, 0xA9	; 169
    12c2:	ff 4f       	sbci	r31, 0xFF	; 255
    12c4:	80 81       	ld	r24, Z
    12c6:	91 81       	ldd	r25, Z+1	; 0x01
    12c8:	01 97       	sbiw	r24, 0x01	; 1
    12ca:	f1 f7       	brne	.-4      	; 0x12c8 <sendSMS+0x110>
    12cc:	fe 01       	movw	r30, r28
    12ce:	e9 5a       	subi	r30, 0xA9	; 169
    12d0:	ff 4f       	sbci	r31, 0xFF	; 255
    12d2:	91 83       	std	Z+1, r25	; 0x01
    12d4:	80 83       	st	Z, r24
		while(__ticks)
		{
			// wait 1/10 ms
			_delay_loop_2(((F_CPU) / 4e3) / 10);
			__ticks --;
    12d6:	de 01       	movw	r26, r28
    12d8:	a7 5a       	subi	r26, 0xA7	; 167
    12da:	bf 4f       	sbci	r27, 0xFF	; 255
    12dc:	fe 01       	movw	r30, r28
    12de:	e7 5a       	subi	r30, 0xA7	; 167
    12e0:	ff 4f       	sbci	r31, 0xFF	; 255
    12e2:	80 81       	ld	r24, Z
    12e4:	91 81       	ldd	r25, Z+1	; 0x01
    12e6:	01 97       	sbiw	r24, 0x01	; 1
    12e8:	11 96       	adiw	r26, 0x01	; 1
    12ea:	9c 93       	st	X, r25
    12ec:	8e 93       	st	-X, r24
		__ticks = 1;
	else if (__tmp > 65535)
	{
		//	__ticks = requested delay in 1/10 ms
		__ticks = (uint16_t) (__ms * 10.0);
		while(__ticks)
    12ee:	fe 01       	movw	r30, r28
    12f0:	e7 5a       	subi	r30, 0xA7	; 167
    12f2:	ff 4f       	sbci	r31, 0xFF	; 255
    12f4:	80 81       	ld	r24, Z
    12f6:	91 81       	ldd	r25, Z+1	; 0x01
    12f8:	00 97       	sbiw	r24, 0x00	; 0
    12fa:	d1 f6       	brne	.-76     	; 0x12b0 <sendSMS+0xf8>
    12fc:	27 c0       	rjmp	.+78     	; 0x134c <sendSMS+0x194>
			__ticks --;
		}
		return;
	}
	else
		__ticks = (uint16_t)__tmp;
    12fe:	8e 01       	movw	r16, r28
    1300:	07 5a       	subi	r16, 0xA7	; 167
    1302:	1f 4f       	sbci	r17, 0xFF	; 255
    1304:	fe 01       	movw	r30, r28
    1306:	e5 5a       	subi	r30, 0xA5	; 165
    1308:	ff 4f       	sbci	r31, 0xFF	; 255
    130a:	60 81       	ld	r22, Z
    130c:	71 81       	ldd	r23, Z+1	; 0x01
    130e:	82 81       	ldd	r24, Z+2	; 0x02
    1310:	93 81       	ldd	r25, Z+3	; 0x03
    1312:	0e 94 41 00 	call	0x82	; 0x82 <__fixunssfsi>
    1316:	dc 01       	movw	r26, r24
    1318:	cb 01       	movw	r24, r22
    131a:	f8 01       	movw	r30, r16
    131c:	91 83       	std	Z+1, r25	; 0x01
    131e:	80 83       	st	Z, r24
    1320:	de 01       	movw	r26, r28
    1322:	ab 5a       	subi	r26, 0xAB	; 171
    1324:	bf 4f       	sbci	r27, 0xFF	; 255
    1326:	fe 01       	movw	r30, r28
    1328:	e7 5a       	subi	r30, 0xA7	; 167
    132a:	ff 4f       	sbci	r31, 0xFF	; 255
    132c:	80 81       	ld	r24, Z
    132e:	91 81       	ldd	r25, Z+1	; 0x01
    1330:	8d 93       	st	X+, r24
    1332:	9c 93       	st	X, r25
    1334:	fe 01       	movw	r30, r28
    1336:	eb 5a       	subi	r30, 0xAB	; 171
    1338:	ff 4f       	sbci	r31, 0xFF	; 255
    133a:	80 81       	ld	r24, Z
    133c:	91 81       	ldd	r25, Z+1	; 0x01
    133e:	01 97       	sbiw	r24, 0x01	; 1
    1340:	f1 f7       	brne	.-4      	; 0x133e <sendSMS+0x186>
    1342:	fe 01       	movw	r30, r28
    1344:	eb 5a       	subi	r30, 0xAB	; 171
    1346:	ff 4f       	sbci	r31, 0xFF	; 255
    1348:	91 83       	std	Z+1, r25	; 0x01
    134a:	80 83       	st	Z, r24
     _delay_ms(1000);

     senddata("AT+CMGF=1");
    134c:	8a e6       	ldi	r24, 0x6A	; 106
    134e:	90 e0       	ldi	r25, 0x00	; 0
    1350:	0e 94 20 14 	call	0x2840	; 0x2840 <senddata>
     USART_SendData(13);
    1354:	8d e0       	ldi	r24, 0x0D	; 13
    1356:	0e 94 f3 13 	call	0x27e6	; 0x27e6 <USART_SendData>
     USART_SendData(10);
    135a:	8a e0       	ldi	r24, 0x0A	; 10
    135c:	0e 94 f3 13 	call	0x27e6	; 0x27e6 <USART_SendData>
    1360:	fe 01       	movw	r30, r28
    1362:	ef 5a       	subi	r30, 0xAF	; 175
    1364:	ff 4f       	sbci	r31, 0xFF	; 255
    1366:	80 e0       	ldi	r24, 0x00	; 0
    1368:	90 e0       	ldi	r25, 0x00	; 0
    136a:	aa e7       	ldi	r26, 0x7A	; 122
    136c:	b4 e4       	ldi	r27, 0x44	; 68
    136e:	80 83       	st	Z, r24
    1370:	91 83       	std	Z+1, r25	; 0x01
    1372:	a2 83       	std	Z+2, r26	; 0x02
    1374:	b3 83       	std	Z+3, r27	; 0x03
 */
void
_delay_ms(double __ms)
{
	uint16_t __ticks;
	double __tmp = ((F_CPU) / 4e3) * __ms;
    1376:	8e 01       	movw	r16, r28
    1378:	03 5b       	subi	r16, 0xB3	; 179
    137a:	1f 4f       	sbci	r17, 0xFF	; 255
    137c:	fe 01       	movw	r30, r28
    137e:	ef 5a       	subi	r30, 0xAF	; 175
    1380:	ff 4f       	sbci	r31, 0xFF	; 255
    1382:	60 81       	ld	r22, Z
    1384:	71 81       	ldd	r23, Z+1	; 0x01
    1386:	82 81       	ldd	r24, Z+2	; 0x02
    1388:	93 81       	ldd	r25, Z+3	; 0x03
    138a:	20 e0       	ldi	r18, 0x00	; 0
    138c:	30 e0       	ldi	r19, 0x00	; 0
    138e:	4a ef       	ldi	r20, 0xFA	; 250
    1390:	54 e4       	ldi	r21, 0x44	; 68
    1392:	0e 94 17 02 	call	0x42e	; 0x42e <__mulsf3>
    1396:	dc 01       	movw	r26, r24
    1398:	cb 01       	movw	r24, r22
    139a:	f8 01       	movw	r30, r16
    139c:	80 83       	st	Z, r24
    139e:	91 83       	std	Z+1, r25	; 0x01
    13a0:	a2 83       	std	Z+2, r26	; 0x02
    13a2:	b3 83       	std	Z+3, r27	; 0x03
	if (__tmp < 1.0)
    13a4:	fe 01       	movw	r30, r28
    13a6:	e3 5b       	subi	r30, 0xB3	; 179
    13a8:	ff 4f       	sbci	r31, 0xFF	; 255
    13aa:	60 81       	ld	r22, Z
    13ac:	71 81       	ldd	r23, Z+1	; 0x01
    13ae:	82 81       	ldd	r24, Z+2	; 0x02
    13b0:	93 81       	ldd	r25, Z+3	; 0x03
    13b2:	20 e0       	ldi	r18, 0x00	; 0
    13b4:	30 e0       	ldi	r19, 0x00	; 0
    13b6:	40 e8       	ldi	r20, 0x80	; 128
    13b8:	5f e3       	ldi	r21, 0x3F	; 63
    13ba:	0e 94 71 03 	call	0x6e2	; 0x6e2 <__ltsf2>
    13be:	88 23       	and	r24, r24
    13c0:	44 f4       	brge	.+16     	; 0x13d2 <sendSMS+0x21a>
		__ticks = 1;
    13c2:	fe 01       	movw	r30, r28
    13c4:	e5 5b       	subi	r30, 0xB5	; 181
    13c6:	ff 4f       	sbci	r31, 0xFF	; 255
    13c8:	81 e0       	ldi	r24, 0x01	; 1
    13ca:	90 e0       	ldi	r25, 0x00	; 0
    13cc:	91 83       	std	Z+1, r25	; 0x01
    13ce:	80 83       	st	Z, r24
    13d0:	64 c0       	rjmp	.+200    	; 0x149a <sendSMS+0x2e2>
	else if (__tmp > 65535)
    13d2:	fe 01       	movw	r30, r28
    13d4:	e3 5b       	subi	r30, 0xB3	; 179
    13d6:	ff 4f       	sbci	r31, 0xFF	; 255
    13d8:	60 81       	ld	r22, Z
    13da:	71 81       	ldd	r23, Z+1	; 0x01
    13dc:	82 81       	ldd	r24, Z+2	; 0x02
    13de:	93 81       	ldd	r25, Z+3	; 0x03
    13e0:	20 e0       	ldi	r18, 0x00	; 0
    13e2:	3f ef       	ldi	r19, 0xFF	; 255
    13e4:	4f e7       	ldi	r20, 0x7F	; 127
    13e6:	57 e4       	ldi	r21, 0x47	; 71
    13e8:	0e 94 11 03 	call	0x622	; 0x622 <__gtsf2>
    13ec:	18 16       	cp	r1, r24
    13ee:	0c f0       	brlt	.+2      	; 0x13f2 <sendSMS+0x23a>
    13f0:	43 c0       	rjmp	.+134    	; 0x1478 <sendSMS+0x2c0>
	{
		//	__ticks = requested delay in 1/10 ms
		__ticks = (uint16_t) (__ms * 10.0);
    13f2:	fe 01       	movw	r30, r28
    13f4:	ef 5a       	subi	r30, 0xAF	; 175
    13f6:	ff 4f       	sbci	r31, 0xFF	; 255
    13f8:	60 81       	ld	r22, Z
    13fa:	71 81       	ldd	r23, Z+1	; 0x01
    13fc:	82 81       	ldd	r24, Z+2	; 0x02
    13fe:	93 81       	ldd	r25, Z+3	; 0x03
    1400:	20 e0       	ldi	r18, 0x00	; 0
    1402:	30 e0       	ldi	r19, 0x00	; 0
    1404:	40 e2       	ldi	r20, 0x20	; 32
    1406:	51 e4       	ldi	r21, 0x41	; 65
    1408:	0e 94 17 02 	call	0x42e	; 0x42e <__mulsf3>
    140c:	dc 01       	movw	r26, r24
    140e:	cb 01       	movw	r24, r22
    1410:	8e 01       	movw	r16, r28
    1412:	05 5b       	subi	r16, 0xB5	; 181
    1414:	1f 4f       	sbci	r17, 0xFF	; 255
    1416:	bc 01       	movw	r22, r24
    1418:	cd 01       	movw	r24, r26
    141a:	0e 94 41 00 	call	0x82	; 0x82 <__fixunssfsi>
    141e:	dc 01       	movw	r26, r24
    1420:	cb 01       	movw	r24, r22
    1422:	f8 01       	movw	r30, r16
    1424:	91 83       	std	Z+1, r25	; 0x01
    1426:	80 83       	st	Z, r24
    1428:	1f c0       	rjmp	.+62     	; 0x1468 <sendSMS+0x2b0>
    142a:	fe 01       	movw	r30, r28
    142c:	e7 5b       	subi	r30, 0xB7	; 183
    142e:	ff 4f       	sbci	r31, 0xFF	; 255
    1430:	88 ec       	ldi	r24, 0xC8	; 200
    1432:	90 e0       	ldi	r25, 0x00	; 0
    1434:	91 83       	std	Z+1, r25	; 0x01
    1436:	80 83       	st	Z, r24
    1438:	fe 01       	movw	r30, r28
    143a:	e7 5b       	subi	r30, 0xB7	; 183
    143c:	ff 4f       	sbci	r31, 0xFF	; 255
    143e:	80 81       	ld	r24, Z
    1440:	91 81       	ldd	r25, Z+1	; 0x01
    1442:	01 97       	sbiw	r24, 0x01	; 1
    1444:	f1 f7       	brne	.-4      	; 0x1442 <sendSMS+0x28a>
    1446:	fe 01       	movw	r30, r28
    1448:	e7 5b       	subi	r30, 0xB7	; 183
    144a:	ff 4f       	sbci	r31, 0xFF	; 255
    144c:	91 83       	std	Z+1, r25	; 0x01
    144e:	80 83       	st	Z, r24
		while(__ticks)
		{
			// wait 1/10 ms
			_delay_loop_2(((F_CPU) / 4e3) / 10);
			__ticks --;
    1450:	de 01       	movw	r26, r28
    1452:	a5 5b       	subi	r26, 0xB5	; 181
    1454:	bf 4f       	sbci	r27, 0xFF	; 255
    1456:	fe 01       	movw	r30, r28
    1458:	e5 5b       	subi	r30, 0xB5	; 181
    145a:	ff 4f       	sbci	r31, 0xFF	; 255
    145c:	80 81       	ld	r24, Z
    145e:	91 81       	ldd	r25, Z+1	; 0x01
    1460:	01 97       	sbiw	r24, 0x01	; 1
    1462:	11 96       	adiw	r26, 0x01	; 1
    1464:	9c 93       	st	X, r25
    1466:	8e 93       	st	-X, r24
		__ticks = 1;
	else if (__tmp > 65535)
	{
		//	__ticks = requested delay in 1/10 ms
		__ticks = (uint16_t) (__ms * 10.0);
		while(__ticks)
    1468:	fe 01       	movw	r30, r28
    146a:	e5 5b       	subi	r30, 0xB5	; 181
    146c:	ff 4f       	sbci	r31, 0xFF	; 255
    146e:	80 81       	ld	r24, Z
    1470:	91 81       	ldd	r25, Z+1	; 0x01
    1472:	00 97       	sbiw	r24, 0x00	; 0
    1474:	d1 f6       	brne	.-76     	; 0x142a <sendSMS+0x272>
    1476:	27 c0       	rjmp	.+78     	; 0x14c6 <sendSMS+0x30e>
			__ticks --;
		}
		return;
	}
	else
		__ticks = (uint16_t)__tmp;
    1478:	8e 01       	movw	r16, r28
    147a:	05 5b       	subi	r16, 0xB5	; 181
    147c:	1f 4f       	sbci	r17, 0xFF	; 255
    147e:	fe 01       	movw	r30, r28
    1480:	e3 5b       	subi	r30, 0xB3	; 179
    1482:	ff 4f       	sbci	r31, 0xFF	; 255
    1484:	60 81       	ld	r22, Z
    1486:	71 81       	ldd	r23, Z+1	; 0x01
    1488:	82 81       	ldd	r24, Z+2	; 0x02
    148a:	93 81       	ldd	r25, Z+3	; 0x03
    148c:	0e 94 41 00 	call	0x82	; 0x82 <__fixunssfsi>
    1490:	dc 01       	movw	r26, r24
    1492:	cb 01       	movw	r24, r22
    1494:	f8 01       	movw	r30, r16
    1496:	91 83       	std	Z+1, r25	; 0x01
    1498:	80 83       	st	Z, r24
    149a:	de 01       	movw	r26, r28
    149c:	a9 5b       	subi	r26, 0xB9	; 185
    149e:	bf 4f       	sbci	r27, 0xFF	; 255
    14a0:	fe 01       	movw	r30, r28
    14a2:	e5 5b       	subi	r30, 0xB5	; 181
    14a4:	ff 4f       	sbci	r31, 0xFF	; 255
    14a6:	80 81       	ld	r24, Z
    14a8:	91 81       	ldd	r25, Z+1	; 0x01
    14aa:	8d 93       	st	X+, r24
    14ac:	9c 93       	st	X, r25
    14ae:	fe 01       	movw	r30, r28
    14b0:	e9 5b       	subi	r30, 0xB9	; 185
    14b2:	ff 4f       	sbci	r31, 0xFF	; 255
    14b4:	80 81       	ld	r24, Z
    14b6:	91 81       	ldd	r25, Z+1	; 0x01
    14b8:	01 97       	sbiw	r24, 0x01	; 1
    14ba:	f1 f7       	brne	.-4      	; 0x14b8 <sendSMS+0x300>
    14bc:	fe 01       	movw	r30, r28
    14be:	e9 5b       	subi	r30, 0xB9	; 185
    14c0:	ff 4f       	sbci	r31, 0xFF	; 255
    14c2:	91 83       	std	Z+1, r25	; 0x01
    14c4:	80 83       	st	Z, r24
     _delay_ms(1000);

     senddata("AT+CMGW=");
    14c6:	84 e7       	ldi	r24, 0x74	; 116
    14c8:	90 e0       	ldi	r25, 0x00	; 0
    14ca:	0e 94 20 14 	call	0x2840	; 0x2840 <senddata>
     USART_SendData(34);
    14ce:	82 e2       	ldi	r24, 0x22	; 34
    14d0:	0e 94 f3 13 	call	0x27e6	; 0x27e6 <USART_SendData>
     senddata("+01281884580");  //My Mobile number
    14d4:	8d e7       	ldi	r24, 0x7D	; 125
    14d6:	90 e0       	ldi	r25, 0x00	; 0
    14d8:	0e 94 20 14 	call	0x2840	; 0x2840 <senddata>
     USART_SendData(34);
    14dc:	82 e2       	ldi	r24, 0x22	; 34
    14de:	0e 94 f3 13 	call	0x27e6	; 0x27e6 <USART_SendData>
     USART_SendData(13);
    14e2:	8d e0       	ldi	r24, 0x0D	; 13
    14e4:	0e 94 f3 13 	call	0x27e6	; 0x27e6 <USART_SendData>
     USART_SendData(10);
    14e8:	8a e0       	ldi	r24, 0x0A	; 10
    14ea:	0e 94 f3 13 	call	0x27e6	; 0x27e6 <USART_SendData>
    14ee:	fe 01       	movw	r30, r28
    14f0:	ed 5b       	subi	r30, 0xBD	; 189
    14f2:	ff 4f       	sbci	r31, 0xFF	; 255
    14f4:	80 e0       	ldi	r24, 0x00	; 0
    14f6:	90 e0       	ldi	r25, 0x00	; 0
    14f8:	aa e7       	ldi	r26, 0x7A	; 122
    14fa:	b4 e4       	ldi	r27, 0x44	; 68
    14fc:	80 83       	st	Z, r24
    14fe:	91 83       	std	Z+1, r25	; 0x01
    1500:	a2 83       	std	Z+2, r26	; 0x02
    1502:	b3 83       	std	Z+3, r27	; 0x03
 */
void
_delay_ms(double __ms)
{
	uint16_t __ticks;
	double __tmp = ((F_CPU) / 4e3) * __ms;
    1504:	8e 01       	movw	r16, r28
    1506:	01 5c       	subi	r16, 0xC1	; 193
    1508:	1f 4f       	sbci	r17, 0xFF	; 255
    150a:	fe 01       	movw	r30, r28
    150c:	ed 5b       	subi	r30, 0xBD	; 189
    150e:	ff 4f       	sbci	r31, 0xFF	; 255
    1510:	60 81       	ld	r22, Z
    1512:	71 81       	ldd	r23, Z+1	; 0x01
    1514:	82 81       	ldd	r24, Z+2	; 0x02
    1516:	93 81       	ldd	r25, Z+3	; 0x03
    1518:	20 e0       	ldi	r18, 0x00	; 0
    151a:	30 e0       	ldi	r19, 0x00	; 0
    151c:	4a ef       	ldi	r20, 0xFA	; 250
    151e:	54 e4       	ldi	r21, 0x44	; 68
    1520:	0e 94 17 02 	call	0x42e	; 0x42e <__mulsf3>
    1524:	dc 01       	movw	r26, r24
    1526:	cb 01       	movw	r24, r22
    1528:	f8 01       	movw	r30, r16
    152a:	80 83       	st	Z, r24
    152c:	91 83       	std	Z+1, r25	; 0x01
    152e:	a2 83       	std	Z+2, r26	; 0x02
    1530:	b3 83       	std	Z+3, r27	; 0x03
	if (__tmp < 1.0)
    1532:	fe 01       	movw	r30, r28
    1534:	ff 96       	adiw	r30, 0x3f	; 63
    1536:	60 81       	ld	r22, Z
    1538:	71 81       	ldd	r23, Z+1	; 0x01
    153a:	82 81       	ldd	r24, Z+2	; 0x02
    153c:	93 81       	ldd	r25, Z+3	; 0x03
    153e:	20 e0       	ldi	r18, 0x00	; 0
    1540:	30 e0       	ldi	r19, 0x00	; 0
    1542:	40 e8       	ldi	r20, 0x80	; 128
    1544:	5f e3       	ldi	r21, 0x3F	; 63
    1546:	0e 94 71 03 	call	0x6e2	; 0x6e2 <__ltsf2>
    154a:	88 23       	and	r24, r24
    154c:	2c f4       	brge	.+10     	; 0x1558 <sendSMS+0x3a0>
		__ticks = 1;
    154e:	81 e0       	ldi	r24, 0x01	; 1
    1550:	90 e0       	ldi	r25, 0x00	; 0
    1552:	9e af       	std	Y+62, r25	; 0x3e
    1554:	8d af       	std	Y+61, r24	; 0x3d
    1556:	46 c0       	rjmp	.+140    	; 0x15e4 <sendSMS+0x42c>
	else if (__tmp > 65535)
    1558:	fe 01       	movw	r30, r28
    155a:	ff 96       	adiw	r30, 0x3f	; 63
    155c:	60 81       	ld	r22, Z
    155e:	71 81       	ldd	r23, Z+1	; 0x01
    1560:	82 81       	ldd	r24, Z+2	; 0x02
    1562:	93 81       	ldd	r25, Z+3	; 0x03
    1564:	20 e0       	ldi	r18, 0x00	; 0
    1566:	3f ef       	ldi	r19, 0xFF	; 255
    1568:	4f e7       	ldi	r20, 0x7F	; 127
    156a:	57 e4       	ldi	r21, 0x47	; 71
    156c:	0e 94 11 03 	call	0x622	; 0x622 <__gtsf2>
    1570:	18 16       	cp	r1, r24
    1572:	64 f5       	brge	.+88     	; 0x15cc <sendSMS+0x414>
	{
		//	__ticks = requested delay in 1/10 ms
		__ticks = (uint16_t) (__ms * 10.0);
    1574:	fe 01       	movw	r30, r28
    1576:	ed 5b       	subi	r30, 0xBD	; 189
    1578:	ff 4f       	sbci	r31, 0xFF	; 255
    157a:	60 81       	ld	r22, Z
    157c:	71 81       	ldd	r23, Z+1	; 0x01
    157e:	82 81       	ldd	r24, Z+2	; 0x02
    1580:	93 81       	ldd	r25, Z+3	; 0x03
    1582:	20 e0       	ldi	r18, 0x00	; 0
    1584:	30 e0       	ldi	r19, 0x00	; 0
    1586:	40 e2       	ldi	r20, 0x20	; 32
    1588:	51 e4       	ldi	r21, 0x41	; 65
    158a:	0e 94 17 02 	call	0x42e	; 0x42e <__mulsf3>
    158e:	dc 01       	movw	r26, r24
    1590:	cb 01       	movw	r24, r22
    1592:	bc 01       	movw	r22, r24
    1594:	cd 01       	movw	r24, r26
    1596:	0e 94 41 00 	call	0x82	; 0x82 <__fixunssfsi>
    159a:	dc 01       	movw	r26, r24
    159c:	cb 01       	movw	r24, r22
    159e:	9e af       	std	Y+62, r25	; 0x3e
    15a0:	8d af       	std	Y+61, r24	; 0x3d
    15a2:	0f c0       	rjmp	.+30     	; 0x15c2 <sendSMS+0x40a>
    15a4:	88 ec       	ldi	r24, 0xC8	; 200
    15a6:	90 e0       	ldi	r25, 0x00	; 0
    15a8:	9c af       	std	Y+60, r25	; 0x3c
    15aa:	8b af       	std	Y+59, r24	; 0x3b
    15ac:	8b ad       	ldd	r24, Y+59	; 0x3b
    15ae:	9c ad       	ldd	r25, Y+60	; 0x3c
    15b0:	01 97       	sbiw	r24, 0x01	; 1
    15b2:	f1 f7       	brne	.-4      	; 0x15b0 <sendSMS+0x3f8>
    15b4:	9c af       	std	Y+60, r25	; 0x3c
    15b6:	8b af       	std	Y+59, r24	; 0x3b
		while(__ticks)
		{
			// wait 1/10 ms
			_delay_loop_2(((F_CPU) / 4e3) / 10);
			__ticks --;
    15b8:	8d ad       	ldd	r24, Y+61	; 0x3d
    15ba:	9e ad       	ldd	r25, Y+62	; 0x3e
    15bc:	01 97       	sbiw	r24, 0x01	; 1
    15be:	9e af       	std	Y+62, r25	; 0x3e
    15c0:	8d af       	std	Y+61, r24	; 0x3d
		__ticks = 1;
	else if (__tmp > 65535)
	{
		//	__ticks = requested delay in 1/10 ms
		__ticks = (uint16_t) (__ms * 10.0);
		while(__ticks)
    15c2:	8d ad       	ldd	r24, Y+61	; 0x3d
    15c4:	9e ad       	ldd	r25, Y+62	; 0x3e
    15c6:	00 97       	sbiw	r24, 0x00	; 0
    15c8:	69 f7       	brne	.-38     	; 0x15a4 <sendSMS+0x3ec>
    15ca:	16 c0       	rjmp	.+44     	; 0x15f8 <sendSMS+0x440>
			__ticks --;
		}
		return;
	}
	else
		__ticks = (uint16_t)__tmp;
    15cc:	fe 01       	movw	r30, r28
    15ce:	ff 96       	adiw	r30, 0x3f	; 63
    15d0:	60 81       	ld	r22, Z
    15d2:	71 81       	ldd	r23, Z+1	; 0x01
    15d4:	82 81       	ldd	r24, Z+2	; 0x02
    15d6:	93 81       	ldd	r25, Z+3	; 0x03
    15d8:	0e 94 41 00 	call	0x82	; 0x82 <__fixunssfsi>
    15dc:	dc 01       	movw	r26, r24
    15de:	cb 01       	movw	r24, r22
    15e0:	9e af       	std	Y+62, r25	; 0x3e
    15e2:	8d af       	std	Y+61, r24	; 0x3d
    15e4:	8d ad       	ldd	r24, Y+61	; 0x3d
    15e6:	9e ad       	ldd	r25, Y+62	; 0x3e
    15e8:	9a af       	std	Y+58, r25	; 0x3a
    15ea:	89 af       	std	Y+57, r24	; 0x39
    15ec:	89 ad       	ldd	r24, Y+57	; 0x39
    15ee:	9a ad       	ldd	r25, Y+58	; 0x3a
    15f0:	01 97       	sbiw	r24, 0x01	; 1
    15f2:	f1 f7       	brne	.-4      	; 0x15f0 <sendSMS+0x438>
    15f4:	9a af       	std	Y+58, r25	; 0x3a
    15f6:	89 af       	std	Y+57, r24	; 0x39
     _delay_ms(1000);

     senddata("Alert: Fire Detected");
    15f8:	8a e8       	ldi	r24, 0x8A	; 138
    15fa:	90 e0       	ldi	r25, 0x00	; 0
    15fc:	0e 94 20 14 	call	0x2840	; 0x2840 <senddata>
     USART_SendData(13);
    1600:	8d e0       	ldi	r24, 0x0D	; 13
    1602:	0e 94 f3 13 	call	0x27e6	; 0x27e6 <USART_SendData>
     USART_SendData(10);
    1606:	8a e0       	ldi	r24, 0x0A	; 10
    1608:	0e 94 f3 13 	call	0x27e6	; 0x27e6 <USART_SendData>
    160c:	80 e0       	ldi	r24, 0x00	; 0
    160e:	90 e0       	ldi	r25, 0x00	; 0
    1610:	aa e7       	ldi	r26, 0x7A	; 122
    1612:	b4 e4       	ldi	r27, 0x44	; 68
    1614:	8d ab       	std	Y+53, r24	; 0x35
    1616:	9e ab       	std	Y+54, r25	; 0x36
    1618:	af ab       	std	Y+55, r26	; 0x37
    161a:	b8 af       	std	Y+56, r27	; 0x38
 */
void
_delay_ms(double __ms)
{
	uint16_t __ticks;
	double __tmp = ((F_CPU) / 4e3) * __ms;
    161c:	6d a9       	ldd	r22, Y+53	; 0x35
    161e:	7e a9       	ldd	r23, Y+54	; 0x36
    1620:	8f a9       	ldd	r24, Y+55	; 0x37
    1622:	98 ad       	ldd	r25, Y+56	; 0x38
    1624:	20 e0       	ldi	r18, 0x00	; 0
    1626:	30 e0       	ldi	r19, 0x00	; 0
    1628:	4a ef       	ldi	r20, 0xFA	; 250
    162a:	54 e4       	ldi	r21, 0x44	; 68
    162c:	0e 94 17 02 	call	0x42e	; 0x42e <__mulsf3>
    1630:	dc 01       	movw	r26, r24
    1632:	cb 01       	movw	r24, r22
    1634:	89 ab       	std	Y+49, r24	; 0x31
    1636:	9a ab       	std	Y+50, r25	; 0x32
    1638:	ab ab       	std	Y+51, r26	; 0x33
    163a:	bc ab       	std	Y+52, r27	; 0x34
	if (__tmp < 1.0)
    163c:	69 a9       	ldd	r22, Y+49	; 0x31
    163e:	7a a9       	ldd	r23, Y+50	; 0x32
    1640:	8b a9       	ldd	r24, Y+51	; 0x33
    1642:	9c a9       	ldd	r25, Y+52	; 0x34
    1644:	20 e0       	ldi	r18, 0x00	; 0
    1646:	30 e0       	ldi	r19, 0x00	; 0
    1648:	40 e8       	ldi	r20, 0x80	; 128
    164a:	5f e3       	ldi	r21, 0x3F	; 63
    164c:	0e 94 71 03 	call	0x6e2	; 0x6e2 <__ltsf2>
    1650:	88 23       	and	r24, r24
    1652:	2c f4       	brge	.+10     	; 0x165e <sendSMS+0x4a6>
		__ticks = 1;
    1654:	81 e0       	ldi	r24, 0x01	; 1
    1656:	90 e0       	ldi	r25, 0x00	; 0
    1658:	98 ab       	std	Y+48, r25	; 0x30
    165a:	8f a7       	std	Y+47, r24	; 0x2f
    165c:	3f c0       	rjmp	.+126    	; 0x16dc <sendSMS+0x524>
	else if (__tmp > 65535)
    165e:	69 a9       	ldd	r22, Y+49	; 0x31
    1660:	7a a9       	ldd	r23, Y+50	; 0x32
    1662:	8b a9       	ldd	r24, Y+51	; 0x33
    1664:	9c a9       	ldd	r25, Y+52	; 0x34
    1666:	20 e0       	ldi	r18, 0x00	; 0
    1668:	3f ef       	ldi	r19, 0xFF	; 255
    166a:	4f e7       	ldi	r20, 0x7F	; 127
    166c:	57 e4       	ldi	r21, 0x47	; 71
    166e:	0e 94 11 03 	call	0x622	; 0x622 <__gtsf2>
    1672:	18 16       	cp	r1, r24
    1674:	4c f5       	brge	.+82     	; 0x16c8 <sendSMS+0x510>
	{
		//	__ticks = requested delay in 1/10 ms
		__ticks = (uint16_t) (__ms * 10.0);
    1676:	6d a9       	ldd	r22, Y+53	; 0x35
    1678:	7e a9       	ldd	r23, Y+54	; 0x36
    167a:	8f a9       	ldd	r24, Y+55	; 0x37
    167c:	98 ad       	ldd	r25, Y+56	; 0x38
    167e:	20 e0       	ldi	r18, 0x00	; 0
    1680:	30 e0       	ldi	r19, 0x00	; 0
    1682:	40 e2       	ldi	r20, 0x20	; 32
    1684:	51 e4       	ldi	r21, 0x41	; 65
    1686:	0e 94 17 02 	call	0x42e	; 0x42e <__mulsf3>
    168a:	dc 01       	movw	r26, r24
    168c:	cb 01       	movw	r24, r22
    168e:	bc 01       	movw	r22, r24
    1690:	cd 01       	movw	r24, r26
    1692:	0e 94 41 00 	call	0x82	; 0x82 <__fixunssfsi>
    1696:	dc 01       	movw	r26, r24
    1698:	cb 01       	movw	r24, r22
    169a:	98 ab       	std	Y+48, r25	; 0x30
    169c:	8f a7       	std	Y+47, r24	; 0x2f
    169e:	0f c0       	rjmp	.+30     	; 0x16be <sendSMS+0x506>
    16a0:	88 ec       	ldi	r24, 0xC8	; 200
    16a2:	90 e0       	ldi	r25, 0x00	; 0
    16a4:	9e a7       	std	Y+46, r25	; 0x2e
    16a6:	8d a7       	std	Y+45, r24	; 0x2d
    16a8:	8d a5       	ldd	r24, Y+45	; 0x2d
    16aa:	9e a5       	ldd	r25, Y+46	; 0x2e
    16ac:	01 97       	sbiw	r24, 0x01	; 1
    16ae:	f1 f7       	brne	.-4      	; 0x16ac <sendSMS+0x4f4>
    16b0:	9e a7       	std	Y+46, r25	; 0x2e
    16b2:	8d a7       	std	Y+45, r24	; 0x2d
		while(__ticks)
		{
			// wait 1/10 ms
			_delay_loop_2(((F_CPU) / 4e3) / 10);
			__ticks --;
    16b4:	8f a5       	ldd	r24, Y+47	; 0x2f
    16b6:	98 a9       	ldd	r25, Y+48	; 0x30
    16b8:	01 97       	sbiw	r24, 0x01	; 1
    16ba:	98 ab       	std	Y+48, r25	; 0x30
    16bc:	8f a7       	std	Y+47, r24	; 0x2f
		__ticks = 1;
	else if (__tmp > 65535)
	{
		//	__ticks = requested delay in 1/10 ms
		__ticks = (uint16_t) (__ms * 10.0);
		while(__ticks)
    16be:	8f a5       	ldd	r24, Y+47	; 0x2f
    16c0:	98 a9       	ldd	r25, Y+48	; 0x30
    16c2:	00 97       	sbiw	r24, 0x00	; 0
    16c4:	69 f7       	brne	.-38     	; 0x16a0 <sendSMS+0x4e8>
    16c6:	14 c0       	rjmp	.+40     	; 0x16f0 <sendSMS+0x538>
			__ticks --;
		}
		return;
	}
	else
		__ticks = (uint16_t)__tmp;
    16c8:	69 a9       	ldd	r22, Y+49	; 0x31
    16ca:	7a a9       	ldd	r23, Y+50	; 0x32
    16cc:	8b a9       	ldd	r24, Y+51	; 0x33
    16ce:	9c a9       	ldd	r25, Y+52	; 0x34
    16d0:	0e 94 41 00 	call	0x82	; 0x82 <__fixunssfsi>
    16d4:	dc 01       	movw	r26, r24
    16d6:	cb 01       	movw	r24, r22
    16d8:	98 ab       	std	Y+48, r25	; 0x30
    16da:	8f a7       	std	Y+47, r24	; 0x2f
    16dc:	8f a5       	ldd	r24, Y+47	; 0x2f
    16de:	98 a9       	ldd	r25, Y+48	; 0x30
    16e0:	9c a7       	std	Y+44, r25	; 0x2c
    16e2:	8b a7       	std	Y+43, r24	; 0x2b
    16e4:	8b a5       	ldd	r24, Y+43	; 0x2b
    16e6:	9c a5       	ldd	r25, Y+44	; 0x2c
    16e8:	01 97       	sbiw	r24, 0x01	; 1
    16ea:	f1 f7       	brne	.-4      	; 0x16e8 <sendSMS+0x530>
    16ec:	9c a7       	std	Y+44, r25	; 0x2c
    16ee:	8b a7       	std	Y+43, r24	; 0x2b
     _delay_ms(1000);

     USART_SendData(26); //Ctrl+Z
    16f0:	8a e1       	ldi	r24, 0x1A	; 26
    16f2:	0e 94 f3 13 	call	0x27e6	; 0x27e6 <USART_SendData>
    16f6:	80 e0       	ldi	r24, 0x00	; 0
    16f8:	90 e0       	ldi	r25, 0x00	; 0
    16fa:	aa e7       	ldi	r26, 0x7A	; 122
    16fc:	b4 e4       	ldi	r27, 0x44	; 68
    16fe:	8f a3       	std	Y+39, r24	; 0x27
    1700:	98 a7       	std	Y+40, r25	; 0x28
    1702:	a9 a7       	std	Y+41, r26	; 0x29
    1704:	ba a7       	std	Y+42, r27	; 0x2a
 */
void
_delay_ms(double __ms)
{
	uint16_t __ticks;
	double __tmp = ((F_CPU) / 4e3) * __ms;
    1706:	6f a1       	ldd	r22, Y+39	; 0x27
    1708:	78 a5       	ldd	r23, Y+40	; 0x28
    170a:	89 a5       	ldd	r24, Y+41	; 0x29
    170c:	9a a5       	ldd	r25, Y+42	; 0x2a
    170e:	20 e0       	ldi	r18, 0x00	; 0
    1710:	30 e0       	ldi	r19, 0x00	; 0
    1712:	4a ef       	ldi	r20, 0xFA	; 250
    1714:	54 e4       	ldi	r21, 0x44	; 68
    1716:	0e 94 17 02 	call	0x42e	; 0x42e <__mulsf3>
    171a:	dc 01       	movw	r26, r24
    171c:	cb 01       	movw	r24, r22
    171e:	8b a3       	std	Y+35, r24	; 0x23
    1720:	9c a3       	std	Y+36, r25	; 0x24
    1722:	ad a3       	std	Y+37, r26	; 0x25
    1724:	be a3       	std	Y+38, r27	; 0x26
	if (__tmp < 1.0)
    1726:	6b a1       	ldd	r22, Y+35	; 0x23
    1728:	7c a1       	ldd	r23, Y+36	; 0x24
    172a:	8d a1       	ldd	r24, Y+37	; 0x25
    172c:	9e a1       	ldd	r25, Y+38	; 0x26
    172e:	20 e0       	ldi	r18, 0x00	; 0
    1730:	30 e0       	ldi	r19, 0x00	; 0
    1732:	40 e8       	ldi	r20, 0x80	; 128
    1734:	5f e3       	ldi	r21, 0x3F	; 63
    1736:	0e 94 71 03 	call	0x6e2	; 0x6e2 <__ltsf2>
    173a:	88 23       	and	r24, r24
    173c:	2c f4       	brge	.+10     	; 0x1748 <sendSMS+0x590>
		__ticks = 1;
    173e:	81 e0       	ldi	r24, 0x01	; 1
    1740:	90 e0       	ldi	r25, 0x00	; 0
    1742:	9a a3       	std	Y+34, r25	; 0x22
    1744:	89 a3       	std	Y+33, r24	; 0x21
    1746:	3f c0       	rjmp	.+126    	; 0x17c6 <sendSMS+0x60e>
	else if (__tmp > 65535)
    1748:	6b a1       	ldd	r22, Y+35	; 0x23
    174a:	7c a1       	ldd	r23, Y+36	; 0x24
    174c:	8d a1       	ldd	r24, Y+37	; 0x25
    174e:	9e a1       	ldd	r25, Y+38	; 0x26
    1750:	20 e0       	ldi	r18, 0x00	; 0
    1752:	3f ef       	ldi	r19, 0xFF	; 255
    1754:	4f e7       	ldi	r20, 0x7F	; 127
    1756:	57 e4       	ldi	r21, 0x47	; 71
    1758:	0e 94 11 03 	call	0x622	; 0x622 <__gtsf2>
    175c:	18 16       	cp	r1, r24
    175e:	4c f5       	brge	.+82     	; 0x17b2 <sendSMS+0x5fa>
	{
		//	__ticks = requested delay in 1/10 ms
		__ticks = (uint16_t) (__ms * 10.0);
    1760:	6f a1       	ldd	r22, Y+39	; 0x27
    1762:	78 a5       	ldd	r23, Y+40	; 0x28
    1764:	89 a5       	ldd	r24, Y+41	; 0x29
    1766:	9a a5       	ldd	r25, Y+42	; 0x2a
    1768:	20 e0       	ldi	r18, 0x00	; 0
    176a:	30 e0       	ldi	r19, 0x00	; 0
    176c:	40 e2       	ldi	r20, 0x20	; 32
    176e:	51 e4       	ldi	r21, 0x41	; 65
    1770:	0e 94 17 02 	call	0x42e	; 0x42e <__mulsf3>
    1774:	dc 01       	movw	r26, r24
    1776:	cb 01       	movw	r24, r22
    1778:	bc 01       	movw	r22, r24
    177a:	cd 01       	movw	r24, r26
    177c:	0e 94 41 00 	call	0x82	; 0x82 <__fixunssfsi>
    1780:	dc 01       	movw	r26, r24
    1782:	cb 01       	movw	r24, r22
    1784:	9a a3       	std	Y+34, r25	; 0x22
    1786:	89 a3       	std	Y+33, r24	; 0x21
    1788:	0f c0       	rjmp	.+30     	; 0x17a8 <sendSMS+0x5f0>
    178a:	88 ec       	ldi	r24, 0xC8	; 200
    178c:	90 e0       	ldi	r25, 0x00	; 0
    178e:	98 a3       	std	Y+32, r25	; 0x20
    1790:	8f 8f       	std	Y+31, r24	; 0x1f
    1792:	8f 8d       	ldd	r24, Y+31	; 0x1f
    1794:	98 a1       	ldd	r25, Y+32	; 0x20
    1796:	01 97       	sbiw	r24, 0x01	; 1
    1798:	f1 f7       	brne	.-4      	; 0x1796 <sendSMS+0x5de>
    179a:	98 a3       	std	Y+32, r25	; 0x20
    179c:	8f 8f       	std	Y+31, r24	; 0x1f
		while(__ticks)
		{
			// wait 1/10 ms
			_delay_loop_2(((F_CPU) / 4e3) / 10);
			__ticks --;
    179e:	89 a1       	ldd	r24, Y+33	; 0x21
    17a0:	9a a1       	ldd	r25, Y+34	; 0x22
    17a2:	01 97       	sbiw	r24, 0x01	; 1
    17a4:	9a a3       	std	Y+34, r25	; 0x22
    17a6:	89 a3       	std	Y+33, r24	; 0x21
		__ticks = 1;
	else if (__tmp > 65535)
	{
		//	__ticks = requested delay in 1/10 ms
		__ticks = (uint16_t) (__ms * 10.0);
		while(__ticks)
    17a8:	89 a1       	ldd	r24, Y+33	; 0x21
    17aa:	9a a1       	ldd	r25, Y+34	; 0x22
    17ac:	00 97       	sbiw	r24, 0x00	; 0
    17ae:	69 f7       	brne	.-38     	; 0x178a <sendSMS+0x5d2>
    17b0:	14 c0       	rjmp	.+40     	; 0x17da <sendSMS+0x622>
			__ticks --;
		}
		return;
	}
	else
		__ticks = (uint16_t)__tmp;
    17b2:	6b a1       	ldd	r22, Y+35	; 0x23
    17b4:	7c a1       	ldd	r23, Y+36	; 0x24
    17b6:	8d a1       	ldd	r24, Y+37	; 0x25
    17b8:	9e a1       	ldd	r25, Y+38	; 0x26
    17ba:	0e 94 41 00 	call	0x82	; 0x82 <__fixunssfsi>
    17be:	dc 01       	movw	r26, r24
    17c0:	cb 01       	movw	r24, r22
    17c2:	9a a3       	std	Y+34, r25	; 0x22
    17c4:	89 a3       	std	Y+33, r24	; 0x21
    17c6:	89 a1       	ldd	r24, Y+33	; 0x21
    17c8:	9a a1       	ldd	r25, Y+34	; 0x22
    17ca:	9e 8f       	std	Y+30, r25	; 0x1e
    17cc:	8d 8f       	std	Y+29, r24	; 0x1d
    17ce:	8d 8d       	ldd	r24, Y+29	; 0x1d
    17d0:	9e 8d       	ldd	r25, Y+30	; 0x1e
    17d2:	01 97       	sbiw	r24, 0x01	; 1
    17d4:	f1 f7       	brne	.-4      	; 0x17d2 <sendSMS+0x61a>
    17d6:	9e 8f       	std	Y+30, r25	; 0x1e
    17d8:	8d 8f       	std	Y+29, r24	; 0x1d
    17da:	80 e0       	ldi	r24, 0x00	; 0
    17dc:	90 e0       	ldi	r25, 0x00	; 0
    17de:	aa e7       	ldi	r26, 0x7A	; 122
    17e0:	b4 e4       	ldi	r27, 0x44	; 68
    17e2:	89 8f       	std	Y+25, r24	; 0x19
    17e4:	9a 8f       	std	Y+26, r25	; 0x1a
    17e6:	ab 8f       	std	Y+27, r26	; 0x1b
    17e8:	bc 8f       	std	Y+28, r27	; 0x1c
 */
void
_delay_ms(double __ms)
{
	uint16_t __ticks;
	double __tmp = ((F_CPU) / 4e3) * __ms;
    17ea:	69 8d       	ldd	r22, Y+25	; 0x19
    17ec:	7a 8d       	ldd	r23, Y+26	; 0x1a
    17ee:	8b 8d       	ldd	r24, Y+27	; 0x1b
    17f0:	9c 8d       	ldd	r25, Y+28	; 0x1c
    17f2:	20 e0       	ldi	r18, 0x00	; 0
    17f4:	30 e0       	ldi	r19, 0x00	; 0
    17f6:	4a ef       	ldi	r20, 0xFA	; 250
    17f8:	54 e4       	ldi	r21, 0x44	; 68
    17fa:	0e 94 17 02 	call	0x42e	; 0x42e <__mulsf3>
    17fe:	dc 01       	movw	r26, r24
    1800:	cb 01       	movw	r24, r22
    1802:	8d 8b       	std	Y+21, r24	; 0x15
    1804:	9e 8b       	std	Y+22, r25	; 0x16
    1806:	af 8b       	std	Y+23, r26	; 0x17
    1808:	b8 8f       	std	Y+24, r27	; 0x18
	if (__tmp < 1.0)
    180a:	6d 89       	ldd	r22, Y+21	; 0x15
    180c:	7e 89       	ldd	r23, Y+22	; 0x16
    180e:	8f 89       	ldd	r24, Y+23	; 0x17
    1810:	98 8d       	ldd	r25, Y+24	; 0x18
    1812:	20 e0       	ldi	r18, 0x00	; 0
    1814:	30 e0       	ldi	r19, 0x00	; 0
    1816:	40 e8       	ldi	r20, 0x80	; 128
    1818:	5f e3       	ldi	r21, 0x3F	; 63
    181a:	0e 94 71 03 	call	0x6e2	; 0x6e2 <__ltsf2>
    181e:	88 23       	and	r24, r24
    1820:	2c f4       	brge	.+10     	; 0x182c <sendSMS+0x674>
		__ticks = 1;
    1822:	81 e0       	ldi	r24, 0x01	; 1
    1824:	90 e0       	ldi	r25, 0x00	; 0
    1826:	9c 8b       	std	Y+20, r25	; 0x14
    1828:	8b 8b       	std	Y+19, r24	; 0x13
    182a:	3f c0       	rjmp	.+126    	; 0x18aa <sendSMS+0x6f2>
	else if (__tmp > 65535)
    182c:	6d 89       	ldd	r22, Y+21	; 0x15
    182e:	7e 89       	ldd	r23, Y+22	; 0x16
    1830:	8f 89       	ldd	r24, Y+23	; 0x17
    1832:	98 8d       	ldd	r25, Y+24	; 0x18
    1834:	20 e0       	ldi	r18, 0x00	; 0
    1836:	3f ef       	ldi	r19, 0xFF	; 255
    1838:	4f e7       	ldi	r20, 0x7F	; 127
    183a:	57 e4       	ldi	r21, 0x47	; 71
    183c:	0e 94 11 03 	call	0x622	; 0x622 <__gtsf2>
    1840:	18 16       	cp	r1, r24
    1842:	4c f5       	brge	.+82     	; 0x1896 <sendSMS+0x6de>
	{
		//	__ticks = requested delay in 1/10 ms
		__ticks = (uint16_t) (__ms * 10.0);
    1844:	69 8d       	ldd	r22, Y+25	; 0x19
    1846:	7a 8d       	ldd	r23, Y+26	; 0x1a
    1848:	8b 8d       	ldd	r24, Y+27	; 0x1b
    184a:	9c 8d       	ldd	r25, Y+28	; 0x1c
    184c:	20 e0       	ldi	r18, 0x00	; 0
    184e:	30 e0       	ldi	r19, 0x00	; 0
    1850:	40 e2       	ldi	r20, 0x20	; 32
    1852:	51 e4       	ldi	r21, 0x41	; 65
    1854:	0e 94 17 02 	call	0x42e	; 0x42e <__mulsf3>
    1858:	dc 01       	movw	r26, r24
    185a:	cb 01       	movw	r24, r22
    185c:	bc 01       	movw	r22, r24
    185e:	cd 01       	movw	r24, r26
    1860:	0e 94 41 00 	call	0x82	; 0x82 <__fixunssfsi>
    1864:	dc 01       	movw	r26, r24
    1866:	cb 01       	movw	r24, r22
    1868:	9c 8b       	std	Y+20, r25	; 0x14
    186a:	8b 8b       	std	Y+19, r24	; 0x13
    186c:	0f c0       	rjmp	.+30     	; 0x188c <sendSMS+0x6d4>
    186e:	88 ec       	ldi	r24, 0xC8	; 200
    1870:	90 e0       	ldi	r25, 0x00	; 0
    1872:	9a 8b       	std	Y+18, r25	; 0x12
    1874:	89 8b       	std	Y+17, r24	; 0x11
    1876:	89 89       	ldd	r24, Y+17	; 0x11
    1878:	9a 89       	ldd	r25, Y+18	; 0x12
    187a:	01 97       	sbiw	r24, 0x01	; 1
    187c:	f1 f7       	brne	.-4      	; 0x187a <sendSMS+0x6c2>
    187e:	9a 8b       	std	Y+18, r25	; 0x12
    1880:	89 8b       	std	Y+17, r24	; 0x11
		while(__ticks)
		{
			// wait 1/10 ms
			_delay_loop_2(((F_CPU) / 4e3) / 10);
			__ticks --;
    1882:	8b 89       	ldd	r24, Y+19	; 0x13
    1884:	9c 89       	ldd	r25, Y+20	; 0x14
    1886:	01 97       	sbiw	r24, 0x01	; 1
    1888:	9c 8b       	std	Y+20, r25	; 0x14
    188a:	8b 8b       	std	Y+19, r24	; 0x13
		__ticks = 1;
	else if (__tmp > 65535)
	{
		//	__ticks = requested delay in 1/10 ms
		__ticks = (uint16_t) (__ms * 10.0);
		while(__ticks)
    188c:	8b 89       	ldd	r24, Y+19	; 0x13
    188e:	9c 89       	ldd	r25, Y+20	; 0x14
    1890:	00 97       	sbiw	r24, 0x00	; 0
    1892:	69 f7       	brne	.-38     	; 0x186e <sendSMS+0x6b6>
    1894:	14 c0       	rjmp	.+40     	; 0x18be <sendSMS+0x706>
			__ticks --;
		}
		return;
	}
	else
		__ticks = (uint16_t)__tmp;
    1896:	6d 89       	ldd	r22, Y+21	; 0x15
    1898:	7e 89       	ldd	r23, Y+22	; 0x16
    189a:	8f 89       	ldd	r24, Y+23	; 0x17
    189c:	98 8d       	ldd	r25, Y+24	; 0x18
    189e:	0e 94 41 00 	call	0x82	; 0x82 <__fixunssfsi>
    18a2:	dc 01       	movw	r26, r24
    18a4:	cb 01       	movw	r24, r22
    18a6:	9c 8b       	std	Y+20, r25	; 0x14
    18a8:	8b 8b       	std	Y+19, r24	; 0x13
    18aa:	8b 89       	ldd	r24, Y+19	; 0x13
    18ac:	9c 89       	ldd	r25, Y+20	; 0x14
    18ae:	98 8b       	std	Y+16, r25	; 0x10
    18b0:	8f 87       	std	Y+15, r24	; 0x0f
    18b2:	8f 85       	ldd	r24, Y+15	; 0x0f
    18b4:	98 89       	ldd	r25, Y+16	; 0x10
    18b6:	01 97       	sbiw	r24, 0x01	; 1
    18b8:	f1 f7       	brne	.-4      	; 0x18b6 <sendSMS+0x6fe>
    18ba:	98 8b       	std	Y+16, r25	; 0x10
    18bc:	8f 87       	std	Y+15, r24	; 0x0f
     _delay_ms(1000);
     _delay_ms(1000);

     senddata("AT+CMSS=1");
    18be:	8f e9       	ldi	r24, 0x9F	; 159
    18c0:	90 e0       	ldi	r25, 0x00	; 0
    18c2:	0e 94 20 14 	call	0x2840	; 0x2840 <senddata>
     USART_SendData(13);
    18c6:	8d e0       	ldi	r24, 0x0D	; 13
    18c8:	0e 94 f3 13 	call	0x27e6	; 0x27e6 <USART_SendData>
     USART_SendData(10);
    18cc:	8a e0       	ldi	r24, 0x0A	; 10
    18ce:	0e 94 f3 13 	call	0x27e6	; 0x27e6 <USART_SendData>
    18d2:	80 e0       	ldi	r24, 0x00	; 0
    18d4:	90 e0       	ldi	r25, 0x00	; 0
    18d6:	aa e7       	ldi	r26, 0x7A	; 122
    18d8:	b4 e4       	ldi	r27, 0x44	; 68
    18da:	8b 87       	std	Y+11, r24	; 0x0b
    18dc:	9c 87       	std	Y+12, r25	; 0x0c
    18de:	ad 87       	std	Y+13, r26	; 0x0d
    18e0:	be 87       	std	Y+14, r27	; 0x0e
 */
void
_delay_ms(double __ms)
{
	uint16_t __ticks;
	double __tmp = ((F_CPU) / 4e3) * __ms;
    18e2:	6b 85       	ldd	r22, Y+11	; 0x0b
    18e4:	7c 85       	ldd	r23, Y+12	; 0x0c
    18e6:	8d 85       	ldd	r24, Y+13	; 0x0d
    18e8:	9e 85       	ldd	r25, Y+14	; 0x0e
    18ea:	20 e0       	ldi	r18, 0x00	; 0
    18ec:	30 e0       	ldi	r19, 0x00	; 0
    18ee:	4a ef       	ldi	r20, 0xFA	; 250
    18f0:	54 e4       	ldi	r21, 0x44	; 68
    18f2:	0e 94 17 02 	call	0x42e	; 0x42e <__mulsf3>
    18f6:	dc 01       	movw	r26, r24
    18f8:	cb 01       	movw	r24, r22
    18fa:	8f 83       	std	Y+7, r24	; 0x07
    18fc:	98 87       	std	Y+8, r25	; 0x08
    18fe:	a9 87       	std	Y+9, r26	; 0x09
    1900:	ba 87       	std	Y+10, r27	; 0x0a
	if (__tmp < 1.0)
    1902:	6f 81       	ldd	r22, Y+7	; 0x07
    1904:	78 85       	ldd	r23, Y+8	; 0x08
    1906:	89 85       	ldd	r24, Y+9	; 0x09
    1908:	9a 85       	ldd	r25, Y+10	; 0x0a
    190a:	20 e0       	ldi	r18, 0x00	; 0
    190c:	30 e0       	ldi	r19, 0x00	; 0
    190e:	40 e8       	ldi	r20, 0x80	; 128
    1910:	5f e3       	ldi	r21, 0x3F	; 63
    1912:	0e 94 71 03 	call	0x6e2	; 0x6e2 <__ltsf2>
    1916:	88 23       	and	r24, r24
    1918:	2c f4       	brge	.+10     	; 0x1924 <sendSMS+0x76c>
		__ticks = 1;
    191a:	81 e0       	ldi	r24, 0x01	; 1
    191c:	90 e0       	ldi	r25, 0x00	; 0
    191e:	9e 83       	std	Y+6, r25	; 0x06
    1920:	8d 83       	std	Y+5, r24	; 0x05
    1922:	3f c0       	rjmp	.+126    	; 0x19a2 <sendSMS+0x7ea>
	else if (__tmp > 65535)
    1924:	6f 81       	ldd	r22, Y+7	; 0x07
    1926:	78 85       	ldd	r23, Y+8	; 0x08
    1928:	89 85       	ldd	r24, Y+9	; 0x09
    192a:	9a 85       	ldd	r25, Y+10	; 0x0a
    192c:	20 e0       	ldi	r18, 0x00	; 0
    192e:	3f ef       	ldi	r19, 0xFF	; 255
    1930:	4f e7       	ldi	r20, 0x7F	; 127
    1932:	57 e4       	ldi	r21, 0x47	; 71
    1934:	0e 94 11 03 	call	0x622	; 0x622 <__gtsf2>
    1938:	18 16       	cp	r1, r24
    193a:	4c f5       	brge	.+82     	; 0x198e <sendSMS+0x7d6>
	{
		//	__ticks = requested delay in 1/10 ms
		__ticks = (uint16_t) (__ms * 10.0);
    193c:	6b 85       	ldd	r22, Y+11	; 0x0b
    193e:	7c 85       	ldd	r23, Y+12	; 0x0c
    1940:	8d 85       	ldd	r24, Y+13	; 0x0d
    1942:	9e 85       	ldd	r25, Y+14	; 0x0e
    1944:	20 e0       	ldi	r18, 0x00	; 0
    1946:	30 e0       	ldi	r19, 0x00	; 0
    1948:	40 e2       	ldi	r20, 0x20	; 32
    194a:	51 e4       	ldi	r21, 0x41	; 65
    194c:	0e 94 17 02 	call	0x42e	; 0x42e <__mulsf3>
    1950:	dc 01       	movw	r26, r24
    1952:	cb 01       	movw	r24, r22
    1954:	bc 01       	movw	r22, r24
    1956:	cd 01       	movw	r24, r26
    1958:	0e 94 41 00 	call	0x82	; 0x82 <__fixunssfsi>
    195c:	dc 01       	movw	r26, r24
    195e:	cb 01       	movw	r24, r22
    1960:	9e 83       	std	Y+6, r25	; 0x06
    1962:	8d 83       	std	Y+5, r24	; 0x05
    1964:	0f c0       	rjmp	.+30     	; 0x1984 <sendSMS+0x7cc>
    1966:	88 ec       	ldi	r24, 0xC8	; 200
    1968:	90 e0       	ldi	r25, 0x00	; 0
    196a:	9c 83       	std	Y+4, r25	; 0x04
    196c:	8b 83       	std	Y+3, r24	; 0x03
    196e:	8b 81       	ldd	r24, Y+3	; 0x03
    1970:	9c 81       	ldd	r25, Y+4	; 0x04
    1972:	01 97       	sbiw	r24, 0x01	; 1
    1974:	f1 f7       	brne	.-4      	; 0x1972 <sendSMS+0x7ba>
    1976:	9c 83       	std	Y+4, r25	; 0x04
    1978:	8b 83       	std	Y+3, r24	; 0x03
		while(__ticks)
		{
			// wait 1/10 ms
			_delay_loop_2(((F_CPU) / 4e3) / 10);
			__ticks --;
    197a:	8d 81       	ldd	r24, Y+5	; 0x05
    197c:	9e 81       	ldd	r25, Y+6	; 0x06
    197e:	01 97       	sbiw	r24, 0x01	; 1
    1980:	9e 83       	std	Y+6, r25	; 0x06
    1982:	8d 83       	std	Y+5, r24	; 0x05
		__ticks = 1;
	else if (__tmp > 65535)
	{
		//	__ticks = requested delay in 1/10 ms
		__ticks = (uint16_t) (__ms * 10.0);
		while(__ticks)
    1984:	8d 81       	ldd	r24, Y+5	; 0x05
    1986:	9e 81       	ldd	r25, Y+6	; 0x06
    1988:	00 97       	sbiw	r24, 0x00	; 0
    198a:	69 f7       	brne	.-38     	; 0x1966 <sendSMS+0x7ae>
    198c:	14 c0       	rjmp	.+40     	; 0x19b6 <sendSMS+0x7fe>
			__ticks --;
		}
		return;
	}
	else
		__ticks = (uint16_t)__tmp;
    198e:	6f 81       	ldd	r22, Y+7	; 0x07
    1990:	78 85       	ldd	r23, Y+8	; 0x08
    1992:	89 85       	ldd	r24, Y+9	; 0x09
    1994:	9a 85       	ldd	r25, Y+10	; 0x0a
    1996:	0e 94 41 00 	call	0x82	; 0x82 <__fixunssfsi>
    199a:	dc 01       	movw	r26, r24
    199c:	cb 01       	movw	r24, r22
    199e:	9e 83       	std	Y+6, r25	; 0x06
    19a0:	8d 83       	std	Y+5, r24	; 0x05
    19a2:	8d 81       	ldd	r24, Y+5	; 0x05
    19a4:	9e 81       	ldd	r25, Y+6	; 0x06
    19a6:	9a 83       	std	Y+2, r25	; 0x02
    19a8:	89 83       	std	Y+1, r24	; 0x01
    19aa:	89 81       	ldd	r24, Y+1	; 0x01
    19ac:	9a 81       	ldd	r25, Y+2	; 0x02
    19ae:	01 97       	sbiw	r24, 0x01	; 1
    19b0:	f1 f7       	brne	.-4      	; 0x19ae <sendSMS+0x7f6>
    19b2:	9a 83       	std	Y+2, r25	; 0x02
    19b4:	89 83       	std	Y+1, r24	; 0x01
     _delay_ms(1000);

}
    19b6:	ce 59       	subi	r28, 0x9E	; 158
    19b8:	df 4f       	sbci	r29, 0xFF	; 255
    19ba:	0f b6       	in	r0, 0x3f	; 63
    19bc:	f8 94       	cli
    19be:	de bf       	out	0x3e, r29	; 62
    19c0:	0f be       	out	0x3f, r0	; 63
    19c2:	cd bf       	out	0x3d, r28	; 61
    19c4:	cf 91       	pop	r28
    19c6:	df 91       	pop	r29
    19c8:	1f 91       	pop	r17
    19ca:	0f 91       	pop	r16
    19cc:	08 95       	ret

000019ce <LCD_vidInit>:
/* Description! Apply initialization sequence for LCD module                           */
/* Input      ! Nothing                                                                */
/* Output     ! Nothing                                                                */
/***************************************************************************************/
void LCD_vidInit(void)
{
    19ce:	0f 93       	push	r16
    19d0:	1f 93       	push	r17
    19d2:	df 93       	push	r29
    19d4:	cf 93       	push	r28
    19d6:	cd b7       	in	r28, 0x3d	; 61
    19d8:	de b7       	in	r29, 0x3e	; 62
    19da:	c4 55       	subi	r28, 0x54	; 84
    19dc:	d0 40       	sbci	r29, 0x00	; 0
    19de:	0f b6       	in	r0, 0x3f	; 63
    19e0:	f8 94       	cli
    19e2:	de bf       	out	0x3e, r29	; 62
    19e4:	0f be       	out	0x3f, r0	; 63
    19e6:	cd bf       	out	0x3d, r28	; 61
    19e8:	fe 01       	movw	r30, r28
    19ea:	ef 5a       	subi	r30, 0xAF	; 175
    19ec:	ff 4f       	sbci	r31, 0xFF	; 255
    19ee:	80 e0       	ldi	r24, 0x00	; 0
    19f0:	90 e0       	ldi	r25, 0x00	; 0
    19f2:	a0 ef       	ldi	r26, 0xF0	; 240
    19f4:	b1 e4       	ldi	r27, 0x41	; 65
    19f6:	80 83       	st	Z, r24
    19f8:	91 83       	std	Z+1, r25	; 0x01
    19fa:	a2 83       	std	Z+2, r26	; 0x02
    19fc:	b3 83       	std	Z+3, r27	; 0x03
 */
void
_delay_ms(double __ms)
{
	uint16_t __ticks;
	double __tmp = ((F_CPU) / 4e3) * __ms;
    19fe:	8e 01       	movw	r16, r28
    1a00:	03 5b       	subi	r16, 0xB3	; 179
    1a02:	1f 4f       	sbci	r17, 0xFF	; 255
    1a04:	fe 01       	movw	r30, r28
    1a06:	ef 5a       	subi	r30, 0xAF	; 175
    1a08:	ff 4f       	sbci	r31, 0xFF	; 255
    1a0a:	60 81       	ld	r22, Z
    1a0c:	71 81       	ldd	r23, Z+1	; 0x01
    1a0e:	82 81       	ldd	r24, Z+2	; 0x02
    1a10:	93 81       	ldd	r25, Z+3	; 0x03
    1a12:	20 e0       	ldi	r18, 0x00	; 0
    1a14:	30 e0       	ldi	r19, 0x00	; 0
    1a16:	4a ef       	ldi	r20, 0xFA	; 250
    1a18:	54 e4       	ldi	r21, 0x44	; 68
    1a1a:	0e 94 17 02 	call	0x42e	; 0x42e <__mulsf3>
    1a1e:	dc 01       	movw	r26, r24
    1a20:	cb 01       	movw	r24, r22
    1a22:	f8 01       	movw	r30, r16
    1a24:	80 83       	st	Z, r24
    1a26:	91 83       	std	Z+1, r25	; 0x01
    1a28:	a2 83       	std	Z+2, r26	; 0x02
    1a2a:	b3 83       	std	Z+3, r27	; 0x03
	if (__tmp < 1.0)
    1a2c:	fe 01       	movw	r30, r28
    1a2e:	e3 5b       	subi	r30, 0xB3	; 179
    1a30:	ff 4f       	sbci	r31, 0xFF	; 255
    1a32:	60 81       	ld	r22, Z
    1a34:	71 81       	ldd	r23, Z+1	; 0x01
    1a36:	82 81       	ldd	r24, Z+2	; 0x02
    1a38:	93 81       	ldd	r25, Z+3	; 0x03
    1a3a:	20 e0       	ldi	r18, 0x00	; 0
    1a3c:	30 e0       	ldi	r19, 0x00	; 0
    1a3e:	40 e8       	ldi	r20, 0x80	; 128
    1a40:	5f e3       	ldi	r21, 0x3F	; 63
    1a42:	0e 94 71 03 	call	0x6e2	; 0x6e2 <__ltsf2>
    1a46:	88 23       	and	r24, r24
    1a48:	44 f4       	brge	.+16     	; 0x1a5a <LCD_vidInit+0x8c>
		__ticks = 1;
    1a4a:	fe 01       	movw	r30, r28
    1a4c:	e5 5b       	subi	r30, 0xB5	; 181
    1a4e:	ff 4f       	sbci	r31, 0xFF	; 255
    1a50:	81 e0       	ldi	r24, 0x01	; 1
    1a52:	90 e0       	ldi	r25, 0x00	; 0
    1a54:	91 83       	std	Z+1, r25	; 0x01
    1a56:	80 83       	st	Z, r24
    1a58:	64 c0       	rjmp	.+200    	; 0x1b22 <LCD_vidInit+0x154>
	else if (__tmp > 65535)
    1a5a:	fe 01       	movw	r30, r28
    1a5c:	e3 5b       	subi	r30, 0xB3	; 179
    1a5e:	ff 4f       	sbci	r31, 0xFF	; 255
    1a60:	60 81       	ld	r22, Z
    1a62:	71 81       	ldd	r23, Z+1	; 0x01
    1a64:	82 81       	ldd	r24, Z+2	; 0x02
    1a66:	93 81       	ldd	r25, Z+3	; 0x03
    1a68:	20 e0       	ldi	r18, 0x00	; 0
    1a6a:	3f ef       	ldi	r19, 0xFF	; 255
    1a6c:	4f e7       	ldi	r20, 0x7F	; 127
    1a6e:	57 e4       	ldi	r21, 0x47	; 71
    1a70:	0e 94 11 03 	call	0x622	; 0x622 <__gtsf2>
    1a74:	18 16       	cp	r1, r24
    1a76:	0c f0       	brlt	.+2      	; 0x1a7a <LCD_vidInit+0xac>
    1a78:	43 c0       	rjmp	.+134    	; 0x1b00 <LCD_vidInit+0x132>
	{
		//	__ticks = requested delay in 1/10 ms
		__ticks = (uint16_t) (__ms * 10.0);
    1a7a:	fe 01       	movw	r30, r28
    1a7c:	ef 5a       	subi	r30, 0xAF	; 175
    1a7e:	ff 4f       	sbci	r31, 0xFF	; 255
    1a80:	60 81       	ld	r22, Z
    1a82:	71 81       	ldd	r23, Z+1	; 0x01
    1a84:	82 81       	ldd	r24, Z+2	; 0x02
    1a86:	93 81       	ldd	r25, Z+3	; 0x03
    1a88:	20 e0       	ldi	r18, 0x00	; 0
    1a8a:	30 e0       	ldi	r19, 0x00	; 0
    1a8c:	40 e2       	ldi	r20, 0x20	; 32
    1a8e:	51 e4       	ldi	r21, 0x41	; 65
    1a90:	0e 94 17 02 	call	0x42e	; 0x42e <__mulsf3>
    1a94:	dc 01       	movw	r26, r24
    1a96:	cb 01       	movw	r24, r22
    1a98:	8e 01       	movw	r16, r28
    1a9a:	05 5b       	subi	r16, 0xB5	; 181
    1a9c:	1f 4f       	sbci	r17, 0xFF	; 255
    1a9e:	bc 01       	movw	r22, r24
    1aa0:	cd 01       	movw	r24, r26
    1aa2:	0e 94 41 00 	call	0x82	; 0x82 <__fixunssfsi>
    1aa6:	dc 01       	movw	r26, r24
    1aa8:	cb 01       	movw	r24, r22
    1aaa:	f8 01       	movw	r30, r16
    1aac:	91 83       	std	Z+1, r25	; 0x01
    1aae:	80 83       	st	Z, r24
    1ab0:	1f c0       	rjmp	.+62     	; 0x1af0 <LCD_vidInit+0x122>
    1ab2:	fe 01       	movw	r30, r28
    1ab4:	e7 5b       	subi	r30, 0xB7	; 183
    1ab6:	ff 4f       	sbci	r31, 0xFF	; 255
    1ab8:	88 ec       	ldi	r24, 0xC8	; 200
    1aba:	90 e0       	ldi	r25, 0x00	; 0
    1abc:	91 83       	std	Z+1, r25	; 0x01
    1abe:	80 83       	st	Z, r24
    1ac0:	fe 01       	movw	r30, r28
    1ac2:	e7 5b       	subi	r30, 0xB7	; 183
    1ac4:	ff 4f       	sbci	r31, 0xFF	; 255
    1ac6:	80 81       	ld	r24, Z
    1ac8:	91 81       	ldd	r25, Z+1	; 0x01
    1aca:	01 97       	sbiw	r24, 0x01	; 1
    1acc:	f1 f7       	brne	.-4      	; 0x1aca <LCD_vidInit+0xfc>
    1ace:	fe 01       	movw	r30, r28
    1ad0:	e7 5b       	subi	r30, 0xB7	; 183
    1ad2:	ff 4f       	sbci	r31, 0xFF	; 255
    1ad4:	91 83       	std	Z+1, r25	; 0x01
    1ad6:	80 83       	st	Z, r24
		while(__ticks)
		{
			// wait 1/10 ms
			_delay_loop_2(((F_CPU) / 4e3) / 10);
			__ticks --;
    1ad8:	de 01       	movw	r26, r28
    1ada:	a5 5b       	subi	r26, 0xB5	; 181
    1adc:	bf 4f       	sbci	r27, 0xFF	; 255
    1ade:	fe 01       	movw	r30, r28
    1ae0:	e5 5b       	subi	r30, 0xB5	; 181
    1ae2:	ff 4f       	sbci	r31, 0xFF	; 255
    1ae4:	80 81       	ld	r24, Z
    1ae6:	91 81       	ldd	r25, Z+1	; 0x01
    1ae8:	01 97       	sbiw	r24, 0x01	; 1
    1aea:	11 96       	adiw	r26, 0x01	; 1
    1aec:	9c 93       	st	X, r25
    1aee:	8e 93       	st	-X, r24
		__ticks = 1;
	else if (__tmp > 65535)
	{
		//	__ticks = requested delay in 1/10 ms
		__ticks = (uint16_t) (__ms * 10.0);
		while(__ticks)
    1af0:	fe 01       	movw	r30, r28
    1af2:	e5 5b       	subi	r30, 0xB5	; 181
    1af4:	ff 4f       	sbci	r31, 0xFF	; 255
    1af6:	80 81       	ld	r24, Z
    1af8:	91 81       	ldd	r25, Z+1	; 0x01
    1afa:	00 97       	sbiw	r24, 0x00	; 0
    1afc:	d1 f6       	brne	.-76     	; 0x1ab2 <LCD_vidInit+0xe4>
    1afe:	27 c0       	rjmp	.+78     	; 0x1b4e <LCD_vidInit+0x180>
			__ticks --;
		}
		return;
	}
	else
		__ticks = (uint16_t)__tmp;
    1b00:	8e 01       	movw	r16, r28
    1b02:	05 5b       	subi	r16, 0xB5	; 181
    1b04:	1f 4f       	sbci	r17, 0xFF	; 255
    1b06:	fe 01       	movw	r30, r28
    1b08:	e3 5b       	subi	r30, 0xB3	; 179
    1b0a:	ff 4f       	sbci	r31, 0xFF	; 255
    1b0c:	60 81       	ld	r22, Z
    1b0e:	71 81       	ldd	r23, Z+1	; 0x01
    1b10:	82 81       	ldd	r24, Z+2	; 0x02
    1b12:	93 81       	ldd	r25, Z+3	; 0x03
    1b14:	0e 94 41 00 	call	0x82	; 0x82 <__fixunssfsi>
    1b18:	dc 01       	movw	r26, r24
    1b1a:	cb 01       	movw	r24, r22
    1b1c:	f8 01       	movw	r30, r16
    1b1e:	91 83       	std	Z+1, r25	; 0x01
    1b20:	80 83       	st	Z, r24
    1b22:	de 01       	movw	r26, r28
    1b24:	a9 5b       	subi	r26, 0xB9	; 185
    1b26:	bf 4f       	sbci	r27, 0xFF	; 255
    1b28:	fe 01       	movw	r30, r28
    1b2a:	e5 5b       	subi	r30, 0xB5	; 181
    1b2c:	ff 4f       	sbci	r31, 0xFF	; 255
    1b2e:	80 81       	ld	r24, Z
    1b30:	91 81       	ldd	r25, Z+1	; 0x01
    1b32:	8d 93       	st	X+, r24
    1b34:	9c 93       	st	X, r25
    1b36:	fe 01       	movw	r30, r28
    1b38:	e9 5b       	subi	r30, 0xB9	; 185
    1b3a:	ff 4f       	sbci	r31, 0xFF	; 255
    1b3c:	80 81       	ld	r24, Z
    1b3e:	91 81       	ldd	r25, Z+1	; 0x01
    1b40:	01 97       	sbiw	r24, 0x01	; 1
    1b42:	f1 f7       	brne	.-4      	; 0x1b40 <LCD_vidInit+0x172>
    1b44:	fe 01       	movw	r30, r28
    1b46:	e9 5b       	subi	r30, 0xB9	; 185
    1b48:	ff 4f       	sbci	r31, 0xFF	; 255
    1b4a:	91 83       	std	Z+1, r25	; 0x01
    1b4c:	80 83       	st	Z, r24
	/* Delay 30ms to ensure the initialization of the LCD driver */
	_delay_ms(30);

	/* Return Home  */
	LCD_vidSendCommand(lcd_Home);
    1b4e:	82 e0       	ldi	r24, 0x02	; 2
    1b50:	0e 94 0f 10 	call	0x201e	; 0x201e <LCD_vidSendCommand>
    1b54:	fe 01       	movw	r30, r28
    1b56:	ed 5b       	subi	r30, 0xBD	; 189
    1b58:	ff 4f       	sbci	r31, 0xFF	; 255
    1b5a:	80 e0       	ldi	r24, 0x00	; 0
    1b5c:	90 e0       	ldi	r25, 0x00	; 0
    1b5e:	a0 e7       	ldi	r26, 0x70	; 112
    1b60:	b1 e4       	ldi	r27, 0x41	; 65
    1b62:	80 83       	st	Z, r24
    1b64:	91 83       	std	Z+1, r25	; 0x01
    1b66:	a2 83       	std	Z+2, r26	; 0x02
    1b68:	b3 83       	std	Z+3, r27	; 0x03
 */
void
_delay_ms(double __ms)
{
	uint16_t __ticks;
	double __tmp = ((F_CPU) / 4e3) * __ms;
    1b6a:	8e 01       	movw	r16, r28
    1b6c:	01 5c       	subi	r16, 0xC1	; 193
    1b6e:	1f 4f       	sbci	r17, 0xFF	; 255
    1b70:	fe 01       	movw	r30, r28
    1b72:	ed 5b       	subi	r30, 0xBD	; 189
    1b74:	ff 4f       	sbci	r31, 0xFF	; 255
    1b76:	60 81       	ld	r22, Z
    1b78:	71 81       	ldd	r23, Z+1	; 0x01
    1b7a:	82 81       	ldd	r24, Z+2	; 0x02
    1b7c:	93 81       	ldd	r25, Z+3	; 0x03
    1b7e:	20 e0       	ldi	r18, 0x00	; 0
    1b80:	30 e0       	ldi	r19, 0x00	; 0
    1b82:	4a ef       	ldi	r20, 0xFA	; 250
    1b84:	54 e4       	ldi	r21, 0x44	; 68
    1b86:	0e 94 17 02 	call	0x42e	; 0x42e <__mulsf3>
    1b8a:	dc 01       	movw	r26, r24
    1b8c:	cb 01       	movw	r24, r22
    1b8e:	f8 01       	movw	r30, r16
    1b90:	80 83       	st	Z, r24
    1b92:	91 83       	std	Z+1, r25	; 0x01
    1b94:	a2 83       	std	Z+2, r26	; 0x02
    1b96:	b3 83       	std	Z+3, r27	; 0x03
	if (__tmp < 1.0)
    1b98:	fe 01       	movw	r30, r28
    1b9a:	ff 96       	adiw	r30, 0x3f	; 63
    1b9c:	60 81       	ld	r22, Z
    1b9e:	71 81       	ldd	r23, Z+1	; 0x01
    1ba0:	82 81       	ldd	r24, Z+2	; 0x02
    1ba2:	93 81       	ldd	r25, Z+3	; 0x03
    1ba4:	20 e0       	ldi	r18, 0x00	; 0
    1ba6:	30 e0       	ldi	r19, 0x00	; 0
    1ba8:	40 e8       	ldi	r20, 0x80	; 128
    1baa:	5f e3       	ldi	r21, 0x3F	; 63
    1bac:	0e 94 71 03 	call	0x6e2	; 0x6e2 <__ltsf2>
    1bb0:	88 23       	and	r24, r24
    1bb2:	2c f4       	brge	.+10     	; 0x1bbe <LCD_vidInit+0x1f0>
		__ticks = 1;
    1bb4:	81 e0       	ldi	r24, 0x01	; 1
    1bb6:	90 e0       	ldi	r25, 0x00	; 0
    1bb8:	9e af       	std	Y+62, r25	; 0x3e
    1bba:	8d af       	std	Y+61, r24	; 0x3d
    1bbc:	46 c0       	rjmp	.+140    	; 0x1c4a <LCD_vidInit+0x27c>
	else if (__tmp > 65535)
    1bbe:	fe 01       	movw	r30, r28
    1bc0:	ff 96       	adiw	r30, 0x3f	; 63
    1bc2:	60 81       	ld	r22, Z
    1bc4:	71 81       	ldd	r23, Z+1	; 0x01
    1bc6:	82 81       	ldd	r24, Z+2	; 0x02
    1bc8:	93 81       	ldd	r25, Z+3	; 0x03
    1bca:	20 e0       	ldi	r18, 0x00	; 0
    1bcc:	3f ef       	ldi	r19, 0xFF	; 255
    1bce:	4f e7       	ldi	r20, 0x7F	; 127
    1bd0:	57 e4       	ldi	r21, 0x47	; 71
    1bd2:	0e 94 11 03 	call	0x622	; 0x622 <__gtsf2>
    1bd6:	18 16       	cp	r1, r24
    1bd8:	64 f5       	brge	.+88     	; 0x1c32 <LCD_vidInit+0x264>
	{
		//	__ticks = requested delay in 1/10 ms
		__ticks = (uint16_t) (__ms * 10.0);
    1bda:	fe 01       	movw	r30, r28
    1bdc:	ed 5b       	subi	r30, 0xBD	; 189
    1bde:	ff 4f       	sbci	r31, 0xFF	; 255
    1be0:	60 81       	ld	r22, Z
    1be2:	71 81       	ldd	r23, Z+1	; 0x01
    1be4:	82 81       	ldd	r24, Z+2	; 0x02
    1be6:	93 81       	ldd	r25, Z+3	; 0x03
    1be8:	20 e0       	ldi	r18, 0x00	; 0
    1bea:	30 e0       	ldi	r19, 0x00	; 0
    1bec:	40 e2       	ldi	r20, 0x20	; 32
    1bee:	51 e4       	ldi	r21, 0x41	; 65
    1bf0:	0e 94 17 02 	call	0x42e	; 0x42e <__mulsf3>
    1bf4:	dc 01       	movw	r26, r24
    1bf6:	cb 01       	movw	r24, r22
    1bf8:	bc 01       	movw	r22, r24
    1bfa:	cd 01       	movw	r24, r26
    1bfc:	0e 94 41 00 	call	0x82	; 0x82 <__fixunssfsi>
    1c00:	dc 01       	movw	r26, r24
    1c02:	cb 01       	movw	r24, r22
    1c04:	9e af       	std	Y+62, r25	; 0x3e
    1c06:	8d af       	std	Y+61, r24	; 0x3d
    1c08:	0f c0       	rjmp	.+30     	; 0x1c28 <LCD_vidInit+0x25a>
    1c0a:	88 ec       	ldi	r24, 0xC8	; 200
    1c0c:	90 e0       	ldi	r25, 0x00	; 0
    1c0e:	9c af       	std	Y+60, r25	; 0x3c
    1c10:	8b af       	std	Y+59, r24	; 0x3b
    1c12:	8b ad       	ldd	r24, Y+59	; 0x3b
    1c14:	9c ad       	ldd	r25, Y+60	; 0x3c
    1c16:	01 97       	sbiw	r24, 0x01	; 1
    1c18:	f1 f7       	brne	.-4      	; 0x1c16 <LCD_vidInit+0x248>
    1c1a:	9c af       	std	Y+60, r25	; 0x3c
    1c1c:	8b af       	std	Y+59, r24	; 0x3b
		while(__ticks)
		{
			// wait 1/10 ms
			_delay_loop_2(((F_CPU) / 4e3) / 10);
			__ticks --;
    1c1e:	8d ad       	ldd	r24, Y+61	; 0x3d
    1c20:	9e ad       	ldd	r25, Y+62	; 0x3e
    1c22:	01 97       	sbiw	r24, 0x01	; 1
    1c24:	9e af       	std	Y+62, r25	; 0x3e
    1c26:	8d af       	std	Y+61, r24	; 0x3d
		__ticks = 1;
	else if (__tmp > 65535)
	{
		//	__ticks = requested delay in 1/10 ms
		__ticks = (uint16_t) (__ms * 10.0);
		while(__ticks)
    1c28:	8d ad       	ldd	r24, Y+61	; 0x3d
    1c2a:	9e ad       	ldd	r25, Y+62	; 0x3e
    1c2c:	00 97       	sbiw	r24, 0x00	; 0
    1c2e:	69 f7       	brne	.-38     	; 0x1c0a <LCD_vidInit+0x23c>
    1c30:	16 c0       	rjmp	.+44     	; 0x1c5e <LCD_vidInit+0x290>
			__ticks --;
		}
		return;
	}
	else
		__ticks = (uint16_t)__tmp;
    1c32:	fe 01       	movw	r30, r28
    1c34:	ff 96       	adiw	r30, 0x3f	; 63
    1c36:	60 81       	ld	r22, Z
    1c38:	71 81       	ldd	r23, Z+1	; 0x01
    1c3a:	82 81       	ldd	r24, Z+2	; 0x02
    1c3c:	93 81       	ldd	r25, Z+3	; 0x03
    1c3e:	0e 94 41 00 	call	0x82	; 0x82 <__fixunssfsi>
    1c42:	dc 01       	movw	r26, r24
    1c44:	cb 01       	movw	r24, r22
    1c46:	9e af       	std	Y+62, r25	; 0x3e
    1c48:	8d af       	std	Y+61, r24	; 0x3d
    1c4a:	8d ad       	ldd	r24, Y+61	; 0x3d
    1c4c:	9e ad       	ldd	r25, Y+62	; 0x3e
    1c4e:	9a af       	std	Y+58, r25	; 0x3a
    1c50:	89 af       	std	Y+57, r24	; 0x39
    1c52:	89 ad       	ldd	r24, Y+57	; 0x39
    1c54:	9a ad       	ldd	r25, Y+58	; 0x3a
    1c56:	01 97       	sbiw	r24, 0x01	; 1
    1c58:	f1 f7       	brne	.-4      	; 0x1c56 <LCD_vidInit+0x288>
    1c5a:	9a af       	std	Y+58, r25	; 0x3a
    1c5c:	89 af       	std	Y+57, r24	; 0x39
	_delay_ms(15);

	/* Function Set  */
	LCD_vidSendCommand(lcd_FunctionSet8bit);
    1c5e:	88 e3       	ldi	r24, 0x38	; 56
    1c60:	0e 94 0f 10 	call	0x201e	; 0x201e <LCD_vidSendCommand>
    1c64:	80 e0       	ldi	r24, 0x00	; 0
    1c66:	90 e0       	ldi	r25, 0x00	; 0
    1c68:	a0 e8       	ldi	r26, 0x80	; 128
    1c6a:	bf e3       	ldi	r27, 0x3F	; 63
    1c6c:	8d ab       	std	Y+53, r24	; 0x35
    1c6e:	9e ab       	std	Y+54, r25	; 0x36
    1c70:	af ab       	std	Y+55, r26	; 0x37
    1c72:	b8 af       	std	Y+56, r27	; 0x38
 */
void
_delay_ms(double __ms)
{
	uint16_t __ticks;
	double __tmp = ((F_CPU) / 4e3) * __ms;
    1c74:	6d a9       	ldd	r22, Y+53	; 0x35
    1c76:	7e a9       	ldd	r23, Y+54	; 0x36
    1c78:	8f a9       	ldd	r24, Y+55	; 0x37
    1c7a:	98 ad       	ldd	r25, Y+56	; 0x38
    1c7c:	20 e0       	ldi	r18, 0x00	; 0
    1c7e:	30 e0       	ldi	r19, 0x00	; 0
    1c80:	4a ef       	ldi	r20, 0xFA	; 250
    1c82:	54 e4       	ldi	r21, 0x44	; 68
    1c84:	0e 94 17 02 	call	0x42e	; 0x42e <__mulsf3>
    1c88:	dc 01       	movw	r26, r24
    1c8a:	cb 01       	movw	r24, r22
    1c8c:	89 ab       	std	Y+49, r24	; 0x31
    1c8e:	9a ab       	std	Y+50, r25	; 0x32
    1c90:	ab ab       	std	Y+51, r26	; 0x33
    1c92:	bc ab       	std	Y+52, r27	; 0x34
	if (__tmp < 1.0)
    1c94:	69 a9       	ldd	r22, Y+49	; 0x31
    1c96:	7a a9       	ldd	r23, Y+50	; 0x32
    1c98:	8b a9       	ldd	r24, Y+51	; 0x33
    1c9a:	9c a9       	ldd	r25, Y+52	; 0x34
    1c9c:	20 e0       	ldi	r18, 0x00	; 0
    1c9e:	30 e0       	ldi	r19, 0x00	; 0
    1ca0:	40 e8       	ldi	r20, 0x80	; 128
    1ca2:	5f e3       	ldi	r21, 0x3F	; 63
    1ca4:	0e 94 71 03 	call	0x6e2	; 0x6e2 <__ltsf2>
    1ca8:	88 23       	and	r24, r24
    1caa:	2c f4       	brge	.+10     	; 0x1cb6 <LCD_vidInit+0x2e8>
		__ticks = 1;
    1cac:	81 e0       	ldi	r24, 0x01	; 1
    1cae:	90 e0       	ldi	r25, 0x00	; 0
    1cb0:	98 ab       	std	Y+48, r25	; 0x30
    1cb2:	8f a7       	std	Y+47, r24	; 0x2f
    1cb4:	3f c0       	rjmp	.+126    	; 0x1d34 <LCD_vidInit+0x366>
	else if (__tmp > 65535)
    1cb6:	69 a9       	ldd	r22, Y+49	; 0x31
    1cb8:	7a a9       	ldd	r23, Y+50	; 0x32
    1cba:	8b a9       	ldd	r24, Y+51	; 0x33
    1cbc:	9c a9       	ldd	r25, Y+52	; 0x34
    1cbe:	20 e0       	ldi	r18, 0x00	; 0
    1cc0:	3f ef       	ldi	r19, 0xFF	; 255
    1cc2:	4f e7       	ldi	r20, 0x7F	; 127
    1cc4:	57 e4       	ldi	r21, 0x47	; 71
    1cc6:	0e 94 11 03 	call	0x622	; 0x622 <__gtsf2>
    1cca:	18 16       	cp	r1, r24
    1ccc:	4c f5       	brge	.+82     	; 0x1d20 <LCD_vidInit+0x352>
	{
		//	__ticks = requested delay in 1/10 ms
		__ticks = (uint16_t) (__ms * 10.0);
    1cce:	6d a9       	ldd	r22, Y+53	; 0x35
    1cd0:	7e a9       	ldd	r23, Y+54	; 0x36
    1cd2:	8f a9       	ldd	r24, Y+55	; 0x37
    1cd4:	98 ad       	ldd	r25, Y+56	; 0x38
    1cd6:	20 e0       	ldi	r18, 0x00	; 0
    1cd8:	30 e0       	ldi	r19, 0x00	; 0
    1cda:	40 e2       	ldi	r20, 0x20	; 32
    1cdc:	51 e4       	ldi	r21, 0x41	; 65
    1cde:	0e 94 17 02 	call	0x42e	; 0x42e <__mulsf3>
    1ce2:	dc 01       	movw	r26, r24
    1ce4:	cb 01       	movw	r24, r22
    1ce6:	bc 01       	movw	r22, r24
    1ce8:	cd 01       	movw	r24, r26
    1cea:	0e 94 41 00 	call	0x82	; 0x82 <__fixunssfsi>
    1cee:	dc 01       	movw	r26, r24
    1cf0:	cb 01       	movw	r24, r22
    1cf2:	98 ab       	std	Y+48, r25	; 0x30
    1cf4:	8f a7       	std	Y+47, r24	; 0x2f
    1cf6:	0f c0       	rjmp	.+30     	; 0x1d16 <LCD_vidInit+0x348>
    1cf8:	88 ec       	ldi	r24, 0xC8	; 200
    1cfa:	90 e0       	ldi	r25, 0x00	; 0
    1cfc:	9e a7       	std	Y+46, r25	; 0x2e
    1cfe:	8d a7       	std	Y+45, r24	; 0x2d
    1d00:	8d a5       	ldd	r24, Y+45	; 0x2d
    1d02:	9e a5       	ldd	r25, Y+46	; 0x2e
    1d04:	01 97       	sbiw	r24, 0x01	; 1
    1d06:	f1 f7       	brne	.-4      	; 0x1d04 <LCD_vidInit+0x336>
    1d08:	9e a7       	std	Y+46, r25	; 0x2e
    1d0a:	8d a7       	std	Y+45, r24	; 0x2d
		while(__ticks)
		{
			// wait 1/10 ms
			_delay_loop_2(((F_CPU) / 4e3) / 10);
			__ticks --;
    1d0c:	8f a5       	ldd	r24, Y+47	; 0x2f
    1d0e:	98 a9       	ldd	r25, Y+48	; 0x30
    1d10:	01 97       	sbiw	r24, 0x01	; 1
    1d12:	98 ab       	std	Y+48, r25	; 0x30
    1d14:	8f a7       	std	Y+47, r24	; 0x2f
		__ticks = 1;
	else if (__tmp > 65535)
	{
		//	__ticks = requested delay in 1/10 ms
		__ticks = (uint16_t) (__ms * 10.0);
		while(__ticks)
    1d16:	8f a5       	ldd	r24, Y+47	; 0x2f
    1d18:	98 a9       	ldd	r25, Y+48	; 0x30
    1d1a:	00 97       	sbiw	r24, 0x00	; 0
    1d1c:	69 f7       	brne	.-38     	; 0x1cf8 <LCD_vidInit+0x32a>
    1d1e:	14 c0       	rjmp	.+40     	; 0x1d48 <LCD_vidInit+0x37a>
			__ticks --;
		}
		return;
	}
	else
		__ticks = (uint16_t)__tmp;
    1d20:	69 a9       	ldd	r22, Y+49	; 0x31
    1d22:	7a a9       	ldd	r23, Y+50	; 0x32
    1d24:	8b a9       	ldd	r24, Y+51	; 0x33
    1d26:	9c a9       	ldd	r25, Y+52	; 0x34
    1d28:	0e 94 41 00 	call	0x82	; 0x82 <__fixunssfsi>
    1d2c:	dc 01       	movw	r26, r24
    1d2e:	cb 01       	movw	r24, r22
    1d30:	98 ab       	std	Y+48, r25	; 0x30
    1d32:	8f a7       	std	Y+47, r24	; 0x2f
    1d34:	8f a5       	ldd	r24, Y+47	; 0x2f
    1d36:	98 a9       	ldd	r25, Y+48	; 0x30
    1d38:	9c a7       	std	Y+44, r25	; 0x2c
    1d3a:	8b a7       	std	Y+43, r24	; 0x2b
    1d3c:	8b a5       	ldd	r24, Y+43	; 0x2b
    1d3e:	9c a5       	ldd	r25, Y+44	; 0x2c
    1d40:	01 97       	sbiw	r24, 0x01	; 1
    1d42:	f1 f7       	brne	.-4      	; 0x1d40 <LCD_vidInit+0x372>
    1d44:	9c a7       	std	Y+44, r25	; 0x2c
    1d46:	8b a7       	std	Y+43, r24	; 0x2b
	_delay_ms(1);

	/* Display ON OFF Control */
	LCD_vidSendCommand(lcd_DisplayOn);
    1d48:	8c e0       	ldi	r24, 0x0C	; 12
    1d4a:	0e 94 0f 10 	call	0x201e	; 0x201e <LCD_vidSendCommand>
    1d4e:	80 e0       	ldi	r24, 0x00	; 0
    1d50:	90 e0       	ldi	r25, 0x00	; 0
    1d52:	a0 e8       	ldi	r26, 0x80	; 128
    1d54:	bf e3       	ldi	r27, 0x3F	; 63
    1d56:	8f a3       	std	Y+39, r24	; 0x27
    1d58:	98 a7       	std	Y+40, r25	; 0x28
    1d5a:	a9 a7       	std	Y+41, r26	; 0x29
    1d5c:	ba a7       	std	Y+42, r27	; 0x2a
 */
void
_delay_ms(double __ms)
{
	uint16_t __ticks;
	double __tmp = ((F_CPU) / 4e3) * __ms;
    1d5e:	6f a1       	ldd	r22, Y+39	; 0x27
    1d60:	78 a5       	ldd	r23, Y+40	; 0x28
    1d62:	89 a5       	ldd	r24, Y+41	; 0x29
    1d64:	9a a5       	ldd	r25, Y+42	; 0x2a
    1d66:	20 e0       	ldi	r18, 0x00	; 0
    1d68:	30 e0       	ldi	r19, 0x00	; 0
    1d6a:	4a ef       	ldi	r20, 0xFA	; 250
    1d6c:	54 e4       	ldi	r21, 0x44	; 68
    1d6e:	0e 94 17 02 	call	0x42e	; 0x42e <__mulsf3>
    1d72:	dc 01       	movw	r26, r24
    1d74:	cb 01       	movw	r24, r22
    1d76:	8b a3       	std	Y+35, r24	; 0x23
    1d78:	9c a3       	std	Y+36, r25	; 0x24
    1d7a:	ad a3       	std	Y+37, r26	; 0x25
    1d7c:	be a3       	std	Y+38, r27	; 0x26
	if (__tmp < 1.0)
    1d7e:	6b a1       	ldd	r22, Y+35	; 0x23
    1d80:	7c a1       	ldd	r23, Y+36	; 0x24
    1d82:	8d a1       	ldd	r24, Y+37	; 0x25
    1d84:	9e a1       	ldd	r25, Y+38	; 0x26
    1d86:	20 e0       	ldi	r18, 0x00	; 0
    1d88:	30 e0       	ldi	r19, 0x00	; 0
    1d8a:	40 e8       	ldi	r20, 0x80	; 128
    1d8c:	5f e3       	ldi	r21, 0x3F	; 63
    1d8e:	0e 94 71 03 	call	0x6e2	; 0x6e2 <__ltsf2>
    1d92:	88 23       	and	r24, r24
    1d94:	2c f4       	brge	.+10     	; 0x1da0 <LCD_vidInit+0x3d2>
		__ticks = 1;
    1d96:	81 e0       	ldi	r24, 0x01	; 1
    1d98:	90 e0       	ldi	r25, 0x00	; 0
    1d9a:	9a a3       	std	Y+34, r25	; 0x22
    1d9c:	89 a3       	std	Y+33, r24	; 0x21
    1d9e:	3f c0       	rjmp	.+126    	; 0x1e1e <LCD_vidInit+0x450>
	else if (__tmp > 65535)
    1da0:	6b a1       	ldd	r22, Y+35	; 0x23
    1da2:	7c a1       	ldd	r23, Y+36	; 0x24
    1da4:	8d a1       	ldd	r24, Y+37	; 0x25
    1da6:	9e a1       	ldd	r25, Y+38	; 0x26
    1da8:	20 e0       	ldi	r18, 0x00	; 0
    1daa:	3f ef       	ldi	r19, 0xFF	; 255
    1dac:	4f e7       	ldi	r20, 0x7F	; 127
    1dae:	57 e4       	ldi	r21, 0x47	; 71
    1db0:	0e 94 11 03 	call	0x622	; 0x622 <__gtsf2>
    1db4:	18 16       	cp	r1, r24
    1db6:	4c f5       	brge	.+82     	; 0x1e0a <LCD_vidInit+0x43c>
	{
		//	__ticks = requested delay in 1/10 ms
		__ticks = (uint16_t) (__ms * 10.0);
    1db8:	6f a1       	ldd	r22, Y+39	; 0x27
    1dba:	78 a5       	ldd	r23, Y+40	; 0x28
    1dbc:	89 a5       	ldd	r24, Y+41	; 0x29
    1dbe:	9a a5       	ldd	r25, Y+42	; 0x2a
    1dc0:	20 e0       	ldi	r18, 0x00	; 0
    1dc2:	30 e0       	ldi	r19, 0x00	; 0
    1dc4:	40 e2       	ldi	r20, 0x20	; 32
    1dc6:	51 e4       	ldi	r21, 0x41	; 65
    1dc8:	0e 94 17 02 	call	0x42e	; 0x42e <__mulsf3>
    1dcc:	dc 01       	movw	r26, r24
    1dce:	cb 01       	movw	r24, r22
    1dd0:	bc 01       	movw	r22, r24
    1dd2:	cd 01       	movw	r24, r26
    1dd4:	0e 94 41 00 	call	0x82	; 0x82 <__fixunssfsi>
    1dd8:	dc 01       	movw	r26, r24
    1dda:	cb 01       	movw	r24, r22
    1ddc:	9a a3       	std	Y+34, r25	; 0x22
    1dde:	89 a3       	std	Y+33, r24	; 0x21
    1de0:	0f c0       	rjmp	.+30     	; 0x1e00 <LCD_vidInit+0x432>
    1de2:	88 ec       	ldi	r24, 0xC8	; 200
    1de4:	90 e0       	ldi	r25, 0x00	; 0
    1de6:	98 a3       	std	Y+32, r25	; 0x20
    1de8:	8f 8f       	std	Y+31, r24	; 0x1f
    1dea:	8f 8d       	ldd	r24, Y+31	; 0x1f
    1dec:	98 a1       	ldd	r25, Y+32	; 0x20
    1dee:	01 97       	sbiw	r24, 0x01	; 1
    1df0:	f1 f7       	brne	.-4      	; 0x1dee <LCD_vidInit+0x420>
    1df2:	98 a3       	std	Y+32, r25	; 0x20
    1df4:	8f 8f       	std	Y+31, r24	; 0x1f
		while(__ticks)
		{
			// wait 1/10 ms
			_delay_loop_2(((F_CPU) / 4e3) / 10);
			__ticks --;
    1df6:	89 a1       	ldd	r24, Y+33	; 0x21
    1df8:	9a a1       	ldd	r25, Y+34	; 0x22
    1dfa:	01 97       	sbiw	r24, 0x01	; 1
    1dfc:	9a a3       	std	Y+34, r25	; 0x22
    1dfe:	89 a3       	std	Y+33, r24	; 0x21
		__ticks = 1;
	else if (__tmp > 65535)
	{
		//	__ticks = requested delay in 1/10 ms
		__ticks = (uint16_t) (__ms * 10.0);
		while(__ticks)
    1e00:	89 a1       	ldd	r24, Y+33	; 0x21
    1e02:	9a a1       	ldd	r25, Y+34	; 0x22
    1e04:	00 97       	sbiw	r24, 0x00	; 0
    1e06:	69 f7       	brne	.-38     	; 0x1de2 <LCD_vidInit+0x414>
    1e08:	14 c0       	rjmp	.+40     	; 0x1e32 <LCD_vidInit+0x464>
			__ticks --;
		}
		return;
	}
	else
		__ticks = (uint16_t)__tmp;
    1e0a:	6b a1       	ldd	r22, Y+35	; 0x23
    1e0c:	7c a1       	ldd	r23, Y+36	; 0x24
    1e0e:	8d a1       	ldd	r24, Y+37	; 0x25
    1e10:	9e a1       	ldd	r25, Y+38	; 0x26
    1e12:	0e 94 41 00 	call	0x82	; 0x82 <__fixunssfsi>
    1e16:	dc 01       	movw	r26, r24
    1e18:	cb 01       	movw	r24, r22
    1e1a:	9a a3       	std	Y+34, r25	; 0x22
    1e1c:	89 a3       	std	Y+33, r24	; 0x21
    1e1e:	89 a1       	ldd	r24, Y+33	; 0x21
    1e20:	9a a1       	ldd	r25, Y+34	; 0x22
    1e22:	9e 8f       	std	Y+30, r25	; 0x1e
    1e24:	8d 8f       	std	Y+29, r24	; 0x1d
    1e26:	8d 8d       	ldd	r24, Y+29	; 0x1d
    1e28:	9e 8d       	ldd	r25, Y+30	; 0x1e
    1e2a:	01 97       	sbiw	r24, 0x01	; 1
    1e2c:	f1 f7       	brne	.-4      	; 0x1e2a <LCD_vidInit+0x45c>
    1e2e:	9e 8f       	std	Y+30, r25	; 0x1e
    1e30:	8d 8f       	std	Y+29, r24	; 0x1d
	_delay_ms(1);

	/* Clear Display */
	LCD_vidSendCommand(lcd_Clear);
    1e32:	81 e0       	ldi	r24, 0x01	; 1
    1e34:	0e 94 0f 10 	call	0x201e	; 0x201e <LCD_vidSendCommand>
    1e38:	80 e0       	ldi	r24, 0x00	; 0
    1e3a:	90 e0       	ldi	r25, 0x00	; 0
    1e3c:	a0 e7       	ldi	r26, 0x70	; 112
    1e3e:	b1 e4       	ldi	r27, 0x41	; 65
    1e40:	89 8f       	std	Y+25, r24	; 0x19
    1e42:	9a 8f       	std	Y+26, r25	; 0x1a
    1e44:	ab 8f       	std	Y+27, r26	; 0x1b
    1e46:	bc 8f       	std	Y+28, r27	; 0x1c
 */
void
_delay_ms(double __ms)
{
	uint16_t __ticks;
	double __tmp = ((F_CPU) / 4e3) * __ms;
    1e48:	69 8d       	ldd	r22, Y+25	; 0x19
    1e4a:	7a 8d       	ldd	r23, Y+26	; 0x1a
    1e4c:	8b 8d       	ldd	r24, Y+27	; 0x1b
    1e4e:	9c 8d       	ldd	r25, Y+28	; 0x1c
    1e50:	20 e0       	ldi	r18, 0x00	; 0
    1e52:	30 e0       	ldi	r19, 0x00	; 0
    1e54:	4a ef       	ldi	r20, 0xFA	; 250
    1e56:	54 e4       	ldi	r21, 0x44	; 68
    1e58:	0e 94 17 02 	call	0x42e	; 0x42e <__mulsf3>
    1e5c:	dc 01       	movw	r26, r24
    1e5e:	cb 01       	movw	r24, r22
    1e60:	8d 8b       	std	Y+21, r24	; 0x15
    1e62:	9e 8b       	std	Y+22, r25	; 0x16
    1e64:	af 8b       	std	Y+23, r26	; 0x17
    1e66:	b8 8f       	std	Y+24, r27	; 0x18
	if (__tmp < 1.0)
    1e68:	6d 89       	ldd	r22, Y+21	; 0x15
    1e6a:	7e 89       	ldd	r23, Y+22	; 0x16
    1e6c:	8f 89       	ldd	r24, Y+23	; 0x17
    1e6e:	98 8d       	ldd	r25, Y+24	; 0x18
    1e70:	20 e0       	ldi	r18, 0x00	; 0
    1e72:	30 e0       	ldi	r19, 0x00	; 0
    1e74:	40 e8       	ldi	r20, 0x80	; 128
    1e76:	5f e3       	ldi	r21, 0x3F	; 63
    1e78:	0e 94 71 03 	call	0x6e2	; 0x6e2 <__ltsf2>
    1e7c:	88 23       	and	r24, r24
    1e7e:	2c f4       	brge	.+10     	; 0x1e8a <LCD_vidInit+0x4bc>
		__ticks = 1;
    1e80:	81 e0       	ldi	r24, 0x01	; 1
    1e82:	90 e0       	ldi	r25, 0x00	; 0
    1e84:	9c 8b       	std	Y+20, r25	; 0x14
    1e86:	8b 8b       	std	Y+19, r24	; 0x13
    1e88:	3f c0       	rjmp	.+126    	; 0x1f08 <LCD_vidInit+0x53a>
	else if (__tmp > 65535)
    1e8a:	6d 89       	ldd	r22, Y+21	; 0x15
    1e8c:	7e 89       	ldd	r23, Y+22	; 0x16
    1e8e:	8f 89       	ldd	r24, Y+23	; 0x17
    1e90:	98 8d       	ldd	r25, Y+24	; 0x18
    1e92:	20 e0       	ldi	r18, 0x00	; 0
    1e94:	3f ef       	ldi	r19, 0xFF	; 255
    1e96:	4f e7       	ldi	r20, 0x7F	; 127
    1e98:	57 e4       	ldi	r21, 0x47	; 71
    1e9a:	0e 94 11 03 	call	0x622	; 0x622 <__gtsf2>
    1e9e:	18 16       	cp	r1, r24
    1ea0:	4c f5       	brge	.+82     	; 0x1ef4 <LCD_vidInit+0x526>
	{
		//	__ticks = requested delay in 1/10 ms
		__ticks = (uint16_t) (__ms * 10.0);
    1ea2:	69 8d       	ldd	r22, Y+25	; 0x19
    1ea4:	7a 8d       	ldd	r23, Y+26	; 0x1a
    1ea6:	8b 8d       	ldd	r24, Y+27	; 0x1b
    1ea8:	9c 8d       	ldd	r25, Y+28	; 0x1c
    1eaa:	20 e0       	ldi	r18, 0x00	; 0
    1eac:	30 e0       	ldi	r19, 0x00	; 0
    1eae:	40 e2       	ldi	r20, 0x20	; 32
    1eb0:	51 e4       	ldi	r21, 0x41	; 65
    1eb2:	0e 94 17 02 	call	0x42e	; 0x42e <__mulsf3>
    1eb6:	dc 01       	movw	r26, r24
    1eb8:	cb 01       	movw	r24, r22
    1eba:	bc 01       	movw	r22, r24
    1ebc:	cd 01       	movw	r24, r26
    1ebe:	0e 94 41 00 	call	0x82	; 0x82 <__fixunssfsi>
    1ec2:	dc 01       	movw	r26, r24
    1ec4:	cb 01       	movw	r24, r22
    1ec6:	9c 8b       	std	Y+20, r25	; 0x14
    1ec8:	8b 8b       	std	Y+19, r24	; 0x13
    1eca:	0f c0       	rjmp	.+30     	; 0x1eea <LCD_vidInit+0x51c>
    1ecc:	88 ec       	ldi	r24, 0xC8	; 200
    1ece:	90 e0       	ldi	r25, 0x00	; 0
    1ed0:	9a 8b       	std	Y+18, r25	; 0x12
    1ed2:	89 8b       	std	Y+17, r24	; 0x11
    1ed4:	89 89       	ldd	r24, Y+17	; 0x11
    1ed6:	9a 89       	ldd	r25, Y+18	; 0x12
    1ed8:	01 97       	sbiw	r24, 0x01	; 1
    1eda:	f1 f7       	brne	.-4      	; 0x1ed8 <LCD_vidInit+0x50a>
    1edc:	9a 8b       	std	Y+18, r25	; 0x12
    1ede:	89 8b       	std	Y+17, r24	; 0x11
		while(__ticks)
		{
			// wait 1/10 ms
			_delay_loop_2(((F_CPU) / 4e3) / 10);
			__ticks --;
    1ee0:	8b 89       	ldd	r24, Y+19	; 0x13
    1ee2:	9c 89       	ldd	r25, Y+20	; 0x14
    1ee4:	01 97       	sbiw	r24, 0x01	; 1
    1ee6:	9c 8b       	std	Y+20, r25	; 0x14
    1ee8:	8b 8b       	std	Y+19, r24	; 0x13
		__ticks = 1;
	else if (__tmp > 65535)
	{
		//	__ticks = requested delay in 1/10 ms
		__ticks = (uint16_t) (__ms * 10.0);
		while(__ticks)
    1eea:	8b 89       	ldd	r24, Y+19	; 0x13
    1eec:	9c 89       	ldd	r25, Y+20	; 0x14
    1eee:	00 97       	sbiw	r24, 0x00	; 0
    1ef0:	69 f7       	brne	.-38     	; 0x1ecc <LCD_vidInit+0x4fe>
    1ef2:	14 c0       	rjmp	.+40     	; 0x1f1c <LCD_vidInit+0x54e>
			__ticks --;
		}
		return;
	}
	else
		__ticks = (uint16_t)__tmp;
    1ef4:	6d 89       	ldd	r22, Y+21	; 0x15
    1ef6:	7e 89       	ldd	r23, Y+22	; 0x16
    1ef8:	8f 89       	ldd	r24, Y+23	; 0x17
    1efa:	98 8d       	ldd	r25, Y+24	; 0x18
    1efc:	0e 94 41 00 	call	0x82	; 0x82 <__fixunssfsi>
    1f00:	dc 01       	movw	r26, r24
    1f02:	cb 01       	movw	r24, r22
    1f04:	9c 8b       	std	Y+20, r25	; 0x14
    1f06:	8b 8b       	std	Y+19, r24	; 0x13
    1f08:	8b 89       	ldd	r24, Y+19	; 0x13
    1f0a:	9c 89       	ldd	r25, Y+20	; 0x14
    1f0c:	98 8b       	std	Y+16, r25	; 0x10
    1f0e:	8f 87       	std	Y+15, r24	; 0x0f
    1f10:	8f 85       	ldd	r24, Y+15	; 0x0f
    1f12:	98 89       	ldd	r25, Y+16	; 0x10
    1f14:	01 97       	sbiw	r24, 0x01	; 1
    1f16:	f1 f7       	brne	.-4      	; 0x1f14 <LCD_vidInit+0x546>
    1f18:	98 8b       	std	Y+16, r25	; 0x10
    1f1a:	8f 87       	std	Y+15, r24	; 0x0f
	_delay_ms(15);

	/* Entry Mode Set  */
	LCD_vidSendCommand(lcd_EntryMode);
    1f1c:	86 e0       	ldi	r24, 0x06	; 6
    1f1e:	0e 94 0f 10 	call	0x201e	; 0x201e <LCD_vidSendCommand>
    1f22:	80 e0       	ldi	r24, 0x00	; 0
    1f24:	90 e0       	ldi	r25, 0x00	; 0
    1f26:	a0 e0       	ldi	r26, 0x00	; 0
    1f28:	b0 e4       	ldi	r27, 0x40	; 64
    1f2a:	8b 87       	std	Y+11, r24	; 0x0b
    1f2c:	9c 87       	std	Y+12, r25	; 0x0c
    1f2e:	ad 87       	std	Y+13, r26	; 0x0d
    1f30:	be 87       	std	Y+14, r27	; 0x0e
 */
void
_delay_ms(double __ms)
{
	uint16_t __ticks;
	double __tmp = ((F_CPU) / 4e3) * __ms;
    1f32:	6b 85       	ldd	r22, Y+11	; 0x0b
    1f34:	7c 85       	ldd	r23, Y+12	; 0x0c
    1f36:	8d 85       	ldd	r24, Y+13	; 0x0d
    1f38:	9e 85       	ldd	r25, Y+14	; 0x0e
    1f3a:	20 e0       	ldi	r18, 0x00	; 0
    1f3c:	30 e0       	ldi	r19, 0x00	; 0
    1f3e:	4a ef       	ldi	r20, 0xFA	; 250
    1f40:	54 e4       	ldi	r21, 0x44	; 68
    1f42:	0e 94 17 02 	call	0x42e	; 0x42e <__mulsf3>
    1f46:	dc 01       	movw	r26, r24
    1f48:	cb 01       	movw	r24, r22
    1f4a:	8f 83       	std	Y+7, r24	; 0x07
    1f4c:	98 87       	std	Y+8, r25	; 0x08
    1f4e:	a9 87       	std	Y+9, r26	; 0x09
    1f50:	ba 87       	std	Y+10, r27	; 0x0a
	if (__tmp < 1.0)
    1f52:	6f 81       	ldd	r22, Y+7	; 0x07
    1f54:	78 85       	ldd	r23, Y+8	; 0x08
    1f56:	89 85       	ldd	r24, Y+9	; 0x09
    1f58:	9a 85       	ldd	r25, Y+10	; 0x0a
    1f5a:	20 e0       	ldi	r18, 0x00	; 0
    1f5c:	30 e0       	ldi	r19, 0x00	; 0
    1f5e:	40 e8       	ldi	r20, 0x80	; 128
    1f60:	5f e3       	ldi	r21, 0x3F	; 63
    1f62:	0e 94 71 03 	call	0x6e2	; 0x6e2 <__ltsf2>
    1f66:	88 23       	and	r24, r24
    1f68:	2c f4       	brge	.+10     	; 0x1f74 <LCD_vidInit+0x5a6>
		__ticks = 1;
    1f6a:	81 e0       	ldi	r24, 0x01	; 1
    1f6c:	90 e0       	ldi	r25, 0x00	; 0
    1f6e:	9e 83       	std	Y+6, r25	; 0x06
    1f70:	8d 83       	std	Y+5, r24	; 0x05
    1f72:	3f c0       	rjmp	.+126    	; 0x1ff2 <LCD_vidInit+0x624>
	else if (__tmp > 65535)
    1f74:	6f 81       	ldd	r22, Y+7	; 0x07
    1f76:	78 85       	ldd	r23, Y+8	; 0x08
    1f78:	89 85       	ldd	r24, Y+9	; 0x09
    1f7a:	9a 85       	ldd	r25, Y+10	; 0x0a
    1f7c:	20 e0       	ldi	r18, 0x00	; 0
    1f7e:	3f ef       	ldi	r19, 0xFF	; 255
    1f80:	4f e7       	ldi	r20, 0x7F	; 127
    1f82:	57 e4       	ldi	r21, 0x47	; 71
    1f84:	0e 94 11 03 	call	0x622	; 0x622 <__gtsf2>
    1f88:	18 16       	cp	r1, r24
    1f8a:	4c f5       	brge	.+82     	; 0x1fde <LCD_vidInit+0x610>
	{
		//	__ticks = requested delay in 1/10 ms
		__ticks = (uint16_t) (__ms * 10.0);
    1f8c:	6b 85       	ldd	r22, Y+11	; 0x0b
    1f8e:	7c 85       	ldd	r23, Y+12	; 0x0c
    1f90:	8d 85       	ldd	r24, Y+13	; 0x0d
    1f92:	9e 85       	ldd	r25, Y+14	; 0x0e
    1f94:	20 e0       	ldi	r18, 0x00	; 0
    1f96:	30 e0       	ldi	r19, 0x00	; 0
    1f98:	40 e2       	ldi	r20, 0x20	; 32
    1f9a:	51 e4       	ldi	r21, 0x41	; 65
    1f9c:	0e 94 17 02 	call	0x42e	; 0x42e <__mulsf3>
    1fa0:	dc 01       	movw	r26, r24
    1fa2:	cb 01       	movw	r24, r22
    1fa4:	bc 01       	movw	r22, r24
    1fa6:	cd 01       	movw	r24, r26
    1fa8:	0e 94 41 00 	call	0x82	; 0x82 <__fixunssfsi>
    1fac:	dc 01       	movw	r26, r24
    1fae:	cb 01       	movw	r24, r22
    1fb0:	9e 83       	std	Y+6, r25	; 0x06
    1fb2:	8d 83       	std	Y+5, r24	; 0x05
    1fb4:	0f c0       	rjmp	.+30     	; 0x1fd4 <LCD_vidInit+0x606>
    1fb6:	88 ec       	ldi	r24, 0xC8	; 200
    1fb8:	90 e0       	ldi	r25, 0x00	; 0
    1fba:	9c 83       	std	Y+4, r25	; 0x04
    1fbc:	8b 83       	std	Y+3, r24	; 0x03
    1fbe:	8b 81       	ldd	r24, Y+3	; 0x03
    1fc0:	9c 81       	ldd	r25, Y+4	; 0x04
    1fc2:	01 97       	sbiw	r24, 0x01	; 1
    1fc4:	f1 f7       	brne	.-4      	; 0x1fc2 <LCD_vidInit+0x5f4>
    1fc6:	9c 83       	std	Y+4, r25	; 0x04
    1fc8:	8b 83       	std	Y+3, r24	; 0x03
		while(__ticks)
		{
			// wait 1/10 ms
			_delay_loop_2(((F_CPU) / 4e3) / 10);
			__ticks --;
    1fca:	8d 81       	ldd	r24, Y+5	; 0x05
    1fcc:	9e 81       	ldd	r25, Y+6	; 0x06
    1fce:	01 97       	sbiw	r24, 0x01	; 1
    1fd0:	9e 83       	std	Y+6, r25	; 0x06
    1fd2:	8d 83       	std	Y+5, r24	; 0x05
		__ticks = 1;
	else if (__tmp > 65535)
	{
		//	__ticks = requested delay in 1/10 ms
		__ticks = (uint16_t) (__ms * 10.0);
		while(__ticks)
    1fd4:	8d 81       	ldd	r24, Y+5	; 0x05
    1fd6:	9e 81       	ldd	r25, Y+6	; 0x06
    1fd8:	00 97       	sbiw	r24, 0x00	; 0
    1fda:	69 f7       	brne	.-38     	; 0x1fb6 <LCD_vidInit+0x5e8>
    1fdc:	14 c0       	rjmp	.+40     	; 0x2006 <LCD_vidInit+0x638>
			__ticks --;
		}
		return;
	}
	else
		__ticks = (uint16_t)__tmp;
    1fde:	6f 81       	ldd	r22, Y+7	; 0x07
    1fe0:	78 85       	ldd	r23, Y+8	; 0x08
    1fe2:	89 85       	ldd	r24, Y+9	; 0x09
    1fe4:	9a 85       	ldd	r25, Y+10	; 0x0a
    1fe6:	0e 94 41 00 	call	0x82	; 0x82 <__fixunssfsi>
    1fea:	dc 01       	movw	r26, r24
    1fec:	cb 01       	movw	r24, r22
    1fee:	9e 83       	std	Y+6, r25	; 0x06
    1ff0:	8d 83       	std	Y+5, r24	; 0x05
    1ff2:	8d 81       	ldd	r24, Y+5	; 0x05
    1ff4:	9e 81       	ldd	r25, Y+6	; 0x06
    1ff6:	9a 83       	std	Y+2, r25	; 0x02
    1ff8:	89 83       	std	Y+1, r24	; 0x01
    1ffa:	89 81       	ldd	r24, Y+1	; 0x01
    1ffc:	9a 81       	ldd	r25, Y+2	; 0x02
    1ffe:	01 97       	sbiw	r24, 0x01	; 1
    2000:	f1 f7       	brne	.-4      	; 0x1ffe <LCD_vidInit+0x630>
    2002:	9a 83       	std	Y+2, r25	; 0x02
    2004:	89 83       	std	Y+1, r24	; 0x01
	_delay_ms(2);

}
    2006:	cc 5a       	subi	r28, 0xAC	; 172
    2008:	df 4f       	sbci	r29, 0xFF	; 255
    200a:	0f b6       	in	r0, 0x3f	; 63
    200c:	f8 94       	cli
    200e:	de bf       	out	0x3e, r29	; 62
    2010:	0f be       	out	0x3f, r0	; 63
    2012:	cd bf       	out	0x3d, r28	; 61
    2014:	cf 91       	pop	r28
    2016:	df 91       	pop	r29
    2018:	1f 91       	pop	r17
    201a:	0f 91       	pop	r16
    201c:	08 95       	ret

0000201e <LCD_vidSendCommand>:
/* Description! Interface to send the configuration commands to the LCD Driver         */
/* Input      ! Command number                                                         */
/* Output     ! Nothing                                                                */
/***************************************************************************************/
void LCD_vidSendCommand(u8 u8CmdCpy)
{
    201e:	df 93       	push	r29
    2020:	cf 93       	push	r28
    2022:	cd b7       	in	r28, 0x3d	; 61
    2024:	de b7       	in	r29, 0x3e	; 62
    2026:	6d 97       	sbiw	r28, 0x1d	; 29
    2028:	0f b6       	in	r0, 0x3f	; 63
    202a:	f8 94       	cli
    202c:	de bf       	out	0x3e, r29	; 62
    202e:	0f be       	out	0x3f, r0	; 63
    2030:	cd bf       	out	0x3d, r28	; 61
    2032:	8d 8f       	std	Y+29, r24	; 0x1d

	/* Set RS to LOW */
	DIO_SetPinValue(PORTA, 0, LOW);
    2034:	80 e0       	ldi	r24, 0x00	; 0
    2036:	60 e0       	ldi	r22, 0x00	; 0
    2038:	40 e0       	ldi	r20, 0x00	; 0
    203a:	0e 94 9b 05 	call	0xb36	; 0xb36 <DIO_SetPinValue>

	/* Set R/W to LOW */
	DIO_SetPinValue(PORTA, 1, LOW);
    203e:	80 e0       	ldi	r24, 0x00	; 0
    2040:	61 e0       	ldi	r22, 0x01	; 1
    2042:	40 e0       	ldi	r20, 0x00	; 0
    2044:	0e 94 9b 05 	call	0xb36	; 0xb36 <DIO_SetPinValue>

	/* Set E to HIGH  */
	DIO_SetPinValue(PORTA, 2, HIGH);
    2048:	80 e0       	ldi	r24, 0x00	; 0
    204a:	62 e0       	ldi	r22, 0x02	; 2
    204c:	41 e0       	ldi	r20, 0x01	; 1
    204e:	0e 94 9b 05 	call	0xb36	; 0xb36 <DIO_SetPinValue>

	/* Load Command on Data bus */
	DIO_SetPortValue(PORTC, u8CmdCpy);
    2052:	82 e0       	ldi	r24, 0x02	; 2
    2054:	6d 8d       	ldd	r22, Y+29	; 0x1d
    2056:	0e 94 70 08 	call	0x10e0	; 0x10e0 <DIO_SetPortValue>

	/* Set E to LOW */
	DIO_SetPinValue(PORTA, 2, LOW);
    205a:	80 e0       	ldi	r24, 0x00	; 0
    205c:	62 e0       	ldi	r22, 0x02	; 2
    205e:	40 e0       	ldi	r20, 0x00	; 0
    2060:	0e 94 9b 05 	call	0xb36	; 0xb36 <DIO_SetPinValue>
    2064:	80 e0       	ldi	r24, 0x00	; 0
    2066:	90 e0       	ldi	r25, 0x00	; 0
    2068:	a0 ea       	ldi	r26, 0xA0	; 160
    206a:	b0 e4       	ldi	r27, 0x40	; 64
    206c:	89 8f       	std	Y+25, r24	; 0x19
    206e:	9a 8f       	std	Y+26, r25	; 0x1a
    2070:	ab 8f       	std	Y+27, r26	; 0x1b
    2072:	bc 8f       	std	Y+28, r27	; 0x1c
 */
void
_delay_ms(double __ms)
{
	uint16_t __ticks;
	double __tmp = ((F_CPU) / 4e3) * __ms;
    2074:	69 8d       	ldd	r22, Y+25	; 0x19
    2076:	7a 8d       	ldd	r23, Y+26	; 0x1a
    2078:	8b 8d       	ldd	r24, Y+27	; 0x1b
    207a:	9c 8d       	ldd	r25, Y+28	; 0x1c
    207c:	20 e0       	ldi	r18, 0x00	; 0
    207e:	30 e0       	ldi	r19, 0x00	; 0
    2080:	4a ef       	ldi	r20, 0xFA	; 250
    2082:	54 e4       	ldi	r21, 0x44	; 68
    2084:	0e 94 17 02 	call	0x42e	; 0x42e <__mulsf3>
    2088:	dc 01       	movw	r26, r24
    208a:	cb 01       	movw	r24, r22
    208c:	8d 8b       	std	Y+21, r24	; 0x15
    208e:	9e 8b       	std	Y+22, r25	; 0x16
    2090:	af 8b       	std	Y+23, r26	; 0x17
    2092:	b8 8f       	std	Y+24, r27	; 0x18
	if (__tmp < 1.0)
    2094:	6d 89       	ldd	r22, Y+21	; 0x15
    2096:	7e 89       	ldd	r23, Y+22	; 0x16
    2098:	8f 89       	ldd	r24, Y+23	; 0x17
    209a:	98 8d       	ldd	r25, Y+24	; 0x18
    209c:	20 e0       	ldi	r18, 0x00	; 0
    209e:	30 e0       	ldi	r19, 0x00	; 0
    20a0:	40 e8       	ldi	r20, 0x80	; 128
    20a2:	5f e3       	ldi	r21, 0x3F	; 63
    20a4:	0e 94 71 03 	call	0x6e2	; 0x6e2 <__ltsf2>
    20a8:	88 23       	and	r24, r24
    20aa:	2c f4       	brge	.+10     	; 0x20b6 <LCD_vidSendCommand+0x98>
		__ticks = 1;
    20ac:	81 e0       	ldi	r24, 0x01	; 1
    20ae:	90 e0       	ldi	r25, 0x00	; 0
    20b0:	9c 8b       	std	Y+20, r25	; 0x14
    20b2:	8b 8b       	std	Y+19, r24	; 0x13
    20b4:	3f c0       	rjmp	.+126    	; 0x2134 <LCD_vidSendCommand+0x116>
	else if (__tmp > 65535)
    20b6:	6d 89       	ldd	r22, Y+21	; 0x15
    20b8:	7e 89       	ldd	r23, Y+22	; 0x16
    20ba:	8f 89       	ldd	r24, Y+23	; 0x17
    20bc:	98 8d       	ldd	r25, Y+24	; 0x18
    20be:	20 e0       	ldi	r18, 0x00	; 0
    20c0:	3f ef       	ldi	r19, 0xFF	; 255
    20c2:	4f e7       	ldi	r20, 0x7F	; 127
    20c4:	57 e4       	ldi	r21, 0x47	; 71
    20c6:	0e 94 11 03 	call	0x622	; 0x622 <__gtsf2>
    20ca:	18 16       	cp	r1, r24
    20cc:	4c f5       	brge	.+82     	; 0x2120 <LCD_vidSendCommand+0x102>
	{
		//	__ticks = requested delay in 1/10 ms
		__ticks = (uint16_t) (__ms * 10.0);
    20ce:	69 8d       	ldd	r22, Y+25	; 0x19
    20d0:	7a 8d       	ldd	r23, Y+26	; 0x1a
    20d2:	8b 8d       	ldd	r24, Y+27	; 0x1b
    20d4:	9c 8d       	ldd	r25, Y+28	; 0x1c
    20d6:	20 e0       	ldi	r18, 0x00	; 0
    20d8:	30 e0       	ldi	r19, 0x00	; 0
    20da:	40 e2       	ldi	r20, 0x20	; 32
    20dc:	51 e4       	ldi	r21, 0x41	; 65
    20de:	0e 94 17 02 	call	0x42e	; 0x42e <__mulsf3>
    20e2:	dc 01       	movw	r26, r24
    20e4:	cb 01       	movw	r24, r22
    20e6:	bc 01       	movw	r22, r24
    20e8:	cd 01       	movw	r24, r26
    20ea:	0e 94 41 00 	call	0x82	; 0x82 <__fixunssfsi>
    20ee:	dc 01       	movw	r26, r24
    20f0:	cb 01       	movw	r24, r22
    20f2:	9c 8b       	std	Y+20, r25	; 0x14
    20f4:	8b 8b       	std	Y+19, r24	; 0x13
    20f6:	0f c0       	rjmp	.+30     	; 0x2116 <LCD_vidSendCommand+0xf8>
    20f8:	88 ec       	ldi	r24, 0xC8	; 200
    20fa:	90 e0       	ldi	r25, 0x00	; 0
    20fc:	9a 8b       	std	Y+18, r25	; 0x12
    20fe:	89 8b       	std	Y+17, r24	; 0x11
    2100:	89 89       	ldd	r24, Y+17	; 0x11
    2102:	9a 89       	ldd	r25, Y+18	; 0x12
    2104:	01 97       	sbiw	r24, 0x01	; 1
    2106:	f1 f7       	brne	.-4      	; 0x2104 <LCD_vidSendCommand+0xe6>
    2108:	9a 8b       	std	Y+18, r25	; 0x12
    210a:	89 8b       	std	Y+17, r24	; 0x11
		while(__ticks)
		{
			// wait 1/10 ms
			_delay_loop_2(((F_CPU) / 4e3) / 10);
			__ticks --;
    210c:	8b 89       	ldd	r24, Y+19	; 0x13
    210e:	9c 89       	ldd	r25, Y+20	; 0x14
    2110:	01 97       	sbiw	r24, 0x01	; 1
    2112:	9c 8b       	std	Y+20, r25	; 0x14
    2114:	8b 8b       	std	Y+19, r24	; 0x13
		__ticks = 1;
	else if (__tmp > 65535)
	{
		//	__ticks = requested delay in 1/10 ms
		__ticks = (uint16_t) (__ms * 10.0);
		while(__ticks)
    2116:	8b 89       	ldd	r24, Y+19	; 0x13
    2118:	9c 89       	ldd	r25, Y+20	; 0x14
    211a:	00 97       	sbiw	r24, 0x00	; 0
    211c:	69 f7       	brne	.-38     	; 0x20f8 <LCD_vidSendCommand+0xda>
    211e:	14 c0       	rjmp	.+40     	; 0x2148 <LCD_vidSendCommand+0x12a>
			__ticks --;
		}
		return;
	}
	else
		__ticks = (uint16_t)__tmp;
    2120:	6d 89       	ldd	r22, Y+21	; 0x15
    2122:	7e 89       	ldd	r23, Y+22	; 0x16
    2124:	8f 89       	ldd	r24, Y+23	; 0x17
    2126:	98 8d       	ldd	r25, Y+24	; 0x18
    2128:	0e 94 41 00 	call	0x82	; 0x82 <__fixunssfsi>
    212c:	dc 01       	movw	r26, r24
    212e:	cb 01       	movw	r24, r22
    2130:	9c 8b       	std	Y+20, r25	; 0x14
    2132:	8b 8b       	std	Y+19, r24	; 0x13
    2134:	8b 89       	ldd	r24, Y+19	; 0x13
    2136:	9c 89       	ldd	r25, Y+20	; 0x14
    2138:	98 8b       	std	Y+16, r25	; 0x10
    213a:	8f 87       	std	Y+15, r24	; 0x0f
    213c:	8f 85       	ldd	r24, Y+15	; 0x0f
    213e:	98 89       	ldd	r25, Y+16	; 0x10
    2140:	01 97       	sbiw	r24, 0x01	; 1
    2142:	f1 f7       	brne	.-4      	; 0x2140 <LCD_vidSendCommand+0x122>
    2144:	98 8b       	std	Y+16, r25	; 0x10
    2146:	8f 87       	std	Y+15, r24	; 0x0f

	/* Wait for E to settle */
	_delay_ms(5);

	/* Set E to HIGH */
	DIO_SetPinValue(PORTA, 2, HIGH);
    2148:	80 e0       	ldi	r24, 0x00	; 0
    214a:	62 e0       	ldi	r22, 0x02	; 2
    214c:	41 e0       	ldi	r20, 0x01	; 1
    214e:	0e 94 9b 05 	call	0xb36	; 0xb36 <DIO_SetPinValue>
    2152:	80 e0       	ldi	r24, 0x00	; 0
    2154:	90 e0       	ldi	r25, 0x00	; 0
    2156:	a0 e2       	ldi	r26, 0x20	; 32
    2158:	b1 e4       	ldi	r27, 0x41	; 65
    215a:	8b 87       	std	Y+11, r24	; 0x0b
    215c:	9c 87       	std	Y+12, r25	; 0x0c
    215e:	ad 87       	std	Y+13, r26	; 0x0d
    2160:	be 87       	std	Y+14, r27	; 0x0e
 */
void
_delay_ms(double __ms)
{
	uint16_t __ticks;
	double __tmp = ((F_CPU) / 4e3) * __ms;
    2162:	6b 85       	ldd	r22, Y+11	; 0x0b
    2164:	7c 85       	ldd	r23, Y+12	; 0x0c
    2166:	8d 85       	ldd	r24, Y+13	; 0x0d
    2168:	9e 85       	ldd	r25, Y+14	; 0x0e
    216a:	20 e0       	ldi	r18, 0x00	; 0
    216c:	30 e0       	ldi	r19, 0x00	; 0
    216e:	4a ef       	ldi	r20, 0xFA	; 250
    2170:	54 e4       	ldi	r21, 0x44	; 68
    2172:	0e 94 17 02 	call	0x42e	; 0x42e <__mulsf3>
    2176:	dc 01       	movw	r26, r24
    2178:	cb 01       	movw	r24, r22
    217a:	8f 83       	std	Y+7, r24	; 0x07
    217c:	98 87       	std	Y+8, r25	; 0x08
    217e:	a9 87       	std	Y+9, r26	; 0x09
    2180:	ba 87       	std	Y+10, r27	; 0x0a
	if (__tmp < 1.0)
    2182:	6f 81       	ldd	r22, Y+7	; 0x07
    2184:	78 85       	ldd	r23, Y+8	; 0x08
    2186:	89 85       	ldd	r24, Y+9	; 0x09
    2188:	9a 85       	ldd	r25, Y+10	; 0x0a
    218a:	20 e0       	ldi	r18, 0x00	; 0
    218c:	30 e0       	ldi	r19, 0x00	; 0
    218e:	40 e8       	ldi	r20, 0x80	; 128
    2190:	5f e3       	ldi	r21, 0x3F	; 63
    2192:	0e 94 71 03 	call	0x6e2	; 0x6e2 <__ltsf2>
    2196:	88 23       	and	r24, r24
    2198:	2c f4       	brge	.+10     	; 0x21a4 <LCD_vidSendCommand+0x186>
		__ticks = 1;
    219a:	81 e0       	ldi	r24, 0x01	; 1
    219c:	90 e0       	ldi	r25, 0x00	; 0
    219e:	9e 83       	std	Y+6, r25	; 0x06
    21a0:	8d 83       	std	Y+5, r24	; 0x05
    21a2:	3f c0       	rjmp	.+126    	; 0x2222 <LCD_vidSendCommand+0x204>
	else if (__tmp > 65535)
    21a4:	6f 81       	ldd	r22, Y+7	; 0x07
    21a6:	78 85       	ldd	r23, Y+8	; 0x08
    21a8:	89 85       	ldd	r24, Y+9	; 0x09
    21aa:	9a 85       	ldd	r25, Y+10	; 0x0a
    21ac:	20 e0       	ldi	r18, 0x00	; 0
    21ae:	3f ef       	ldi	r19, 0xFF	; 255
    21b0:	4f e7       	ldi	r20, 0x7F	; 127
    21b2:	57 e4       	ldi	r21, 0x47	; 71
    21b4:	0e 94 11 03 	call	0x622	; 0x622 <__gtsf2>
    21b8:	18 16       	cp	r1, r24
    21ba:	4c f5       	brge	.+82     	; 0x220e <LCD_vidSendCommand+0x1f0>
	{
		//	__ticks = requested delay in 1/10 ms
		__ticks = (uint16_t) (__ms * 10.0);
    21bc:	6b 85       	ldd	r22, Y+11	; 0x0b
    21be:	7c 85       	ldd	r23, Y+12	; 0x0c
    21c0:	8d 85       	ldd	r24, Y+13	; 0x0d
    21c2:	9e 85       	ldd	r25, Y+14	; 0x0e
    21c4:	20 e0       	ldi	r18, 0x00	; 0
    21c6:	30 e0       	ldi	r19, 0x00	; 0
    21c8:	40 e2       	ldi	r20, 0x20	; 32
    21ca:	51 e4       	ldi	r21, 0x41	; 65
    21cc:	0e 94 17 02 	call	0x42e	; 0x42e <__mulsf3>
    21d0:	dc 01       	movw	r26, r24
    21d2:	cb 01       	movw	r24, r22
    21d4:	bc 01       	movw	r22, r24
    21d6:	cd 01       	movw	r24, r26
    21d8:	0e 94 41 00 	call	0x82	; 0x82 <__fixunssfsi>
    21dc:	dc 01       	movw	r26, r24
    21de:	cb 01       	movw	r24, r22
    21e0:	9e 83       	std	Y+6, r25	; 0x06
    21e2:	8d 83       	std	Y+5, r24	; 0x05
    21e4:	0f c0       	rjmp	.+30     	; 0x2204 <LCD_vidSendCommand+0x1e6>
    21e6:	88 ec       	ldi	r24, 0xC8	; 200
    21e8:	90 e0       	ldi	r25, 0x00	; 0
    21ea:	9c 83       	std	Y+4, r25	; 0x04
    21ec:	8b 83       	std	Y+3, r24	; 0x03
    21ee:	8b 81       	ldd	r24, Y+3	; 0x03
    21f0:	9c 81       	ldd	r25, Y+4	; 0x04
    21f2:	01 97       	sbiw	r24, 0x01	; 1
    21f4:	f1 f7       	brne	.-4      	; 0x21f2 <LCD_vidSendCommand+0x1d4>
    21f6:	9c 83       	std	Y+4, r25	; 0x04
    21f8:	8b 83       	std	Y+3, r24	; 0x03
		while(__ticks)
		{
			// wait 1/10 ms
			_delay_loop_2(((F_CPU) / 4e3) / 10);
			__ticks --;
    21fa:	8d 81       	ldd	r24, Y+5	; 0x05
    21fc:	9e 81       	ldd	r25, Y+6	; 0x06
    21fe:	01 97       	sbiw	r24, 0x01	; 1
    2200:	9e 83       	std	Y+6, r25	; 0x06
    2202:	8d 83       	std	Y+5, r24	; 0x05
		__ticks = 1;
	else if (__tmp > 65535)
	{
		//	__ticks = requested delay in 1/10 ms
		__ticks = (uint16_t) (__ms * 10.0);
		while(__ticks)
    2204:	8d 81       	ldd	r24, Y+5	; 0x05
    2206:	9e 81       	ldd	r25, Y+6	; 0x06
    2208:	00 97       	sbiw	r24, 0x00	; 0
    220a:	69 f7       	brne	.-38     	; 0x21e6 <LCD_vidSendCommand+0x1c8>
    220c:	14 c0       	rjmp	.+40     	; 0x2236 <LCD_vidSendCommand+0x218>
			__ticks --;
		}
		return;
	}
	else
		__ticks = (uint16_t)__tmp;
    220e:	6f 81       	ldd	r22, Y+7	; 0x07
    2210:	78 85       	ldd	r23, Y+8	; 0x08
    2212:	89 85       	ldd	r24, Y+9	; 0x09
    2214:	9a 85       	ldd	r25, Y+10	; 0x0a
    2216:	0e 94 41 00 	call	0x82	; 0x82 <__fixunssfsi>
    221a:	dc 01       	movw	r26, r24
    221c:	cb 01       	movw	r24, r22
    221e:	9e 83       	std	Y+6, r25	; 0x06
    2220:	8d 83       	std	Y+5, r24	; 0x05
    2222:	8d 81       	ldd	r24, Y+5	; 0x05
    2224:	9e 81       	ldd	r25, Y+6	; 0x06
    2226:	9a 83       	std	Y+2, r25	; 0x02
    2228:	89 83       	std	Y+1, r24	; 0x01
    222a:	89 81       	ldd	r24, Y+1	; 0x01
    222c:	9a 81       	ldd	r25, Y+2	; 0x02
    222e:	01 97       	sbiw	r24, 0x01	; 1
    2230:	f1 f7       	brne	.-4      	; 0x222e <LCD_vidSendCommand+0x210>
    2232:	9a 83       	std	Y+2, r25	; 0x02
    2234:	89 83       	std	Y+1, r24	; 0x01

	/* Delay for 10ms to let the LCD execute command */
	_delay_ms(10);

}
    2236:	6d 96       	adiw	r28, 0x1d	; 29
    2238:	0f b6       	in	r0, 0x3f	; 63
    223a:	f8 94       	cli
    223c:	de bf       	out	0x3e, r29	; 62
    223e:	0f be       	out	0x3f, r0	; 63
    2240:	cd bf       	out	0x3d, r28	; 61
    2242:	cf 91       	pop	r28
    2244:	df 91       	pop	r29
    2246:	08 95       	ret

00002248 <LCD_vidWriteCharctr>:
/* Description! Interface to write character on LCD screen                             */
/* Input      ! Data to send                                                           */
/* Output     ! Nothing                                                                */
/***************************************************************************************/
void LCD_vidWriteCharctr(u8 u8DataCpy)
{
    2248:	df 93       	push	r29
    224a:	cf 93       	push	r28
    224c:	cd b7       	in	r28, 0x3d	; 61
    224e:	de b7       	in	r29, 0x3e	; 62
    2250:	6d 97       	sbiw	r28, 0x1d	; 29
    2252:	0f b6       	in	r0, 0x3f	; 63
    2254:	f8 94       	cli
    2256:	de bf       	out	0x3e, r29	; 62
    2258:	0f be       	out	0x3f, r0	; 63
    225a:	cd bf       	out	0x3d, r28	; 61
    225c:	8d 8f       	std	Y+29, r24	; 0x1d
	/* Set RS to HIG */
	DIO_SetPinValue(PORTA, 0, HIGH);
    225e:	80 e0       	ldi	r24, 0x00	; 0
    2260:	60 e0       	ldi	r22, 0x00	; 0
    2262:	41 e0       	ldi	r20, 0x01	; 1
    2264:	0e 94 9b 05 	call	0xb36	; 0xb36 <DIO_SetPinValue>

	/* Set R/W to LOW */
	DIO_SetPinValue(PORTA, 1, LOW);
    2268:	80 e0       	ldi	r24, 0x00	; 0
    226a:	61 e0       	ldi	r22, 0x01	; 1
    226c:	40 e0       	ldi	r20, 0x00	; 0
    226e:	0e 94 9b 05 	call	0xb36	; 0xb36 <DIO_SetPinValue>

	/* Set E to HIGH */
	DIO_SetPinValue(PORTA, 2, HIGH);
    2272:	80 e0       	ldi	r24, 0x00	; 0
    2274:	62 e0       	ldi	r22, 0x02	; 2
    2276:	41 e0       	ldi	r20, 0x01	; 1
    2278:	0e 94 9b 05 	call	0xb36	; 0xb36 <DIO_SetPinValue>

	/* Load Command on Data bus */
	DIO_SetPortValue(PORTC, u8DataCpy);
    227c:	82 e0       	ldi	r24, 0x02	; 2
    227e:	6d 8d       	ldd	r22, Y+29	; 0x1d
    2280:	0e 94 70 08 	call	0x10e0	; 0x10e0 <DIO_SetPortValue>

	/* Set E to LOW */
	DIO_SetPinValue(PORTA, 2, LOW);
    2284:	80 e0       	ldi	r24, 0x00	; 0
    2286:	62 e0       	ldi	r22, 0x02	; 2
    2288:	40 e0       	ldi	r20, 0x00	; 0
    228a:	0e 94 9b 05 	call	0xb36	; 0xb36 <DIO_SetPinValue>
    228e:	80 e0       	ldi	r24, 0x00	; 0
    2290:	90 e0       	ldi	r25, 0x00	; 0
    2292:	a0 ea       	ldi	r26, 0xA0	; 160
    2294:	b0 e4       	ldi	r27, 0x40	; 64
    2296:	89 8f       	std	Y+25, r24	; 0x19
    2298:	9a 8f       	std	Y+26, r25	; 0x1a
    229a:	ab 8f       	std	Y+27, r26	; 0x1b
    229c:	bc 8f       	std	Y+28, r27	; 0x1c
 */
void
_delay_ms(double __ms)
{
	uint16_t __ticks;
	double __tmp = ((F_CPU) / 4e3) * __ms;
    229e:	69 8d       	ldd	r22, Y+25	; 0x19
    22a0:	7a 8d       	ldd	r23, Y+26	; 0x1a
    22a2:	8b 8d       	ldd	r24, Y+27	; 0x1b
    22a4:	9c 8d       	ldd	r25, Y+28	; 0x1c
    22a6:	20 e0       	ldi	r18, 0x00	; 0
    22a8:	30 e0       	ldi	r19, 0x00	; 0
    22aa:	4a ef       	ldi	r20, 0xFA	; 250
    22ac:	54 e4       	ldi	r21, 0x44	; 68
    22ae:	0e 94 17 02 	call	0x42e	; 0x42e <__mulsf3>
    22b2:	dc 01       	movw	r26, r24
    22b4:	cb 01       	movw	r24, r22
    22b6:	8d 8b       	std	Y+21, r24	; 0x15
    22b8:	9e 8b       	std	Y+22, r25	; 0x16
    22ba:	af 8b       	std	Y+23, r26	; 0x17
    22bc:	b8 8f       	std	Y+24, r27	; 0x18
	if (__tmp < 1.0)
    22be:	6d 89       	ldd	r22, Y+21	; 0x15
    22c0:	7e 89       	ldd	r23, Y+22	; 0x16
    22c2:	8f 89       	ldd	r24, Y+23	; 0x17
    22c4:	98 8d       	ldd	r25, Y+24	; 0x18
    22c6:	20 e0       	ldi	r18, 0x00	; 0
    22c8:	30 e0       	ldi	r19, 0x00	; 0
    22ca:	40 e8       	ldi	r20, 0x80	; 128
    22cc:	5f e3       	ldi	r21, 0x3F	; 63
    22ce:	0e 94 71 03 	call	0x6e2	; 0x6e2 <__ltsf2>
    22d2:	88 23       	and	r24, r24
    22d4:	2c f4       	brge	.+10     	; 0x22e0 <LCD_vidWriteCharctr+0x98>
		__ticks = 1;
    22d6:	81 e0       	ldi	r24, 0x01	; 1
    22d8:	90 e0       	ldi	r25, 0x00	; 0
    22da:	9c 8b       	std	Y+20, r25	; 0x14
    22dc:	8b 8b       	std	Y+19, r24	; 0x13
    22de:	3f c0       	rjmp	.+126    	; 0x235e <LCD_vidWriteCharctr+0x116>
	else if (__tmp > 65535)
    22e0:	6d 89       	ldd	r22, Y+21	; 0x15
    22e2:	7e 89       	ldd	r23, Y+22	; 0x16
    22e4:	8f 89       	ldd	r24, Y+23	; 0x17
    22e6:	98 8d       	ldd	r25, Y+24	; 0x18
    22e8:	20 e0       	ldi	r18, 0x00	; 0
    22ea:	3f ef       	ldi	r19, 0xFF	; 255
    22ec:	4f e7       	ldi	r20, 0x7F	; 127
    22ee:	57 e4       	ldi	r21, 0x47	; 71
    22f0:	0e 94 11 03 	call	0x622	; 0x622 <__gtsf2>
    22f4:	18 16       	cp	r1, r24
    22f6:	4c f5       	brge	.+82     	; 0x234a <LCD_vidWriteCharctr+0x102>
	{
		//	__ticks = requested delay in 1/10 ms
		__ticks = (uint16_t) (__ms * 10.0);
    22f8:	69 8d       	ldd	r22, Y+25	; 0x19
    22fa:	7a 8d       	ldd	r23, Y+26	; 0x1a
    22fc:	8b 8d       	ldd	r24, Y+27	; 0x1b
    22fe:	9c 8d       	ldd	r25, Y+28	; 0x1c
    2300:	20 e0       	ldi	r18, 0x00	; 0
    2302:	30 e0       	ldi	r19, 0x00	; 0
    2304:	40 e2       	ldi	r20, 0x20	; 32
    2306:	51 e4       	ldi	r21, 0x41	; 65
    2308:	0e 94 17 02 	call	0x42e	; 0x42e <__mulsf3>
    230c:	dc 01       	movw	r26, r24
    230e:	cb 01       	movw	r24, r22
    2310:	bc 01       	movw	r22, r24
    2312:	cd 01       	movw	r24, r26
    2314:	0e 94 41 00 	call	0x82	; 0x82 <__fixunssfsi>
    2318:	dc 01       	movw	r26, r24
    231a:	cb 01       	movw	r24, r22
    231c:	9c 8b       	std	Y+20, r25	; 0x14
    231e:	8b 8b       	std	Y+19, r24	; 0x13
    2320:	0f c0       	rjmp	.+30     	; 0x2340 <LCD_vidWriteCharctr+0xf8>
    2322:	88 ec       	ldi	r24, 0xC8	; 200
    2324:	90 e0       	ldi	r25, 0x00	; 0
    2326:	9a 8b       	std	Y+18, r25	; 0x12
    2328:	89 8b       	std	Y+17, r24	; 0x11
    232a:	89 89       	ldd	r24, Y+17	; 0x11
    232c:	9a 89       	ldd	r25, Y+18	; 0x12
    232e:	01 97       	sbiw	r24, 0x01	; 1
    2330:	f1 f7       	brne	.-4      	; 0x232e <LCD_vidWriteCharctr+0xe6>
    2332:	9a 8b       	std	Y+18, r25	; 0x12
    2334:	89 8b       	std	Y+17, r24	; 0x11
		while(__ticks)
		{
			// wait 1/10 ms
			_delay_loop_2(((F_CPU) / 4e3) / 10);
			__ticks --;
    2336:	8b 89       	ldd	r24, Y+19	; 0x13
    2338:	9c 89       	ldd	r25, Y+20	; 0x14
    233a:	01 97       	sbiw	r24, 0x01	; 1
    233c:	9c 8b       	std	Y+20, r25	; 0x14
    233e:	8b 8b       	std	Y+19, r24	; 0x13
		__ticks = 1;
	else if (__tmp > 65535)
	{
		//	__ticks = requested delay in 1/10 ms
		__ticks = (uint16_t) (__ms * 10.0);
		while(__ticks)
    2340:	8b 89       	ldd	r24, Y+19	; 0x13
    2342:	9c 89       	ldd	r25, Y+20	; 0x14
    2344:	00 97       	sbiw	r24, 0x00	; 0
    2346:	69 f7       	brne	.-38     	; 0x2322 <LCD_vidWriteCharctr+0xda>
    2348:	14 c0       	rjmp	.+40     	; 0x2372 <LCD_vidWriteCharctr+0x12a>
			__ticks --;
		}
		return;
	}
	else
		__ticks = (uint16_t)__tmp;
    234a:	6d 89       	ldd	r22, Y+21	; 0x15
    234c:	7e 89       	ldd	r23, Y+22	; 0x16
    234e:	8f 89       	ldd	r24, Y+23	; 0x17
    2350:	98 8d       	ldd	r25, Y+24	; 0x18
    2352:	0e 94 41 00 	call	0x82	; 0x82 <__fixunssfsi>
    2356:	dc 01       	movw	r26, r24
    2358:	cb 01       	movw	r24, r22
    235a:	9c 8b       	std	Y+20, r25	; 0x14
    235c:	8b 8b       	std	Y+19, r24	; 0x13
    235e:	8b 89       	ldd	r24, Y+19	; 0x13
    2360:	9c 89       	ldd	r25, Y+20	; 0x14
    2362:	98 8b       	std	Y+16, r25	; 0x10
    2364:	8f 87       	std	Y+15, r24	; 0x0f
    2366:	8f 85       	ldd	r24, Y+15	; 0x0f
    2368:	98 89       	ldd	r25, Y+16	; 0x10
    236a:	01 97       	sbiw	r24, 0x01	; 1
    236c:	f1 f7       	brne	.-4      	; 0x236a <LCD_vidWriteCharctr+0x122>
    236e:	98 8b       	std	Y+16, r25	; 0x10
    2370:	8f 87       	std	Y+15, r24	; 0x0f

	/* Wait for E to settle */
	_delay_ms(5);

	/* Set E to HIGH */
	DIO_SetPinValue(PORTA, 2, HIGH);
    2372:	80 e0       	ldi	r24, 0x00	; 0
    2374:	62 e0       	ldi	r22, 0x02	; 2
    2376:	41 e0       	ldi	r20, 0x01	; 1
    2378:	0e 94 9b 05 	call	0xb36	; 0xb36 <DIO_SetPinValue>
    237c:	80 e0       	ldi	r24, 0x00	; 0
    237e:	90 e0       	ldi	r25, 0x00	; 0
    2380:	a0 e2       	ldi	r26, 0x20	; 32
    2382:	b1 e4       	ldi	r27, 0x41	; 65
    2384:	8b 87       	std	Y+11, r24	; 0x0b
    2386:	9c 87       	std	Y+12, r25	; 0x0c
    2388:	ad 87       	std	Y+13, r26	; 0x0d
    238a:	be 87       	std	Y+14, r27	; 0x0e
 */
void
_delay_ms(double __ms)
{
	uint16_t __ticks;
	double __tmp = ((F_CPU) / 4e3) * __ms;
    238c:	6b 85       	ldd	r22, Y+11	; 0x0b
    238e:	7c 85       	ldd	r23, Y+12	; 0x0c
    2390:	8d 85       	ldd	r24, Y+13	; 0x0d
    2392:	9e 85       	ldd	r25, Y+14	; 0x0e
    2394:	20 e0       	ldi	r18, 0x00	; 0
    2396:	30 e0       	ldi	r19, 0x00	; 0
    2398:	4a ef       	ldi	r20, 0xFA	; 250
    239a:	54 e4       	ldi	r21, 0x44	; 68
    239c:	0e 94 17 02 	call	0x42e	; 0x42e <__mulsf3>
    23a0:	dc 01       	movw	r26, r24
    23a2:	cb 01       	movw	r24, r22
    23a4:	8f 83       	std	Y+7, r24	; 0x07
    23a6:	98 87       	std	Y+8, r25	; 0x08
    23a8:	a9 87       	std	Y+9, r26	; 0x09
    23aa:	ba 87       	std	Y+10, r27	; 0x0a
	if (__tmp < 1.0)
    23ac:	6f 81       	ldd	r22, Y+7	; 0x07
    23ae:	78 85       	ldd	r23, Y+8	; 0x08
    23b0:	89 85       	ldd	r24, Y+9	; 0x09
    23b2:	9a 85       	ldd	r25, Y+10	; 0x0a
    23b4:	20 e0       	ldi	r18, 0x00	; 0
    23b6:	30 e0       	ldi	r19, 0x00	; 0
    23b8:	40 e8       	ldi	r20, 0x80	; 128
    23ba:	5f e3       	ldi	r21, 0x3F	; 63
    23bc:	0e 94 71 03 	call	0x6e2	; 0x6e2 <__ltsf2>
    23c0:	88 23       	and	r24, r24
    23c2:	2c f4       	brge	.+10     	; 0x23ce <LCD_vidWriteCharctr+0x186>
		__ticks = 1;
    23c4:	81 e0       	ldi	r24, 0x01	; 1
    23c6:	90 e0       	ldi	r25, 0x00	; 0
    23c8:	9e 83       	std	Y+6, r25	; 0x06
    23ca:	8d 83       	std	Y+5, r24	; 0x05
    23cc:	3f c0       	rjmp	.+126    	; 0x244c <LCD_vidWriteCharctr+0x204>
	else if (__tmp > 65535)
    23ce:	6f 81       	ldd	r22, Y+7	; 0x07
    23d0:	78 85       	ldd	r23, Y+8	; 0x08
    23d2:	89 85       	ldd	r24, Y+9	; 0x09
    23d4:	9a 85       	ldd	r25, Y+10	; 0x0a
    23d6:	20 e0       	ldi	r18, 0x00	; 0
    23d8:	3f ef       	ldi	r19, 0xFF	; 255
    23da:	4f e7       	ldi	r20, 0x7F	; 127
    23dc:	57 e4       	ldi	r21, 0x47	; 71
    23de:	0e 94 11 03 	call	0x622	; 0x622 <__gtsf2>
    23e2:	18 16       	cp	r1, r24
    23e4:	4c f5       	brge	.+82     	; 0x2438 <LCD_vidWriteCharctr+0x1f0>
	{
		//	__ticks = requested delay in 1/10 ms
		__ticks = (uint16_t) (__ms * 10.0);
    23e6:	6b 85       	ldd	r22, Y+11	; 0x0b
    23e8:	7c 85       	ldd	r23, Y+12	; 0x0c
    23ea:	8d 85       	ldd	r24, Y+13	; 0x0d
    23ec:	9e 85       	ldd	r25, Y+14	; 0x0e
    23ee:	20 e0       	ldi	r18, 0x00	; 0
    23f0:	30 e0       	ldi	r19, 0x00	; 0
    23f2:	40 e2       	ldi	r20, 0x20	; 32
    23f4:	51 e4       	ldi	r21, 0x41	; 65
    23f6:	0e 94 17 02 	call	0x42e	; 0x42e <__mulsf3>
    23fa:	dc 01       	movw	r26, r24
    23fc:	cb 01       	movw	r24, r22
    23fe:	bc 01       	movw	r22, r24
    2400:	cd 01       	movw	r24, r26
    2402:	0e 94 41 00 	call	0x82	; 0x82 <__fixunssfsi>
    2406:	dc 01       	movw	r26, r24
    2408:	cb 01       	movw	r24, r22
    240a:	9e 83       	std	Y+6, r25	; 0x06
    240c:	8d 83       	std	Y+5, r24	; 0x05
    240e:	0f c0       	rjmp	.+30     	; 0x242e <LCD_vidWriteCharctr+0x1e6>
    2410:	88 ec       	ldi	r24, 0xC8	; 200
    2412:	90 e0       	ldi	r25, 0x00	; 0
    2414:	9c 83       	std	Y+4, r25	; 0x04
    2416:	8b 83       	std	Y+3, r24	; 0x03
    2418:	8b 81       	ldd	r24, Y+3	; 0x03
    241a:	9c 81       	ldd	r25, Y+4	; 0x04
    241c:	01 97       	sbiw	r24, 0x01	; 1
    241e:	f1 f7       	brne	.-4      	; 0x241c <LCD_vidWriteCharctr+0x1d4>
    2420:	9c 83       	std	Y+4, r25	; 0x04
    2422:	8b 83       	std	Y+3, r24	; 0x03
		while(__ticks)
		{
			// wait 1/10 ms
			_delay_loop_2(((F_CPU) / 4e3) / 10);
			__ticks --;
    2424:	8d 81       	ldd	r24, Y+5	; 0x05
    2426:	9e 81       	ldd	r25, Y+6	; 0x06
    2428:	01 97       	sbiw	r24, 0x01	; 1
    242a:	9e 83       	std	Y+6, r25	; 0x06
    242c:	8d 83       	std	Y+5, r24	; 0x05
		__ticks = 1;
	else if (__tmp > 65535)
	{
		//	__ticks = requested delay in 1/10 ms
		__ticks = (uint16_t) (__ms * 10.0);
		while(__ticks)
    242e:	8d 81       	ldd	r24, Y+5	; 0x05
    2430:	9e 81       	ldd	r25, Y+6	; 0x06
    2432:	00 97       	sbiw	r24, 0x00	; 0
    2434:	69 f7       	brne	.-38     	; 0x2410 <LCD_vidWriteCharctr+0x1c8>
    2436:	14 c0       	rjmp	.+40     	; 0x2460 <LCD_vidWriteCharctr+0x218>
			__ticks --;
		}
		return;
	}
	else
		__ticks = (uint16_t)__tmp;
    2438:	6f 81       	ldd	r22, Y+7	; 0x07
    243a:	78 85       	ldd	r23, Y+8	; 0x08
    243c:	89 85       	ldd	r24, Y+9	; 0x09
    243e:	9a 85       	ldd	r25, Y+10	; 0x0a
    2440:	0e 94 41 00 	call	0x82	; 0x82 <__fixunssfsi>
    2444:	dc 01       	movw	r26, r24
    2446:	cb 01       	movw	r24, r22
    2448:	9e 83       	std	Y+6, r25	; 0x06
    244a:	8d 83       	std	Y+5, r24	; 0x05
    244c:	8d 81       	ldd	r24, Y+5	; 0x05
    244e:	9e 81       	ldd	r25, Y+6	; 0x06
    2450:	9a 83       	std	Y+2, r25	; 0x02
    2452:	89 83       	std	Y+1, r24	; 0x01
    2454:	89 81       	ldd	r24, Y+1	; 0x01
    2456:	9a 81       	ldd	r25, Y+2	; 0x02
    2458:	01 97       	sbiw	r24, 0x01	; 1
    245a:	f1 f7       	brne	.-4      	; 0x2458 <LCD_vidWriteCharctr+0x210>
    245c:	9a 83       	std	Y+2, r25	; 0x02
    245e:	89 83       	std	Y+1, r24	; 0x01

	/* Delay to let the LCD Display the character */
	_delay_ms(10);

}
    2460:	6d 96       	adiw	r28, 0x1d	; 29
    2462:	0f b6       	in	r0, 0x3f	; 63
    2464:	f8 94       	cli
    2466:	de bf       	out	0x3e, r29	; 62
    2468:	0f be       	out	0x3f, r0	; 63
    246a:	cd bf       	out	0x3d, r28	; 61
    246c:	cf 91       	pop	r28
    246e:	df 91       	pop	r29
    2470:	08 95       	ret

00002472 <LCD_String_xy>:
/* Description! Interface to write string on LCD screen                                */
/* Input      ! Pointer to the string                                                  */
/* Output     ! Nothing                                                                */
/***************************************************************************************/
void LCD_String_xy (char row, char pos, char *str)	/* Send string to LCD function */
{
    2472:	df 93       	push	r29
    2474:	cf 93       	push	r28
    2476:	00 d0       	rcall	.+0      	; 0x2478 <LCD_String_xy+0x6>
    2478:	00 d0       	rcall	.+0      	; 0x247a <LCD_String_xy+0x8>
    247a:	cd b7       	in	r28, 0x3d	; 61
    247c:	de b7       	in	r29, 0x3e	; 62
    247e:	89 83       	std	Y+1, r24	; 0x01
    2480:	6a 83       	std	Y+2, r22	; 0x02
    2482:	5c 83       	std	Y+4, r21	; 0x04
    2484:	4b 83       	std	Y+3, r20	; 0x03
	if (row == 1)
    2486:	89 81       	ldd	r24, Y+1	; 0x01
    2488:	81 30       	cpi	r24, 0x01	; 1
    248a:	31 f4       	brne	.+12     	; 0x2498 <LCD_String_xy+0x26>
		LCD_vidSendCommand((pos & 0x0F)|0x80);				/* Command of first row and required position<16 */
    248c:	8a 81       	ldd	r24, Y+2	; 0x02
    248e:	8f 70       	andi	r24, 0x0F	; 15
    2490:	80 68       	ori	r24, 0x80	; 128
    2492:	0e 94 0f 10 	call	0x201e	; 0x201e <LCD_vidSendCommand>
    2496:	08 c0       	rjmp	.+16     	; 0x24a8 <LCD_String_xy+0x36>
	else if (row == 2)
    2498:	89 81       	ldd	r24, Y+1	; 0x01
    249a:	82 30       	cpi	r24, 0x02	; 2
    249c:	29 f4       	brne	.+10     	; 0x24a8 <LCD_String_xy+0x36>
		LCD_vidSendCommand((pos & 0x0F)|0xC0);				/* Command of Second row and required position<16 */
    249e:	8a 81       	ldd	r24, Y+2	; 0x02
    24a0:	8f 70       	andi	r24, 0x0F	; 15
    24a2:	80 6c       	ori	r24, 0xC0	; 192
    24a4:	0e 94 0f 10 	call	0x201e	; 0x201e <LCD_vidSendCommand>
	LCD_String(str);								/* Call LCD string function */
    24a8:	8b 81       	ldd	r24, Y+3	; 0x03
    24aa:	9c 81       	ldd	r25, Y+4	; 0x04
    24ac:	0e 94 5f 12 	call	0x24be	; 0x24be <LCD_String>
}
    24b0:	0f 90       	pop	r0
    24b2:	0f 90       	pop	r0
    24b4:	0f 90       	pop	r0
    24b6:	0f 90       	pop	r0
    24b8:	cf 91       	pop	r28
    24ba:	df 91       	pop	r29
    24bc:	08 95       	ret

000024be <LCD_String>:

void LCD_String (char *str)							/* Send string to LCD function */
{
    24be:	df 93       	push	r29
    24c0:	cf 93       	push	r28
    24c2:	00 d0       	rcall	.+0      	; 0x24c4 <LCD_String+0x6>
    24c4:	00 d0       	rcall	.+0      	; 0x24c6 <LCD_String+0x8>
    24c6:	cd b7       	in	r28, 0x3d	; 61
    24c8:	de b7       	in	r29, 0x3e	; 62
    24ca:	9c 83       	std	Y+4, r25	; 0x04
    24cc:	8b 83       	std	Y+3, r24	; 0x03
	int i;
	for(i=0;str[i]!=0;i++)							/* Send each char of string till the NULL */
    24ce:	1a 82       	std	Y+2, r1	; 0x02
    24d0:	19 82       	std	Y+1, r1	; 0x01
    24d2:	0f c0       	rjmp	.+30     	; 0x24f2 <LCD_String+0x34>
	{
		LCD_vidWriteCharctr(str[i]);							/* Call LCD data write */
    24d4:	29 81       	ldd	r18, Y+1	; 0x01
    24d6:	3a 81       	ldd	r19, Y+2	; 0x02
    24d8:	8b 81       	ldd	r24, Y+3	; 0x03
    24da:	9c 81       	ldd	r25, Y+4	; 0x04
    24dc:	fc 01       	movw	r30, r24
    24de:	e2 0f       	add	r30, r18
    24e0:	f3 1f       	adc	r31, r19
    24e2:	80 81       	ld	r24, Z
    24e4:	0e 94 24 11 	call	0x2248	; 0x2248 <LCD_vidWriteCharctr>
}

void LCD_String (char *str)							/* Send string to LCD function */
{
	int i;
	for(i=0;str[i]!=0;i++)							/* Send each char of string till the NULL */
    24e8:	89 81       	ldd	r24, Y+1	; 0x01
    24ea:	9a 81       	ldd	r25, Y+2	; 0x02
    24ec:	01 96       	adiw	r24, 0x01	; 1
    24ee:	9a 83       	std	Y+2, r25	; 0x02
    24f0:	89 83       	std	Y+1, r24	; 0x01
    24f2:	29 81       	ldd	r18, Y+1	; 0x01
    24f4:	3a 81       	ldd	r19, Y+2	; 0x02
    24f6:	8b 81       	ldd	r24, Y+3	; 0x03
    24f8:	9c 81       	ldd	r25, Y+4	; 0x04
    24fa:	fc 01       	movw	r30, r24
    24fc:	e2 0f       	add	r30, r18
    24fe:	f3 1f       	adc	r31, r19
    2500:	80 81       	ld	r24, Z
    2502:	88 23       	and	r24, r24
    2504:	39 f7       	brne	.-50     	; 0x24d4 <LCD_String+0x16>
	{
		LCD_vidWriteCharctr(str[i]);							/* Call LCD data write */
	}
}
    2506:	0f 90       	pop	r0
    2508:	0f 90       	pop	r0
    250a:	0f 90       	pop	r0
    250c:	0f 90       	pop	r0
    250e:	cf 91       	pop	r28
    2510:	df 91       	pop	r29
    2512:	08 95       	ret

00002514 <LCD_vidWriteExtraChar>:
/* Description! Interface to write extra characters saved in the CGRAM                 */
/* Input      ! Y = Row position , X = Column position                                 */
/* Output     ! Nothing                                                                */
/***************************************************************************************/
void LCD_vidWriteExtraChar (u8 Y,u8 X,u8* ExtraChar,u8* Index)
{
    2514:	df 93       	push	r29
    2516:	cf 93       	push	r28
    2518:	cd b7       	in	r28, 0x3d	; 61
    251a:	de b7       	in	r29, 0x3e	; 62
    251c:	66 97       	sbiw	r28, 0x16	; 22
    251e:	0f b6       	in	r0, 0x3f	; 63
    2520:	f8 94       	cli
    2522:	de bf       	out	0x3e, r29	; 62
    2524:	0f be       	out	0x3f, r0	; 63
    2526:	cd bf       	out	0x3d, r28	; 61
    2528:	89 8b       	std	Y+17, r24	; 0x11
    252a:	6a 8b       	std	Y+18, r22	; 0x12
    252c:	5c 8b       	std	Y+20, r21	; 0x14
    252e:	4b 8b       	std	Y+19, r20	; 0x13
    2530:	3e 8b       	std	Y+22, r19	; 0x16
    2532:	2d 8b       	std	Y+21, r18	; 0x15


    u8 iteration1,iteration2;

    /*DDRAM-->CGRAM*/
    LCD_vidSendCommand(64);
    2534:	80 e4       	ldi	r24, 0x40	; 64
    2536:	0e 94 0f 10 	call	0x201e	; 0x201e <LCD_vidSendCommand>
	for(iteration1=0 ; iteration1<Index ; iteration1++)
    253a:	18 8a       	std	Y+16, r1	; 0x10
    253c:	0e c0       	rjmp	.+28     	; 0x255a <LCD_vidWriteExtraChar+0x46>
	{
		LCD_vidWriteCharctr(ExtraChar[iteration1]);
    253e:	88 89       	ldd	r24, Y+16	; 0x10
    2540:	28 2f       	mov	r18, r24
    2542:	30 e0       	ldi	r19, 0x00	; 0
    2544:	8b 89       	ldd	r24, Y+19	; 0x13
    2546:	9c 89       	ldd	r25, Y+20	; 0x14
    2548:	fc 01       	movw	r30, r24
    254a:	e2 0f       	add	r30, r18
    254c:	f3 1f       	adc	r31, r19
    254e:	80 81       	ld	r24, Z
    2550:	0e 94 24 11 	call	0x2248	; 0x2248 <LCD_vidWriteCharctr>

    u8 iteration1,iteration2;

    /*DDRAM-->CGRAM*/
    LCD_vidSendCommand(64);
	for(iteration1=0 ; iteration1<Index ; iteration1++)
    2554:	88 89       	ldd	r24, Y+16	; 0x10
    2556:	8f 5f       	subi	r24, 0xFF	; 255
    2558:	88 8b       	std	Y+16, r24	; 0x10
    255a:	88 89       	ldd	r24, Y+16	; 0x10
    255c:	88 2f       	mov	r24, r24
    255e:	90 e0       	ldi	r25, 0x00	; 0
    2560:	9c 01       	movw	r18, r24
    2562:	8d 89       	ldd	r24, Y+21	; 0x15
    2564:	9e 89       	ldd	r25, Y+22	; 0x16
    2566:	28 17       	cp	r18, r24
    2568:	39 07       	cpc	r19, r25
    256a:	48 f3       	brcs	.-46     	; 0x253e <LCD_vidWriteExtraChar+0x2a>
	{
		LCD_vidWriteCharctr(ExtraChar[iteration1]);
	}
	/*CGRAM-->DDRAM*/
	LCD_vidSendCommand(128);
    256c:	80 e8       	ldi	r24, 0x80	; 128
    256e:	0e 94 0f 10 	call	0x201e	; 0x201e <LCD_vidSendCommand>
	Gotoxy(Y,X);
    2572:	89 89       	ldd	r24, Y+17	; 0x11
    2574:	6a 89       	ldd	r22, Y+18	; 0x12
    2576:	0e 94 44 13 	call	0x2688	; 0x2688 <Gotoxy>
	/*First eight character which saved at CGRAM*/
	for (iteration2=0; iteration2<=7 ; iteration2++)
    257a:	1f 86       	std	Y+15, r1	; 0x0f
    257c:	78 c0       	rjmp	.+240    	; 0x266e <LCD_vidWriteExtraChar+0x15a>
	{
		/* Write bytes of DDRAM */
		LCD_vidWriteCharctr(iteration2);
    257e:	8f 85       	ldd	r24, Y+15	; 0x0f
    2580:	0e 94 24 11 	call	0x2248	; 0x2248 <LCD_vidWriteCharctr>
    2584:	80 e0       	ldi	r24, 0x00	; 0
    2586:	90 e0       	ldi	r25, 0x00	; 0
    2588:	a0 ea       	ldi	r26, 0xA0	; 160
    258a:	b0 e4       	ldi	r27, 0x40	; 64
    258c:	8b 87       	std	Y+11, r24	; 0x0b
    258e:	9c 87       	std	Y+12, r25	; 0x0c
    2590:	ad 87       	std	Y+13, r26	; 0x0d
    2592:	be 87       	std	Y+14, r27	; 0x0e
 */
void
_delay_ms(double __ms)
{
	uint16_t __ticks;
	double __tmp = ((F_CPU) / 4e3) * __ms;
    2594:	6b 85       	ldd	r22, Y+11	; 0x0b
    2596:	7c 85       	ldd	r23, Y+12	; 0x0c
    2598:	8d 85       	ldd	r24, Y+13	; 0x0d
    259a:	9e 85       	ldd	r25, Y+14	; 0x0e
    259c:	20 e0       	ldi	r18, 0x00	; 0
    259e:	30 e0       	ldi	r19, 0x00	; 0
    25a0:	4a ef       	ldi	r20, 0xFA	; 250
    25a2:	54 e4       	ldi	r21, 0x44	; 68
    25a4:	0e 94 17 02 	call	0x42e	; 0x42e <__mulsf3>
    25a8:	dc 01       	movw	r26, r24
    25aa:	cb 01       	movw	r24, r22
    25ac:	8f 83       	std	Y+7, r24	; 0x07
    25ae:	98 87       	std	Y+8, r25	; 0x08
    25b0:	a9 87       	std	Y+9, r26	; 0x09
    25b2:	ba 87       	std	Y+10, r27	; 0x0a
	if (__tmp < 1.0)
    25b4:	6f 81       	ldd	r22, Y+7	; 0x07
    25b6:	78 85       	ldd	r23, Y+8	; 0x08
    25b8:	89 85       	ldd	r24, Y+9	; 0x09
    25ba:	9a 85       	ldd	r25, Y+10	; 0x0a
    25bc:	20 e0       	ldi	r18, 0x00	; 0
    25be:	30 e0       	ldi	r19, 0x00	; 0
    25c0:	40 e8       	ldi	r20, 0x80	; 128
    25c2:	5f e3       	ldi	r21, 0x3F	; 63
    25c4:	0e 94 71 03 	call	0x6e2	; 0x6e2 <__ltsf2>
    25c8:	88 23       	and	r24, r24
    25ca:	2c f4       	brge	.+10     	; 0x25d6 <LCD_vidWriteExtraChar+0xc2>
		__ticks = 1;
    25cc:	81 e0       	ldi	r24, 0x01	; 1
    25ce:	90 e0       	ldi	r25, 0x00	; 0
    25d0:	9e 83       	std	Y+6, r25	; 0x06
    25d2:	8d 83       	std	Y+5, r24	; 0x05
    25d4:	3f c0       	rjmp	.+126    	; 0x2654 <LCD_vidWriteExtraChar+0x140>
	else if (__tmp > 65535)
    25d6:	6f 81       	ldd	r22, Y+7	; 0x07
    25d8:	78 85       	ldd	r23, Y+8	; 0x08
    25da:	89 85       	ldd	r24, Y+9	; 0x09
    25dc:	9a 85       	ldd	r25, Y+10	; 0x0a
    25de:	20 e0       	ldi	r18, 0x00	; 0
    25e0:	3f ef       	ldi	r19, 0xFF	; 255
    25e2:	4f e7       	ldi	r20, 0x7F	; 127
    25e4:	57 e4       	ldi	r21, 0x47	; 71
    25e6:	0e 94 11 03 	call	0x622	; 0x622 <__gtsf2>
    25ea:	18 16       	cp	r1, r24
    25ec:	4c f5       	brge	.+82     	; 0x2640 <LCD_vidWriteExtraChar+0x12c>
	{
		//	__ticks = requested delay in 1/10 ms
		__ticks = (uint16_t) (__ms * 10.0);
    25ee:	6b 85       	ldd	r22, Y+11	; 0x0b
    25f0:	7c 85       	ldd	r23, Y+12	; 0x0c
    25f2:	8d 85       	ldd	r24, Y+13	; 0x0d
    25f4:	9e 85       	ldd	r25, Y+14	; 0x0e
    25f6:	20 e0       	ldi	r18, 0x00	; 0
    25f8:	30 e0       	ldi	r19, 0x00	; 0
    25fa:	40 e2       	ldi	r20, 0x20	; 32
    25fc:	51 e4       	ldi	r21, 0x41	; 65
    25fe:	0e 94 17 02 	call	0x42e	; 0x42e <__mulsf3>
    2602:	dc 01       	movw	r26, r24
    2604:	cb 01       	movw	r24, r22
    2606:	bc 01       	movw	r22, r24
    2608:	cd 01       	movw	r24, r26
    260a:	0e 94 41 00 	call	0x82	; 0x82 <__fixunssfsi>
    260e:	dc 01       	movw	r26, r24
    2610:	cb 01       	movw	r24, r22
    2612:	9e 83       	std	Y+6, r25	; 0x06
    2614:	8d 83       	std	Y+5, r24	; 0x05
    2616:	0f c0       	rjmp	.+30     	; 0x2636 <LCD_vidWriteExtraChar+0x122>
    2618:	88 ec       	ldi	r24, 0xC8	; 200
    261a:	90 e0       	ldi	r25, 0x00	; 0
    261c:	9c 83       	std	Y+4, r25	; 0x04
    261e:	8b 83       	std	Y+3, r24	; 0x03
    2620:	8b 81       	ldd	r24, Y+3	; 0x03
    2622:	9c 81       	ldd	r25, Y+4	; 0x04
    2624:	01 97       	sbiw	r24, 0x01	; 1
    2626:	f1 f7       	brne	.-4      	; 0x2624 <LCD_vidWriteExtraChar+0x110>
    2628:	9c 83       	std	Y+4, r25	; 0x04
    262a:	8b 83       	std	Y+3, r24	; 0x03
		while(__ticks)
		{
			// wait 1/10 ms
			_delay_loop_2(((F_CPU) / 4e3) / 10);
			__ticks --;
    262c:	8d 81       	ldd	r24, Y+5	; 0x05
    262e:	9e 81       	ldd	r25, Y+6	; 0x06
    2630:	01 97       	sbiw	r24, 0x01	; 1
    2632:	9e 83       	std	Y+6, r25	; 0x06
    2634:	8d 83       	std	Y+5, r24	; 0x05
		__ticks = 1;
	else if (__tmp > 65535)
	{
		//	__ticks = requested delay in 1/10 ms
		__ticks = (uint16_t) (__ms * 10.0);
		while(__ticks)
    2636:	8d 81       	ldd	r24, Y+5	; 0x05
    2638:	9e 81       	ldd	r25, Y+6	; 0x06
    263a:	00 97       	sbiw	r24, 0x00	; 0
    263c:	69 f7       	brne	.-38     	; 0x2618 <LCD_vidWriteExtraChar+0x104>
    263e:	14 c0       	rjmp	.+40     	; 0x2668 <LCD_vidWriteExtraChar+0x154>
			__ticks --;
		}
		return;
	}
	else
		__ticks = (uint16_t)__tmp;
    2640:	6f 81       	ldd	r22, Y+7	; 0x07
    2642:	78 85       	ldd	r23, Y+8	; 0x08
    2644:	89 85       	ldd	r24, Y+9	; 0x09
    2646:	9a 85       	ldd	r25, Y+10	; 0x0a
    2648:	0e 94 41 00 	call	0x82	; 0x82 <__fixunssfsi>
    264c:	dc 01       	movw	r26, r24
    264e:	cb 01       	movw	r24, r22
    2650:	9e 83       	std	Y+6, r25	; 0x06
    2652:	8d 83       	std	Y+5, r24	; 0x05
    2654:	8d 81       	ldd	r24, Y+5	; 0x05
    2656:	9e 81       	ldd	r25, Y+6	; 0x06
    2658:	9a 83       	std	Y+2, r25	; 0x02
    265a:	89 83       	std	Y+1, r24	; 0x01
    265c:	89 81       	ldd	r24, Y+1	; 0x01
    265e:	9a 81       	ldd	r25, Y+2	; 0x02
    2660:	01 97       	sbiw	r24, 0x01	; 1
    2662:	f1 f7       	brne	.-4      	; 0x2660 <LCD_vidWriteExtraChar+0x14c>
    2664:	9a 83       	std	Y+2, r25	; 0x02
    2666:	89 83       	std	Y+1, r24	; 0x01
	}
	/*CGRAM-->DDRAM*/
	LCD_vidSendCommand(128);
	Gotoxy(Y,X);
	/*First eight character which saved at CGRAM*/
	for (iteration2=0; iteration2<=7 ; iteration2++)
    2668:	8f 85       	ldd	r24, Y+15	; 0x0f
    266a:	8f 5f       	subi	r24, 0xFF	; 255
    266c:	8f 87       	std	Y+15, r24	; 0x0f
    266e:	8f 85       	ldd	r24, Y+15	; 0x0f
    2670:	88 30       	cpi	r24, 0x08	; 8
    2672:	08 f4       	brcc	.+2      	; 0x2676 <LCD_vidWriteExtraChar+0x162>
    2674:	84 cf       	rjmp	.-248    	; 0x257e <LCD_vidWriteExtraChar+0x6a>
		/* Write bytes of DDRAM */
		LCD_vidWriteCharctr(iteration2);

		_delay_ms(5);
	}
}
    2676:	66 96       	adiw	r28, 0x16	; 22
    2678:	0f b6       	in	r0, 0x3f	; 63
    267a:	f8 94       	cli
    267c:	de bf       	out	0x3e, r29	; 62
    267e:	0f be       	out	0x3f, r0	; 63
    2680:	cd bf       	out	0x3d, r28	; 61
    2682:	cf 91       	pop	r28
    2684:	df 91       	pop	r29
    2686:	08 95       	ret

00002688 <Gotoxy>:

void Gotoxy (u8 Y,u8 X)
{
    2688:	df 93       	push	r29
    268a:	cf 93       	push	r28
    268c:	00 d0       	rcall	.+0      	; 0x268e <Gotoxy+0x6>
    268e:	00 d0       	rcall	.+0      	; 0x2690 <Gotoxy+0x8>
    2690:	cd b7       	in	r28, 0x3d	; 61
    2692:	de b7       	in	r29, 0x3e	; 62
    2694:	89 83       	std	Y+1, r24	; 0x01
    2696:	6a 83       	std	Y+2, r22	; 0x02
	if (X>0 && X<=16)
    2698:	8a 81       	ldd	r24, Y+2	; 0x02
    269a:	88 23       	and	r24, r24
    269c:	e1 f0       	breq	.+56     	; 0x26d6 <Gotoxy+0x4e>
    269e:	8a 81       	ldd	r24, Y+2	; 0x02
    26a0:	81 31       	cpi	r24, 0x11	; 17
    26a2:	c8 f4       	brcc	.+50     	; 0x26d6 <Gotoxy+0x4e>
	{
	    switch(Y)
    26a4:	89 81       	ldd	r24, Y+1	; 0x01
    26a6:	28 2f       	mov	r18, r24
    26a8:	30 e0       	ldi	r19, 0x00	; 0
    26aa:	3c 83       	std	Y+4, r19	; 0x04
    26ac:	2b 83       	std	Y+3, r18	; 0x03
    26ae:	8b 81       	ldd	r24, Y+3	; 0x03
    26b0:	9c 81       	ldd	r25, Y+4	; 0x04
    26b2:	81 30       	cpi	r24, 0x01	; 1
    26b4:	91 05       	cpc	r25, r1
    26b6:	31 f0       	breq	.+12     	; 0x26c4 <Gotoxy+0x3c>
    26b8:	2b 81       	ldd	r18, Y+3	; 0x03
    26ba:	3c 81       	ldd	r19, Y+4	; 0x04
    26bc:	22 30       	cpi	r18, 0x02	; 2
    26be:	31 05       	cpc	r19, r1
    26c0:	31 f0       	breq	.+12     	; 0x26ce <Gotoxy+0x46>
    26c2:	09 c0       	rjmp	.+18     	; 0x26d6 <Gotoxy+0x4e>
	    {
		    case 1:
		    	LCD_vidSendCommand(X+127);
    26c4:	8a 81       	ldd	r24, Y+2	; 0x02
    26c6:	81 58       	subi	r24, 0x81	; 129
    26c8:	0e 94 0f 10 	call	0x201e	; 0x201e <LCD_vidSendCommand>
    26cc:	04 c0       	rjmp	.+8      	; 0x26d6 <Gotoxy+0x4e>
		    break;
		    case 2:
		    	LCD_vidSendCommand(X+191);
    26ce:	8a 81       	ldd	r24, Y+2	; 0x02
    26d0:	81 54       	subi	r24, 0x41	; 65
    26d2:	0e 94 0f 10 	call	0x201e	; 0x201e <LCD_vidSendCommand>
		    break;
		    default:
		    break;
	    }
	}
}
    26d6:	0f 90       	pop	r0
    26d8:	0f 90       	pop	r0
    26da:	0f 90       	pop	r0
    26dc:	0f 90       	pop	r0
    26de:	cf 91       	pop	r28
    26e0:	df 91       	pop	r29
    26e2:	08 95       	ret

000026e4 <lcd_writenumber>:

void lcd_writenumber(int num)
{
    26e4:	df 93       	push	r29
    26e6:	cf 93       	push	r28
    26e8:	cd b7       	in	r28, 0x3d	; 61
    26ea:	de b7       	in	r29, 0x3e	; 62
    26ec:	28 97       	sbiw	r28, 0x08	; 8
    26ee:	0f b6       	in	r0, 0x3f	; 63
    26f0:	f8 94       	cli
    26f2:	de bf       	out	0x3e, r29	; 62
    26f4:	0f be       	out	0x3f, r0	; 63
    26f6:	cd bf       	out	0x3d, r28	; 61
    26f8:	98 87       	std	Y+8, r25	; 0x08
    26fa:	8f 83       	std	Y+7, r24	; 0x07
	int temp=1;
    26fc:	81 e0       	ldi	r24, 0x01	; 1
    26fe:	90 e0       	ldi	r25, 0x00	; 0
    2700:	9e 83       	std	Y+6, r25	; 0x06
    2702:	8d 83       	std	Y+5, r24	; 0x05
	int rem;
	int rem2;
	if(num==0)
    2704:	8f 81       	ldd	r24, Y+7	; 0x07
    2706:	98 85       	ldd	r25, Y+8	; 0x08
    2708:	00 97       	sbiw	r24, 0x00	; 0
    270a:	49 f5       	brne	.+82     	; 0x275e <lcd_writenumber+0x7a>
	{
		LCD_vidWriteCharctr(48);
    270c:	80 e3       	ldi	r24, 0x30	; 48
    270e:	0e 94 24 11 	call	0x2248	; 0x2248 <LCD_vidWriteCharctr>
    2712:	25 c0       	rjmp	.+74     	; 0x275e <lcd_writenumber+0x7a>
	}
	while(num!=0)
	{
		rem=num%10;
    2714:	8f 81       	ldd	r24, Y+7	; 0x07
    2716:	98 85       	ldd	r25, Y+8	; 0x08
    2718:	2a e0       	ldi	r18, 0x0A	; 10
    271a:	30 e0       	ldi	r19, 0x00	; 0
    271c:	b9 01       	movw	r22, r18
    271e:	0e 94 88 14 	call	0x2910	; 0x2910 <__divmodhi4>
    2722:	9c 83       	std	Y+4, r25	; 0x04
    2724:	8b 83       	std	Y+3, r24	; 0x03
		num/=10;
    2726:	8f 81       	ldd	r24, Y+7	; 0x07
    2728:	98 85       	ldd	r25, Y+8	; 0x08
    272a:	2a e0       	ldi	r18, 0x0A	; 10
    272c:	30 e0       	ldi	r19, 0x00	; 0
    272e:	b9 01       	movw	r22, r18
    2730:	0e 94 88 14 	call	0x2910	; 0x2910 <__divmodhi4>
    2734:	cb 01       	movw	r24, r22
    2736:	98 87       	std	Y+8, r25	; 0x08
    2738:	8f 83       	std	Y+7, r24	; 0x07
		temp=temp*10+rem;
    273a:	8d 81       	ldd	r24, Y+5	; 0x05
    273c:	9e 81       	ldd	r25, Y+6	; 0x06
    273e:	9c 01       	movw	r18, r24
    2740:	22 0f       	add	r18, r18
    2742:	33 1f       	adc	r19, r19
    2744:	c9 01       	movw	r24, r18
    2746:	88 0f       	add	r24, r24
    2748:	99 1f       	adc	r25, r25
    274a:	88 0f       	add	r24, r24
    274c:	99 1f       	adc	r25, r25
    274e:	28 0f       	add	r18, r24
    2750:	39 1f       	adc	r19, r25
    2752:	8b 81       	ldd	r24, Y+3	; 0x03
    2754:	9c 81       	ldd	r25, Y+4	; 0x04
    2756:	82 0f       	add	r24, r18
    2758:	93 1f       	adc	r25, r19
    275a:	9e 83       	std	Y+6, r25	; 0x06
    275c:	8d 83       	std	Y+5, r24	; 0x05
	int rem2;
	if(num==0)
	{
		LCD_vidWriteCharctr(48);
	}
	while(num!=0)
    275e:	8f 81       	ldd	r24, Y+7	; 0x07
    2760:	98 85       	ldd	r25, Y+8	; 0x08
    2762:	00 97       	sbiw	r24, 0x00	; 0
    2764:	b9 f6       	brne	.-82     	; 0x2714 <lcd_writenumber+0x30>
    2766:	17 c0       	rjmp	.+46     	; 0x2796 <lcd_writenumber+0xb2>
		num/=10;
		temp=temp*10+rem;
	}
	while(temp!=1)
	{
		rem2=temp%10;
    2768:	8d 81       	ldd	r24, Y+5	; 0x05
    276a:	9e 81       	ldd	r25, Y+6	; 0x06
    276c:	2a e0       	ldi	r18, 0x0A	; 10
    276e:	30 e0       	ldi	r19, 0x00	; 0
    2770:	b9 01       	movw	r22, r18
    2772:	0e 94 88 14 	call	0x2910	; 0x2910 <__divmodhi4>
    2776:	9a 83       	std	Y+2, r25	; 0x02
    2778:	89 83       	std	Y+1, r24	; 0x01
		LCD_vidWriteCharctr(rem2+48);
    277a:	89 81       	ldd	r24, Y+1	; 0x01
    277c:	80 5d       	subi	r24, 0xD0	; 208
    277e:	0e 94 24 11 	call	0x2248	; 0x2248 <LCD_vidWriteCharctr>
		temp/=10;
    2782:	8d 81       	ldd	r24, Y+5	; 0x05
    2784:	9e 81       	ldd	r25, Y+6	; 0x06
    2786:	2a e0       	ldi	r18, 0x0A	; 10
    2788:	30 e0       	ldi	r19, 0x00	; 0
    278a:	b9 01       	movw	r22, r18
    278c:	0e 94 88 14 	call	0x2910	; 0x2910 <__divmodhi4>
    2790:	cb 01       	movw	r24, r22
    2792:	9e 83       	std	Y+6, r25	; 0x06
    2794:	8d 83       	std	Y+5, r24	; 0x05
	{
		rem=num%10;
		num/=10;
		temp=temp*10+rem;
	}
	while(temp!=1)
    2796:	8d 81       	ldd	r24, Y+5	; 0x05
    2798:	9e 81       	ldd	r25, Y+6	; 0x06
    279a:	81 30       	cpi	r24, 0x01	; 1
    279c:	91 05       	cpc	r25, r1
    279e:	21 f7       	brne	.-56     	; 0x2768 <lcd_writenumber+0x84>
	{
		rem2=temp%10;
		LCD_vidWriteCharctr(rem2+48);
		temp/=10;
	}
}
    27a0:	28 96       	adiw	r28, 0x08	; 8
    27a2:	0f b6       	in	r0, 0x3f	; 63
    27a4:	f8 94       	cli
    27a6:	de bf       	out	0x3e, r29	; 62
    27a8:	0f be       	out	0x3f, r0	; 63
    27aa:	cd bf       	out	0x3d, r28	; 61
    27ac:	cf 91       	pop	r28
    27ae:	df 91       	pop	r29
    27b0:	08 95       	ret

000027b2 <USART_Init>:
/*************************************************************/
/* Description : this function Initialize USART Pheripherial */
/*************************************************************/

void USART_Init(void)
{
    27b2:	df 93       	push	r29
    27b4:	cf 93       	push	r28
    27b6:	cd b7       	in	r28, 0x3d	; 61
    27b8:	de b7       	in	r29, 0x3e	; 62
		 * 0 --> Disable : Not Take in Calculations of frame format Ninth bit
		 * 1 --> Enable  : Take in Calculations of frame format Ninth bit
	 	 * -------------------------------*
	*/

	UCSRB_Reg = 0b00011000 ;
    27ba:	ea e2       	ldi	r30, 0x2A	; 42
    27bc:	f0 e0       	ldi	r31, 0x00	; 0
    27be:	88 e1       	ldi	r24, 0x18	; 24
    27c0:	80 83       	st	Z, r24
	 * 1 | 0 | 1 --> Reserved
	 * 1 | 1 | 0 --> Reserved
	 * 1 | 1 | 1 --> 9-bit
	 * ----------------------------------*
	 */
	UCSRC_Reg = 0b10000110 ;
    27c2:	e0 e4       	ldi	r30, 0x40	; 64
    27c4:	f0 e0       	ldi	r31, 0x00	; 0
    27c6:	86 e8       	ldi	r24, 0x86	; 134
    27c8:	80 83       	st	Z, r24
		 * Bit 11:0 – UBRR11:0: USART Baud Rate Register
		 * From Bit 11 to Bit 8 --> UBRRH
		 * From Bit 7  to Bit 0 --> UBRRL
		 * We Adjust Baud Rate From DataSheet Page 163 : 166 according to our frequency of MicroController and Specification
	*/
	UCSRA_Reg=0b11000000;  // The RXC Flag can be used to generate a Receive Complete interrupt ( page: 158 ) -- Enable Normal Tx
    27ca:	eb e2       	ldi	r30, 0x2B	; 43
    27cc:	f0 e0       	ldi	r31, 0x00	; 0
    27ce:	80 ec       	ldi	r24, 0xC0	; 192
    27d0:	80 83       	st	Z, r24
	UBRRL_Reg = 52 ;
    27d2:	e9 e2       	ldi	r30, 0x29	; 41
    27d4:	f0 e0       	ldi	r31, 0x00	; 0
    27d6:	84 e3       	ldi	r24, 0x34	; 52
    27d8:	80 83       	st	Z, r24
	UBRRH_Reg = 0 ;
    27da:	e0 e4       	ldi	r30, 0x40	; 64
    27dc:	f0 e0       	ldi	r31, 0x00	; 0
    27de:	10 82       	st	Z, r1

}
    27e0:	cf 91       	pop	r28
    27e2:	df 91       	pop	r29
    27e4:	08 95       	ret

000027e6 <USART_SendData>:
/***********************************************************************/
/* Description : this function to define USART_SendData functionality  */
/***********************************************************************/

void USART_SendData(u8 Data)
{
    27e6:	df 93       	push	r29
    27e8:	cf 93       	push	r28
    27ea:	0f 92       	push	r0
    27ec:	cd b7       	in	r28, 0x3d	; 61
    27ee:	de b7       	in	r29, 0x3e	; 62
    27f0:	89 83       	std	Y+1, r24	; 0x01
	   * 0 --> Busy
	 */

	//in this function We check our data register if its become 1 in USCRA we can Transmit Data//

	while(GET_BIT(UCSRA_Reg,PIN5)==0); // UDRE: USART Data Register Empty , The UDRE Flag indicates if the transmit buffer (UDR) is ready to receive new data.
    27f2:	eb e2       	ldi	r30, 0x2B	; 43
    27f4:	f0 e0       	ldi	r31, 0x00	; 0
    27f6:	80 81       	ld	r24, Z
    27f8:	82 95       	swap	r24
    27fa:	86 95       	lsr	r24
    27fc:	87 70       	andi	r24, 0x07	; 7
    27fe:	88 2f       	mov	r24, r24
    2800:	90 e0       	ldi	r25, 0x00	; 0
    2802:	81 70       	andi	r24, 0x01	; 1
    2804:	90 70       	andi	r25, 0x00	; 0
    2806:	00 97       	sbiw	r24, 0x00	; 0
    2808:	a1 f3       	breq	.-24     	; 0x27f2 <USART_SendData+0xc>
	// when it equal zero that mean that means the register is full of data and can't send now
	UDR_Reg = Data ;
    280a:	ec e2       	ldi	r30, 0x2C	; 44
    280c:	f0 e0       	ldi	r31, 0x00	; 0
    280e:	89 81       	ldd	r24, Y+1	; 0x01
    2810:	80 83       	st	Z, r24
}
    2812:	0f 90       	pop	r0
    2814:	cf 91       	pop	r28
    2816:	df 91       	pop	r29
    2818:	08 95       	ret

0000281a <USART_ReceiveData>:
/*************************************************************************/
/* Description : this function to define USART_ReceiveData functionality */
/*************************************************************************/

u8  USART_ReceiveData(void)
{
    281a:	df 93       	push	r29
    281c:	cf 93       	push	r28
    281e:	0f 92       	push	r0
    2820:	cd b7       	in	r28, 0x3d	; 61
    2822:	de b7       	in	r29, 0x3e	; 62
		   * 1 --> Data Complete
		   * 0 --> No Data
		 */

		//in this function We check our data register if its become 1 in USCRA we Receive Complete Data//
	while(GET_BIT(UCSRA_Reg,PIN7)==0);
    2824:	eb e2       	ldi	r30, 0x2B	; 43
    2826:	f0 e0       	ldi	r31, 0x00	; 0
    2828:	80 81       	ld	r24, Z
    282a:	88 23       	and	r24, r24
    282c:	dc f7       	brge	.-10     	; 0x2824 <USART_ReceiveData+0xa>

	RXData = UDR_Reg ;
    282e:	ec e2       	ldi	r30, 0x2C	; 44
    2830:	f0 e0       	ldi	r31, 0x00	; 0
    2832:	80 81       	ld	r24, Z
    2834:	89 83       	std	Y+1, r24	; 0x01

	return RXData;
    2836:	89 81       	ldd	r24, Y+1	; 0x01

}
    2838:	0f 90       	pop	r0
    283a:	cf 91       	pop	r28
    283c:	df 91       	pop	r29
    283e:	08 95       	ret

00002840 <senddata>:

void senddata(char string[16])
{
    2840:	df 93       	push	r29
    2842:	cf 93       	push	r28
    2844:	00 d0       	rcall	.+0      	; 0x2846 <senddata+0x6>
    2846:	00 d0       	rcall	.+0      	; 0x2848 <senddata+0x8>
    2848:	00 d0       	rcall	.+0      	; 0x284a <senddata+0xa>
    284a:	cd b7       	in	r28, 0x3d	; 61
    284c:	de b7       	in	r29, 0x3e	; 62
    284e:	9e 83       	std	Y+6, r25	; 0x06
    2850:	8d 83       	std	Y+5, r24	; 0x05
  int len,count;
  len = strlen(string);
    2852:	8d 81       	ldd	r24, Y+5	; 0x05
    2854:	9e 81       	ldd	r25, Y+6	; 0x06
    2856:	0e 94 e6 14 	call	0x29cc	; 0x29cc <strlen>
    285a:	9c 83       	std	Y+4, r25	; 0x04
    285c:	8b 83       	std	Y+3, r24	; 0x03

   for (count=0;count<len;count++)
    285e:	1a 82       	std	Y+2, r1	; 0x02
    2860:	19 82       	std	Y+1, r1	; 0x01
    2862:	0f c0       	rjmp	.+30     	; 0x2882 <senddata+0x42>
  {
    USART_SendData(string[count]);
    2864:	29 81       	ldd	r18, Y+1	; 0x01
    2866:	3a 81       	ldd	r19, Y+2	; 0x02
    2868:	8d 81       	ldd	r24, Y+5	; 0x05
    286a:	9e 81       	ldd	r25, Y+6	; 0x06
    286c:	fc 01       	movw	r30, r24
    286e:	e2 0f       	add	r30, r18
    2870:	f3 1f       	adc	r31, r19
    2872:	80 81       	ld	r24, Z
    2874:	0e 94 f3 13 	call	0x27e6	; 0x27e6 <USART_SendData>
void senddata(char string[16])
{
  int len,count;
  len = strlen(string);

   for (count=0;count<len;count++)
    2878:	89 81       	ldd	r24, Y+1	; 0x01
    287a:	9a 81       	ldd	r25, Y+2	; 0x02
    287c:	01 96       	adiw	r24, 0x01	; 1
    287e:	9a 83       	std	Y+2, r25	; 0x02
    2880:	89 83       	std	Y+1, r24	; 0x01
    2882:	29 81       	ldd	r18, Y+1	; 0x01
    2884:	3a 81       	ldd	r19, Y+2	; 0x02
    2886:	8b 81       	ldd	r24, Y+3	; 0x03
    2888:	9c 81       	ldd	r25, Y+4	; 0x04
    288a:	28 17       	cp	r18, r24
    288c:	39 07       	cpc	r19, r25
    288e:	54 f3       	brlt	.-44     	; 0x2864 <senddata+0x24>
  {
    USART_SendData(string[count]);
 }
}
    2890:	26 96       	adiw	r28, 0x06	; 6
    2892:	0f b6       	in	r0, 0x3f	; 63
    2894:	f8 94       	cli
    2896:	de bf       	out	0x3e, r29	; 62
    2898:	0f be       	out	0x3f, r0	; 63
    289a:	cd bf       	out	0x3d, r28	; 61
    289c:	cf 91       	pop	r28
    289e:	df 91       	pop	r29
    28a0:	08 95       	ret

000028a2 <main>:
 *      Author: sameh
 */

#include "Flame_Sensor.h"

int main(void) {
    28a2:	df 93       	push	r29
    28a4:	cf 93       	push	r28
    28a6:	cd b7       	in	r28, 0x3d	; 61
    28a8:	de b7       	in	r29, 0x3e	; 62

	DIO_SetPortDirection(PORTC, HIGH);
    28aa:	82 e0       	ldi	r24, 0x02	; 2
    28ac:	61 e0       	ldi	r22, 0x01	; 1
    28ae:	0e 94 2f 08 	call	0x105e	; 0x105e <DIO_SetPortDirection>
	DIO_SetPinDirection(PORTA, PIN0, HIGH);
    28b2:	80 e0       	ldi	r24, 0x00	; 0
    28b4:	60 e0       	ldi	r22, 0x00	; 0
    28b6:	41 e0       	ldi	r20, 0x01	; 1
    28b8:	0e 94 27 07 	call	0xe4e	; 0xe4e <DIO_SetPinDirection>
	DIO_SetPinDirection(PORTA, PIN1, HIGH);
    28bc:	80 e0       	ldi	r24, 0x00	; 0
    28be:	61 e0       	ldi	r22, 0x01	; 1
    28c0:	41 e0       	ldi	r20, 0x01	; 1
    28c2:	0e 94 27 07 	call	0xe4e	; 0xe4e <DIO_SetPinDirection>
	DIO_SetPinDirection(PORTA, PIN2, HIGH);
    28c6:	80 e0       	ldi	r24, 0x00	; 0
    28c8:	62 e0       	ldi	r22, 0x02	; 2
    28ca:	41 e0       	ldi	r20, 0x01	; 1
    28cc:	0e 94 27 07 	call	0xe4e	; 0xe4e <DIO_SetPinDirection>

	DIO_SetPinDirection(PORTD, PIN0, INPUT);  //  D0: Rx ( input )
    28d0:	83 e0       	ldi	r24, 0x03	; 3
    28d2:	60 e0       	ldi	r22, 0x00	; 0
    28d4:	40 e0       	ldi	r20, 0x00	; 0
    28d6:	0e 94 27 07 	call	0xe4e	; 0xe4e <DIO_SetPinDirection>
	DIO_SetPinDirection(PORTD, PIN1, OUTPUT); //  D1: Tx ( output )
    28da:	83 e0       	ldi	r24, 0x03	; 3
    28dc:	61 e0       	ldi	r22, 0x01	; 1
    28de:	41 e0       	ldi	r20, 0x01	; 1
    28e0:	0e 94 27 07 	call	0xe4e	; 0xe4e <DIO_SetPinDirection>

	DIO_SetPinDirection(PORTD, PIN2, INPUT);  //  D2: Flame Sensor ( input )
    28e4:	83 e0       	ldi	r24, 0x03	; 3
    28e6:	62 e0       	ldi	r22, 0x02	; 2
    28e8:	40 e0       	ldi	r20, 0x00	; 0
    28ea:	0e 94 27 07 	call	0xe4e	; 0xe4e <DIO_SetPinDirection>

	DIO_SetPinDirection(PORTB, PIN0, OUTPUT); // PORTC | Pin 0 : Buzzer for flame
    28ee:	81 e0       	ldi	r24, 0x01	; 1
    28f0:	60 e0       	ldi	r22, 0x00	; 0
    28f2:	41 e0       	ldi	r20, 0x01	; 1
    28f4:	0e 94 27 07 	call	0xe4e	; 0xe4e <DIO_SetPinDirection>

	DIO_SetPinValue(PORTB, PIN0, LOW);  // PORTC | Pin 0 : Buzzer Off
    28f8:	81 e0       	ldi	r24, 0x01	; 1
    28fa:	60 e0       	ldi	r22, 0x00	; 0
    28fc:	40 e0       	ldi	r20, 0x00	; 0
    28fe:	0e 94 9b 05 	call	0xb36	; 0xb36 <DIO_SetPinValue>

	USART_Init(); // Init of USART Function call
    2902:	0e 94 d9 13 	call	0x27b2	; 0x27b2 <USART_Init>
	LCD_vidInit();
    2906:	0e 94 e7 0c 	call	0x19ce	; 0x19ce <LCD_vidInit>

	while (1) {

		Fire_Alarm();
    290a:	0e 94 b1 08 	call	0x1162	; 0x1162 <Fire_Alarm>
    290e:	fd cf       	rjmp	.-6      	; 0x290a <main+0x68>

00002910 <__divmodhi4>:
    2910:	97 fb       	bst	r25, 7
    2912:	09 2e       	mov	r0, r25
    2914:	07 26       	eor	r0, r23
    2916:	0a d0       	rcall	.+20     	; 0x292c <__divmodhi4_neg1>
    2918:	77 fd       	sbrc	r23, 7
    291a:	04 d0       	rcall	.+8      	; 0x2924 <__divmodhi4_neg2>
    291c:	0c d0       	rcall	.+24     	; 0x2936 <__udivmodhi4>
    291e:	06 d0       	rcall	.+12     	; 0x292c <__divmodhi4_neg1>
    2920:	00 20       	and	r0, r0
    2922:	1a f4       	brpl	.+6      	; 0x292a <__divmodhi4_exit>

00002924 <__divmodhi4_neg2>:
    2924:	70 95       	com	r23
    2926:	61 95       	neg	r22
    2928:	7f 4f       	sbci	r23, 0xFF	; 255

0000292a <__divmodhi4_exit>:
    292a:	08 95       	ret

0000292c <__divmodhi4_neg1>:
    292c:	f6 f7       	brtc	.-4      	; 0x292a <__divmodhi4_exit>
    292e:	90 95       	com	r25
    2930:	81 95       	neg	r24
    2932:	9f 4f       	sbci	r25, 0xFF	; 255
    2934:	08 95       	ret

00002936 <__udivmodhi4>:
    2936:	aa 1b       	sub	r26, r26
    2938:	bb 1b       	sub	r27, r27
    293a:	51 e1       	ldi	r21, 0x11	; 17
    293c:	07 c0       	rjmp	.+14     	; 0x294c <__udivmodhi4_ep>

0000293e <__udivmodhi4_loop>:
    293e:	aa 1f       	adc	r26, r26
    2940:	bb 1f       	adc	r27, r27
    2942:	a6 17       	cp	r26, r22
    2944:	b7 07       	cpc	r27, r23
    2946:	10 f0       	brcs	.+4      	; 0x294c <__udivmodhi4_ep>
    2948:	a6 1b       	sub	r26, r22
    294a:	b7 0b       	sbc	r27, r23

0000294c <__udivmodhi4_ep>:
    294c:	88 1f       	adc	r24, r24
    294e:	99 1f       	adc	r25, r25
    2950:	5a 95       	dec	r21
    2952:	a9 f7       	brne	.-22     	; 0x293e <__udivmodhi4_loop>
    2954:	80 95       	com	r24
    2956:	90 95       	com	r25
    2958:	bc 01       	movw	r22, r24
    295a:	cd 01       	movw	r24, r26
    295c:	08 95       	ret

0000295e <__prologue_saves__>:
    295e:	2f 92       	push	r2
    2960:	3f 92       	push	r3
    2962:	4f 92       	push	r4
    2964:	5f 92       	push	r5
    2966:	6f 92       	push	r6
    2968:	7f 92       	push	r7
    296a:	8f 92       	push	r8
    296c:	9f 92       	push	r9
    296e:	af 92       	push	r10
    2970:	bf 92       	push	r11
    2972:	cf 92       	push	r12
    2974:	df 92       	push	r13
    2976:	ef 92       	push	r14
    2978:	ff 92       	push	r15
    297a:	0f 93       	push	r16
    297c:	1f 93       	push	r17
    297e:	cf 93       	push	r28
    2980:	df 93       	push	r29
    2982:	cd b7       	in	r28, 0x3d	; 61
    2984:	de b7       	in	r29, 0x3e	; 62
    2986:	ca 1b       	sub	r28, r26
    2988:	db 0b       	sbc	r29, r27
    298a:	0f b6       	in	r0, 0x3f	; 63
    298c:	f8 94       	cli
    298e:	de bf       	out	0x3e, r29	; 62
    2990:	0f be       	out	0x3f, r0	; 63
    2992:	cd bf       	out	0x3d, r28	; 61
    2994:	09 94       	ijmp

00002996 <__epilogue_restores__>:
    2996:	2a 88       	ldd	r2, Y+18	; 0x12
    2998:	39 88       	ldd	r3, Y+17	; 0x11
    299a:	48 88       	ldd	r4, Y+16	; 0x10
    299c:	5f 84       	ldd	r5, Y+15	; 0x0f
    299e:	6e 84       	ldd	r6, Y+14	; 0x0e
    29a0:	7d 84       	ldd	r7, Y+13	; 0x0d
    29a2:	8c 84       	ldd	r8, Y+12	; 0x0c
    29a4:	9b 84       	ldd	r9, Y+11	; 0x0b
    29a6:	aa 84       	ldd	r10, Y+10	; 0x0a
    29a8:	b9 84       	ldd	r11, Y+9	; 0x09
    29aa:	c8 84       	ldd	r12, Y+8	; 0x08
    29ac:	df 80       	ldd	r13, Y+7	; 0x07
    29ae:	ee 80       	ldd	r14, Y+6	; 0x06
    29b0:	fd 80       	ldd	r15, Y+5	; 0x05
    29b2:	0c 81       	ldd	r16, Y+4	; 0x04
    29b4:	1b 81       	ldd	r17, Y+3	; 0x03
    29b6:	aa 81       	ldd	r26, Y+2	; 0x02
    29b8:	b9 81       	ldd	r27, Y+1	; 0x01
    29ba:	ce 0f       	add	r28, r30
    29bc:	d1 1d       	adc	r29, r1
    29be:	0f b6       	in	r0, 0x3f	; 63
    29c0:	f8 94       	cli
    29c2:	de bf       	out	0x3e, r29	; 62
    29c4:	0f be       	out	0x3f, r0	; 63
    29c6:	cd bf       	out	0x3d, r28	; 61
    29c8:	ed 01       	movw	r28, r26
    29ca:	08 95       	ret

000029cc <strlen>:
    29cc:	fc 01       	movw	r30, r24
    29ce:	01 90       	ld	r0, Z+
    29d0:	00 20       	and	r0, r0
    29d2:	e9 f7       	brne	.-6      	; 0x29ce <strlen+0x2>
    29d4:	80 95       	com	r24
    29d6:	90 95       	com	r25
    29d8:	8e 0f       	add	r24, r30
    29da:	9f 1f       	adc	r25, r31
    29dc:	08 95       	ret

000029de <_exit>:
    29de:	f8 94       	cli

000029e0 <__stop_program>:
    29e0:	ff cf       	rjmp	.-2      	; 0x29e0 <__stop_program>
