
Project_1_Smart_Traffic_Station.elf:     file format elf32-avr

Sections:
Idx Name          Size      VMA       LMA       File off  Algn
  0 .text         000027ce  00000000  00000000  00000094  2**1
                  CONTENTS, ALLOC, LOAD, READONLY, CODE
  1 .data         00000018  00800060  000027ce  00002862  2**0
                  CONTENTS, ALLOC, LOAD, DATA
  2 .bss          00000001  00800078  00800078  0000287a  2**0
                  ALLOC
  3 .stab         00001cf8  00000000  00000000  0000287c  2**2
                  CONTENTS, READONLY, DEBUGGING
  4 .stabstr      00000a65  00000000  00000000  00004574  2**0
                  CONTENTS, READONLY, DEBUGGING
  5 .debug_aranges 00000140  00000000  00000000  00004fd9  2**0
                  CONTENTS, READONLY, DEBUGGING
  6 .debug_pubnames 00000170  00000000  00000000  00005119  2**0
                  CONTENTS, READONLY, DEBUGGING
  7 .debug_info   00001c49  00000000  00000000  00005289  2**0
                  CONTENTS, READONLY, DEBUGGING
  8 .debug_abbrev 00000eeb  00000000  00000000  00006ed2  2**0
                  CONTENTS, READONLY, DEBUGGING
  9 .debug_line   00000dad  00000000  00000000  00007dbd  2**0
                  CONTENTS, READONLY, DEBUGGING
 10 .debug_frame  00000160  00000000  00000000  00008b6c  2**2
                  CONTENTS, READONLY, DEBUGGING
 11 .debug_str    0000028d  00000000  00000000  00008ccc  2**0
                  CONTENTS, READONLY, DEBUGGING
 12 .debug_loc    000007ce  00000000  00000000  00008f59  2**0
                  CONTENTS, READONLY, DEBUGGING
 13 .debug_ranges 00000050  00000000  00000000  00009727  2**0
                  CONTENTS, READONLY, DEBUGGING

Disassembly of section .text:

00000000 <__vectors>:
       0:	0c 94 2a 00 	jmp	0x54	; 0x54 <__ctors_end>
       4:	0c 94 47 00 	jmp	0x8e	; 0x8e <__bad_interrupt>
       8:	0c 94 47 00 	jmp	0x8e	; 0x8e <__bad_interrupt>
       c:	0c 94 47 00 	jmp	0x8e	; 0x8e <__bad_interrupt>
      10:	0c 94 47 00 	jmp	0x8e	; 0x8e <__bad_interrupt>
      14:	0c 94 47 00 	jmp	0x8e	; 0x8e <__bad_interrupt>
      18:	0c 94 47 00 	jmp	0x8e	; 0x8e <__bad_interrupt>
      1c:	0c 94 47 00 	jmp	0x8e	; 0x8e <__bad_interrupt>
      20:	0c 94 47 00 	jmp	0x8e	; 0x8e <__bad_interrupt>
      24:	0c 94 47 00 	jmp	0x8e	; 0x8e <__bad_interrupt>
      28:	0c 94 47 00 	jmp	0x8e	; 0x8e <__bad_interrupt>
      2c:	0c 94 47 00 	jmp	0x8e	; 0x8e <__bad_interrupt>
      30:	0c 94 47 00 	jmp	0x8e	; 0x8e <__bad_interrupt>
      34:	0c 94 47 00 	jmp	0x8e	; 0x8e <__bad_interrupt>
      38:	0c 94 47 00 	jmp	0x8e	; 0x8e <__bad_interrupt>
      3c:	0c 94 47 00 	jmp	0x8e	; 0x8e <__bad_interrupt>
      40:	0c 94 47 00 	jmp	0x8e	; 0x8e <__bad_interrupt>
      44:	0c 94 47 00 	jmp	0x8e	; 0x8e <__bad_interrupt>
      48:	0c 94 47 00 	jmp	0x8e	; 0x8e <__bad_interrupt>
      4c:	0c 94 47 00 	jmp	0x8e	; 0x8e <__bad_interrupt>
      50:	0c 94 47 00 	jmp	0x8e	; 0x8e <__bad_interrupt>

00000054 <__ctors_end>:
      54:	11 24       	eor	r1, r1
      56:	1f be       	out	0x3f, r1	; 63
      58:	cf e5       	ldi	r28, 0x5F	; 95
      5a:	d8 e0       	ldi	r29, 0x08	; 8
      5c:	de bf       	out	0x3e, r29	; 62
      5e:	cd bf       	out	0x3d, r28	; 61

00000060 <__do_copy_data>:
      60:	10 e0       	ldi	r17, 0x00	; 0
      62:	a0 e6       	ldi	r26, 0x60	; 96
      64:	b0 e0       	ldi	r27, 0x00	; 0
      66:	ee ec       	ldi	r30, 0xCE	; 206
      68:	f7 e2       	ldi	r31, 0x27	; 39
      6a:	02 c0       	rjmp	.+4      	; 0x70 <.do_copy_data_start>

0000006c <.do_copy_data_loop>:
      6c:	05 90       	lpm	r0, Z+
      6e:	0d 92       	st	X+, r0

00000070 <.do_copy_data_start>:
      70:	a8 37       	cpi	r26, 0x78	; 120
      72:	b1 07       	cpc	r27, r17
      74:	d9 f7       	brne	.-10     	; 0x6c <.do_copy_data_loop>

00000076 <__do_clear_bss>:
      76:	10 e0       	ldi	r17, 0x00	; 0
      78:	a8 e7       	ldi	r26, 0x78	; 120
      7a:	b0 e0       	ldi	r27, 0x00	; 0
      7c:	01 c0       	rjmp	.+2      	; 0x80 <.do_clear_bss_start>

0000007e <.do_clear_bss_loop>:
      7e:	1d 92       	st	X+, r1

00000080 <.do_clear_bss_start>:
      80:	a9 37       	cpi	r26, 0x79	; 121
      82:	b1 07       	cpc	r27, r17
      84:	e1 f7       	brne	.-8      	; 0x7e <.do_clear_bss_loop>
      86:	0e 94 49 13 	call	0x2692	; 0x2692 <main>
      8a:	0c 94 e5 13 	jmp	0x27ca	; 0x27ca <_exit>

0000008e <__bad_interrupt>:
      8e:	0c 94 00 00 	jmp	0	; 0x0 <__vectors>

00000092 <__fixunssfsi>:
      92:	ef 92       	push	r14
      94:	ff 92       	push	r15
      96:	0f 93       	push	r16
      98:	1f 93       	push	r17
      9a:	7b 01       	movw	r14, r22
      9c:	8c 01       	movw	r16, r24
      9e:	20 e0       	ldi	r18, 0x00	; 0
      a0:	30 e0       	ldi	r19, 0x00	; 0
      a2:	40 e0       	ldi	r20, 0x00	; 0
      a4:	5f e4       	ldi	r21, 0x4F	; 79
      a6:	0e 94 49 03 	call	0x692	; 0x692 <__gesf2>
      aa:	88 23       	and	r24, r24
      ac:	8c f0       	brlt	.+34     	; 0xd0 <__fixunssfsi+0x3e>
      ae:	c8 01       	movw	r24, r16
      b0:	b7 01       	movw	r22, r14
      b2:	20 e0       	ldi	r18, 0x00	; 0
      b4:	30 e0       	ldi	r19, 0x00	; 0
      b6:	40 e0       	ldi	r20, 0x00	; 0
      b8:	5f e4       	ldi	r21, 0x4F	; 79
      ba:	0e 94 c1 01 	call	0x382	; 0x382 <__subsf3>
      be:	0e 94 a9 03 	call	0x752	; 0x752 <__fixsfsi>
      c2:	9b 01       	movw	r18, r22
      c4:	ac 01       	movw	r20, r24
      c6:	20 50       	subi	r18, 0x00	; 0
      c8:	30 40       	sbci	r19, 0x00	; 0
      ca:	40 40       	sbci	r20, 0x00	; 0
      cc:	50 48       	sbci	r21, 0x80	; 128
      ce:	06 c0       	rjmp	.+12     	; 0xdc <__fixunssfsi+0x4a>
      d0:	c8 01       	movw	r24, r16
      d2:	b7 01       	movw	r22, r14
      d4:	0e 94 a9 03 	call	0x752	; 0x752 <__fixsfsi>
      d8:	9b 01       	movw	r18, r22
      da:	ac 01       	movw	r20, r24
      dc:	b9 01       	movw	r22, r18
      de:	ca 01       	movw	r24, r20
      e0:	1f 91       	pop	r17
      e2:	0f 91       	pop	r16
      e4:	ff 90       	pop	r15
      e6:	ef 90       	pop	r14
      e8:	08 95       	ret

000000ea <_fpadd_parts>:
      ea:	a0 e0       	ldi	r26, 0x00	; 0
      ec:	b0 e0       	ldi	r27, 0x00	; 0
      ee:	eb e7       	ldi	r30, 0x7B	; 123
      f0:	f0 e0       	ldi	r31, 0x00	; 0
      f2:	0c 94 ae 13 	jmp	0x275c	; 0x275c <__prologue_saves__>
      f6:	dc 01       	movw	r26, r24
      f8:	2b 01       	movw	r4, r22
      fa:	fa 01       	movw	r30, r20
      fc:	9c 91       	ld	r25, X
      fe:	92 30       	cpi	r25, 0x02	; 2
     100:	08 f4       	brcc	.+2      	; 0x104 <_fpadd_parts+0x1a>
     102:	39 c1       	rjmp	.+626    	; 0x376 <_fpadd_parts+0x28c>
     104:	eb 01       	movw	r28, r22
     106:	88 81       	ld	r24, Y
     108:	82 30       	cpi	r24, 0x02	; 2
     10a:	08 f4       	brcc	.+2      	; 0x10e <_fpadd_parts+0x24>
     10c:	33 c1       	rjmp	.+614    	; 0x374 <_fpadd_parts+0x28a>
     10e:	94 30       	cpi	r25, 0x04	; 4
     110:	69 f4       	brne	.+26     	; 0x12c <_fpadd_parts+0x42>
     112:	84 30       	cpi	r24, 0x04	; 4
     114:	09 f0       	breq	.+2      	; 0x118 <_fpadd_parts+0x2e>
     116:	2f c1       	rjmp	.+606    	; 0x376 <_fpadd_parts+0x28c>
     118:	11 96       	adiw	r26, 0x01	; 1
     11a:	9c 91       	ld	r25, X
     11c:	11 97       	sbiw	r26, 0x01	; 1
     11e:	89 81       	ldd	r24, Y+1	; 0x01
     120:	98 17       	cp	r25, r24
     122:	09 f4       	brne	.+2      	; 0x126 <_fpadd_parts+0x3c>
     124:	28 c1       	rjmp	.+592    	; 0x376 <_fpadd_parts+0x28c>
     126:	a0 e6       	ldi	r26, 0x60	; 96
     128:	b0 e0       	ldi	r27, 0x00	; 0
     12a:	25 c1       	rjmp	.+586    	; 0x376 <_fpadd_parts+0x28c>
     12c:	84 30       	cpi	r24, 0x04	; 4
     12e:	09 f4       	brne	.+2      	; 0x132 <_fpadd_parts+0x48>
     130:	21 c1       	rjmp	.+578    	; 0x374 <_fpadd_parts+0x28a>
     132:	82 30       	cpi	r24, 0x02	; 2
     134:	a9 f4       	brne	.+42     	; 0x160 <_fpadd_parts+0x76>
     136:	92 30       	cpi	r25, 0x02	; 2
     138:	09 f0       	breq	.+2      	; 0x13c <_fpadd_parts+0x52>
     13a:	1d c1       	rjmp	.+570    	; 0x376 <_fpadd_parts+0x28c>
     13c:	9a 01       	movw	r18, r20
     13e:	ad 01       	movw	r20, r26
     140:	88 e0       	ldi	r24, 0x08	; 8
     142:	ea 01       	movw	r28, r20
     144:	09 90       	ld	r0, Y+
     146:	ae 01       	movw	r20, r28
     148:	e9 01       	movw	r28, r18
     14a:	09 92       	st	Y+, r0
     14c:	9e 01       	movw	r18, r28
     14e:	81 50       	subi	r24, 0x01	; 1
     150:	c1 f7       	brne	.-16     	; 0x142 <_fpadd_parts+0x58>
     152:	e2 01       	movw	r28, r4
     154:	89 81       	ldd	r24, Y+1	; 0x01
     156:	11 96       	adiw	r26, 0x01	; 1
     158:	9c 91       	ld	r25, X
     15a:	89 23       	and	r24, r25
     15c:	81 83       	std	Z+1, r24	; 0x01
     15e:	08 c1       	rjmp	.+528    	; 0x370 <_fpadd_parts+0x286>
     160:	92 30       	cpi	r25, 0x02	; 2
     162:	09 f4       	brne	.+2      	; 0x166 <_fpadd_parts+0x7c>
     164:	07 c1       	rjmp	.+526    	; 0x374 <_fpadd_parts+0x28a>
     166:	12 96       	adiw	r26, 0x02	; 2
     168:	2d 90       	ld	r2, X+
     16a:	3c 90       	ld	r3, X
     16c:	13 97       	sbiw	r26, 0x03	; 3
     16e:	eb 01       	movw	r28, r22
     170:	8a 81       	ldd	r24, Y+2	; 0x02
     172:	9b 81       	ldd	r25, Y+3	; 0x03
     174:	14 96       	adiw	r26, 0x04	; 4
     176:	ad 90       	ld	r10, X+
     178:	bd 90       	ld	r11, X+
     17a:	cd 90       	ld	r12, X+
     17c:	dc 90       	ld	r13, X
     17e:	17 97       	sbiw	r26, 0x07	; 7
     180:	ec 80       	ldd	r14, Y+4	; 0x04
     182:	fd 80       	ldd	r15, Y+5	; 0x05
     184:	0e 81       	ldd	r16, Y+6	; 0x06
     186:	1f 81       	ldd	r17, Y+7	; 0x07
     188:	91 01       	movw	r18, r2
     18a:	28 1b       	sub	r18, r24
     18c:	39 0b       	sbc	r19, r25
     18e:	b9 01       	movw	r22, r18
     190:	37 ff       	sbrs	r19, 7
     192:	04 c0       	rjmp	.+8      	; 0x19c <_fpadd_parts+0xb2>
     194:	66 27       	eor	r22, r22
     196:	77 27       	eor	r23, r23
     198:	62 1b       	sub	r22, r18
     19a:	73 0b       	sbc	r23, r19
     19c:	60 32       	cpi	r22, 0x20	; 32
     19e:	71 05       	cpc	r23, r1
     1a0:	0c f0       	brlt	.+2      	; 0x1a4 <_fpadd_parts+0xba>
     1a2:	61 c0       	rjmp	.+194    	; 0x266 <_fpadd_parts+0x17c>
     1a4:	12 16       	cp	r1, r18
     1a6:	13 06       	cpc	r1, r19
     1a8:	6c f5       	brge	.+90     	; 0x204 <_fpadd_parts+0x11a>
     1aa:	37 01       	movw	r6, r14
     1ac:	48 01       	movw	r8, r16
     1ae:	06 2e       	mov	r0, r22
     1b0:	04 c0       	rjmp	.+8      	; 0x1ba <_fpadd_parts+0xd0>
     1b2:	96 94       	lsr	r9
     1b4:	87 94       	ror	r8
     1b6:	77 94       	ror	r7
     1b8:	67 94       	ror	r6
     1ba:	0a 94       	dec	r0
     1bc:	d2 f7       	brpl	.-12     	; 0x1b2 <_fpadd_parts+0xc8>
     1be:	21 e0       	ldi	r18, 0x01	; 1
     1c0:	30 e0       	ldi	r19, 0x00	; 0
     1c2:	40 e0       	ldi	r20, 0x00	; 0
     1c4:	50 e0       	ldi	r21, 0x00	; 0
     1c6:	04 c0       	rjmp	.+8      	; 0x1d0 <_fpadd_parts+0xe6>
     1c8:	22 0f       	add	r18, r18
     1ca:	33 1f       	adc	r19, r19
     1cc:	44 1f       	adc	r20, r20
     1ce:	55 1f       	adc	r21, r21
     1d0:	6a 95       	dec	r22
     1d2:	d2 f7       	brpl	.-12     	; 0x1c8 <_fpadd_parts+0xde>
     1d4:	21 50       	subi	r18, 0x01	; 1
     1d6:	30 40       	sbci	r19, 0x00	; 0
     1d8:	40 40       	sbci	r20, 0x00	; 0
     1da:	50 40       	sbci	r21, 0x00	; 0
     1dc:	2e 21       	and	r18, r14
     1de:	3f 21       	and	r19, r15
     1e0:	40 23       	and	r20, r16
     1e2:	51 23       	and	r21, r17
     1e4:	21 15       	cp	r18, r1
     1e6:	31 05       	cpc	r19, r1
     1e8:	41 05       	cpc	r20, r1
     1ea:	51 05       	cpc	r21, r1
     1ec:	21 f0       	breq	.+8      	; 0x1f6 <_fpadd_parts+0x10c>
     1ee:	21 e0       	ldi	r18, 0x01	; 1
     1f0:	30 e0       	ldi	r19, 0x00	; 0
     1f2:	40 e0       	ldi	r20, 0x00	; 0
     1f4:	50 e0       	ldi	r21, 0x00	; 0
     1f6:	79 01       	movw	r14, r18
     1f8:	8a 01       	movw	r16, r20
     1fa:	e6 28       	or	r14, r6
     1fc:	f7 28       	or	r15, r7
     1fe:	08 29       	or	r16, r8
     200:	19 29       	or	r17, r9
     202:	3c c0       	rjmp	.+120    	; 0x27c <_fpadd_parts+0x192>
     204:	23 2b       	or	r18, r19
     206:	d1 f1       	breq	.+116    	; 0x27c <_fpadd_parts+0x192>
     208:	26 0e       	add	r2, r22
     20a:	37 1e       	adc	r3, r23
     20c:	35 01       	movw	r6, r10
     20e:	46 01       	movw	r8, r12
     210:	06 2e       	mov	r0, r22
     212:	04 c0       	rjmp	.+8      	; 0x21c <_fpadd_parts+0x132>
     214:	96 94       	lsr	r9
     216:	87 94       	ror	r8
     218:	77 94       	ror	r7
     21a:	67 94       	ror	r6
     21c:	0a 94       	dec	r0
     21e:	d2 f7       	brpl	.-12     	; 0x214 <_fpadd_parts+0x12a>
     220:	21 e0       	ldi	r18, 0x01	; 1
     222:	30 e0       	ldi	r19, 0x00	; 0
     224:	40 e0       	ldi	r20, 0x00	; 0
     226:	50 e0       	ldi	r21, 0x00	; 0
     228:	04 c0       	rjmp	.+8      	; 0x232 <_fpadd_parts+0x148>
     22a:	22 0f       	add	r18, r18
     22c:	33 1f       	adc	r19, r19
     22e:	44 1f       	adc	r20, r20
     230:	55 1f       	adc	r21, r21
     232:	6a 95       	dec	r22
     234:	d2 f7       	brpl	.-12     	; 0x22a <_fpadd_parts+0x140>
     236:	21 50       	subi	r18, 0x01	; 1
     238:	30 40       	sbci	r19, 0x00	; 0
     23a:	40 40       	sbci	r20, 0x00	; 0
     23c:	50 40       	sbci	r21, 0x00	; 0
     23e:	2a 21       	and	r18, r10
     240:	3b 21       	and	r19, r11
     242:	4c 21       	and	r20, r12
     244:	5d 21       	and	r21, r13
     246:	21 15       	cp	r18, r1
     248:	31 05       	cpc	r19, r1
     24a:	41 05       	cpc	r20, r1
     24c:	51 05       	cpc	r21, r1
     24e:	21 f0       	breq	.+8      	; 0x258 <_fpadd_parts+0x16e>
     250:	21 e0       	ldi	r18, 0x01	; 1
     252:	30 e0       	ldi	r19, 0x00	; 0
     254:	40 e0       	ldi	r20, 0x00	; 0
     256:	50 e0       	ldi	r21, 0x00	; 0
     258:	59 01       	movw	r10, r18
     25a:	6a 01       	movw	r12, r20
     25c:	a6 28       	or	r10, r6
     25e:	b7 28       	or	r11, r7
     260:	c8 28       	or	r12, r8
     262:	d9 28       	or	r13, r9
     264:	0b c0       	rjmp	.+22     	; 0x27c <_fpadd_parts+0x192>
     266:	82 15       	cp	r24, r2
     268:	93 05       	cpc	r25, r3
     26a:	2c f0       	brlt	.+10     	; 0x276 <_fpadd_parts+0x18c>
     26c:	1c 01       	movw	r2, r24
     26e:	aa 24       	eor	r10, r10
     270:	bb 24       	eor	r11, r11
     272:	65 01       	movw	r12, r10
     274:	03 c0       	rjmp	.+6      	; 0x27c <_fpadd_parts+0x192>
     276:	ee 24       	eor	r14, r14
     278:	ff 24       	eor	r15, r15
     27a:	87 01       	movw	r16, r14
     27c:	11 96       	adiw	r26, 0x01	; 1
     27e:	9c 91       	ld	r25, X
     280:	d2 01       	movw	r26, r4
     282:	11 96       	adiw	r26, 0x01	; 1
     284:	8c 91       	ld	r24, X
     286:	98 17       	cp	r25, r24
     288:	09 f4       	brne	.+2      	; 0x28c <_fpadd_parts+0x1a2>
     28a:	45 c0       	rjmp	.+138    	; 0x316 <_fpadd_parts+0x22c>
     28c:	99 23       	and	r25, r25
     28e:	39 f0       	breq	.+14     	; 0x29e <_fpadd_parts+0x1b4>
     290:	a8 01       	movw	r20, r16
     292:	97 01       	movw	r18, r14
     294:	2a 19       	sub	r18, r10
     296:	3b 09       	sbc	r19, r11
     298:	4c 09       	sbc	r20, r12
     29a:	5d 09       	sbc	r21, r13
     29c:	06 c0       	rjmp	.+12     	; 0x2aa <_fpadd_parts+0x1c0>
     29e:	a6 01       	movw	r20, r12
     2a0:	95 01       	movw	r18, r10
     2a2:	2e 19       	sub	r18, r14
     2a4:	3f 09       	sbc	r19, r15
     2a6:	40 0b       	sbc	r20, r16
     2a8:	51 0b       	sbc	r21, r17
     2aa:	57 fd       	sbrc	r21, 7
     2ac:	08 c0       	rjmp	.+16     	; 0x2be <_fpadd_parts+0x1d4>
     2ae:	11 82       	std	Z+1, r1	; 0x01
     2b0:	33 82       	std	Z+3, r3	; 0x03
     2b2:	22 82       	std	Z+2, r2	; 0x02
     2b4:	24 83       	std	Z+4, r18	; 0x04
     2b6:	35 83       	std	Z+5, r19	; 0x05
     2b8:	46 83       	std	Z+6, r20	; 0x06
     2ba:	57 83       	std	Z+7, r21	; 0x07
     2bc:	1d c0       	rjmp	.+58     	; 0x2f8 <_fpadd_parts+0x20e>
     2be:	81 e0       	ldi	r24, 0x01	; 1
     2c0:	81 83       	std	Z+1, r24	; 0x01
     2c2:	33 82       	std	Z+3, r3	; 0x03
     2c4:	22 82       	std	Z+2, r2	; 0x02
     2c6:	88 27       	eor	r24, r24
     2c8:	99 27       	eor	r25, r25
     2ca:	dc 01       	movw	r26, r24
     2cc:	82 1b       	sub	r24, r18
     2ce:	93 0b       	sbc	r25, r19
     2d0:	a4 0b       	sbc	r26, r20
     2d2:	b5 0b       	sbc	r27, r21
     2d4:	84 83       	std	Z+4, r24	; 0x04
     2d6:	95 83       	std	Z+5, r25	; 0x05
     2d8:	a6 83       	std	Z+6, r26	; 0x06
     2da:	b7 83       	std	Z+7, r27	; 0x07
     2dc:	0d c0       	rjmp	.+26     	; 0x2f8 <_fpadd_parts+0x20e>
     2de:	22 0f       	add	r18, r18
     2e0:	33 1f       	adc	r19, r19
     2e2:	44 1f       	adc	r20, r20
     2e4:	55 1f       	adc	r21, r21
     2e6:	24 83       	std	Z+4, r18	; 0x04
     2e8:	35 83       	std	Z+5, r19	; 0x05
     2ea:	46 83       	std	Z+6, r20	; 0x06
     2ec:	57 83       	std	Z+7, r21	; 0x07
     2ee:	82 81       	ldd	r24, Z+2	; 0x02
     2f0:	93 81       	ldd	r25, Z+3	; 0x03
     2f2:	01 97       	sbiw	r24, 0x01	; 1
     2f4:	93 83       	std	Z+3, r25	; 0x03
     2f6:	82 83       	std	Z+2, r24	; 0x02
     2f8:	24 81       	ldd	r18, Z+4	; 0x04
     2fa:	35 81       	ldd	r19, Z+5	; 0x05
     2fc:	46 81       	ldd	r20, Z+6	; 0x06
     2fe:	57 81       	ldd	r21, Z+7	; 0x07
     300:	da 01       	movw	r26, r20
     302:	c9 01       	movw	r24, r18
     304:	01 97       	sbiw	r24, 0x01	; 1
     306:	a1 09       	sbc	r26, r1
     308:	b1 09       	sbc	r27, r1
     30a:	8f 5f       	subi	r24, 0xFF	; 255
     30c:	9f 4f       	sbci	r25, 0xFF	; 255
     30e:	af 4f       	sbci	r26, 0xFF	; 255
     310:	bf 43       	sbci	r27, 0x3F	; 63
     312:	28 f3       	brcs	.-54     	; 0x2de <_fpadd_parts+0x1f4>
     314:	0b c0       	rjmp	.+22     	; 0x32c <_fpadd_parts+0x242>
     316:	91 83       	std	Z+1, r25	; 0x01
     318:	33 82       	std	Z+3, r3	; 0x03
     31a:	22 82       	std	Z+2, r2	; 0x02
     31c:	ea 0c       	add	r14, r10
     31e:	fb 1c       	adc	r15, r11
     320:	0c 1d       	adc	r16, r12
     322:	1d 1d       	adc	r17, r13
     324:	e4 82       	std	Z+4, r14	; 0x04
     326:	f5 82       	std	Z+5, r15	; 0x05
     328:	06 83       	std	Z+6, r16	; 0x06
     32a:	17 83       	std	Z+7, r17	; 0x07
     32c:	83 e0       	ldi	r24, 0x03	; 3
     32e:	80 83       	st	Z, r24
     330:	24 81       	ldd	r18, Z+4	; 0x04
     332:	35 81       	ldd	r19, Z+5	; 0x05
     334:	46 81       	ldd	r20, Z+6	; 0x06
     336:	57 81       	ldd	r21, Z+7	; 0x07
     338:	57 ff       	sbrs	r21, 7
     33a:	1a c0       	rjmp	.+52     	; 0x370 <_fpadd_parts+0x286>
     33c:	c9 01       	movw	r24, r18
     33e:	aa 27       	eor	r26, r26
     340:	97 fd       	sbrc	r25, 7
     342:	a0 95       	com	r26
     344:	ba 2f       	mov	r27, r26
     346:	81 70       	andi	r24, 0x01	; 1
     348:	90 70       	andi	r25, 0x00	; 0
     34a:	a0 70       	andi	r26, 0x00	; 0
     34c:	b0 70       	andi	r27, 0x00	; 0
     34e:	56 95       	lsr	r21
     350:	47 95       	ror	r20
     352:	37 95       	ror	r19
     354:	27 95       	ror	r18
     356:	82 2b       	or	r24, r18
     358:	93 2b       	or	r25, r19
     35a:	a4 2b       	or	r26, r20
     35c:	b5 2b       	or	r27, r21
     35e:	84 83       	std	Z+4, r24	; 0x04
     360:	95 83       	std	Z+5, r25	; 0x05
     362:	a6 83       	std	Z+6, r26	; 0x06
     364:	b7 83       	std	Z+7, r27	; 0x07
     366:	82 81       	ldd	r24, Z+2	; 0x02
     368:	93 81       	ldd	r25, Z+3	; 0x03
     36a:	01 96       	adiw	r24, 0x01	; 1
     36c:	93 83       	std	Z+3, r25	; 0x03
     36e:	82 83       	std	Z+2, r24	; 0x02
     370:	df 01       	movw	r26, r30
     372:	01 c0       	rjmp	.+2      	; 0x376 <_fpadd_parts+0x28c>
     374:	d2 01       	movw	r26, r4
     376:	cd 01       	movw	r24, r26
     378:	cd b7       	in	r28, 0x3d	; 61
     37a:	de b7       	in	r29, 0x3e	; 62
     37c:	e2 e1       	ldi	r30, 0x12	; 18
     37e:	0c 94 ca 13 	jmp	0x2794	; 0x2794 <__epilogue_restores__>

00000382 <__subsf3>:
     382:	a0 e2       	ldi	r26, 0x20	; 32
     384:	b0 e0       	ldi	r27, 0x00	; 0
     386:	e7 ec       	ldi	r30, 0xC7	; 199
     388:	f1 e0       	ldi	r31, 0x01	; 1
     38a:	0c 94 ba 13 	jmp	0x2774	; 0x2774 <__prologue_saves__+0x18>
     38e:	69 83       	std	Y+1, r22	; 0x01
     390:	7a 83       	std	Y+2, r23	; 0x02
     392:	8b 83       	std	Y+3, r24	; 0x03
     394:	9c 83       	std	Y+4, r25	; 0x04
     396:	2d 83       	std	Y+5, r18	; 0x05
     398:	3e 83       	std	Y+6, r19	; 0x06
     39a:	4f 83       	std	Y+7, r20	; 0x07
     39c:	58 87       	std	Y+8, r21	; 0x08
     39e:	e9 e0       	ldi	r30, 0x09	; 9
     3a0:	ee 2e       	mov	r14, r30
     3a2:	f1 2c       	mov	r15, r1
     3a4:	ec 0e       	add	r14, r28
     3a6:	fd 1e       	adc	r15, r29
     3a8:	ce 01       	movw	r24, r28
     3aa:	01 96       	adiw	r24, 0x01	; 1
     3ac:	b7 01       	movw	r22, r14
     3ae:	0e 94 d2 04 	call	0x9a4	; 0x9a4 <__unpack_f>
     3b2:	8e 01       	movw	r16, r28
     3b4:	0f 5e       	subi	r16, 0xEF	; 239
     3b6:	1f 4f       	sbci	r17, 0xFF	; 255
     3b8:	ce 01       	movw	r24, r28
     3ba:	05 96       	adiw	r24, 0x05	; 5
     3bc:	b8 01       	movw	r22, r16
     3be:	0e 94 d2 04 	call	0x9a4	; 0x9a4 <__unpack_f>
     3c2:	8a 89       	ldd	r24, Y+18	; 0x12
     3c4:	91 e0       	ldi	r25, 0x01	; 1
     3c6:	89 27       	eor	r24, r25
     3c8:	8a 8b       	std	Y+18, r24	; 0x12
     3ca:	c7 01       	movw	r24, r14
     3cc:	b8 01       	movw	r22, r16
     3ce:	ae 01       	movw	r20, r28
     3d0:	47 5e       	subi	r20, 0xE7	; 231
     3d2:	5f 4f       	sbci	r21, 0xFF	; 255
     3d4:	0e 94 75 00 	call	0xea	; 0xea <_fpadd_parts>
     3d8:	0e 94 fd 03 	call	0x7fa	; 0x7fa <__pack_f>
     3dc:	a0 96       	adiw	r28, 0x20	; 32
     3de:	e6 e0       	ldi	r30, 0x06	; 6
     3e0:	0c 94 d6 13 	jmp	0x27ac	; 0x27ac <__epilogue_restores__+0x18>

000003e4 <__addsf3>:
     3e4:	a0 e2       	ldi	r26, 0x20	; 32
     3e6:	b0 e0       	ldi	r27, 0x00	; 0
     3e8:	e8 ef       	ldi	r30, 0xF8	; 248
     3ea:	f1 e0       	ldi	r31, 0x01	; 1
     3ec:	0c 94 ba 13 	jmp	0x2774	; 0x2774 <__prologue_saves__+0x18>
     3f0:	69 83       	std	Y+1, r22	; 0x01
     3f2:	7a 83       	std	Y+2, r23	; 0x02
     3f4:	8b 83       	std	Y+3, r24	; 0x03
     3f6:	9c 83       	std	Y+4, r25	; 0x04
     3f8:	2d 83       	std	Y+5, r18	; 0x05
     3fa:	3e 83       	std	Y+6, r19	; 0x06
     3fc:	4f 83       	std	Y+7, r20	; 0x07
     3fe:	58 87       	std	Y+8, r21	; 0x08
     400:	f9 e0       	ldi	r31, 0x09	; 9
     402:	ef 2e       	mov	r14, r31
     404:	f1 2c       	mov	r15, r1
     406:	ec 0e       	add	r14, r28
     408:	fd 1e       	adc	r15, r29
     40a:	ce 01       	movw	r24, r28
     40c:	01 96       	adiw	r24, 0x01	; 1
     40e:	b7 01       	movw	r22, r14
     410:	0e 94 d2 04 	call	0x9a4	; 0x9a4 <__unpack_f>
     414:	8e 01       	movw	r16, r28
     416:	0f 5e       	subi	r16, 0xEF	; 239
     418:	1f 4f       	sbci	r17, 0xFF	; 255
     41a:	ce 01       	movw	r24, r28
     41c:	05 96       	adiw	r24, 0x05	; 5
     41e:	b8 01       	movw	r22, r16
     420:	0e 94 d2 04 	call	0x9a4	; 0x9a4 <__unpack_f>
     424:	c7 01       	movw	r24, r14
     426:	b8 01       	movw	r22, r16
     428:	ae 01       	movw	r20, r28
     42a:	47 5e       	subi	r20, 0xE7	; 231
     42c:	5f 4f       	sbci	r21, 0xFF	; 255
     42e:	0e 94 75 00 	call	0xea	; 0xea <_fpadd_parts>
     432:	0e 94 fd 03 	call	0x7fa	; 0x7fa <__pack_f>
     436:	a0 96       	adiw	r28, 0x20	; 32
     438:	e6 e0       	ldi	r30, 0x06	; 6
     43a:	0c 94 d6 13 	jmp	0x27ac	; 0x27ac <__epilogue_restores__+0x18>

0000043e <__mulsf3>:
     43e:	a0 e2       	ldi	r26, 0x20	; 32
     440:	b0 e0       	ldi	r27, 0x00	; 0
     442:	e5 e2       	ldi	r30, 0x25	; 37
     444:	f2 e0       	ldi	r31, 0x02	; 2
     446:	0c 94 ae 13 	jmp	0x275c	; 0x275c <__prologue_saves__>
     44a:	69 83       	std	Y+1, r22	; 0x01
     44c:	7a 83       	std	Y+2, r23	; 0x02
     44e:	8b 83       	std	Y+3, r24	; 0x03
     450:	9c 83       	std	Y+4, r25	; 0x04
     452:	2d 83       	std	Y+5, r18	; 0x05
     454:	3e 83       	std	Y+6, r19	; 0x06
     456:	4f 83       	std	Y+7, r20	; 0x07
     458:	58 87       	std	Y+8, r21	; 0x08
     45a:	ce 01       	movw	r24, r28
     45c:	01 96       	adiw	r24, 0x01	; 1
     45e:	be 01       	movw	r22, r28
     460:	67 5f       	subi	r22, 0xF7	; 247
     462:	7f 4f       	sbci	r23, 0xFF	; 255
     464:	0e 94 d2 04 	call	0x9a4	; 0x9a4 <__unpack_f>
     468:	ce 01       	movw	r24, r28
     46a:	05 96       	adiw	r24, 0x05	; 5
     46c:	be 01       	movw	r22, r28
     46e:	6f 5e       	subi	r22, 0xEF	; 239
     470:	7f 4f       	sbci	r23, 0xFF	; 255
     472:	0e 94 d2 04 	call	0x9a4	; 0x9a4 <__unpack_f>
     476:	99 85       	ldd	r25, Y+9	; 0x09
     478:	92 30       	cpi	r25, 0x02	; 2
     47a:	88 f0       	brcs	.+34     	; 0x49e <__mulsf3+0x60>
     47c:	89 89       	ldd	r24, Y+17	; 0x11
     47e:	82 30       	cpi	r24, 0x02	; 2
     480:	c8 f0       	brcs	.+50     	; 0x4b4 <__mulsf3+0x76>
     482:	94 30       	cpi	r25, 0x04	; 4
     484:	19 f4       	brne	.+6      	; 0x48c <__mulsf3+0x4e>
     486:	82 30       	cpi	r24, 0x02	; 2
     488:	51 f4       	brne	.+20     	; 0x49e <__mulsf3+0x60>
     48a:	04 c0       	rjmp	.+8      	; 0x494 <__mulsf3+0x56>
     48c:	84 30       	cpi	r24, 0x04	; 4
     48e:	29 f4       	brne	.+10     	; 0x49a <__mulsf3+0x5c>
     490:	92 30       	cpi	r25, 0x02	; 2
     492:	81 f4       	brne	.+32     	; 0x4b4 <__mulsf3+0x76>
     494:	80 e6       	ldi	r24, 0x60	; 96
     496:	90 e0       	ldi	r25, 0x00	; 0
     498:	c6 c0       	rjmp	.+396    	; 0x626 <__mulsf3+0x1e8>
     49a:	92 30       	cpi	r25, 0x02	; 2
     49c:	49 f4       	brne	.+18     	; 0x4b0 <__mulsf3+0x72>
     49e:	20 e0       	ldi	r18, 0x00	; 0
     4a0:	9a 85       	ldd	r25, Y+10	; 0x0a
     4a2:	8a 89       	ldd	r24, Y+18	; 0x12
     4a4:	98 13       	cpse	r25, r24
     4a6:	21 e0       	ldi	r18, 0x01	; 1
     4a8:	2a 87       	std	Y+10, r18	; 0x0a
     4aa:	ce 01       	movw	r24, r28
     4ac:	09 96       	adiw	r24, 0x09	; 9
     4ae:	bb c0       	rjmp	.+374    	; 0x626 <__mulsf3+0x1e8>
     4b0:	82 30       	cpi	r24, 0x02	; 2
     4b2:	49 f4       	brne	.+18     	; 0x4c6 <__mulsf3+0x88>
     4b4:	20 e0       	ldi	r18, 0x00	; 0
     4b6:	9a 85       	ldd	r25, Y+10	; 0x0a
     4b8:	8a 89       	ldd	r24, Y+18	; 0x12
     4ba:	98 13       	cpse	r25, r24
     4bc:	21 e0       	ldi	r18, 0x01	; 1
     4be:	2a 8b       	std	Y+18, r18	; 0x12
     4c0:	ce 01       	movw	r24, r28
     4c2:	41 96       	adiw	r24, 0x11	; 17
     4c4:	b0 c0       	rjmp	.+352    	; 0x626 <__mulsf3+0x1e8>
     4c6:	2d 84       	ldd	r2, Y+13	; 0x0d
     4c8:	3e 84       	ldd	r3, Y+14	; 0x0e
     4ca:	4f 84       	ldd	r4, Y+15	; 0x0f
     4cc:	58 88       	ldd	r5, Y+16	; 0x10
     4ce:	6d 88       	ldd	r6, Y+21	; 0x15
     4d0:	7e 88       	ldd	r7, Y+22	; 0x16
     4d2:	8f 88       	ldd	r8, Y+23	; 0x17
     4d4:	98 8c       	ldd	r9, Y+24	; 0x18
     4d6:	ee 24       	eor	r14, r14
     4d8:	ff 24       	eor	r15, r15
     4da:	87 01       	movw	r16, r14
     4dc:	aa 24       	eor	r10, r10
     4de:	bb 24       	eor	r11, r11
     4e0:	65 01       	movw	r12, r10
     4e2:	40 e0       	ldi	r20, 0x00	; 0
     4e4:	50 e0       	ldi	r21, 0x00	; 0
     4e6:	60 e0       	ldi	r22, 0x00	; 0
     4e8:	70 e0       	ldi	r23, 0x00	; 0
     4ea:	e0 e0       	ldi	r30, 0x00	; 0
     4ec:	f0 e0       	ldi	r31, 0x00	; 0
     4ee:	c1 01       	movw	r24, r2
     4f0:	81 70       	andi	r24, 0x01	; 1
     4f2:	90 70       	andi	r25, 0x00	; 0
     4f4:	89 2b       	or	r24, r25
     4f6:	e9 f0       	breq	.+58     	; 0x532 <__mulsf3+0xf4>
     4f8:	e6 0c       	add	r14, r6
     4fa:	f7 1c       	adc	r15, r7
     4fc:	08 1d       	adc	r16, r8
     4fe:	19 1d       	adc	r17, r9
     500:	9a 01       	movw	r18, r20
     502:	ab 01       	movw	r20, r22
     504:	2a 0d       	add	r18, r10
     506:	3b 1d       	adc	r19, r11
     508:	4c 1d       	adc	r20, r12
     50a:	5d 1d       	adc	r21, r13
     50c:	80 e0       	ldi	r24, 0x00	; 0
     50e:	90 e0       	ldi	r25, 0x00	; 0
     510:	a0 e0       	ldi	r26, 0x00	; 0
     512:	b0 e0       	ldi	r27, 0x00	; 0
     514:	e6 14       	cp	r14, r6
     516:	f7 04       	cpc	r15, r7
     518:	08 05       	cpc	r16, r8
     51a:	19 05       	cpc	r17, r9
     51c:	20 f4       	brcc	.+8      	; 0x526 <__mulsf3+0xe8>
     51e:	81 e0       	ldi	r24, 0x01	; 1
     520:	90 e0       	ldi	r25, 0x00	; 0
     522:	a0 e0       	ldi	r26, 0x00	; 0
     524:	b0 e0       	ldi	r27, 0x00	; 0
     526:	ba 01       	movw	r22, r20
     528:	a9 01       	movw	r20, r18
     52a:	48 0f       	add	r20, r24
     52c:	59 1f       	adc	r21, r25
     52e:	6a 1f       	adc	r22, r26
     530:	7b 1f       	adc	r23, r27
     532:	aa 0c       	add	r10, r10
     534:	bb 1c       	adc	r11, r11
     536:	cc 1c       	adc	r12, r12
     538:	dd 1c       	adc	r13, r13
     53a:	97 fe       	sbrs	r9, 7
     53c:	08 c0       	rjmp	.+16     	; 0x54e <__mulsf3+0x110>
     53e:	81 e0       	ldi	r24, 0x01	; 1
     540:	90 e0       	ldi	r25, 0x00	; 0
     542:	a0 e0       	ldi	r26, 0x00	; 0
     544:	b0 e0       	ldi	r27, 0x00	; 0
     546:	a8 2a       	or	r10, r24
     548:	b9 2a       	or	r11, r25
     54a:	ca 2a       	or	r12, r26
     54c:	db 2a       	or	r13, r27
     54e:	31 96       	adiw	r30, 0x01	; 1
     550:	e0 32       	cpi	r30, 0x20	; 32
     552:	f1 05       	cpc	r31, r1
     554:	49 f0       	breq	.+18     	; 0x568 <__mulsf3+0x12a>
     556:	66 0c       	add	r6, r6
     558:	77 1c       	adc	r7, r7
     55a:	88 1c       	adc	r8, r8
     55c:	99 1c       	adc	r9, r9
     55e:	56 94       	lsr	r5
     560:	47 94       	ror	r4
     562:	37 94       	ror	r3
     564:	27 94       	ror	r2
     566:	c3 cf       	rjmp	.-122    	; 0x4ee <__mulsf3+0xb0>
     568:	fa 85       	ldd	r31, Y+10	; 0x0a
     56a:	ea 89       	ldd	r30, Y+18	; 0x12
     56c:	2b 89       	ldd	r18, Y+19	; 0x13
     56e:	3c 89       	ldd	r19, Y+20	; 0x14
     570:	8b 85       	ldd	r24, Y+11	; 0x0b
     572:	9c 85       	ldd	r25, Y+12	; 0x0c
     574:	28 0f       	add	r18, r24
     576:	39 1f       	adc	r19, r25
     578:	2e 5f       	subi	r18, 0xFE	; 254
     57a:	3f 4f       	sbci	r19, 0xFF	; 255
     57c:	17 c0       	rjmp	.+46     	; 0x5ac <__mulsf3+0x16e>
     57e:	ca 01       	movw	r24, r20
     580:	81 70       	andi	r24, 0x01	; 1
     582:	90 70       	andi	r25, 0x00	; 0
     584:	89 2b       	or	r24, r25
     586:	61 f0       	breq	.+24     	; 0x5a0 <__mulsf3+0x162>
     588:	16 95       	lsr	r17
     58a:	07 95       	ror	r16
     58c:	f7 94       	ror	r15
     58e:	e7 94       	ror	r14
     590:	80 e0       	ldi	r24, 0x00	; 0
     592:	90 e0       	ldi	r25, 0x00	; 0
     594:	a0 e0       	ldi	r26, 0x00	; 0
     596:	b0 e8       	ldi	r27, 0x80	; 128
     598:	e8 2a       	or	r14, r24
     59a:	f9 2a       	or	r15, r25
     59c:	0a 2b       	or	r16, r26
     59e:	1b 2b       	or	r17, r27
     5a0:	76 95       	lsr	r23
     5a2:	67 95       	ror	r22
     5a4:	57 95       	ror	r21
     5a6:	47 95       	ror	r20
     5a8:	2f 5f       	subi	r18, 0xFF	; 255
     5aa:	3f 4f       	sbci	r19, 0xFF	; 255
     5ac:	77 fd       	sbrc	r23, 7
     5ae:	e7 cf       	rjmp	.-50     	; 0x57e <__mulsf3+0x140>
     5b0:	0c c0       	rjmp	.+24     	; 0x5ca <__mulsf3+0x18c>
     5b2:	44 0f       	add	r20, r20
     5b4:	55 1f       	adc	r21, r21
     5b6:	66 1f       	adc	r22, r22
     5b8:	77 1f       	adc	r23, r23
     5ba:	17 fd       	sbrc	r17, 7
     5bc:	41 60       	ori	r20, 0x01	; 1
     5be:	ee 0c       	add	r14, r14
     5c0:	ff 1c       	adc	r15, r15
     5c2:	00 1f       	adc	r16, r16
     5c4:	11 1f       	adc	r17, r17
     5c6:	21 50       	subi	r18, 0x01	; 1
     5c8:	30 40       	sbci	r19, 0x00	; 0
     5ca:	40 30       	cpi	r20, 0x00	; 0
     5cc:	90 e0       	ldi	r25, 0x00	; 0
     5ce:	59 07       	cpc	r21, r25
     5d0:	90 e0       	ldi	r25, 0x00	; 0
     5d2:	69 07       	cpc	r22, r25
     5d4:	90 e4       	ldi	r25, 0x40	; 64
     5d6:	79 07       	cpc	r23, r25
     5d8:	60 f3       	brcs	.-40     	; 0x5b2 <__mulsf3+0x174>
     5da:	2b 8f       	std	Y+27, r18	; 0x1b
     5dc:	3c 8f       	std	Y+28, r19	; 0x1c
     5de:	db 01       	movw	r26, r22
     5e0:	ca 01       	movw	r24, r20
     5e2:	8f 77       	andi	r24, 0x7F	; 127
     5e4:	90 70       	andi	r25, 0x00	; 0
     5e6:	a0 70       	andi	r26, 0x00	; 0
     5e8:	b0 70       	andi	r27, 0x00	; 0
     5ea:	80 34       	cpi	r24, 0x40	; 64
     5ec:	91 05       	cpc	r25, r1
     5ee:	a1 05       	cpc	r26, r1
     5f0:	b1 05       	cpc	r27, r1
     5f2:	61 f4       	brne	.+24     	; 0x60c <__mulsf3+0x1ce>
     5f4:	47 fd       	sbrc	r20, 7
     5f6:	0a c0       	rjmp	.+20     	; 0x60c <__mulsf3+0x1ce>
     5f8:	e1 14       	cp	r14, r1
     5fa:	f1 04       	cpc	r15, r1
     5fc:	01 05       	cpc	r16, r1
     5fe:	11 05       	cpc	r17, r1
     600:	29 f0       	breq	.+10     	; 0x60c <__mulsf3+0x1ce>
     602:	40 5c       	subi	r20, 0xC0	; 192
     604:	5f 4f       	sbci	r21, 0xFF	; 255
     606:	6f 4f       	sbci	r22, 0xFF	; 255
     608:	7f 4f       	sbci	r23, 0xFF	; 255
     60a:	40 78       	andi	r20, 0x80	; 128
     60c:	1a 8e       	std	Y+26, r1	; 0x1a
     60e:	fe 17       	cp	r31, r30
     610:	11 f0       	breq	.+4      	; 0x616 <__mulsf3+0x1d8>
     612:	81 e0       	ldi	r24, 0x01	; 1
     614:	8a 8f       	std	Y+26, r24	; 0x1a
     616:	4d 8f       	std	Y+29, r20	; 0x1d
     618:	5e 8f       	std	Y+30, r21	; 0x1e
     61a:	6f 8f       	std	Y+31, r22	; 0x1f
     61c:	78 a3       	std	Y+32, r23	; 0x20
     61e:	83 e0       	ldi	r24, 0x03	; 3
     620:	89 8f       	std	Y+25, r24	; 0x19
     622:	ce 01       	movw	r24, r28
     624:	49 96       	adiw	r24, 0x19	; 25
     626:	0e 94 fd 03 	call	0x7fa	; 0x7fa <__pack_f>
     62a:	a0 96       	adiw	r28, 0x20	; 32
     62c:	e2 e1       	ldi	r30, 0x12	; 18
     62e:	0c 94 ca 13 	jmp	0x2794	; 0x2794 <__epilogue_restores__>

00000632 <__gtsf2>:
     632:	a8 e1       	ldi	r26, 0x18	; 24
     634:	b0 e0       	ldi	r27, 0x00	; 0
     636:	ef e1       	ldi	r30, 0x1F	; 31
     638:	f3 e0       	ldi	r31, 0x03	; 3
     63a:	0c 94 ba 13 	jmp	0x2774	; 0x2774 <__prologue_saves__+0x18>
     63e:	69 83       	std	Y+1, r22	; 0x01
     640:	7a 83       	std	Y+2, r23	; 0x02
     642:	8b 83       	std	Y+3, r24	; 0x03
     644:	9c 83       	std	Y+4, r25	; 0x04
     646:	2d 83       	std	Y+5, r18	; 0x05
     648:	3e 83       	std	Y+6, r19	; 0x06
     64a:	4f 83       	std	Y+7, r20	; 0x07
     64c:	58 87       	std	Y+8, r21	; 0x08
     64e:	89 e0       	ldi	r24, 0x09	; 9
     650:	e8 2e       	mov	r14, r24
     652:	f1 2c       	mov	r15, r1
     654:	ec 0e       	add	r14, r28
     656:	fd 1e       	adc	r15, r29
     658:	ce 01       	movw	r24, r28
     65a:	01 96       	adiw	r24, 0x01	; 1
     65c:	b7 01       	movw	r22, r14
     65e:	0e 94 d2 04 	call	0x9a4	; 0x9a4 <__unpack_f>
     662:	8e 01       	movw	r16, r28
     664:	0f 5e       	subi	r16, 0xEF	; 239
     666:	1f 4f       	sbci	r17, 0xFF	; 255
     668:	ce 01       	movw	r24, r28
     66a:	05 96       	adiw	r24, 0x05	; 5
     66c:	b8 01       	movw	r22, r16
     66e:	0e 94 d2 04 	call	0x9a4	; 0x9a4 <__unpack_f>
     672:	89 85       	ldd	r24, Y+9	; 0x09
     674:	82 30       	cpi	r24, 0x02	; 2
     676:	40 f0       	brcs	.+16     	; 0x688 <__gtsf2+0x56>
     678:	89 89       	ldd	r24, Y+17	; 0x11
     67a:	82 30       	cpi	r24, 0x02	; 2
     67c:	28 f0       	brcs	.+10     	; 0x688 <__gtsf2+0x56>
     67e:	c7 01       	movw	r24, r14
     680:	b8 01       	movw	r22, r16
     682:	0e 94 4a 05 	call	0xa94	; 0xa94 <__fpcmp_parts_f>
     686:	01 c0       	rjmp	.+2      	; 0x68a <__gtsf2+0x58>
     688:	8f ef       	ldi	r24, 0xFF	; 255
     68a:	68 96       	adiw	r28, 0x18	; 24
     68c:	e6 e0       	ldi	r30, 0x06	; 6
     68e:	0c 94 d6 13 	jmp	0x27ac	; 0x27ac <__epilogue_restores__+0x18>

00000692 <__gesf2>:
     692:	a8 e1       	ldi	r26, 0x18	; 24
     694:	b0 e0       	ldi	r27, 0x00	; 0
     696:	ef e4       	ldi	r30, 0x4F	; 79
     698:	f3 e0       	ldi	r31, 0x03	; 3
     69a:	0c 94 ba 13 	jmp	0x2774	; 0x2774 <__prologue_saves__+0x18>
     69e:	69 83       	std	Y+1, r22	; 0x01
     6a0:	7a 83       	std	Y+2, r23	; 0x02
     6a2:	8b 83       	std	Y+3, r24	; 0x03
     6a4:	9c 83       	std	Y+4, r25	; 0x04
     6a6:	2d 83       	std	Y+5, r18	; 0x05
     6a8:	3e 83       	std	Y+6, r19	; 0x06
     6aa:	4f 83       	std	Y+7, r20	; 0x07
     6ac:	58 87       	std	Y+8, r21	; 0x08
     6ae:	89 e0       	ldi	r24, 0x09	; 9
     6b0:	e8 2e       	mov	r14, r24
     6b2:	f1 2c       	mov	r15, r1
     6b4:	ec 0e       	add	r14, r28
     6b6:	fd 1e       	adc	r15, r29
     6b8:	ce 01       	movw	r24, r28
     6ba:	01 96       	adiw	r24, 0x01	; 1
     6bc:	b7 01       	movw	r22, r14
     6be:	0e 94 d2 04 	call	0x9a4	; 0x9a4 <__unpack_f>
     6c2:	8e 01       	movw	r16, r28
     6c4:	0f 5e       	subi	r16, 0xEF	; 239
     6c6:	1f 4f       	sbci	r17, 0xFF	; 255
     6c8:	ce 01       	movw	r24, r28
     6ca:	05 96       	adiw	r24, 0x05	; 5
     6cc:	b8 01       	movw	r22, r16
     6ce:	0e 94 d2 04 	call	0x9a4	; 0x9a4 <__unpack_f>
     6d2:	89 85       	ldd	r24, Y+9	; 0x09
     6d4:	82 30       	cpi	r24, 0x02	; 2
     6d6:	40 f0       	brcs	.+16     	; 0x6e8 <__gesf2+0x56>
     6d8:	89 89       	ldd	r24, Y+17	; 0x11
     6da:	82 30       	cpi	r24, 0x02	; 2
     6dc:	28 f0       	brcs	.+10     	; 0x6e8 <__gesf2+0x56>
     6de:	c7 01       	movw	r24, r14
     6e0:	b8 01       	movw	r22, r16
     6e2:	0e 94 4a 05 	call	0xa94	; 0xa94 <__fpcmp_parts_f>
     6e6:	01 c0       	rjmp	.+2      	; 0x6ea <__gesf2+0x58>
     6e8:	8f ef       	ldi	r24, 0xFF	; 255
     6ea:	68 96       	adiw	r28, 0x18	; 24
     6ec:	e6 e0       	ldi	r30, 0x06	; 6
     6ee:	0c 94 d6 13 	jmp	0x27ac	; 0x27ac <__epilogue_restores__+0x18>

000006f2 <__ltsf2>:
     6f2:	a8 e1       	ldi	r26, 0x18	; 24
     6f4:	b0 e0       	ldi	r27, 0x00	; 0
     6f6:	ef e7       	ldi	r30, 0x7F	; 127
     6f8:	f3 e0       	ldi	r31, 0x03	; 3
     6fa:	0c 94 ba 13 	jmp	0x2774	; 0x2774 <__prologue_saves__+0x18>
     6fe:	69 83       	std	Y+1, r22	; 0x01
     700:	7a 83       	std	Y+2, r23	; 0x02
     702:	8b 83       	std	Y+3, r24	; 0x03
     704:	9c 83       	std	Y+4, r25	; 0x04
     706:	2d 83       	std	Y+5, r18	; 0x05
     708:	3e 83       	std	Y+6, r19	; 0x06
     70a:	4f 83       	std	Y+7, r20	; 0x07
     70c:	58 87       	std	Y+8, r21	; 0x08
     70e:	89 e0       	ldi	r24, 0x09	; 9
     710:	e8 2e       	mov	r14, r24
     712:	f1 2c       	mov	r15, r1
     714:	ec 0e       	add	r14, r28
     716:	fd 1e       	adc	r15, r29
     718:	ce 01       	movw	r24, r28
     71a:	01 96       	adiw	r24, 0x01	; 1
     71c:	b7 01       	movw	r22, r14
     71e:	0e 94 d2 04 	call	0x9a4	; 0x9a4 <__unpack_f>
     722:	8e 01       	movw	r16, r28
     724:	0f 5e       	subi	r16, 0xEF	; 239
     726:	1f 4f       	sbci	r17, 0xFF	; 255
     728:	ce 01       	movw	r24, r28
     72a:	05 96       	adiw	r24, 0x05	; 5
     72c:	b8 01       	movw	r22, r16
     72e:	0e 94 d2 04 	call	0x9a4	; 0x9a4 <__unpack_f>
     732:	89 85       	ldd	r24, Y+9	; 0x09
     734:	82 30       	cpi	r24, 0x02	; 2
     736:	40 f0       	brcs	.+16     	; 0x748 <__ltsf2+0x56>
     738:	89 89       	ldd	r24, Y+17	; 0x11
     73a:	82 30       	cpi	r24, 0x02	; 2
     73c:	28 f0       	brcs	.+10     	; 0x748 <__ltsf2+0x56>
     73e:	c7 01       	movw	r24, r14
     740:	b8 01       	movw	r22, r16
     742:	0e 94 4a 05 	call	0xa94	; 0xa94 <__fpcmp_parts_f>
     746:	01 c0       	rjmp	.+2      	; 0x74a <__ltsf2+0x58>
     748:	81 e0       	ldi	r24, 0x01	; 1
     74a:	68 96       	adiw	r28, 0x18	; 24
     74c:	e6 e0       	ldi	r30, 0x06	; 6
     74e:	0c 94 d6 13 	jmp	0x27ac	; 0x27ac <__epilogue_restores__+0x18>

00000752 <__fixsfsi>:
     752:	ac e0       	ldi	r26, 0x0C	; 12
     754:	b0 e0       	ldi	r27, 0x00	; 0
     756:	ef ea       	ldi	r30, 0xAF	; 175
     758:	f3 e0       	ldi	r31, 0x03	; 3
     75a:	0c 94 be 13 	jmp	0x277c	; 0x277c <__prologue_saves__+0x20>
     75e:	69 83       	std	Y+1, r22	; 0x01
     760:	7a 83       	std	Y+2, r23	; 0x02
     762:	8b 83       	std	Y+3, r24	; 0x03
     764:	9c 83       	std	Y+4, r25	; 0x04
     766:	ce 01       	movw	r24, r28
     768:	01 96       	adiw	r24, 0x01	; 1
     76a:	be 01       	movw	r22, r28
     76c:	6b 5f       	subi	r22, 0xFB	; 251
     76e:	7f 4f       	sbci	r23, 0xFF	; 255
     770:	0e 94 d2 04 	call	0x9a4	; 0x9a4 <__unpack_f>
     774:	8d 81       	ldd	r24, Y+5	; 0x05
     776:	82 30       	cpi	r24, 0x02	; 2
     778:	61 f1       	breq	.+88     	; 0x7d2 <__fixsfsi+0x80>
     77a:	82 30       	cpi	r24, 0x02	; 2
     77c:	50 f1       	brcs	.+84     	; 0x7d2 <__fixsfsi+0x80>
     77e:	84 30       	cpi	r24, 0x04	; 4
     780:	21 f4       	brne	.+8      	; 0x78a <__fixsfsi+0x38>
     782:	8e 81       	ldd	r24, Y+6	; 0x06
     784:	88 23       	and	r24, r24
     786:	51 f1       	breq	.+84     	; 0x7dc <__fixsfsi+0x8a>
     788:	2e c0       	rjmp	.+92     	; 0x7e6 <__fixsfsi+0x94>
     78a:	2f 81       	ldd	r18, Y+7	; 0x07
     78c:	38 85       	ldd	r19, Y+8	; 0x08
     78e:	37 fd       	sbrc	r19, 7
     790:	20 c0       	rjmp	.+64     	; 0x7d2 <__fixsfsi+0x80>
     792:	6e 81       	ldd	r22, Y+6	; 0x06
     794:	2f 31       	cpi	r18, 0x1F	; 31
     796:	31 05       	cpc	r19, r1
     798:	1c f0       	brlt	.+6      	; 0x7a0 <__fixsfsi+0x4e>
     79a:	66 23       	and	r22, r22
     79c:	f9 f0       	breq	.+62     	; 0x7dc <__fixsfsi+0x8a>
     79e:	23 c0       	rjmp	.+70     	; 0x7e6 <__fixsfsi+0x94>
     7a0:	8e e1       	ldi	r24, 0x1E	; 30
     7a2:	90 e0       	ldi	r25, 0x00	; 0
     7a4:	82 1b       	sub	r24, r18
     7a6:	93 0b       	sbc	r25, r19
     7a8:	29 85       	ldd	r18, Y+9	; 0x09
     7aa:	3a 85       	ldd	r19, Y+10	; 0x0a
     7ac:	4b 85       	ldd	r20, Y+11	; 0x0b
     7ae:	5c 85       	ldd	r21, Y+12	; 0x0c
     7b0:	04 c0       	rjmp	.+8      	; 0x7ba <__fixsfsi+0x68>
     7b2:	56 95       	lsr	r21
     7b4:	47 95       	ror	r20
     7b6:	37 95       	ror	r19
     7b8:	27 95       	ror	r18
     7ba:	8a 95       	dec	r24
     7bc:	d2 f7       	brpl	.-12     	; 0x7b2 <__fixsfsi+0x60>
     7be:	66 23       	and	r22, r22
     7c0:	b1 f0       	breq	.+44     	; 0x7ee <__fixsfsi+0x9c>
     7c2:	50 95       	com	r21
     7c4:	40 95       	com	r20
     7c6:	30 95       	com	r19
     7c8:	21 95       	neg	r18
     7ca:	3f 4f       	sbci	r19, 0xFF	; 255
     7cc:	4f 4f       	sbci	r20, 0xFF	; 255
     7ce:	5f 4f       	sbci	r21, 0xFF	; 255
     7d0:	0e c0       	rjmp	.+28     	; 0x7ee <__fixsfsi+0x9c>
     7d2:	20 e0       	ldi	r18, 0x00	; 0
     7d4:	30 e0       	ldi	r19, 0x00	; 0
     7d6:	40 e0       	ldi	r20, 0x00	; 0
     7d8:	50 e0       	ldi	r21, 0x00	; 0
     7da:	09 c0       	rjmp	.+18     	; 0x7ee <__fixsfsi+0x9c>
     7dc:	2f ef       	ldi	r18, 0xFF	; 255
     7de:	3f ef       	ldi	r19, 0xFF	; 255
     7e0:	4f ef       	ldi	r20, 0xFF	; 255
     7e2:	5f e7       	ldi	r21, 0x7F	; 127
     7e4:	04 c0       	rjmp	.+8      	; 0x7ee <__fixsfsi+0x9c>
     7e6:	20 e0       	ldi	r18, 0x00	; 0
     7e8:	30 e0       	ldi	r19, 0x00	; 0
     7ea:	40 e0       	ldi	r20, 0x00	; 0
     7ec:	50 e8       	ldi	r21, 0x80	; 128
     7ee:	b9 01       	movw	r22, r18
     7f0:	ca 01       	movw	r24, r20
     7f2:	2c 96       	adiw	r28, 0x0c	; 12
     7f4:	e2 e0       	ldi	r30, 0x02	; 2
     7f6:	0c 94 da 13 	jmp	0x27b4	; 0x27b4 <__epilogue_restores__+0x20>

000007fa <__pack_f>:
     7fa:	df 92       	push	r13
     7fc:	ef 92       	push	r14
     7fe:	ff 92       	push	r15
     800:	0f 93       	push	r16
     802:	1f 93       	push	r17
     804:	fc 01       	movw	r30, r24
     806:	e4 80       	ldd	r14, Z+4	; 0x04
     808:	f5 80       	ldd	r15, Z+5	; 0x05
     80a:	06 81       	ldd	r16, Z+6	; 0x06
     80c:	17 81       	ldd	r17, Z+7	; 0x07
     80e:	d1 80       	ldd	r13, Z+1	; 0x01
     810:	80 81       	ld	r24, Z
     812:	82 30       	cpi	r24, 0x02	; 2
     814:	48 f4       	brcc	.+18     	; 0x828 <__pack_f+0x2e>
     816:	80 e0       	ldi	r24, 0x00	; 0
     818:	90 e0       	ldi	r25, 0x00	; 0
     81a:	a0 e1       	ldi	r26, 0x10	; 16
     81c:	b0 e0       	ldi	r27, 0x00	; 0
     81e:	e8 2a       	or	r14, r24
     820:	f9 2a       	or	r15, r25
     822:	0a 2b       	or	r16, r26
     824:	1b 2b       	or	r17, r27
     826:	a5 c0       	rjmp	.+330    	; 0x972 <__stack+0x113>
     828:	84 30       	cpi	r24, 0x04	; 4
     82a:	09 f4       	brne	.+2      	; 0x82e <__pack_f+0x34>
     82c:	9f c0       	rjmp	.+318    	; 0x96c <__stack+0x10d>
     82e:	82 30       	cpi	r24, 0x02	; 2
     830:	21 f4       	brne	.+8      	; 0x83a <__pack_f+0x40>
     832:	ee 24       	eor	r14, r14
     834:	ff 24       	eor	r15, r15
     836:	87 01       	movw	r16, r14
     838:	05 c0       	rjmp	.+10     	; 0x844 <__pack_f+0x4a>
     83a:	e1 14       	cp	r14, r1
     83c:	f1 04       	cpc	r15, r1
     83e:	01 05       	cpc	r16, r1
     840:	11 05       	cpc	r17, r1
     842:	19 f4       	brne	.+6      	; 0x84a <__pack_f+0x50>
     844:	e0 e0       	ldi	r30, 0x00	; 0
     846:	f0 e0       	ldi	r31, 0x00	; 0
     848:	96 c0       	rjmp	.+300    	; 0x976 <__stack+0x117>
     84a:	62 81       	ldd	r22, Z+2	; 0x02
     84c:	73 81       	ldd	r23, Z+3	; 0x03
     84e:	9f ef       	ldi	r25, 0xFF	; 255
     850:	62 38       	cpi	r22, 0x82	; 130
     852:	79 07       	cpc	r23, r25
     854:	0c f0       	brlt	.+2      	; 0x858 <__pack_f+0x5e>
     856:	5b c0       	rjmp	.+182    	; 0x90e <__stack+0xaf>
     858:	22 e8       	ldi	r18, 0x82	; 130
     85a:	3f ef       	ldi	r19, 0xFF	; 255
     85c:	26 1b       	sub	r18, r22
     85e:	37 0b       	sbc	r19, r23
     860:	2a 31       	cpi	r18, 0x1A	; 26
     862:	31 05       	cpc	r19, r1
     864:	2c f0       	brlt	.+10     	; 0x870 <__stack+0x11>
     866:	20 e0       	ldi	r18, 0x00	; 0
     868:	30 e0       	ldi	r19, 0x00	; 0
     86a:	40 e0       	ldi	r20, 0x00	; 0
     86c:	50 e0       	ldi	r21, 0x00	; 0
     86e:	2a c0       	rjmp	.+84     	; 0x8c4 <__stack+0x65>
     870:	b8 01       	movw	r22, r16
     872:	a7 01       	movw	r20, r14
     874:	02 2e       	mov	r0, r18
     876:	04 c0       	rjmp	.+8      	; 0x880 <__stack+0x21>
     878:	76 95       	lsr	r23
     87a:	67 95       	ror	r22
     87c:	57 95       	ror	r21
     87e:	47 95       	ror	r20
     880:	0a 94       	dec	r0
     882:	d2 f7       	brpl	.-12     	; 0x878 <__stack+0x19>
     884:	81 e0       	ldi	r24, 0x01	; 1
     886:	90 e0       	ldi	r25, 0x00	; 0
     888:	a0 e0       	ldi	r26, 0x00	; 0
     88a:	b0 e0       	ldi	r27, 0x00	; 0
     88c:	04 c0       	rjmp	.+8      	; 0x896 <__stack+0x37>
     88e:	88 0f       	add	r24, r24
     890:	99 1f       	adc	r25, r25
     892:	aa 1f       	adc	r26, r26
     894:	bb 1f       	adc	r27, r27
     896:	2a 95       	dec	r18
     898:	d2 f7       	brpl	.-12     	; 0x88e <__stack+0x2f>
     89a:	01 97       	sbiw	r24, 0x01	; 1
     89c:	a1 09       	sbc	r26, r1
     89e:	b1 09       	sbc	r27, r1
     8a0:	8e 21       	and	r24, r14
     8a2:	9f 21       	and	r25, r15
     8a4:	a0 23       	and	r26, r16
     8a6:	b1 23       	and	r27, r17
     8a8:	00 97       	sbiw	r24, 0x00	; 0
     8aa:	a1 05       	cpc	r26, r1
     8ac:	b1 05       	cpc	r27, r1
     8ae:	21 f0       	breq	.+8      	; 0x8b8 <__stack+0x59>
     8b0:	81 e0       	ldi	r24, 0x01	; 1
     8b2:	90 e0       	ldi	r25, 0x00	; 0
     8b4:	a0 e0       	ldi	r26, 0x00	; 0
     8b6:	b0 e0       	ldi	r27, 0x00	; 0
     8b8:	9a 01       	movw	r18, r20
     8ba:	ab 01       	movw	r20, r22
     8bc:	28 2b       	or	r18, r24
     8be:	39 2b       	or	r19, r25
     8c0:	4a 2b       	or	r20, r26
     8c2:	5b 2b       	or	r21, r27
     8c4:	da 01       	movw	r26, r20
     8c6:	c9 01       	movw	r24, r18
     8c8:	8f 77       	andi	r24, 0x7F	; 127
     8ca:	90 70       	andi	r25, 0x00	; 0
     8cc:	a0 70       	andi	r26, 0x00	; 0
     8ce:	b0 70       	andi	r27, 0x00	; 0
     8d0:	80 34       	cpi	r24, 0x40	; 64
     8d2:	91 05       	cpc	r25, r1
     8d4:	a1 05       	cpc	r26, r1
     8d6:	b1 05       	cpc	r27, r1
     8d8:	39 f4       	brne	.+14     	; 0x8e8 <__stack+0x89>
     8da:	27 ff       	sbrs	r18, 7
     8dc:	09 c0       	rjmp	.+18     	; 0x8f0 <__stack+0x91>
     8de:	20 5c       	subi	r18, 0xC0	; 192
     8e0:	3f 4f       	sbci	r19, 0xFF	; 255
     8e2:	4f 4f       	sbci	r20, 0xFF	; 255
     8e4:	5f 4f       	sbci	r21, 0xFF	; 255
     8e6:	04 c0       	rjmp	.+8      	; 0x8f0 <__stack+0x91>
     8e8:	21 5c       	subi	r18, 0xC1	; 193
     8ea:	3f 4f       	sbci	r19, 0xFF	; 255
     8ec:	4f 4f       	sbci	r20, 0xFF	; 255
     8ee:	5f 4f       	sbci	r21, 0xFF	; 255
     8f0:	e0 e0       	ldi	r30, 0x00	; 0
     8f2:	f0 e0       	ldi	r31, 0x00	; 0
     8f4:	20 30       	cpi	r18, 0x00	; 0
     8f6:	a0 e0       	ldi	r26, 0x00	; 0
     8f8:	3a 07       	cpc	r19, r26
     8fa:	a0 e0       	ldi	r26, 0x00	; 0
     8fc:	4a 07       	cpc	r20, r26
     8fe:	a0 e4       	ldi	r26, 0x40	; 64
     900:	5a 07       	cpc	r21, r26
     902:	10 f0       	brcs	.+4      	; 0x908 <__stack+0xa9>
     904:	e1 e0       	ldi	r30, 0x01	; 1
     906:	f0 e0       	ldi	r31, 0x00	; 0
     908:	79 01       	movw	r14, r18
     90a:	8a 01       	movw	r16, r20
     90c:	27 c0       	rjmp	.+78     	; 0x95c <__stack+0xfd>
     90e:	60 38       	cpi	r22, 0x80	; 128
     910:	71 05       	cpc	r23, r1
     912:	64 f5       	brge	.+88     	; 0x96c <__stack+0x10d>
     914:	fb 01       	movw	r30, r22
     916:	e1 58       	subi	r30, 0x81	; 129
     918:	ff 4f       	sbci	r31, 0xFF	; 255
     91a:	d8 01       	movw	r26, r16
     91c:	c7 01       	movw	r24, r14
     91e:	8f 77       	andi	r24, 0x7F	; 127
     920:	90 70       	andi	r25, 0x00	; 0
     922:	a0 70       	andi	r26, 0x00	; 0
     924:	b0 70       	andi	r27, 0x00	; 0
     926:	80 34       	cpi	r24, 0x40	; 64
     928:	91 05       	cpc	r25, r1
     92a:	a1 05       	cpc	r26, r1
     92c:	b1 05       	cpc	r27, r1
     92e:	39 f4       	brne	.+14     	; 0x93e <__stack+0xdf>
     930:	e7 fe       	sbrs	r14, 7
     932:	0d c0       	rjmp	.+26     	; 0x94e <__stack+0xef>
     934:	80 e4       	ldi	r24, 0x40	; 64
     936:	90 e0       	ldi	r25, 0x00	; 0
     938:	a0 e0       	ldi	r26, 0x00	; 0
     93a:	b0 e0       	ldi	r27, 0x00	; 0
     93c:	04 c0       	rjmp	.+8      	; 0x946 <__stack+0xe7>
     93e:	8f e3       	ldi	r24, 0x3F	; 63
     940:	90 e0       	ldi	r25, 0x00	; 0
     942:	a0 e0       	ldi	r26, 0x00	; 0
     944:	b0 e0       	ldi	r27, 0x00	; 0
     946:	e8 0e       	add	r14, r24
     948:	f9 1e       	adc	r15, r25
     94a:	0a 1f       	adc	r16, r26
     94c:	1b 1f       	adc	r17, r27
     94e:	17 ff       	sbrs	r17, 7
     950:	05 c0       	rjmp	.+10     	; 0x95c <__stack+0xfd>
     952:	16 95       	lsr	r17
     954:	07 95       	ror	r16
     956:	f7 94       	ror	r15
     958:	e7 94       	ror	r14
     95a:	31 96       	adiw	r30, 0x01	; 1
     95c:	87 e0       	ldi	r24, 0x07	; 7
     95e:	16 95       	lsr	r17
     960:	07 95       	ror	r16
     962:	f7 94       	ror	r15
     964:	e7 94       	ror	r14
     966:	8a 95       	dec	r24
     968:	d1 f7       	brne	.-12     	; 0x95e <__stack+0xff>
     96a:	05 c0       	rjmp	.+10     	; 0x976 <__stack+0x117>
     96c:	ee 24       	eor	r14, r14
     96e:	ff 24       	eor	r15, r15
     970:	87 01       	movw	r16, r14
     972:	ef ef       	ldi	r30, 0xFF	; 255
     974:	f0 e0       	ldi	r31, 0x00	; 0
     976:	6e 2f       	mov	r22, r30
     978:	67 95       	ror	r22
     97a:	66 27       	eor	r22, r22
     97c:	67 95       	ror	r22
     97e:	90 2f       	mov	r25, r16
     980:	9f 77       	andi	r25, 0x7F	; 127
     982:	d7 94       	ror	r13
     984:	dd 24       	eor	r13, r13
     986:	d7 94       	ror	r13
     988:	8e 2f       	mov	r24, r30
     98a:	86 95       	lsr	r24
     98c:	49 2f       	mov	r20, r25
     98e:	46 2b       	or	r20, r22
     990:	58 2f       	mov	r21, r24
     992:	5d 29       	or	r21, r13
     994:	b7 01       	movw	r22, r14
     996:	ca 01       	movw	r24, r20
     998:	1f 91       	pop	r17
     99a:	0f 91       	pop	r16
     99c:	ff 90       	pop	r15
     99e:	ef 90       	pop	r14
     9a0:	df 90       	pop	r13
     9a2:	08 95       	ret

000009a4 <__unpack_f>:
     9a4:	fc 01       	movw	r30, r24
     9a6:	db 01       	movw	r26, r22
     9a8:	40 81       	ld	r20, Z
     9aa:	51 81       	ldd	r21, Z+1	; 0x01
     9ac:	22 81       	ldd	r18, Z+2	; 0x02
     9ae:	62 2f       	mov	r22, r18
     9b0:	6f 77       	andi	r22, 0x7F	; 127
     9b2:	70 e0       	ldi	r23, 0x00	; 0
     9b4:	22 1f       	adc	r18, r18
     9b6:	22 27       	eor	r18, r18
     9b8:	22 1f       	adc	r18, r18
     9ba:	93 81       	ldd	r25, Z+3	; 0x03
     9bc:	89 2f       	mov	r24, r25
     9be:	88 0f       	add	r24, r24
     9c0:	82 2b       	or	r24, r18
     9c2:	28 2f       	mov	r18, r24
     9c4:	30 e0       	ldi	r19, 0x00	; 0
     9c6:	99 1f       	adc	r25, r25
     9c8:	99 27       	eor	r25, r25
     9ca:	99 1f       	adc	r25, r25
     9cc:	11 96       	adiw	r26, 0x01	; 1
     9ce:	9c 93       	st	X, r25
     9d0:	11 97       	sbiw	r26, 0x01	; 1
     9d2:	21 15       	cp	r18, r1
     9d4:	31 05       	cpc	r19, r1
     9d6:	a9 f5       	brne	.+106    	; 0xa42 <__unpack_f+0x9e>
     9d8:	41 15       	cp	r20, r1
     9da:	51 05       	cpc	r21, r1
     9dc:	61 05       	cpc	r22, r1
     9de:	71 05       	cpc	r23, r1
     9e0:	11 f4       	brne	.+4      	; 0x9e6 <__unpack_f+0x42>
     9e2:	82 e0       	ldi	r24, 0x02	; 2
     9e4:	37 c0       	rjmp	.+110    	; 0xa54 <__unpack_f+0xb0>
     9e6:	82 e8       	ldi	r24, 0x82	; 130
     9e8:	9f ef       	ldi	r25, 0xFF	; 255
     9ea:	13 96       	adiw	r26, 0x03	; 3
     9ec:	9c 93       	st	X, r25
     9ee:	8e 93       	st	-X, r24
     9f0:	12 97       	sbiw	r26, 0x02	; 2
     9f2:	9a 01       	movw	r18, r20
     9f4:	ab 01       	movw	r20, r22
     9f6:	67 e0       	ldi	r22, 0x07	; 7
     9f8:	22 0f       	add	r18, r18
     9fa:	33 1f       	adc	r19, r19
     9fc:	44 1f       	adc	r20, r20
     9fe:	55 1f       	adc	r21, r21
     a00:	6a 95       	dec	r22
     a02:	d1 f7       	brne	.-12     	; 0x9f8 <__unpack_f+0x54>
     a04:	83 e0       	ldi	r24, 0x03	; 3
     a06:	8c 93       	st	X, r24
     a08:	0d c0       	rjmp	.+26     	; 0xa24 <__unpack_f+0x80>
     a0a:	22 0f       	add	r18, r18
     a0c:	33 1f       	adc	r19, r19
     a0e:	44 1f       	adc	r20, r20
     a10:	55 1f       	adc	r21, r21
     a12:	12 96       	adiw	r26, 0x02	; 2
     a14:	8d 91       	ld	r24, X+
     a16:	9c 91       	ld	r25, X
     a18:	13 97       	sbiw	r26, 0x03	; 3
     a1a:	01 97       	sbiw	r24, 0x01	; 1
     a1c:	13 96       	adiw	r26, 0x03	; 3
     a1e:	9c 93       	st	X, r25
     a20:	8e 93       	st	-X, r24
     a22:	12 97       	sbiw	r26, 0x02	; 2
     a24:	20 30       	cpi	r18, 0x00	; 0
     a26:	80 e0       	ldi	r24, 0x00	; 0
     a28:	38 07       	cpc	r19, r24
     a2a:	80 e0       	ldi	r24, 0x00	; 0
     a2c:	48 07       	cpc	r20, r24
     a2e:	80 e4       	ldi	r24, 0x40	; 64
     a30:	58 07       	cpc	r21, r24
     a32:	58 f3       	brcs	.-42     	; 0xa0a <__unpack_f+0x66>
     a34:	14 96       	adiw	r26, 0x04	; 4
     a36:	2d 93       	st	X+, r18
     a38:	3d 93       	st	X+, r19
     a3a:	4d 93       	st	X+, r20
     a3c:	5c 93       	st	X, r21
     a3e:	17 97       	sbiw	r26, 0x07	; 7
     a40:	08 95       	ret
     a42:	2f 3f       	cpi	r18, 0xFF	; 255
     a44:	31 05       	cpc	r19, r1
     a46:	79 f4       	brne	.+30     	; 0xa66 <__unpack_f+0xc2>
     a48:	41 15       	cp	r20, r1
     a4a:	51 05       	cpc	r21, r1
     a4c:	61 05       	cpc	r22, r1
     a4e:	71 05       	cpc	r23, r1
     a50:	19 f4       	brne	.+6      	; 0xa58 <__unpack_f+0xb4>
     a52:	84 e0       	ldi	r24, 0x04	; 4
     a54:	8c 93       	st	X, r24
     a56:	08 95       	ret
     a58:	64 ff       	sbrs	r22, 4
     a5a:	03 c0       	rjmp	.+6      	; 0xa62 <__unpack_f+0xbe>
     a5c:	81 e0       	ldi	r24, 0x01	; 1
     a5e:	8c 93       	st	X, r24
     a60:	12 c0       	rjmp	.+36     	; 0xa86 <__unpack_f+0xe2>
     a62:	1c 92       	st	X, r1
     a64:	10 c0       	rjmp	.+32     	; 0xa86 <__unpack_f+0xe2>
     a66:	2f 57       	subi	r18, 0x7F	; 127
     a68:	30 40       	sbci	r19, 0x00	; 0
     a6a:	13 96       	adiw	r26, 0x03	; 3
     a6c:	3c 93       	st	X, r19
     a6e:	2e 93       	st	-X, r18
     a70:	12 97       	sbiw	r26, 0x02	; 2
     a72:	83 e0       	ldi	r24, 0x03	; 3
     a74:	8c 93       	st	X, r24
     a76:	87 e0       	ldi	r24, 0x07	; 7
     a78:	44 0f       	add	r20, r20
     a7a:	55 1f       	adc	r21, r21
     a7c:	66 1f       	adc	r22, r22
     a7e:	77 1f       	adc	r23, r23
     a80:	8a 95       	dec	r24
     a82:	d1 f7       	brne	.-12     	; 0xa78 <__unpack_f+0xd4>
     a84:	70 64       	ori	r23, 0x40	; 64
     a86:	14 96       	adiw	r26, 0x04	; 4
     a88:	4d 93       	st	X+, r20
     a8a:	5d 93       	st	X+, r21
     a8c:	6d 93       	st	X+, r22
     a8e:	7c 93       	st	X, r23
     a90:	17 97       	sbiw	r26, 0x07	; 7
     a92:	08 95       	ret

00000a94 <__fpcmp_parts_f>:
     a94:	1f 93       	push	r17
     a96:	dc 01       	movw	r26, r24
     a98:	fb 01       	movw	r30, r22
     a9a:	9c 91       	ld	r25, X
     a9c:	92 30       	cpi	r25, 0x02	; 2
     a9e:	08 f4       	brcc	.+2      	; 0xaa2 <__fpcmp_parts_f+0xe>
     aa0:	47 c0       	rjmp	.+142    	; 0xb30 <__fpcmp_parts_f+0x9c>
     aa2:	80 81       	ld	r24, Z
     aa4:	82 30       	cpi	r24, 0x02	; 2
     aa6:	08 f4       	brcc	.+2      	; 0xaaa <__fpcmp_parts_f+0x16>
     aa8:	43 c0       	rjmp	.+134    	; 0xb30 <__fpcmp_parts_f+0x9c>
     aaa:	94 30       	cpi	r25, 0x04	; 4
     aac:	51 f4       	brne	.+20     	; 0xac2 <__fpcmp_parts_f+0x2e>
     aae:	11 96       	adiw	r26, 0x01	; 1
     ab0:	1c 91       	ld	r17, X
     ab2:	84 30       	cpi	r24, 0x04	; 4
     ab4:	99 f5       	brne	.+102    	; 0xb1c <__fpcmp_parts_f+0x88>
     ab6:	81 81       	ldd	r24, Z+1	; 0x01
     ab8:	68 2f       	mov	r22, r24
     aba:	70 e0       	ldi	r23, 0x00	; 0
     abc:	61 1b       	sub	r22, r17
     abe:	71 09       	sbc	r23, r1
     ac0:	3f c0       	rjmp	.+126    	; 0xb40 <__fpcmp_parts_f+0xac>
     ac2:	84 30       	cpi	r24, 0x04	; 4
     ac4:	21 f0       	breq	.+8      	; 0xace <__fpcmp_parts_f+0x3a>
     ac6:	92 30       	cpi	r25, 0x02	; 2
     ac8:	31 f4       	brne	.+12     	; 0xad6 <__fpcmp_parts_f+0x42>
     aca:	82 30       	cpi	r24, 0x02	; 2
     acc:	b9 f1       	breq	.+110    	; 0xb3c <__fpcmp_parts_f+0xa8>
     ace:	81 81       	ldd	r24, Z+1	; 0x01
     ad0:	88 23       	and	r24, r24
     ad2:	89 f1       	breq	.+98     	; 0xb36 <__fpcmp_parts_f+0xa2>
     ad4:	2d c0       	rjmp	.+90     	; 0xb30 <__fpcmp_parts_f+0x9c>
     ad6:	11 96       	adiw	r26, 0x01	; 1
     ad8:	1c 91       	ld	r17, X
     ada:	11 97       	sbiw	r26, 0x01	; 1
     adc:	82 30       	cpi	r24, 0x02	; 2
     ade:	f1 f0       	breq	.+60     	; 0xb1c <__fpcmp_parts_f+0x88>
     ae0:	81 81       	ldd	r24, Z+1	; 0x01
     ae2:	18 17       	cp	r17, r24
     ae4:	d9 f4       	brne	.+54     	; 0xb1c <__fpcmp_parts_f+0x88>
     ae6:	12 96       	adiw	r26, 0x02	; 2
     ae8:	2d 91       	ld	r18, X+
     aea:	3c 91       	ld	r19, X
     aec:	13 97       	sbiw	r26, 0x03	; 3
     aee:	82 81       	ldd	r24, Z+2	; 0x02
     af0:	93 81       	ldd	r25, Z+3	; 0x03
     af2:	82 17       	cp	r24, r18
     af4:	93 07       	cpc	r25, r19
     af6:	94 f0       	brlt	.+36     	; 0xb1c <__fpcmp_parts_f+0x88>
     af8:	28 17       	cp	r18, r24
     afa:	39 07       	cpc	r19, r25
     afc:	bc f0       	brlt	.+46     	; 0xb2c <__fpcmp_parts_f+0x98>
     afe:	14 96       	adiw	r26, 0x04	; 4
     b00:	8d 91       	ld	r24, X+
     b02:	9d 91       	ld	r25, X+
     b04:	0d 90       	ld	r0, X+
     b06:	bc 91       	ld	r27, X
     b08:	a0 2d       	mov	r26, r0
     b0a:	24 81       	ldd	r18, Z+4	; 0x04
     b0c:	35 81       	ldd	r19, Z+5	; 0x05
     b0e:	46 81       	ldd	r20, Z+6	; 0x06
     b10:	57 81       	ldd	r21, Z+7	; 0x07
     b12:	28 17       	cp	r18, r24
     b14:	39 07       	cpc	r19, r25
     b16:	4a 07       	cpc	r20, r26
     b18:	5b 07       	cpc	r21, r27
     b1a:	18 f4       	brcc	.+6      	; 0xb22 <__fpcmp_parts_f+0x8e>
     b1c:	11 23       	and	r17, r17
     b1e:	41 f0       	breq	.+16     	; 0xb30 <__fpcmp_parts_f+0x9c>
     b20:	0a c0       	rjmp	.+20     	; 0xb36 <__fpcmp_parts_f+0xa2>
     b22:	82 17       	cp	r24, r18
     b24:	93 07       	cpc	r25, r19
     b26:	a4 07       	cpc	r26, r20
     b28:	b5 07       	cpc	r27, r21
     b2a:	40 f4       	brcc	.+16     	; 0xb3c <__fpcmp_parts_f+0xa8>
     b2c:	11 23       	and	r17, r17
     b2e:	19 f0       	breq	.+6      	; 0xb36 <__fpcmp_parts_f+0xa2>
     b30:	61 e0       	ldi	r22, 0x01	; 1
     b32:	70 e0       	ldi	r23, 0x00	; 0
     b34:	05 c0       	rjmp	.+10     	; 0xb40 <__fpcmp_parts_f+0xac>
     b36:	6f ef       	ldi	r22, 0xFF	; 255
     b38:	7f ef       	ldi	r23, 0xFF	; 255
     b3a:	02 c0       	rjmp	.+4      	; 0xb40 <__fpcmp_parts_f+0xac>
     b3c:	60 e0       	ldi	r22, 0x00	; 0
     b3e:	70 e0       	ldi	r23, 0x00	; 0
     b40:	cb 01       	movw	r24, r22
     b42:	1f 91       	pop	r17
     b44:	08 95       	ret

00000b46 <seven>:
 * of other segement and delays order to wait the counting for seconds ,then portb will enable
 * the buzzer to give the beep and the gate is closing and while counting segement to next
 * for loop counting red and next become yellow and the buzzer is giving a beep and the gate
 * is open */
extern void seven(u8 segarr[],u8 i,u8 seg[],u8 y)
{
     b46:	0f 93       	push	r16
     b48:	1f 93       	push	r17
     b4a:	df 93       	push	r29
     b4c:	cf 93       	push	r28
     b4e:	cd b7       	in	r28, 0x3d	; 61
     b50:	de b7       	in	r29, 0x3e	; 62
     b52:	ce 5a       	subi	r28, 0xAE	; 174
     b54:	d0 40       	sbci	r29, 0x00	; 0
     b56:	0f b6       	in	r0, 0x3f	; 63
     b58:	f8 94       	cli
     b5a:	de bf       	out	0x3e, r29	; 62
     b5c:	0f be       	out	0x3f, r0	; 63
     b5e:	cd bf       	out	0x3d, r28	; 61
     b60:	fe 01       	movw	r30, r28
     b62:	e7 55       	subi	r30, 0x57	; 87
     b64:	ff 4f       	sbci	r31, 0xFF	; 255
     b66:	91 83       	std	Z+1, r25	; 0x01
     b68:	80 83       	st	Z, r24
     b6a:	fe 01       	movw	r30, r28
     b6c:	e5 55       	subi	r30, 0x55	; 85
     b6e:	ff 4f       	sbci	r31, 0xFF	; 255
     b70:	60 83       	st	Z, r22
     b72:	fe 01       	movw	r30, r28
     b74:	e4 55       	subi	r30, 0x54	; 84
     b76:	ff 4f       	sbci	r31, 0xFF	; 255
     b78:	51 83       	std	Z+1, r21	; 0x01
     b7a:	40 83       	st	Z, r20
     b7c:	fe 01       	movw	r30, r28
     b7e:	e2 55       	subi	r30, 0x52	; 82
     b80:	ff 4f       	sbci	r31, 0xFF	; 255
     b82:	20 83       	st	Z, r18
	for(i=5;i>=0;i--)
     b84:	fe 01       	movw	r30, r28
     b86:	e5 55       	subi	r30, 0x55	; 85
     b88:	ff 4f       	sbci	r31, 0xFF	; 255
     b8a:	85 e0       	ldi	r24, 0x05	; 5
     b8c:	80 83       	st	Z, r24
	{
		set_bit(PORTC,3);//set led green
     b8e:	a5 e3       	ldi	r26, 0x35	; 53
     b90:	b0 e0       	ldi	r27, 0x00	; 0
     b92:	e5 e3       	ldi	r30, 0x35	; 53
     b94:	f0 e0       	ldi	r31, 0x00	; 0
     b96:	80 81       	ld	r24, Z
     b98:	88 60       	ori	r24, 0x08	; 8
     b9a:	8c 93       	st	X, r24
		PORTB=segarr[i];
     b9c:	a8 e3       	ldi	r26, 0x38	; 56
     b9e:	b0 e0       	ldi	r27, 0x00	; 0
     ba0:	fe 01       	movw	r30, r28
     ba2:	e5 55       	subi	r30, 0x55	; 85
     ba4:	ff 4f       	sbci	r31, 0xFF	; 255
     ba6:	80 81       	ld	r24, Z
     ba8:	28 2f       	mov	r18, r24
     baa:	30 e0       	ldi	r19, 0x00	; 0
     bac:	fe 01       	movw	r30, r28
     bae:	e7 55       	subi	r30, 0x57	; 87
     bb0:	ff 4f       	sbci	r31, 0xFF	; 255
     bb2:	80 81       	ld	r24, Z
     bb4:	91 81       	ldd	r25, Z+1	; 0x01
     bb6:	fc 01       	movw	r30, r24
     bb8:	e2 0f       	add	r30, r18
     bba:	f3 1f       	adc	r31, r19
     bbc:	80 81       	ld	r24, Z
     bbe:	8c 93       	st	X, r24
		if((i%2)==1)
     bc0:	fe 01       	movw	r30, r28
     bc2:	e5 55       	subi	r30, 0x55	; 85
     bc4:	ff 4f       	sbci	r31, 0xFF	; 255
     bc6:	80 81       	ld	r24, Z
     bc8:	88 2f       	mov	r24, r24
     bca:	90 e0       	ldi	r25, 0x00	; 0
     bcc:	81 70       	andi	r24, 0x01	; 1
     bce:	90 70       	andi	r25, 0x00	; 0
     bd0:	88 23       	and	r24, r24
     bd2:	09 f4       	brne	.+2      	; 0xbd6 <seven+0x90>
     bd4:	54 c0       	rjmp	.+168    	; 0xc7e <seven+0x138>
		{
		lcd_init();
     bd6:	0e 94 16 10 	call	0x202c	; 0x202c <lcd_init>
		lcd_writecommand(0b10000000);
     bda:	80 e8       	ldi	r24, 0x80	; 128
     bdc:	0e 94 fd 11 	call	0x23fa	; 0x23fa <lcd_writecommand>
							lcd_writedata('I');
     be0:	89 e4       	ldi	r24, 0x49	; 73
     be2:	0e 94 a3 12 	call	0x2546	; 0x2546 <lcd_writedata>
							lcd_writedata('M');
     be6:	8d e4       	ldi	r24, 0x4D	; 77
     be8:	0e 94 a3 12 	call	0x2546	; 0x2546 <lcd_writedata>
							lcd_writedata('T');
     bec:	84 e5       	ldi	r24, 0x54	; 84
     bee:	0e 94 a3 12 	call	0x2546	; 0x2546 <lcd_writedata>
							lcd_writedata(' ');
     bf2:	80 e2       	ldi	r24, 0x20	; 32
     bf4:	0e 94 a3 12 	call	0x2546	; 0x2546 <lcd_writedata>
							lcd_writedata('S');
     bf8:	83 e5       	ldi	r24, 0x53	; 83
     bfa:	0e 94 a3 12 	call	0x2546	; 0x2546 <lcd_writedata>
							lcd_writedata('c');
     bfe:	83 e6       	ldi	r24, 0x63	; 99
     c00:	0e 94 a3 12 	call	0x2546	; 0x2546 <lcd_writedata>
							lcd_writedata('h');
     c04:	88 e6       	ldi	r24, 0x68	; 104
     c06:	0e 94 a3 12 	call	0x2546	; 0x2546 <lcd_writedata>
							lcd_writedata('o');
     c0a:	8f e6       	ldi	r24, 0x6F	; 111
     c0c:	0e 94 a3 12 	call	0x2546	; 0x2546 <lcd_writedata>
							lcd_writedata('o');
     c10:	8f e6       	ldi	r24, 0x6F	; 111
     c12:	0e 94 a3 12 	call	0x2546	; 0x2546 <lcd_writedata>
							lcd_writedata('l');
     c16:	8c e6       	ldi	r24, 0x6C	; 108
     c18:	0e 94 a3 12 	call	0x2546	; 0x2546 <lcd_writedata>
							lcd_writecommand(0xc0);//move cursor to second row
     c1c:	80 ec       	ldi	r24, 0xC0	; 192
     c1e:	0e 94 fd 11 	call	0x23fa	; 0x23fa <lcd_writecommand>
							lcd_writedata('B');
     c22:	82 e4       	ldi	r24, 0x42	; 66
     c24:	0e 94 a3 12 	call	0x2546	; 0x2546 <lcd_writedata>
							lcd_writedata('e');
     c28:	85 e6       	ldi	r24, 0x65	; 101
     c2a:	0e 94 a3 12 	call	0x2546	; 0x2546 <lcd_writedata>
							lcd_writedata('s');
     c2e:	83 e7       	ldi	r24, 0x73	; 115
     c30:	0e 94 a3 12 	call	0x2546	; 0x2546 <lcd_writedata>
							lcd_writedata('t');
     c34:	84 e7       	ldi	r24, 0x74	; 116
     c36:	0e 94 a3 12 	call	0x2546	; 0x2546 <lcd_writedata>
							lcd_writedata(' ');
     c3a:	80 e2       	ldi	r24, 0x20	; 32
     c3c:	0e 94 a3 12 	call	0x2546	; 0x2546 <lcd_writedata>
							lcd_writedata('E');
     c40:	85 e4       	ldi	r24, 0x45	; 69
     c42:	0e 94 a3 12 	call	0x2546	; 0x2546 <lcd_writedata>
							lcd_writedata('s');
     c46:	83 e7       	ldi	r24, 0x73	; 115
     c48:	0e 94 a3 12 	call	0x2546	; 0x2546 <lcd_writedata>
							lcd_writedata(' ');
     c4c:	80 e2       	ldi	r24, 0x20	; 32
     c4e:	0e 94 a3 12 	call	0x2546	; 0x2546 <lcd_writedata>
							lcd_writedata('C');
     c52:	83 e4       	ldi	r24, 0x43	; 67
     c54:	0e 94 a3 12 	call	0x2546	; 0x2546 <lcd_writedata>
							lcd_writedata('e');
     c58:	85 e6       	ldi	r24, 0x65	; 101
     c5a:	0e 94 a3 12 	call	0x2546	; 0x2546 <lcd_writedata>
							lcd_writedata('n');
     c5e:	8e e6       	ldi	r24, 0x6E	; 110
     c60:	0e 94 a3 12 	call	0x2546	; 0x2546 <lcd_writedata>
							lcd_writedata('t');
     c64:	84 e7       	ldi	r24, 0x74	; 116
     c66:	0e 94 a3 12 	call	0x2546	; 0x2546 <lcd_writedata>
							lcd_writedata('e');
     c6a:	85 e6       	ldi	r24, 0x65	; 101
     c6c:	0e 94 a3 12 	call	0x2546	; 0x2546 <lcd_writedata>
							lcd_writedata('r');
     c70:	82 e7       	ldi	r24, 0x72	; 114
     c72:	0e 94 a3 12 	call	0x2546	; 0x2546 <lcd_writedata>
							lcd_writecommand(0x0c);//display on,cursor off
     c76:	8c e0       	ldi	r24, 0x0C	; 12
     c78:	0e 94 fd 11 	call	0x23fa	; 0x23fa <lcd_writecommand>
     c7c:	60 c0       	rjmp	.+192    	; 0xd3e <seven+0x1f8>
			}else
			{
						lcd_writecommand(0x01);//make clear lcd
     c7e:	81 e0       	ldi	r24, 0x01	; 1
     c80:	0e 94 fd 11 	call	0x23fa	; 0x23fa <lcd_writecommand>
							lcd_writedata('M');
     c84:	8d e4       	ldi	r24, 0x4D	; 77
     c86:	0e 94 a3 12 	call	0x2546	; 0x2546 <lcd_writedata>
							lcd_writedata('o');
     c8a:	8f e6       	ldi	r24, 0x6F	; 111
     c8c:	0e 94 a3 12 	call	0x2546	; 0x2546 <lcd_writedata>
							lcd_writedata('d');
     c90:	84 e6       	ldi	r24, 0x64	; 100
     c92:	0e 94 a3 12 	call	0x2546	; 0x2546 <lcd_writedata>
							lcd_writedata('e');
     c96:	85 e6       	ldi	r24, 0x65	; 101
     c98:	0e 94 a3 12 	call	0x2546	; 0x2546 <lcd_writedata>
							lcd_writedata('r');
     c9c:	82 e7       	ldi	r24, 0x72	; 114
     c9e:	0e 94 a3 12 	call	0x2546	; 0x2546 <lcd_writedata>
							lcd_writedata('n');
     ca2:	8e e6       	ldi	r24, 0x6E	; 110
     ca4:	0e 94 a3 12 	call	0x2546	; 0x2546 <lcd_writedata>
							lcd_writedata(' ');
     ca8:	80 e2       	ldi	r24, 0x20	; 32
     caa:	0e 94 a3 12 	call	0x2546	; 0x2546 <lcd_writedata>
							lcd_writedata('A');
     cae:	81 e4       	ldi	r24, 0x41	; 65
     cb0:	0e 94 a3 12 	call	0x2546	; 0x2546 <lcd_writedata>
							lcd_writedata('c');
     cb4:	83 e6       	ldi	r24, 0x63	; 99
     cb6:	0e 94 a3 12 	call	0x2546	; 0x2546 <lcd_writedata>
							lcd_writedata('a');
     cba:	81 e6       	ldi	r24, 0x61	; 97
     cbc:	0e 94 a3 12 	call	0x2546	; 0x2546 <lcd_writedata>
							lcd_writedata('d');
     cc0:	84 e6       	ldi	r24, 0x64	; 100
     cc2:	0e 94 a3 12 	call	0x2546	; 0x2546 <lcd_writedata>
							lcd_writedata('e');
     cc6:	85 e6       	ldi	r24, 0x65	; 101
     cc8:	0e 94 a3 12 	call	0x2546	; 0x2546 <lcd_writedata>
							lcd_writedata('m');
     ccc:	8d e6       	ldi	r24, 0x6D	; 109
     cce:	0e 94 a3 12 	call	0x2546	; 0x2546 <lcd_writedata>
							lcd_writedata('y');
     cd2:	89 e7       	ldi	r24, 0x79	; 121
     cd4:	0e 94 a3 12 	call	0x2546	; 0x2546 <lcd_writedata>
							lcd_writecommand(0xc0);//move cursor to second row
     cd8:	80 ec       	ldi	r24, 0xC0	; 192
     cda:	0e 94 fd 11 	call	0x23fa	; 0x23fa <lcd_writecommand>
							lcd_writedata('F');
     cde:	86 e4       	ldi	r24, 0x46	; 70
     ce0:	0e 94 a3 12 	call	0x2546	; 0x2546 <lcd_writedata>
							lcd_writedata('o');
     ce4:	8f e6       	ldi	r24, 0x6F	; 111
     ce6:	0e 94 a3 12 	call	0x2546	; 0x2546 <lcd_writedata>
							lcd_writedata('r');
     cea:	82 e7       	ldi	r24, 0x72	; 114
     cec:	0e 94 a3 12 	call	0x2546	; 0x2546 <lcd_writedata>
							lcd_writedata(' ');
     cf0:	80 e2       	ldi	r24, 0x20	; 32
     cf2:	0e 94 a3 12 	call	0x2546	; 0x2546 <lcd_writedata>
							lcd_writedata('E');
     cf6:	85 e4       	ldi	r24, 0x45	; 69
     cf8:	0e 94 a3 12 	call	0x2546	; 0x2546 <lcd_writedata>
							lcd_writedata('n');
     cfc:	8e e6       	ldi	r24, 0x6E	; 110
     cfe:	0e 94 a3 12 	call	0x2546	; 0x2546 <lcd_writedata>
							lcd_writedata('g');
     d02:	87 e6       	ldi	r24, 0x67	; 103
     d04:	0e 94 a3 12 	call	0x2546	; 0x2546 <lcd_writedata>
							lcd_writedata('i');
     d08:	89 e6       	ldi	r24, 0x69	; 105
     d0a:	0e 94 a3 12 	call	0x2546	; 0x2546 <lcd_writedata>
							lcd_writedata('n');
     d0e:	8e e6       	ldi	r24, 0x6E	; 110
     d10:	0e 94 a3 12 	call	0x2546	; 0x2546 <lcd_writedata>
							lcd_writedata('e');
     d14:	85 e6       	ldi	r24, 0x65	; 101
     d16:	0e 94 a3 12 	call	0x2546	; 0x2546 <lcd_writedata>
							lcd_writedata('e');
     d1a:	85 e6       	ldi	r24, 0x65	; 101
     d1c:	0e 94 a3 12 	call	0x2546	; 0x2546 <lcd_writedata>
							lcd_writedata('r');
     d20:	82 e7       	ldi	r24, 0x72	; 114
     d22:	0e 94 a3 12 	call	0x2546	; 0x2546 <lcd_writedata>
							lcd_writedata('i');
     d26:	89 e6       	ldi	r24, 0x69	; 105
     d28:	0e 94 a3 12 	call	0x2546	; 0x2546 <lcd_writedata>
							lcd_writedata('n');
     d2c:	8e e6       	ldi	r24, 0x6E	; 110
     d2e:	0e 94 a3 12 	call	0x2546	; 0x2546 <lcd_writedata>
							lcd_writedata('g');
     d32:	87 e6       	ldi	r24, 0x67	; 103
     d34:	0e 94 a3 12 	call	0x2546	; 0x2546 <lcd_writedata>
							lcd_writecommand(0x0c);//display on,cursor off
     d38:	8c e0       	ldi	r24, 0x0C	; 12
     d3a:	0e 94 fd 11 	call	0x23fa	; 0x23fa <lcd_writecommand>
					}
		for(y=9;y>0;y--)
     d3e:	fe 01       	movw	r30, r28
     d40:	e2 55       	subi	r30, 0x52	; 82
     d42:	ff 4f       	sbci	r31, 0xFF	; 255
     d44:	89 e0       	ldi	r24, 0x09	; 9
     d46:	80 83       	st	Z, r24
     d48:	ce c0       	rjmp	.+412    	; 0xee6 <seven+0x3a0>
		{
			PORTA=seg[y];
     d4a:	ab e3       	ldi	r26, 0x3B	; 59
     d4c:	b0 e0       	ldi	r27, 0x00	; 0
     d4e:	fe 01       	movw	r30, r28
     d50:	e2 55       	subi	r30, 0x52	; 82
     d52:	ff 4f       	sbci	r31, 0xFF	; 255
     d54:	80 81       	ld	r24, Z
     d56:	28 2f       	mov	r18, r24
     d58:	30 e0       	ldi	r19, 0x00	; 0
     d5a:	fe 01       	movw	r30, r28
     d5c:	e4 55       	subi	r30, 0x54	; 84
     d5e:	ff 4f       	sbci	r31, 0xFF	; 255
     d60:	80 81       	ld	r24, Z
     d62:	91 81       	ldd	r25, Z+1	; 0x01
     d64:	fc 01       	movw	r30, r24
     d66:	e2 0f       	add	r30, r18
     d68:	f3 1f       	adc	r31, r19
     d6a:	80 81       	ld	r24, Z
     d6c:	8c 93       	st	X, r24
     d6e:	fe 01       	movw	r30, r28
     d70:	eb 55       	subi	r30, 0x5B	; 91
     d72:	ff 4f       	sbci	r31, 0xFF	; 255
     d74:	80 e0       	ldi	r24, 0x00	; 0
     d76:	90 e0       	ldi	r25, 0x00	; 0
     d78:	aa e7       	ldi	r26, 0x7A	; 122
     d7a:	b4 e4       	ldi	r27, 0x44	; 68
     d7c:	80 83       	st	Z, r24
     d7e:	91 83       	std	Z+1, r25	; 0x01
     d80:	a2 83       	std	Z+2, r26	; 0x02
     d82:	b3 83       	std	Z+3, r27	; 0x03
 */
void
_delay_ms(double __ms)
{
	uint16_t __ticks;
	double __tmp = ((F_CPU) / 4e3) * __ms;
     d84:	8e 01       	movw	r16, r28
     d86:	0f 55       	subi	r16, 0x5F	; 95
     d88:	1f 4f       	sbci	r17, 0xFF	; 255
     d8a:	fe 01       	movw	r30, r28
     d8c:	eb 55       	subi	r30, 0x5B	; 91
     d8e:	ff 4f       	sbci	r31, 0xFF	; 255
     d90:	60 81       	ld	r22, Z
     d92:	71 81       	ldd	r23, Z+1	; 0x01
     d94:	82 81       	ldd	r24, Z+2	; 0x02
     d96:	93 81       	ldd	r25, Z+3	; 0x03
     d98:	20 e0       	ldi	r18, 0x00	; 0
     d9a:	30 e0       	ldi	r19, 0x00	; 0
     d9c:	4a e7       	ldi	r20, 0x7A	; 122
     d9e:	55 e4       	ldi	r21, 0x45	; 69
     da0:	0e 94 1f 02 	call	0x43e	; 0x43e <__mulsf3>
     da4:	dc 01       	movw	r26, r24
     da6:	cb 01       	movw	r24, r22
     da8:	f8 01       	movw	r30, r16
     daa:	80 83       	st	Z, r24
     dac:	91 83       	std	Z+1, r25	; 0x01
     dae:	a2 83       	std	Z+2, r26	; 0x02
     db0:	b3 83       	std	Z+3, r27	; 0x03
	if (__tmp < 1.0)
     db2:	fe 01       	movw	r30, r28
     db4:	ef 55       	subi	r30, 0x5F	; 95
     db6:	ff 4f       	sbci	r31, 0xFF	; 255
     db8:	60 81       	ld	r22, Z
     dba:	71 81       	ldd	r23, Z+1	; 0x01
     dbc:	82 81       	ldd	r24, Z+2	; 0x02
     dbe:	93 81       	ldd	r25, Z+3	; 0x03
     dc0:	20 e0       	ldi	r18, 0x00	; 0
     dc2:	30 e0       	ldi	r19, 0x00	; 0
     dc4:	40 e8       	ldi	r20, 0x80	; 128
     dc6:	5f e3       	ldi	r21, 0x3F	; 63
     dc8:	0e 94 79 03 	call	0x6f2	; 0x6f2 <__ltsf2>
     dcc:	88 23       	and	r24, r24
     dce:	44 f4       	brge	.+16     	; 0xde0 <seven+0x29a>
		__ticks = 1;
     dd0:	fe 01       	movw	r30, r28
     dd2:	e1 56       	subi	r30, 0x61	; 97
     dd4:	ff 4f       	sbci	r31, 0xFF	; 255
     dd6:	81 e0       	ldi	r24, 0x01	; 1
     dd8:	90 e0       	ldi	r25, 0x00	; 0
     dda:	91 83       	std	Z+1, r25	; 0x01
     ddc:	80 83       	st	Z, r24
     dde:	64 c0       	rjmp	.+200    	; 0xea8 <seven+0x362>
	else if (__tmp > 65535)
     de0:	fe 01       	movw	r30, r28
     de2:	ef 55       	subi	r30, 0x5F	; 95
     de4:	ff 4f       	sbci	r31, 0xFF	; 255
     de6:	60 81       	ld	r22, Z
     de8:	71 81       	ldd	r23, Z+1	; 0x01
     dea:	82 81       	ldd	r24, Z+2	; 0x02
     dec:	93 81       	ldd	r25, Z+3	; 0x03
     dee:	20 e0       	ldi	r18, 0x00	; 0
     df0:	3f ef       	ldi	r19, 0xFF	; 255
     df2:	4f e7       	ldi	r20, 0x7F	; 127
     df4:	57 e4       	ldi	r21, 0x47	; 71
     df6:	0e 94 19 03 	call	0x632	; 0x632 <__gtsf2>
     dfa:	18 16       	cp	r1, r24
     dfc:	0c f0       	brlt	.+2      	; 0xe00 <seven+0x2ba>
     dfe:	43 c0       	rjmp	.+134    	; 0xe86 <seven+0x340>
	{
		//	__ticks = requested delay in 1/10 ms
		__ticks = (uint16_t) (__ms * 10.0);
     e00:	fe 01       	movw	r30, r28
     e02:	eb 55       	subi	r30, 0x5B	; 91
     e04:	ff 4f       	sbci	r31, 0xFF	; 255
     e06:	60 81       	ld	r22, Z
     e08:	71 81       	ldd	r23, Z+1	; 0x01
     e0a:	82 81       	ldd	r24, Z+2	; 0x02
     e0c:	93 81       	ldd	r25, Z+3	; 0x03
     e0e:	20 e0       	ldi	r18, 0x00	; 0
     e10:	30 e0       	ldi	r19, 0x00	; 0
     e12:	40 e2       	ldi	r20, 0x20	; 32
     e14:	51 e4       	ldi	r21, 0x41	; 65
     e16:	0e 94 1f 02 	call	0x43e	; 0x43e <__mulsf3>
     e1a:	dc 01       	movw	r26, r24
     e1c:	cb 01       	movw	r24, r22
     e1e:	8e 01       	movw	r16, r28
     e20:	01 56       	subi	r16, 0x61	; 97
     e22:	1f 4f       	sbci	r17, 0xFF	; 255
     e24:	bc 01       	movw	r22, r24
     e26:	cd 01       	movw	r24, r26
     e28:	0e 94 49 00 	call	0x92	; 0x92 <__fixunssfsi>
     e2c:	dc 01       	movw	r26, r24
     e2e:	cb 01       	movw	r24, r22
     e30:	f8 01       	movw	r30, r16
     e32:	91 83       	std	Z+1, r25	; 0x01
     e34:	80 83       	st	Z, r24
     e36:	1f c0       	rjmp	.+62     	; 0xe76 <seven+0x330>
     e38:	fe 01       	movw	r30, r28
     e3a:	e3 56       	subi	r30, 0x63	; 99
     e3c:	ff 4f       	sbci	r31, 0xFF	; 255
     e3e:	80 e9       	ldi	r24, 0x90	; 144
     e40:	91 e0       	ldi	r25, 0x01	; 1
     e42:	91 83       	std	Z+1, r25	; 0x01
     e44:	80 83       	st	Z, r24
    milliseconds can be achieved.
 */
void
_delay_loop_2(uint16_t __count)
{
	__asm__ volatile (
     e46:	fe 01       	movw	r30, r28
     e48:	e3 56       	subi	r30, 0x63	; 99
     e4a:	ff 4f       	sbci	r31, 0xFF	; 255
     e4c:	80 81       	ld	r24, Z
     e4e:	91 81       	ldd	r25, Z+1	; 0x01
     e50:	01 97       	sbiw	r24, 0x01	; 1
     e52:	f1 f7       	brne	.-4      	; 0xe50 <seven+0x30a>
     e54:	fe 01       	movw	r30, r28
     e56:	e3 56       	subi	r30, 0x63	; 99
     e58:	ff 4f       	sbci	r31, 0xFF	; 255
     e5a:	91 83       	std	Z+1, r25	; 0x01
     e5c:	80 83       	st	Z, r24
		while(__ticks)
		{
			// wait 1/10 ms
			_delay_loop_2(((F_CPU) / 4e3) / 10);
			__ticks --;
     e5e:	de 01       	movw	r26, r28
     e60:	a1 56       	subi	r26, 0x61	; 97
     e62:	bf 4f       	sbci	r27, 0xFF	; 255
     e64:	fe 01       	movw	r30, r28
     e66:	e1 56       	subi	r30, 0x61	; 97
     e68:	ff 4f       	sbci	r31, 0xFF	; 255
     e6a:	80 81       	ld	r24, Z
     e6c:	91 81       	ldd	r25, Z+1	; 0x01
     e6e:	01 97       	sbiw	r24, 0x01	; 1
     e70:	11 96       	adiw	r26, 0x01	; 1
     e72:	9c 93       	st	X, r25
     e74:	8e 93       	st	-X, r24
		__ticks = 1;
	else if (__tmp > 65535)
	{
		//	__ticks = requested delay in 1/10 ms
		__ticks = (uint16_t) (__ms * 10.0);
		while(__ticks)
     e76:	fe 01       	movw	r30, r28
     e78:	e1 56       	subi	r30, 0x61	; 97
     e7a:	ff 4f       	sbci	r31, 0xFF	; 255
     e7c:	80 81       	ld	r24, Z
     e7e:	91 81       	ldd	r25, Z+1	; 0x01
     e80:	00 97       	sbiw	r24, 0x00	; 0
     e82:	d1 f6       	brne	.-76     	; 0xe38 <seven+0x2f2>
     e84:	27 c0       	rjmp	.+78     	; 0xed4 <seven+0x38e>
			__ticks --;
		}
		return;
	}
	else
		__ticks = (uint16_t)__tmp;
     e86:	8e 01       	movw	r16, r28
     e88:	01 56       	subi	r16, 0x61	; 97
     e8a:	1f 4f       	sbci	r17, 0xFF	; 255
     e8c:	fe 01       	movw	r30, r28
     e8e:	ef 55       	subi	r30, 0x5F	; 95
     e90:	ff 4f       	sbci	r31, 0xFF	; 255
     e92:	60 81       	ld	r22, Z
     e94:	71 81       	ldd	r23, Z+1	; 0x01
     e96:	82 81       	ldd	r24, Z+2	; 0x02
     e98:	93 81       	ldd	r25, Z+3	; 0x03
     e9a:	0e 94 49 00 	call	0x92	; 0x92 <__fixunssfsi>
     e9e:	dc 01       	movw	r26, r24
     ea0:	cb 01       	movw	r24, r22
     ea2:	f8 01       	movw	r30, r16
     ea4:	91 83       	std	Z+1, r25	; 0x01
     ea6:	80 83       	st	Z, r24
     ea8:	de 01       	movw	r26, r28
     eaa:	a5 56       	subi	r26, 0x65	; 101
     eac:	bf 4f       	sbci	r27, 0xFF	; 255
     eae:	fe 01       	movw	r30, r28
     eb0:	e1 56       	subi	r30, 0x61	; 97
     eb2:	ff 4f       	sbci	r31, 0xFF	; 255
     eb4:	80 81       	ld	r24, Z
     eb6:	91 81       	ldd	r25, Z+1	; 0x01
     eb8:	8d 93       	st	X+, r24
     eba:	9c 93       	st	X, r25
     ebc:	fe 01       	movw	r30, r28
     ebe:	e5 56       	subi	r30, 0x65	; 101
     ec0:	ff 4f       	sbci	r31, 0xFF	; 255
     ec2:	80 81       	ld	r24, Z
     ec4:	91 81       	ldd	r25, Z+1	; 0x01
     ec6:	01 97       	sbiw	r24, 0x01	; 1
     ec8:	f1 f7       	brne	.-4      	; 0xec6 <seven+0x380>
     eca:	fe 01       	movw	r30, r28
     ecc:	e5 56       	subi	r30, 0x65	; 101
     ece:	ff 4f       	sbci	r31, 0xFF	; 255
     ed0:	91 83       	std	Z+1, r25	; 0x01
     ed2:	80 83       	st	Z, r24
							lcd_writedata('i');
							lcd_writedata('n');
							lcd_writedata('g');
							lcd_writecommand(0x0c);//display on,cursor off
					}
		for(y=9;y>0;y--)
     ed4:	de 01       	movw	r26, r28
     ed6:	a2 55       	subi	r26, 0x52	; 82
     ed8:	bf 4f       	sbci	r27, 0xFF	; 255
     eda:	fe 01       	movw	r30, r28
     edc:	e2 55       	subi	r30, 0x52	; 82
     ede:	ff 4f       	sbci	r31, 0xFF	; 255
     ee0:	80 81       	ld	r24, Z
     ee2:	81 50       	subi	r24, 0x01	; 1
     ee4:	8c 93       	st	X, r24
     ee6:	fe 01       	movw	r30, r28
     ee8:	e2 55       	subi	r30, 0x52	; 82
     eea:	ff 4f       	sbci	r31, 0xFF	; 255
     eec:	80 81       	ld	r24, Z
     eee:	88 23       	and	r24, r24
     ef0:	09 f0       	breq	.+2      	; 0xef4 <seven+0x3ae>
     ef2:	2b cf       	rjmp	.-426    	; 0xd4a <seven+0x204>
		{
			PORTA=seg[y];
			_delay_ms(1000);

		}
		PORTA=0b00000010;
     ef4:	eb e3       	ldi	r30, 0x3B	; 59
     ef6:	f0 e0       	ldi	r31, 0x00	; 0
     ef8:	82 e0       	ldi	r24, 0x02	; 2
     efa:	80 83       	st	Z, r24
     efc:	fe 01       	movw	r30, r28
     efe:	e9 56       	subi	r30, 0x69	; 105
     f00:	ff 4f       	sbci	r31, 0xFF	; 255
     f02:	80 e0       	ldi	r24, 0x00	; 0
     f04:	90 e0       	ldi	r25, 0x00	; 0
     f06:	aa e7       	ldi	r26, 0x7A	; 122
     f08:	b4 e4       	ldi	r27, 0x44	; 68
     f0a:	80 83       	st	Z, r24
     f0c:	91 83       	std	Z+1, r25	; 0x01
     f0e:	a2 83       	std	Z+2, r26	; 0x02
     f10:	b3 83       	std	Z+3, r27	; 0x03
 */
void
_delay_ms(double __ms)
{
	uint16_t __ticks;
	double __tmp = ((F_CPU) / 4e3) * __ms;
     f12:	8e 01       	movw	r16, r28
     f14:	0d 56       	subi	r16, 0x6D	; 109
     f16:	1f 4f       	sbci	r17, 0xFF	; 255
     f18:	fe 01       	movw	r30, r28
     f1a:	e9 56       	subi	r30, 0x69	; 105
     f1c:	ff 4f       	sbci	r31, 0xFF	; 255
     f1e:	60 81       	ld	r22, Z
     f20:	71 81       	ldd	r23, Z+1	; 0x01
     f22:	82 81       	ldd	r24, Z+2	; 0x02
     f24:	93 81       	ldd	r25, Z+3	; 0x03
     f26:	20 e0       	ldi	r18, 0x00	; 0
     f28:	30 e0       	ldi	r19, 0x00	; 0
     f2a:	4a e7       	ldi	r20, 0x7A	; 122
     f2c:	55 e4       	ldi	r21, 0x45	; 69
     f2e:	0e 94 1f 02 	call	0x43e	; 0x43e <__mulsf3>
     f32:	dc 01       	movw	r26, r24
     f34:	cb 01       	movw	r24, r22
     f36:	f8 01       	movw	r30, r16
     f38:	80 83       	st	Z, r24
     f3a:	91 83       	std	Z+1, r25	; 0x01
     f3c:	a2 83       	std	Z+2, r26	; 0x02
     f3e:	b3 83       	std	Z+3, r27	; 0x03
	if (__tmp < 1.0)
     f40:	fe 01       	movw	r30, r28
     f42:	ed 56       	subi	r30, 0x6D	; 109
     f44:	ff 4f       	sbci	r31, 0xFF	; 255
     f46:	60 81       	ld	r22, Z
     f48:	71 81       	ldd	r23, Z+1	; 0x01
     f4a:	82 81       	ldd	r24, Z+2	; 0x02
     f4c:	93 81       	ldd	r25, Z+3	; 0x03
     f4e:	20 e0       	ldi	r18, 0x00	; 0
     f50:	30 e0       	ldi	r19, 0x00	; 0
     f52:	40 e8       	ldi	r20, 0x80	; 128
     f54:	5f e3       	ldi	r21, 0x3F	; 63
     f56:	0e 94 79 03 	call	0x6f2	; 0x6f2 <__ltsf2>
     f5a:	88 23       	and	r24, r24
     f5c:	44 f4       	brge	.+16     	; 0xf6e <seven+0x428>
		__ticks = 1;
     f5e:	fe 01       	movw	r30, r28
     f60:	ef 56       	subi	r30, 0x6F	; 111
     f62:	ff 4f       	sbci	r31, 0xFF	; 255
     f64:	81 e0       	ldi	r24, 0x01	; 1
     f66:	90 e0       	ldi	r25, 0x00	; 0
     f68:	91 83       	std	Z+1, r25	; 0x01
     f6a:	80 83       	st	Z, r24
     f6c:	64 c0       	rjmp	.+200    	; 0x1036 <seven+0x4f0>
	else if (__tmp > 65535)
     f6e:	fe 01       	movw	r30, r28
     f70:	ed 56       	subi	r30, 0x6D	; 109
     f72:	ff 4f       	sbci	r31, 0xFF	; 255
     f74:	60 81       	ld	r22, Z
     f76:	71 81       	ldd	r23, Z+1	; 0x01
     f78:	82 81       	ldd	r24, Z+2	; 0x02
     f7a:	93 81       	ldd	r25, Z+3	; 0x03
     f7c:	20 e0       	ldi	r18, 0x00	; 0
     f7e:	3f ef       	ldi	r19, 0xFF	; 255
     f80:	4f e7       	ldi	r20, 0x7F	; 127
     f82:	57 e4       	ldi	r21, 0x47	; 71
     f84:	0e 94 19 03 	call	0x632	; 0x632 <__gtsf2>
     f88:	18 16       	cp	r1, r24
     f8a:	0c f0       	brlt	.+2      	; 0xf8e <seven+0x448>
     f8c:	43 c0       	rjmp	.+134    	; 0x1014 <seven+0x4ce>
	{
		//	__ticks = requested delay in 1/10 ms
		__ticks = (uint16_t) (__ms * 10.0);
     f8e:	fe 01       	movw	r30, r28
     f90:	e9 56       	subi	r30, 0x69	; 105
     f92:	ff 4f       	sbci	r31, 0xFF	; 255
     f94:	60 81       	ld	r22, Z
     f96:	71 81       	ldd	r23, Z+1	; 0x01
     f98:	82 81       	ldd	r24, Z+2	; 0x02
     f9a:	93 81       	ldd	r25, Z+3	; 0x03
     f9c:	20 e0       	ldi	r18, 0x00	; 0
     f9e:	30 e0       	ldi	r19, 0x00	; 0
     fa0:	40 e2       	ldi	r20, 0x20	; 32
     fa2:	51 e4       	ldi	r21, 0x41	; 65
     fa4:	0e 94 1f 02 	call	0x43e	; 0x43e <__mulsf3>
     fa8:	dc 01       	movw	r26, r24
     faa:	cb 01       	movw	r24, r22
     fac:	8e 01       	movw	r16, r28
     fae:	0f 56       	subi	r16, 0x6F	; 111
     fb0:	1f 4f       	sbci	r17, 0xFF	; 255
     fb2:	bc 01       	movw	r22, r24
     fb4:	cd 01       	movw	r24, r26
     fb6:	0e 94 49 00 	call	0x92	; 0x92 <__fixunssfsi>
     fba:	dc 01       	movw	r26, r24
     fbc:	cb 01       	movw	r24, r22
     fbe:	f8 01       	movw	r30, r16
     fc0:	91 83       	std	Z+1, r25	; 0x01
     fc2:	80 83       	st	Z, r24
     fc4:	1f c0       	rjmp	.+62     	; 0x1004 <seven+0x4be>
     fc6:	fe 01       	movw	r30, r28
     fc8:	e1 57       	subi	r30, 0x71	; 113
     fca:	ff 4f       	sbci	r31, 0xFF	; 255
     fcc:	80 e9       	ldi	r24, 0x90	; 144
     fce:	91 e0       	ldi	r25, 0x01	; 1
     fd0:	91 83       	std	Z+1, r25	; 0x01
     fd2:	80 83       	st	Z, r24
     fd4:	fe 01       	movw	r30, r28
     fd6:	e1 57       	subi	r30, 0x71	; 113
     fd8:	ff 4f       	sbci	r31, 0xFF	; 255
     fda:	80 81       	ld	r24, Z
     fdc:	91 81       	ldd	r25, Z+1	; 0x01
     fde:	01 97       	sbiw	r24, 0x01	; 1
     fe0:	f1 f7       	brne	.-4      	; 0xfde <seven+0x498>
     fe2:	fe 01       	movw	r30, r28
     fe4:	e1 57       	subi	r30, 0x71	; 113
     fe6:	ff 4f       	sbci	r31, 0xFF	; 255
     fe8:	91 83       	std	Z+1, r25	; 0x01
     fea:	80 83       	st	Z, r24
		while(__ticks)
		{
			// wait 1/10 ms
			_delay_loop_2(((F_CPU) / 4e3) / 10);
			__ticks --;
     fec:	de 01       	movw	r26, r28
     fee:	af 56       	subi	r26, 0x6F	; 111
     ff0:	bf 4f       	sbci	r27, 0xFF	; 255
     ff2:	fe 01       	movw	r30, r28
     ff4:	ef 56       	subi	r30, 0x6F	; 111
     ff6:	ff 4f       	sbci	r31, 0xFF	; 255
     ff8:	80 81       	ld	r24, Z
     ffa:	91 81       	ldd	r25, Z+1	; 0x01
     ffc:	01 97       	sbiw	r24, 0x01	; 1
     ffe:	11 96       	adiw	r26, 0x01	; 1
    1000:	9c 93       	st	X, r25
    1002:	8e 93       	st	-X, r24
		__ticks = 1;
	else if (__tmp > 65535)
	{
		//	__ticks = requested delay in 1/10 ms
		__ticks = (uint16_t) (__ms * 10.0);
		while(__ticks)
    1004:	fe 01       	movw	r30, r28
    1006:	ef 56       	subi	r30, 0x6F	; 111
    1008:	ff 4f       	sbci	r31, 0xFF	; 255
    100a:	80 81       	ld	r24, Z
    100c:	91 81       	ldd	r25, Z+1	; 0x01
    100e:	00 97       	sbiw	r24, 0x00	; 0
    1010:	d1 f6       	brne	.-76     	; 0xfc6 <seven+0x480>
    1012:	28 c0       	rjmp	.+80     	; 0x1064 <seven+0x51e>
			__ticks --;
		}
		return;
	}
	else
		__ticks = (uint16_t)__tmp;
    1014:	8e 01       	movw	r16, r28
    1016:	0f 56       	subi	r16, 0x6F	; 111
    1018:	1f 4f       	sbci	r17, 0xFF	; 255
    101a:	fe 01       	movw	r30, r28
    101c:	ed 56       	subi	r30, 0x6D	; 109
    101e:	ff 4f       	sbci	r31, 0xFF	; 255
    1020:	60 81       	ld	r22, Z
    1022:	71 81       	ldd	r23, Z+1	; 0x01
    1024:	82 81       	ldd	r24, Z+2	; 0x02
    1026:	93 81       	ldd	r25, Z+3	; 0x03
    1028:	0e 94 49 00 	call	0x92	; 0x92 <__fixunssfsi>
    102c:	dc 01       	movw	r26, r24
    102e:	cb 01       	movw	r24, r22
    1030:	f8 01       	movw	r30, r16
    1032:	91 83       	std	Z+1, r25	; 0x01
    1034:	80 83       	st	Z, r24
    1036:	de 01       	movw	r26, r28
    1038:	a3 57       	subi	r26, 0x73	; 115
    103a:	bf 4f       	sbci	r27, 0xFF	; 255
    103c:	fe 01       	movw	r30, r28
    103e:	ef 56       	subi	r30, 0x6F	; 111
    1040:	ff 4f       	sbci	r31, 0xFF	; 255
    1042:	80 81       	ld	r24, Z
    1044:	91 81       	ldd	r25, Z+1	; 0x01
    1046:	11 96       	adiw	r26, 0x01	; 1
    1048:	9c 93       	st	X, r25
    104a:	8e 93       	st	-X, r24
    104c:	fe 01       	movw	r30, r28
    104e:	e3 57       	subi	r30, 0x73	; 115
    1050:	ff 4f       	sbci	r31, 0xFF	; 255
    1052:	80 81       	ld	r24, Z
    1054:	91 81       	ldd	r25, Z+1	; 0x01
    1056:	01 97       	sbiw	r24, 0x01	; 1
    1058:	f1 f7       	brne	.-4      	; 0x1056 <seven+0x510>
    105a:	fe 01       	movw	r30, r28
    105c:	e3 57       	subi	r30, 0x73	; 115
    105e:	ff 4f       	sbci	r31, 0xFF	; 255
    1060:	91 83       	std	Z+1, r25	; 0x01
    1062:	80 83       	st	Z, r24

				_delay_ms(1000);
				if(i==0)
    1064:	fe 01       	movw	r30, r28
    1066:	e5 55       	subi	r30, 0x55	; 85
    1068:	ff 4f       	sbci	r31, 0xFF	; 255
    106a:	80 81       	ld	r24, Z
    106c:	88 23       	and	r24, r24
    106e:	29 f4       	brne	.+10     	; 0x107a <seven+0x534>
				{
					if(PORTA==0b00000010)
    1070:	eb e3       	ldi	r30, 0x3B	; 59
    1072:	f0 e0       	ldi	r31, 0x00	; 0
    1074:	80 81       	ld	r24, Z
    1076:	82 30       	cpi	r24, 0x02	; 2
    1078:	51 f0       	breq	.+20     	; 0x108e <seven+0x548>
 * the buzzer to give the beep and the gate is closing and while counting segement to next
 * for loop counting red and next become yellow and the buzzer is giving a beep and the gate
 * is open */
extern void seven(u8 segarr[],u8 i,u8 seg[],u8 y)
{
	for(i=5;i>=0;i--)
    107a:	de 01       	movw	r26, r28
    107c:	a5 55       	subi	r26, 0x55	; 85
    107e:	bf 4f       	sbci	r27, 0xFF	; 255
    1080:	fe 01       	movw	r30, r28
    1082:	e5 55       	subi	r30, 0x55	; 85
    1084:	ff 4f       	sbci	r31, 0xFF	; 255
    1086:	80 81       	ld	r24, Z
    1088:	81 50       	subi	r24, 0x01	; 1
    108a:	8c 93       	st	X, r24
    108c:	80 cd       	rjmp	.-1280   	; 0xb8e <seven+0x48>
					if(PORTA==0b00000010)
					break;
				}

	}
	clr_bit(PORTC,3);//clear led green
    108e:	a5 e3       	ldi	r26, 0x35	; 53
    1090:	b0 e0       	ldi	r27, 0x00	; 0
    1092:	e5 e3       	ldi	r30, 0x35	; 53
    1094:	f0 e0       	ldi	r31, 0x00	; 0
    1096:	80 81       	ld	r24, Z
    1098:	87 7f       	andi	r24, 0xF7	; 247
    109a:	8c 93       	st	X, r24
	set_bit(PORTC,5);//set led green
    109c:	a5 e3       	ldi	r26, 0x35	; 53
    109e:	b0 e0       	ldi	r27, 0x00	; 0
    10a0:	e5 e3       	ldi	r30, 0x35	; 53
    10a2:	f0 e0       	ldi	r31, 0x00	; 0
    10a4:	80 81       	ld	r24, Z
    10a6:	80 62       	ori	r24, 0x20	; 32
    10a8:	8c 93       	st	X, r24
	PORTB=0b10011110;
    10aa:	e8 e3       	ldi	r30, 0x38	; 56
    10ac:	f0 e0       	ldi	r31, 0x00	; 0
    10ae:	8e e9       	ldi	r24, 0x9E	; 158
    10b0:	80 83       	st	Z, r24
	PORTA=0b00000010;
    10b2:	eb e3       	ldi	r30, 0x3B	; 59
    10b4:	f0 e0       	ldi	r31, 0x00	; 0
    10b6:	82 e0       	ldi	r24, 0x02	; 2
    10b8:	80 83       	st	Z, r24
    10ba:	fe 01       	movw	r30, r28
    10bc:	e7 57       	subi	r30, 0x77	; 119
    10be:	ff 4f       	sbci	r31, 0xFF	; 255
    10c0:	80 e0       	ldi	r24, 0x00	; 0
    10c2:	90 e0       	ldi	r25, 0x00	; 0
    10c4:	aa e7       	ldi	r26, 0x7A	; 122
    10c6:	b4 e4       	ldi	r27, 0x44	; 68
    10c8:	80 83       	st	Z, r24
    10ca:	91 83       	std	Z+1, r25	; 0x01
    10cc:	a2 83       	std	Z+2, r26	; 0x02
    10ce:	b3 83       	std	Z+3, r27	; 0x03
 */
void
_delay_ms(double __ms)
{
	uint16_t __ticks;
	double __tmp = ((F_CPU) / 4e3) * __ms;
    10d0:	8e 01       	movw	r16, r28
    10d2:	0b 57       	subi	r16, 0x7B	; 123
    10d4:	1f 4f       	sbci	r17, 0xFF	; 255
    10d6:	fe 01       	movw	r30, r28
    10d8:	e7 57       	subi	r30, 0x77	; 119
    10da:	ff 4f       	sbci	r31, 0xFF	; 255
    10dc:	60 81       	ld	r22, Z
    10de:	71 81       	ldd	r23, Z+1	; 0x01
    10e0:	82 81       	ldd	r24, Z+2	; 0x02
    10e2:	93 81       	ldd	r25, Z+3	; 0x03
    10e4:	20 e0       	ldi	r18, 0x00	; 0
    10e6:	30 e0       	ldi	r19, 0x00	; 0
    10e8:	4a e7       	ldi	r20, 0x7A	; 122
    10ea:	55 e4       	ldi	r21, 0x45	; 69
    10ec:	0e 94 1f 02 	call	0x43e	; 0x43e <__mulsf3>
    10f0:	dc 01       	movw	r26, r24
    10f2:	cb 01       	movw	r24, r22
    10f4:	f8 01       	movw	r30, r16
    10f6:	80 83       	st	Z, r24
    10f8:	91 83       	std	Z+1, r25	; 0x01
    10fa:	a2 83       	std	Z+2, r26	; 0x02
    10fc:	b3 83       	std	Z+3, r27	; 0x03
	if (__tmp < 1.0)
    10fe:	fe 01       	movw	r30, r28
    1100:	eb 57       	subi	r30, 0x7B	; 123
    1102:	ff 4f       	sbci	r31, 0xFF	; 255
    1104:	60 81       	ld	r22, Z
    1106:	71 81       	ldd	r23, Z+1	; 0x01
    1108:	82 81       	ldd	r24, Z+2	; 0x02
    110a:	93 81       	ldd	r25, Z+3	; 0x03
    110c:	20 e0       	ldi	r18, 0x00	; 0
    110e:	30 e0       	ldi	r19, 0x00	; 0
    1110:	40 e8       	ldi	r20, 0x80	; 128
    1112:	5f e3       	ldi	r21, 0x3F	; 63
    1114:	0e 94 79 03 	call	0x6f2	; 0x6f2 <__ltsf2>
    1118:	88 23       	and	r24, r24
    111a:	44 f4       	brge	.+16     	; 0x112c <seven+0x5e6>
		__ticks = 1;
    111c:	fe 01       	movw	r30, r28
    111e:	ed 57       	subi	r30, 0x7D	; 125
    1120:	ff 4f       	sbci	r31, 0xFF	; 255
    1122:	81 e0       	ldi	r24, 0x01	; 1
    1124:	90 e0       	ldi	r25, 0x00	; 0
    1126:	91 83       	std	Z+1, r25	; 0x01
    1128:	80 83       	st	Z, r24
    112a:	64 c0       	rjmp	.+200    	; 0x11f4 <seven+0x6ae>
	else if (__tmp > 65535)
    112c:	fe 01       	movw	r30, r28
    112e:	eb 57       	subi	r30, 0x7B	; 123
    1130:	ff 4f       	sbci	r31, 0xFF	; 255
    1132:	60 81       	ld	r22, Z
    1134:	71 81       	ldd	r23, Z+1	; 0x01
    1136:	82 81       	ldd	r24, Z+2	; 0x02
    1138:	93 81       	ldd	r25, Z+3	; 0x03
    113a:	20 e0       	ldi	r18, 0x00	; 0
    113c:	3f ef       	ldi	r19, 0xFF	; 255
    113e:	4f e7       	ldi	r20, 0x7F	; 127
    1140:	57 e4       	ldi	r21, 0x47	; 71
    1142:	0e 94 19 03 	call	0x632	; 0x632 <__gtsf2>
    1146:	18 16       	cp	r1, r24
    1148:	0c f0       	brlt	.+2      	; 0x114c <seven+0x606>
    114a:	43 c0       	rjmp	.+134    	; 0x11d2 <seven+0x68c>
	{
		//	__ticks = requested delay in 1/10 ms
		__ticks = (uint16_t) (__ms * 10.0);
    114c:	fe 01       	movw	r30, r28
    114e:	e7 57       	subi	r30, 0x77	; 119
    1150:	ff 4f       	sbci	r31, 0xFF	; 255
    1152:	60 81       	ld	r22, Z
    1154:	71 81       	ldd	r23, Z+1	; 0x01
    1156:	82 81       	ldd	r24, Z+2	; 0x02
    1158:	93 81       	ldd	r25, Z+3	; 0x03
    115a:	20 e0       	ldi	r18, 0x00	; 0
    115c:	30 e0       	ldi	r19, 0x00	; 0
    115e:	40 e2       	ldi	r20, 0x20	; 32
    1160:	51 e4       	ldi	r21, 0x41	; 65
    1162:	0e 94 1f 02 	call	0x43e	; 0x43e <__mulsf3>
    1166:	dc 01       	movw	r26, r24
    1168:	cb 01       	movw	r24, r22
    116a:	8e 01       	movw	r16, r28
    116c:	0d 57       	subi	r16, 0x7D	; 125
    116e:	1f 4f       	sbci	r17, 0xFF	; 255
    1170:	bc 01       	movw	r22, r24
    1172:	cd 01       	movw	r24, r26
    1174:	0e 94 49 00 	call	0x92	; 0x92 <__fixunssfsi>
    1178:	dc 01       	movw	r26, r24
    117a:	cb 01       	movw	r24, r22
    117c:	f8 01       	movw	r30, r16
    117e:	91 83       	std	Z+1, r25	; 0x01
    1180:	80 83       	st	Z, r24
    1182:	1f c0       	rjmp	.+62     	; 0x11c2 <seven+0x67c>
    1184:	fe 01       	movw	r30, r28
    1186:	ef 57       	subi	r30, 0x7F	; 127
    1188:	ff 4f       	sbci	r31, 0xFF	; 255
    118a:	80 e9       	ldi	r24, 0x90	; 144
    118c:	91 e0       	ldi	r25, 0x01	; 1
    118e:	91 83       	std	Z+1, r25	; 0x01
    1190:	80 83       	st	Z, r24
    1192:	fe 01       	movw	r30, r28
    1194:	ef 57       	subi	r30, 0x7F	; 127
    1196:	ff 4f       	sbci	r31, 0xFF	; 255
    1198:	80 81       	ld	r24, Z
    119a:	91 81       	ldd	r25, Z+1	; 0x01
    119c:	01 97       	sbiw	r24, 0x01	; 1
    119e:	f1 f7       	brne	.-4      	; 0x119c <seven+0x656>
    11a0:	fe 01       	movw	r30, r28
    11a2:	ef 57       	subi	r30, 0x7F	; 127
    11a4:	ff 4f       	sbci	r31, 0xFF	; 255
    11a6:	91 83       	std	Z+1, r25	; 0x01
    11a8:	80 83       	st	Z, r24
		while(__ticks)
		{
			// wait 1/10 ms
			_delay_loop_2(((F_CPU) / 4e3) / 10);
			__ticks --;
    11aa:	de 01       	movw	r26, r28
    11ac:	ad 57       	subi	r26, 0x7D	; 125
    11ae:	bf 4f       	sbci	r27, 0xFF	; 255
    11b0:	fe 01       	movw	r30, r28
    11b2:	ed 57       	subi	r30, 0x7D	; 125
    11b4:	ff 4f       	sbci	r31, 0xFF	; 255
    11b6:	80 81       	ld	r24, Z
    11b8:	91 81       	ldd	r25, Z+1	; 0x01
    11ba:	01 97       	sbiw	r24, 0x01	; 1
    11bc:	11 96       	adiw	r26, 0x01	; 1
    11be:	9c 93       	st	X, r25
    11c0:	8e 93       	st	-X, r24
		__ticks = 1;
	else if (__tmp > 65535)
	{
		//	__ticks = requested delay in 1/10 ms
		__ticks = (uint16_t) (__ms * 10.0);
		while(__ticks)
    11c2:	fe 01       	movw	r30, r28
    11c4:	ed 57       	subi	r30, 0x7D	; 125
    11c6:	ff 4f       	sbci	r31, 0xFF	; 255
    11c8:	80 81       	ld	r24, Z
    11ca:	91 81       	ldd	r25, Z+1	; 0x01
    11cc:	00 97       	sbiw	r24, 0x00	; 0
    11ce:	d1 f6       	brne	.-76     	; 0x1184 <seven+0x63e>
    11d0:	27 c0       	rjmp	.+78     	; 0x1220 <seven+0x6da>
			__ticks --;
		}
		return;
	}
	else
		__ticks = (uint16_t)__tmp;
    11d2:	8e 01       	movw	r16, r28
    11d4:	0d 57       	subi	r16, 0x7D	; 125
    11d6:	1f 4f       	sbci	r17, 0xFF	; 255
    11d8:	fe 01       	movw	r30, r28
    11da:	eb 57       	subi	r30, 0x7B	; 123
    11dc:	ff 4f       	sbci	r31, 0xFF	; 255
    11de:	60 81       	ld	r22, Z
    11e0:	71 81       	ldd	r23, Z+1	; 0x01
    11e2:	82 81       	ldd	r24, Z+2	; 0x02
    11e4:	93 81       	ldd	r25, Z+3	; 0x03
    11e6:	0e 94 49 00 	call	0x92	; 0x92 <__fixunssfsi>
    11ea:	dc 01       	movw	r26, r24
    11ec:	cb 01       	movw	r24, r22
    11ee:	f8 01       	movw	r30, r16
    11f0:	91 83       	std	Z+1, r25	; 0x01
    11f2:	80 83       	st	Z, r24
    11f4:	de 01       	movw	r26, r28
    11f6:	a1 58       	subi	r26, 0x81	; 129
    11f8:	bf 4f       	sbci	r27, 0xFF	; 255
    11fa:	fe 01       	movw	r30, r28
    11fc:	ed 57       	subi	r30, 0x7D	; 125
    11fe:	ff 4f       	sbci	r31, 0xFF	; 255
    1200:	80 81       	ld	r24, Z
    1202:	91 81       	ldd	r25, Z+1	; 0x01
    1204:	8d 93       	st	X+, r24
    1206:	9c 93       	st	X, r25
    1208:	fe 01       	movw	r30, r28
    120a:	e1 58       	subi	r30, 0x81	; 129
    120c:	ff 4f       	sbci	r31, 0xFF	; 255
    120e:	80 81       	ld	r24, Z
    1210:	91 81       	ldd	r25, Z+1	; 0x01
    1212:	01 97       	sbiw	r24, 0x01	; 1
    1214:	f1 f7       	brne	.-4      	; 0x1212 <seven+0x6cc>
    1216:	fe 01       	movw	r30, r28
    1218:	e1 58       	subi	r30, 0x81	; 129
    121a:	ff 4f       	sbci	r31, 0xFF	; 255
    121c:	91 83       	std	Z+1, r25	; 0x01
    121e:	80 83       	st	Z, r24
	_delay_ms(1000);
	PORTB=0b00000010;
    1220:	e8 e3       	ldi	r30, 0x38	; 56
    1222:	f0 e0       	ldi	r31, 0x00	; 0
    1224:	82 e0       	ldi	r24, 0x02	; 2
    1226:	80 83       	st	Z, r24

		set_bit(PORTC,6);//set motor
    1228:	a5 e3       	ldi	r26, 0x35	; 53
    122a:	b0 e0       	ldi	r27, 0x00	; 0
    122c:	e5 e3       	ldi	r30, 0x35	; 53
    122e:	f0 e0       	ldi	r31, 0x00	; 0
    1230:	80 81       	ld	r24, Z
    1232:	80 64       	ori	r24, 0x40	; 64
    1234:	8c 93       	st	X, r24
    1236:	fe 01       	movw	r30, r28
    1238:	e5 58       	subi	r30, 0x85	; 133
    123a:	ff 4f       	sbci	r31, 0xFF	; 255
    123c:	80 e0       	ldi	r24, 0x00	; 0
    123e:	90 e0       	ldi	r25, 0x00	; 0
    1240:	a6 e9       	ldi	r26, 0x96	; 150
    1242:	b3 e4       	ldi	r27, 0x43	; 67
    1244:	80 83       	st	Z, r24
    1246:	91 83       	std	Z+1, r25	; 0x01
    1248:	a2 83       	std	Z+2, r26	; 0x02
    124a:	b3 83       	std	Z+3, r27	; 0x03
 */
void
_delay_ms(double __ms)
{
	uint16_t __ticks;
	double __tmp = ((F_CPU) / 4e3) * __ms;
    124c:	8e 01       	movw	r16, r28
    124e:	09 58       	subi	r16, 0x89	; 137
    1250:	1f 4f       	sbci	r17, 0xFF	; 255
    1252:	fe 01       	movw	r30, r28
    1254:	e5 58       	subi	r30, 0x85	; 133
    1256:	ff 4f       	sbci	r31, 0xFF	; 255
    1258:	60 81       	ld	r22, Z
    125a:	71 81       	ldd	r23, Z+1	; 0x01
    125c:	82 81       	ldd	r24, Z+2	; 0x02
    125e:	93 81       	ldd	r25, Z+3	; 0x03
    1260:	20 e0       	ldi	r18, 0x00	; 0
    1262:	30 e0       	ldi	r19, 0x00	; 0
    1264:	4a e7       	ldi	r20, 0x7A	; 122
    1266:	55 e4       	ldi	r21, 0x45	; 69
    1268:	0e 94 1f 02 	call	0x43e	; 0x43e <__mulsf3>
    126c:	dc 01       	movw	r26, r24
    126e:	cb 01       	movw	r24, r22
    1270:	f8 01       	movw	r30, r16
    1272:	80 83       	st	Z, r24
    1274:	91 83       	std	Z+1, r25	; 0x01
    1276:	a2 83       	std	Z+2, r26	; 0x02
    1278:	b3 83       	std	Z+3, r27	; 0x03
	if (__tmp < 1.0)
    127a:	fe 01       	movw	r30, r28
    127c:	e9 58       	subi	r30, 0x89	; 137
    127e:	ff 4f       	sbci	r31, 0xFF	; 255
    1280:	60 81       	ld	r22, Z
    1282:	71 81       	ldd	r23, Z+1	; 0x01
    1284:	82 81       	ldd	r24, Z+2	; 0x02
    1286:	93 81       	ldd	r25, Z+3	; 0x03
    1288:	20 e0       	ldi	r18, 0x00	; 0
    128a:	30 e0       	ldi	r19, 0x00	; 0
    128c:	40 e8       	ldi	r20, 0x80	; 128
    128e:	5f e3       	ldi	r21, 0x3F	; 63
    1290:	0e 94 79 03 	call	0x6f2	; 0x6f2 <__ltsf2>
    1294:	88 23       	and	r24, r24
    1296:	44 f4       	brge	.+16     	; 0x12a8 <seven+0x762>
		__ticks = 1;
    1298:	fe 01       	movw	r30, r28
    129a:	eb 58       	subi	r30, 0x8B	; 139
    129c:	ff 4f       	sbci	r31, 0xFF	; 255
    129e:	81 e0       	ldi	r24, 0x01	; 1
    12a0:	90 e0       	ldi	r25, 0x00	; 0
    12a2:	91 83       	std	Z+1, r25	; 0x01
    12a4:	80 83       	st	Z, r24
    12a6:	64 c0       	rjmp	.+200    	; 0x1370 <seven+0x82a>
	else if (__tmp > 65535)
    12a8:	fe 01       	movw	r30, r28
    12aa:	e9 58       	subi	r30, 0x89	; 137
    12ac:	ff 4f       	sbci	r31, 0xFF	; 255
    12ae:	60 81       	ld	r22, Z
    12b0:	71 81       	ldd	r23, Z+1	; 0x01
    12b2:	82 81       	ldd	r24, Z+2	; 0x02
    12b4:	93 81       	ldd	r25, Z+3	; 0x03
    12b6:	20 e0       	ldi	r18, 0x00	; 0
    12b8:	3f ef       	ldi	r19, 0xFF	; 255
    12ba:	4f e7       	ldi	r20, 0x7F	; 127
    12bc:	57 e4       	ldi	r21, 0x47	; 71
    12be:	0e 94 19 03 	call	0x632	; 0x632 <__gtsf2>
    12c2:	18 16       	cp	r1, r24
    12c4:	0c f0       	brlt	.+2      	; 0x12c8 <seven+0x782>
    12c6:	43 c0       	rjmp	.+134    	; 0x134e <seven+0x808>
	{
		//	__ticks = requested delay in 1/10 ms
		__ticks = (uint16_t) (__ms * 10.0);
    12c8:	fe 01       	movw	r30, r28
    12ca:	e5 58       	subi	r30, 0x85	; 133
    12cc:	ff 4f       	sbci	r31, 0xFF	; 255
    12ce:	60 81       	ld	r22, Z
    12d0:	71 81       	ldd	r23, Z+1	; 0x01
    12d2:	82 81       	ldd	r24, Z+2	; 0x02
    12d4:	93 81       	ldd	r25, Z+3	; 0x03
    12d6:	20 e0       	ldi	r18, 0x00	; 0
    12d8:	30 e0       	ldi	r19, 0x00	; 0
    12da:	40 e2       	ldi	r20, 0x20	; 32
    12dc:	51 e4       	ldi	r21, 0x41	; 65
    12de:	0e 94 1f 02 	call	0x43e	; 0x43e <__mulsf3>
    12e2:	dc 01       	movw	r26, r24
    12e4:	cb 01       	movw	r24, r22
    12e6:	8e 01       	movw	r16, r28
    12e8:	0b 58       	subi	r16, 0x8B	; 139
    12ea:	1f 4f       	sbci	r17, 0xFF	; 255
    12ec:	bc 01       	movw	r22, r24
    12ee:	cd 01       	movw	r24, r26
    12f0:	0e 94 49 00 	call	0x92	; 0x92 <__fixunssfsi>
    12f4:	dc 01       	movw	r26, r24
    12f6:	cb 01       	movw	r24, r22
    12f8:	f8 01       	movw	r30, r16
    12fa:	91 83       	std	Z+1, r25	; 0x01
    12fc:	80 83       	st	Z, r24
    12fe:	1f c0       	rjmp	.+62     	; 0x133e <seven+0x7f8>
    1300:	fe 01       	movw	r30, r28
    1302:	ed 58       	subi	r30, 0x8D	; 141
    1304:	ff 4f       	sbci	r31, 0xFF	; 255
    1306:	80 e9       	ldi	r24, 0x90	; 144
    1308:	91 e0       	ldi	r25, 0x01	; 1
    130a:	91 83       	std	Z+1, r25	; 0x01
    130c:	80 83       	st	Z, r24
    130e:	fe 01       	movw	r30, r28
    1310:	ed 58       	subi	r30, 0x8D	; 141
    1312:	ff 4f       	sbci	r31, 0xFF	; 255
    1314:	80 81       	ld	r24, Z
    1316:	91 81       	ldd	r25, Z+1	; 0x01
    1318:	01 97       	sbiw	r24, 0x01	; 1
    131a:	f1 f7       	brne	.-4      	; 0x1318 <seven+0x7d2>
    131c:	fe 01       	movw	r30, r28
    131e:	ed 58       	subi	r30, 0x8D	; 141
    1320:	ff 4f       	sbci	r31, 0xFF	; 255
    1322:	91 83       	std	Z+1, r25	; 0x01
    1324:	80 83       	st	Z, r24
		while(__ticks)
		{
			// wait 1/10 ms
			_delay_loop_2(((F_CPU) / 4e3) / 10);
			__ticks --;
    1326:	de 01       	movw	r26, r28
    1328:	ab 58       	subi	r26, 0x8B	; 139
    132a:	bf 4f       	sbci	r27, 0xFF	; 255
    132c:	fe 01       	movw	r30, r28
    132e:	eb 58       	subi	r30, 0x8B	; 139
    1330:	ff 4f       	sbci	r31, 0xFF	; 255
    1332:	80 81       	ld	r24, Z
    1334:	91 81       	ldd	r25, Z+1	; 0x01
    1336:	01 97       	sbiw	r24, 0x01	; 1
    1338:	11 96       	adiw	r26, 0x01	; 1
    133a:	9c 93       	st	X, r25
    133c:	8e 93       	st	-X, r24
		__ticks = 1;
	else if (__tmp > 65535)
	{
		//	__ticks = requested delay in 1/10 ms
		__ticks = (uint16_t) (__ms * 10.0);
		while(__ticks)
    133e:	fe 01       	movw	r30, r28
    1340:	eb 58       	subi	r30, 0x8B	; 139
    1342:	ff 4f       	sbci	r31, 0xFF	; 255
    1344:	80 81       	ld	r24, Z
    1346:	91 81       	ldd	r25, Z+1	; 0x01
    1348:	00 97       	sbiw	r24, 0x00	; 0
    134a:	d1 f6       	brne	.-76     	; 0x1300 <seven+0x7ba>
    134c:	27 c0       	rjmp	.+78     	; 0x139c <seven+0x856>
			__ticks --;
		}
		return;
	}
	else
		__ticks = (uint16_t)__tmp;
    134e:	8e 01       	movw	r16, r28
    1350:	0b 58       	subi	r16, 0x8B	; 139
    1352:	1f 4f       	sbci	r17, 0xFF	; 255
    1354:	fe 01       	movw	r30, r28
    1356:	e9 58       	subi	r30, 0x89	; 137
    1358:	ff 4f       	sbci	r31, 0xFF	; 255
    135a:	60 81       	ld	r22, Z
    135c:	71 81       	ldd	r23, Z+1	; 0x01
    135e:	82 81       	ldd	r24, Z+2	; 0x02
    1360:	93 81       	ldd	r25, Z+3	; 0x03
    1362:	0e 94 49 00 	call	0x92	; 0x92 <__fixunssfsi>
    1366:	dc 01       	movw	r26, r24
    1368:	cb 01       	movw	r24, r22
    136a:	f8 01       	movw	r30, r16
    136c:	91 83       	std	Z+1, r25	; 0x01
    136e:	80 83       	st	Z, r24
    1370:	de 01       	movw	r26, r28
    1372:	af 58       	subi	r26, 0x8F	; 143
    1374:	bf 4f       	sbci	r27, 0xFF	; 255
    1376:	fe 01       	movw	r30, r28
    1378:	eb 58       	subi	r30, 0x8B	; 139
    137a:	ff 4f       	sbci	r31, 0xFF	; 255
    137c:	80 81       	ld	r24, Z
    137e:	91 81       	ldd	r25, Z+1	; 0x01
    1380:	8d 93       	st	X+, r24
    1382:	9c 93       	st	X, r25
    1384:	fe 01       	movw	r30, r28
    1386:	ef 58       	subi	r30, 0x8F	; 143
    1388:	ff 4f       	sbci	r31, 0xFF	; 255
    138a:	80 81       	ld	r24, Z
    138c:	91 81       	ldd	r25, Z+1	; 0x01
    138e:	01 97       	sbiw	r24, 0x01	; 1
    1390:	f1 f7       	brne	.-4      	; 0x138e <seven+0x848>
    1392:	fe 01       	movw	r30, r28
    1394:	ef 58       	subi	r30, 0x8F	; 143
    1396:	ff 4f       	sbci	r31, 0xFF	; 255
    1398:	91 83       	std	Z+1, r25	; 0x01
    139a:	80 83       	st	Z, r24
		_delay_ms(300);
		clr_bit(PORTC,6);
    139c:	a5 e3       	ldi	r26, 0x35	; 53
    139e:	b0 e0       	ldi	r27, 0x00	; 0
    13a0:	e5 e3       	ldi	r30, 0x35	; 53
    13a2:	f0 e0       	ldi	r31, 0x00	; 0
    13a4:	80 81       	ld	r24, Z
    13a6:	8f 7b       	andi	r24, 0xBF	; 191
    13a8:	8c 93       	st	X, r24
		set_bit(PORTB,0);
    13aa:	a8 e3       	ldi	r26, 0x38	; 56
    13ac:	b0 e0       	ldi	r27, 0x00	; 0
    13ae:	e8 e3       	ldi	r30, 0x38	; 56
    13b0:	f0 e0       	ldi	r31, 0x00	; 0
    13b2:	80 81       	ld	r24, Z
    13b4:	81 60       	ori	r24, 0x01	; 1
    13b6:	8c 93       	st	X, r24
		for(y=9;y>0;y--)
    13b8:	fe 01       	movw	r30, r28
    13ba:	e2 55       	subi	r30, 0x52	; 82
    13bc:	ff 4f       	sbci	r31, 0xFF	; 255
    13be:	89 e0       	ldi	r24, 0x09	; 9
    13c0:	80 83       	st	Z, r24
    13c2:	ce c0       	rjmp	.+412    	; 0x1560 <seven+0xa1a>
		{
			PORTA=seg[y];
    13c4:	ab e3       	ldi	r26, 0x3B	; 59
    13c6:	b0 e0       	ldi	r27, 0x00	; 0
    13c8:	fe 01       	movw	r30, r28
    13ca:	e2 55       	subi	r30, 0x52	; 82
    13cc:	ff 4f       	sbci	r31, 0xFF	; 255
    13ce:	80 81       	ld	r24, Z
    13d0:	28 2f       	mov	r18, r24
    13d2:	30 e0       	ldi	r19, 0x00	; 0
    13d4:	fe 01       	movw	r30, r28
    13d6:	e4 55       	subi	r30, 0x54	; 84
    13d8:	ff 4f       	sbci	r31, 0xFF	; 255
    13da:	80 81       	ld	r24, Z
    13dc:	91 81       	ldd	r25, Z+1	; 0x01
    13de:	fc 01       	movw	r30, r24
    13e0:	e2 0f       	add	r30, r18
    13e2:	f3 1f       	adc	r31, r19
    13e4:	80 81       	ld	r24, Z
    13e6:	8c 93       	st	X, r24
    13e8:	fe 01       	movw	r30, r28
    13ea:	e3 59       	subi	r30, 0x93	; 147
    13ec:	ff 4f       	sbci	r31, 0xFF	; 255
    13ee:	80 e0       	ldi	r24, 0x00	; 0
    13f0:	90 e0       	ldi	r25, 0x00	; 0
    13f2:	aa e7       	ldi	r26, 0x7A	; 122
    13f4:	b4 e4       	ldi	r27, 0x44	; 68
    13f6:	80 83       	st	Z, r24
    13f8:	91 83       	std	Z+1, r25	; 0x01
    13fa:	a2 83       	std	Z+2, r26	; 0x02
    13fc:	b3 83       	std	Z+3, r27	; 0x03
 */
void
_delay_ms(double __ms)
{
	uint16_t __ticks;
	double __tmp = ((F_CPU) / 4e3) * __ms;
    13fe:	8e 01       	movw	r16, r28
    1400:	07 59       	subi	r16, 0x97	; 151
    1402:	1f 4f       	sbci	r17, 0xFF	; 255
    1404:	fe 01       	movw	r30, r28
    1406:	e3 59       	subi	r30, 0x93	; 147
    1408:	ff 4f       	sbci	r31, 0xFF	; 255
    140a:	60 81       	ld	r22, Z
    140c:	71 81       	ldd	r23, Z+1	; 0x01
    140e:	82 81       	ldd	r24, Z+2	; 0x02
    1410:	93 81       	ldd	r25, Z+3	; 0x03
    1412:	20 e0       	ldi	r18, 0x00	; 0
    1414:	30 e0       	ldi	r19, 0x00	; 0
    1416:	4a e7       	ldi	r20, 0x7A	; 122
    1418:	55 e4       	ldi	r21, 0x45	; 69
    141a:	0e 94 1f 02 	call	0x43e	; 0x43e <__mulsf3>
    141e:	dc 01       	movw	r26, r24
    1420:	cb 01       	movw	r24, r22
    1422:	f8 01       	movw	r30, r16
    1424:	80 83       	st	Z, r24
    1426:	91 83       	std	Z+1, r25	; 0x01
    1428:	a2 83       	std	Z+2, r26	; 0x02
    142a:	b3 83       	std	Z+3, r27	; 0x03
	if (__tmp < 1.0)
    142c:	fe 01       	movw	r30, r28
    142e:	e7 59       	subi	r30, 0x97	; 151
    1430:	ff 4f       	sbci	r31, 0xFF	; 255
    1432:	60 81       	ld	r22, Z
    1434:	71 81       	ldd	r23, Z+1	; 0x01
    1436:	82 81       	ldd	r24, Z+2	; 0x02
    1438:	93 81       	ldd	r25, Z+3	; 0x03
    143a:	20 e0       	ldi	r18, 0x00	; 0
    143c:	30 e0       	ldi	r19, 0x00	; 0
    143e:	40 e8       	ldi	r20, 0x80	; 128
    1440:	5f e3       	ldi	r21, 0x3F	; 63
    1442:	0e 94 79 03 	call	0x6f2	; 0x6f2 <__ltsf2>
    1446:	88 23       	and	r24, r24
    1448:	44 f4       	brge	.+16     	; 0x145a <seven+0x914>
		__ticks = 1;
    144a:	fe 01       	movw	r30, r28
    144c:	e9 59       	subi	r30, 0x99	; 153
    144e:	ff 4f       	sbci	r31, 0xFF	; 255
    1450:	81 e0       	ldi	r24, 0x01	; 1
    1452:	90 e0       	ldi	r25, 0x00	; 0
    1454:	91 83       	std	Z+1, r25	; 0x01
    1456:	80 83       	st	Z, r24
    1458:	64 c0       	rjmp	.+200    	; 0x1522 <seven+0x9dc>
	else if (__tmp > 65535)
    145a:	fe 01       	movw	r30, r28
    145c:	e7 59       	subi	r30, 0x97	; 151
    145e:	ff 4f       	sbci	r31, 0xFF	; 255
    1460:	60 81       	ld	r22, Z
    1462:	71 81       	ldd	r23, Z+1	; 0x01
    1464:	82 81       	ldd	r24, Z+2	; 0x02
    1466:	93 81       	ldd	r25, Z+3	; 0x03
    1468:	20 e0       	ldi	r18, 0x00	; 0
    146a:	3f ef       	ldi	r19, 0xFF	; 255
    146c:	4f e7       	ldi	r20, 0x7F	; 127
    146e:	57 e4       	ldi	r21, 0x47	; 71
    1470:	0e 94 19 03 	call	0x632	; 0x632 <__gtsf2>
    1474:	18 16       	cp	r1, r24
    1476:	0c f0       	brlt	.+2      	; 0x147a <seven+0x934>
    1478:	43 c0       	rjmp	.+134    	; 0x1500 <seven+0x9ba>
	{
		//	__ticks = requested delay in 1/10 ms
		__ticks = (uint16_t) (__ms * 10.0);
    147a:	fe 01       	movw	r30, r28
    147c:	e3 59       	subi	r30, 0x93	; 147
    147e:	ff 4f       	sbci	r31, 0xFF	; 255
    1480:	60 81       	ld	r22, Z
    1482:	71 81       	ldd	r23, Z+1	; 0x01
    1484:	82 81       	ldd	r24, Z+2	; 0x02
    1486:	93 81       	ldd	r25, Z+3	; 0x03
    1488:	20 e0       	ldi	r18, 0x00	; 0
    148a:	30 e0       	ldi	r19, 0x00	; 0
    148c:	40 e2       	ldi	r20, 0x20	; 32
    148e:	51 e4       	ldi	r21, 0x41	; 65
    1490:	0e 94 1f 02 	call	0x43e	; 0x43e <__mulsf3>
    1494:	dc 01       	movw	r26, r24
    1496:	cb 01       	movw	r24, r22
    1498:	8e 01       	movw	r16, r28
    149a:	09 59       	subi	r16, 0x99	; 153
    149c:	1f 4f       	sbci	r17, 0xFF	; 255
    149e:	bc 01       	movw	r22, r24
    14a0:	cd 01       	movw	r24, r26
    14a2:	0e 94 49 00 	call	0x92	; 0x92 <__fixunssfsi>
    14a6:	dc 01       	movw	r26, r24
    14a8:	cb 01       	movw	r24, r22
    14aa:	f8 01       	movw	r30, r16
    14ac:	91 83       	std	Z+1, r25	; 0x01
    14ae:	80 83       	st	Z, r24
    14b0:	1f c0       	rjmp	.+62     	; 0x14f0 <seven+0x9aa>
    14b2:	fe 01       	movw	r30, r28
    14b4:	eb 59       	subi	r30, 0x9B	; 155
    14b6:	ff 4f       	sbci	r31, 0xFF	; 255
    14b8:	80 e9       	ldi	r24, 0x90	; 144
    14ba:	91 e0       	ldi	r25, 0x01	; 1
    14bc:	91 83       	std	Z+1, r25	; 0x01
    14be:	80 83       	st	Z, r24
    14c0:	fe 01       	movw	r30, r28
    14c2:	eb 59       	subi	r30, 0x9B	; 155
    14c4:	ff 4f       	sbci	r31, 0xFF	; 255
    14c6:	80 81       	ld	r24, Z
    14c8:	91 81       	ldd	r25, Z+1	; 0x01
    14ca:	01 97       	sbiw	r24, 0x01	; 1
    14cc:	f1 f7       	brne	.-4      	; 0x14ca <seven+0x984>
    14ce:	fe 01       	movw	r30, r28
    14d0:	eb 59       	subi	r30, 0x9B	; 155
    14d2:	ff 4f       	sbci	r31, 0xFF	; 255
    14d4:	91 83       	std	Z+1, r25	; 0x01
    14d6:	80 83       	st	Z, r24
		while(__ticks)
		{
			// wait 1/10 ms
			_delay_loop_2(((F_CPU) / 4e3) / 10);
			__ticks --;
    14d8:	de 01       	movw	r26, r28
    14da:	a9 59       	subi	r26, 0x99	; 153
    14dc:	bf 4f       	sbci	r27, 0xFF	; 255
    14de:	fe 01       	movw	r30, r28
    14e0:	e9 59       	subi	r30, 0x99	; 153
    14e2:	ff 4f       	sbci	r31, 0xFF	; 255
    14e4:	80 81       	ld	r24, Z
    14e6:	91 81       	ldd	r25, Z+1	; 0x01
    14e8:	01 97       	sbiw	r24, 0x01	; 1
    14ea:	11 96       	adiw	r26, 0x01	; 1
    14ec:	9c 93       	st	X, r25
    14ee:	8e 93       	st	-X, r24
		__ticks = 1;
	else if (__tmp > 65535)
	{
		//	__ticks = requested delay in 1/10 ms
		__ticks = (uint16_t) (__ms * 10.0);
		while(__ticks)
    14f0:	fe 01       	movw	r30, r28
    14f2:	e9 59       	subi	r30, 0x99	; 153
    14f4:	ff 4f       	sbci	r31, 0xFF	; 255
    14f6:	80 81       	ld	r24, Z
    14f8:	91 81       	ldd	r25, Z+1	; 0x01
    14fa:	00 97       	sbiw	r24, 0x00	; 0
    14fc:	d1 f6       	brne	.-76     	; 0x14b2 <seven+0x96c>
    14fe:	27 c0       	rjmp	.+78     	; 0x154e <seven+0xa08>
			__ticks --;
		}
		return;
	}
	else
		__ticks = (uint16_t)__tmp;
    1500:	8e 01       	movw	r16, r28
    1502:	09 59       	subi	r16, 0x99	; 153
    1504:	1f 4f       	sbci	r17, 0xFF	; 255
    1506:	fe 01       	movw	r30, r28
    1508:	e7 59       	subi	r30, 0x97	; 151
    150a:	ff 4f       	sbci	r31, 0xFF	; 255
    150c:	60 81       	ld	r22, Z
    150e:	71 81       	ldd	r23, Z+1	; 0x01
    1510:	82 81       	ldd	r24, Z+2	; 0x02
    1512:	93 81       	ldd	r25, Z+3	; 0x03
    1514:	0e 94 49 00 	call	0x92	; 0x92 <__fixunssfsi>
    1518:	dc 01       	movw	r26, r24
    151a:	cb 01       	movw	r24, r22
    151c:	f8 01       	movw	r30, r16
    151e:	91 83       	std	Z+1, r25	; 0x01
    1520:	80 83       	st	Z, r24
    1522:	de 01       	movw	r26, r28
    1524:	ad 59       	subi	r26, 0x9D	; 157
    1526:	bf 4f       	sbci	r27, 0xFF	; 255
    1528:	fe 01       	movw	r30, r28
    152a:	e9 59       	subi	r30, 0x99	; 153
    152c:	ff 4f       	sbci	r31, 0xFF	; 255
    152e:	80 81       	ld	r24, Z
    1530:	91 81       	ldd	r25, Z+1	; 0x01
    1532:	8d 93       	st	X+, r24
    1534:	9c 93       	st	X, r25
    1536:	fe 01       	movw	r30, r28
    1538:	ed 59       	subi	r30, 0x9D	; 157
    153a:	ff 4f       	sbci	r31, 0xFF	; 255
    153c:	80 81       	ld	r24, Z
    153e:	91 81       	ldd	r25, Z+1	; 0x01
    1540:	01 97       	sbiw	r24, 0x01	; 1
    1542:	f1 f7       	brne	.-4      	; 0x1540 <seven+0x9fa>
    1544:	fe 01       	movw	r30, r28
    1546:	ed 59       	subi	r30, 0x9D	; 157
    1548:	ff 4f       	sbci	r31, 0xFF	; 255
    154a:	91 83       	std	Z+1, r25	; 0x01
    154c:	80 83       	st	Z, r24

		set_bit(PORTC,6);//set motor
		_delay_ms(300);
		clr_bit(PORTC,6);
		set_bit(PORTB,0);
		for(y=9;y>0;y--)
    154e:	de 01       	movw	r26, r28
    1550:	a2 55       	subi	r26, 0x52	; 82
    1552:	bf 4f       	sbci	r27, 0xFF	; 255
    1554:	fe 01       	movw	r30, r28
    1556:	e2 55       	subi	r30, 0x52	; 82
    1558:	ff 4f       	sbci	r31, 0xFF	; 255
    155a:	80 81       	ld	r24, Z
    155c:	81 50       	subi	r24, 0x01	; 1
    155e:	8c 93       	st	X, r24
    1560:	fe 01       	movw	r30, r28
    1562:	e2 55       	subi	r30, 0x52	; 82
    1564:	ff 4f       	sbci	r31, 0xFF	; 255
    1566:	80 81       	ld	r24, Z
    1568:	88 23       	and	r24, r24
    156a:	09 f0       	breq	.+2      	; 0x156e <seven+0xa28>
    156c:	2b cf       	rjmp	.-426    	; 0x13c4 <seven+0x87e>
		{
			PORTA=seg[y];

			_delay_ms(1000);
		}
		PORTA=0b00000010;
    156e:	eb e3       	ldi	r30, 0x3B	; 59
    1570:	f0 e0       	ldi	r31, 0x00	; 0
    1572:	82 e0       	ldi	r24, 0x02	; 2
    1574:	80 83       	st	Z, r24
    1576:	fe 01       	movw	r30, r28
    1578:	e1 5a       	subi	r30, 0xA1	; 161
    157a:	ff 4f       	sbci	r31, 0xFF	; 255
    157c:	80 e0       	ldi	r24, 0x00	; 0
    157e:	90 e0       	ldi	r25, 0x00	; 0
    1580:	aa e7       	ldi	r26, 0x7A	; 122
    1582:	b4 e4       	ldi	r27, 0x44	; 68
    1584:	80 83       	st	Z, r24
    1586:	91 83       	std	Z+1, r25	; 0x01
    1588:	a2 83       	std	Z+2, r26	; 0x02
    158a:	b3 83       	std	Z+3, r27	; 0x03
 */
void
_delay_ms(double __ms)
{
	uint16_t __ticks;
	double __tmp = ((F_CPU) / 4e3) * __ms;
    158c:	8e 01       	movw	r16, r28
    158e:	05 5a       	subi	r16, 0xA5	; 165
    1590:	1f 4f       	sbci	r17, 0xFF	; 255
    1592:	fe 01       	movw	r30, r28
    1594:	e1 5a       	subi	r30, 0xA1	; 161
    1596:	ff 4f       	sbci	r31, 0xFF	; 255
    1598:	60 81       	ld	r22, Z
    159a:	71 81       	ldd	r23, Z+1	; 0x01
    159c:	82 81       	ldd	r24, Z+2	; 0x02
    159e:	93 81       	ldd	r25, Z+3	; 0x03
    15a0:	20 e0       	ldi	r18, 0x00	; 0
    15a2:	30 e0       	ldi	r19, 0x00	; 0
    15a4:	4a e7       	ldi	r20, 0x7A	; 122
    15a6:	55 e4       	ldi	r21, 0x45	; 69
    15a8:	0e 94 1f 02 	call	0x43e	; 0x43e <__mulsf3>
    15ac:	dc 01       	movw	r26, r24
    15ae:	cb 01       	movw	r24, r22
    15b0:	f8 01       	movw	r30, r16
    15b2:	80 83       	st	Z, r24
    15b4:	91 83       	std	Z+1, r25	; 0x01
    15b6:	a2 83       	std	Z+2, r26	; 0x02
    15b8:	b3 83       	std	Z+3, r27	; 0x03
	if (__tmp < 1.0)
    15ba:	fe 01       	movw	r30, r28
    15bc:	e5 5a       	subi	r30, 0xA5	; 165
    15be:	ff 4f       	sbci	r31, 0xFF	; 255
    15c0:	60 81       	ld	r22, Z
    15c2:	71 81       	ldd	r23, Z+1	; 0x01
    15c4:	82 81       	ldd	r24, Z+2	; 0x02
    15c6:	93 81       	ldd	r25, Z+3	; 0x03
    15c8:	20 e0       	ldi	r18, 0x00	; 0
    15ca:	30 e0       	ldi	r19, 0x00	; 0
    15cc:	40 e8       	ldi	r20, 0x80	; 128
    15ce:	5f e3       	ldi	r21, 0x3F	; 63
    15d0:	0e 94 79 03 	call	0x6f2	; 0x6f2 <__ltsf2>
    15d4:	88 23       	and	r24, r24
    15d6:	44 f4       	brge	.+16     	; 0x15e8 <seven+0xaa2>
		__ticks = 1;
    15d8:	fe 01       	movw	r30, r28
    15da:	e7 5a       	subi	r30, 0xA7	; 167
    15dc:	ff 4f       	sbci	r31, 0xFF	; 255
    15de:	81 e0       	ldi	r24, 0x01	; 1
    15e0:	90 e0       	ldi	r25, 0x00	; 0
    15e2:	91 83       	std	Z+1, r25	; 0x01
    15e4:	80 83       	st	Z, r24
    15e6:	64 c0       	rjmp	.+200    	; 0x16b0 <seven+0xb6a>
	else if (__tmp > 65535)
    15e8:	fe 01       	movw	r30, r28
    15ea:	e5 5a       	subi	r30, 0xA5	; 165
    15ec:	ff 4f       	sbci	r31, 0xFF	; 255
    15ee:	60 81       	ld	r22, Z
    15f0:	71 81       	ldd	r23, Z+1	; 0x01
    15f2:	82 81       	ldd	r24, Z+2	; 0x02
    15f4:	93 81       	ldd	r25, Z+3	; 0x03
    15f6:	20 e0       	ldi	r18, 0x00	; 0
    15f8:	3f ef       	ldi	r19, 0xFF	; 255
    15fa:	4f e7       	ldi	r20, 0x7F	; 127
    15fc:	57 e4       	ldi	r21, 0x47	; 71
    15fe:	0e 94 19 03 	call	0x632	; 0x632 <__gtsf2>
    1602:	18 16       	cp	r1, r24
    1604:	0c f0       	brlt	.+2      	; 0x1608 <seven+0xac2>
    1606:	43 c0       	rjmp	.+134    	; 0x168e <seven+0xb48>
	{
		//	__ticks = requested delay in 1/10 ms
		__ticks = (uint16_t) (__ms * 10.0);
    1608:	fe 01       	movw	r30, r28
    160a:	e1 5a       	subi	r30, 0xA1	; 161
    160c:	ff 4f       	sbci	r31, 0xFF	; 255
    160e:	60 81       	ld	r22, Z
    1610:	71 81       	ldd	r23, Z+1	; 0x01
    1612:	82 81       	ldd	r24, Z+2	; 0x02
    1614:	93 81       	ldd	r25, Z+3	; 0x03
    1616:	20 e0       	ldi	r18, 0x00	; 0
    1618:	30 e0       	ldi	r19, 0x00	; 0
    161a:	40 e2       	ldi	r20, 0x20	; 32
    161c:	51 e4       	ldi	r21, 0x41	; 65
    161e:	0e 94 1f 02 	call	0x43e	; 0x43e <__mulsf3>
    1622:	dc 01       	movw	r26, r24
    1624:	cb 01       	movw	r24, r22
    1626:	8e 01       	movw	r16, r28
    1628:	07 5a       	subi	r16, 0xA7	; 167
    162a:	1f 4f       	sbci	r17, 0xFF	; 255
    162c:	bc 01       	movw	r22, r24
    162e:	cd 01       	movw	r24, r26
    1630:	0e 94 49 00 	call	0x92	; 0x92 <__fixunssfsi>
    1634:	dc 01       	movw	r26, r24
    1636:	cb 01       	movw	r24, r22
    1638:	f8 01       	movw	r30, r16
    163a:	91 83       	std	Z+1, r25	; 0x01
    163c:	80 83       	st	Z, r24
    163e:	1f c0       	rjmp	.+62     	; 0x167e <seven+0xb38>
    1640:	fe 01       	movw	r30, r28
    1642:	e9 5a       	subi	r30, 0xA9	; 169
    1644:	ff 4f       	sbci	r31, 0xFF	; 255
    1646:	80 e9       	ldi	r24, 0x90	; 144
    1648:	91 e0       	ldi	r25, 0x01	; 1
    164a:	91 83       	std	Z+1, r25	; 0x01
    164c:	80 83       	st	Z, r24
    164e:	fe 01       	movw	r30, r28
    1650:	e9 5a       	subi	r30, 0xA9	; 169
    1652:	ff 4f       	sbci	r31, 0xFF	; 255
    1654:	80 81       	ld	r24, Z
    1656:	91 81       	ldd	r25, Z+1	; 0x01
    1658:	01 97       	sbiw	r24, 0x01	; 1
    165a:	f1 f7       	brne	.-4      	; 0x1658 <seven+0xb12>
    165c:	fe 01       	movw	r30, r28
    165e:	e9 5a       	subi	r30, 0xA9	; 169
    1660:	ff 4f       	sbci	r31, 0xFF	; 255
    1662:	91 83       	std	Z+1, r25	; 0x01
    1664:	80 83       	st	Z, r24
		while(__ticks)
		{
			// wait 1/10 ms
			_delay_loop_2(((F_CPU) / 4e3) / 10);
			__ticks --;
    1666:	de 01       	movw	r26, r28
    1668:	a7 5a       	subi	r26, 0xA7	; 167
    166a:	bf 4f       	sbci	r27, 0xFF	; 255
    166c:	fe 01       	movw	r30, r28
    166e:	e7 5a       	subi	r30, 0xA7	; 167
    1670:	ff 4f       	sbci	r31, 0xFF	; 255
    1672:	80 81       	ld	r24, Z
    1674:	91 81       	ldd	r25, Z+1	; 0x01
    1676:	01 97       	sbiw	r24, 0x01	; 1
    1678:	11 96       	adiw	r26, 0x01	; 1
    167a:	9c 93       	st	X, r25
    167c:	8e 93       	st	-X, r24
		__ticks = 1;
	else if (__tmp > 65535)
	{
		//	__ticks = requested delay in 1/10 ms
		__ticks = (uint16_t) (__ms * 10.0);
		while(__ticks)
    167e:	fe 01       	movw	r30, r28
    1680:	e7 5a       	subi	r30, 0xA7	; 167
    1682:	ff 4f       	sbci	r31, 0xFF	; 255
    1684:	80 81       	ld	r24, Z
    1686:	91 81       	ldd	r25, Z+1	; 0x01
    1688:	00 97       	sbiw	r24, 0x00	; 0
    168a:	d1 f6       	brne	.-76     	; 0x1640 <seven+0xafa>
    168c:	27 c0       	rjmp	.+78     	; 0x16dc <seven+0xb96>
			__ticks --;
		}
		return;
	}
	else
		__ticks = (uint16_t)__tmp;
    168e:	8e 01       	movw	r16, r28
    1690:	07 5a       	subi	r16, 0xA7	; 167
    1692:	1f 4f       	sbci	r17, 0xFF	; 255
    1694:	fe 01       	movw	r30, r28
    1696:	e5 5a       	subi	r30, 0xA5	; 165
    1698:	ff 4f       	sbci	r31, 0xFF	; 255
    169a:	60 81       	ld	r22, Z
    169c:	71 81       	ldd	r23, Z+1	; 0x01
    169e:	82 81       	ldd	r24, Z+2	; 0x02
    16a0:	93 81       	ldd	r25, Z+3	; 0x03
    16a2:	0e 94 49 00 	call	0x92	; 0x92 <__fixunssfsi>
    16a6:	dc 01       	movw	r26, r24
    16a8:	cb 01       	movw	r24, r22
    16aa:	f8 01       	movw	r30, r16
    16ac:	91 83       	std	Z+1, r25	; 0x01
    16ae:	80 83       	st	Z, r24
    16b0:	de 01       	movw	r26, r28
    16b2:	ab 5a       	subi	r26, 0xAB	; 171
    16b4:	bf 4f       	sbci	r27, 0xFF	; 255
    16b6:	fe 01       	movw	r30, r28
    16b8:	e7 5a       	subi	r30, 0xA7	; 167
    16ba:	ff 4f       	sbci	r31, 0xFF	; 255
    16bc:	80 81       	ld	r24, Z
    16be:	91 81       	ldd	r25, Z+1	; 0x01
    16c0:	8d 93       	st	X+, r24
    16c2:	9c 93       	st	X, r25
    16c4:	fe 01       	movw	r30, r28
    16c6:	eb 5a       	subi	r30, 0xAB	; 171
    16c8:	ff 4f       	sbci	r31, 0xFF	; 255
    16ca:	80 81       	ld	r24, Z
    16cc:	91 81       	ldd	r25, Z+1	; 0x01
    16ce:	01 97       	sbiw	r24, 0x01	; 1
    16d0:	f1 f7       	brne	.-4      	; 0x16ce <seven+0xb88>
    16d2:	fe 01       	movw	r30, r28
    16d4:	eb 5a       	subi	r30, 0xAB	; 171
    16d6:	ff 4f       	sbci	r31, 0xFF	; 255
    16d8:	91 83       	std	Z+1, r25	; 0x01
    16da:	80 83       	st	Z, r24
		_delay_ms(1000);
	clr_bit(PORTB,0);
    16dc:	a8 e3       	ldi	r26, 0x38	; 56
    16de:	b0 e0       	ldi	r27, 0x00	; 0
    16e0:	e8 e3       	ldi	r30, 0x38	; 56
    16e2:	f0 e0       	ldi	r31, 0x00	; 0
    16e4:	80 81       	ld	r24, Z
    16e6:	8e 7f       	andi	r24, 0xFE	; 254
    16e8:	8c 93       	st	X, r24
	for(i=5;i>=0;i--)
    16ea:	fe 01       	movw	r30, r28
    16ec:	e5 55       	subi	r30, 0x55	; 85
    16ee:	ff 4f       	sbci	r31, 0xFF	; 255
    16f0:	85 e0       	ldi	r24, 0x05	; 5
    16f2:	80 83       	st	Z, r24
		{
		clr_bit(PORTC,5);
    16f4:	a5 e3       	ldi	r26, 0x35	; 53
    16f6:	b0 e0       	ldi	r27, 0x00	; 0
    16f8:	e5 e3       	ldi	r30, 0x35	; 53
    16fa:	f0 e0       	ldi	r31, 0x00	; 0
    16fc:	80 81       	ld	r24, Z
    16fe:	8f 7d       	andi	r24, 0xDF	; 223
    1700:	8c 93       	st	X, r24
		clr_bit(PORTC,6);
    1702:	a5 e3       	ldi	r26, 0x35	; 53
    1704:	b0 e0       	ldi	r27, 0x00	; 0
    1706:	e5 e3       	ldi	r30, 0x35	; 53
    1708:	f0 e0       	ldi	r31, 0x00	; 0
    170a:	80 81       	ld	r24, Z
    170c:	8f 7b       	andi	r24, 0xBF	; 191
    170e:	8c 93       	st	X, r24
		set_bit(PORTC,4);
    1710:	a5 e3       	ldi	r26, 0x35	; 53
    1712:	b0 e0       	ldi	r27, 0x00	; 0
    1714:	e5 e3       	ldi	r30, 0x35	; 53
    1716:	f0 e0       	ldi	r31, 0x00	; 0
    1718:	80 81       	ld	r24, Z
    171a:	80 61       	ori	r24, 0x10	; 16
    171c:	8c 93       	st	X, r24
		PORTB=segarr[i];
    171e:	a8 e3       	ldi	r26, 0x38	; 56
    1720:	b0 e0       	ldi	r27, 0x00	; 0
    1722:	fe 01       	movw	r30, r28
    1724:	e5 55       	subi	r30, 0x55	; 85
    1726:	ff 4f       	sbci	r31, 0xFF	; 255
    1728:	80 81       	ld	r24, Z
    172a:	28 2f       	mov	r18, r24
    172c:	30 e0       	ldi	r19, 0x00	; 0
    172e:	fe 01       	movw	r30, r28
    1730:	e7 55       	subi	r30, 0x57	; 87
    1732:	ff 4f       	sbci	r31, 0xFF	; 255
    1734:	80 81       	ld	r24, Z
    1736:	91 81       	ldd	r25, Z+1	; 0x01
    1738:	fc 01       	movw	r30, r24
    173a:	e2 0f       	add	r30, r18
    173c:	f3 1f       	adc	r31, r19
    173e:	80 81       	ld	r24, Z
    1740:	8c 93       	st	X, r24
		if((i%2)==1)
    1742:	fe 01       	movw	r30, r28
    1744:	e5 55       	subi	r30, 0x55	; 85
    1746:	ff 4f       	sbci	r31, 0xFF	; 255
    1748:	80 81       	ld	r24, Z
    174a:	88 2f       	mov	r24, r24
    174c:	90 e0       	ldi	r25, 0x00	; 0
    174e:	81 70       	andi	r24, 0x01	; 1
    1750:	90 70       	andi	r25, 0x00	; 0
    1752:	88 23       	and	r24, r24
    1754:	09 f4       	brne	.+2      	; 0x1758 <seven+0xc12>
    1756:	54 c0       	rjmp	.+168    	; 0x1800 <seven+0xcba>
				{
				lcd_init();
    1758:	0e 94 16 10 	call	0x202c	; 0x202c <lcd_init>
				lcd_writecommand(0b10000000);
    175c:	80 e8       	ldi	r24, 0x80	; 128
    175e:	0e 94 fd 11 	call	0x23fa	; 0x23fa <lcd_writecommand>
									lcd_writedata('I');
    1762:	89 e4       	ldi	r24, 0x49	; 73
    1764:	0e 94 a3 12 	call	0x2546	; 0x2546 <lcd_writedata>
									lcd_writedata('M');
    1768:	8d e4       	ldi	r24, 0x4D	; 77
    176a:	0e 94 a3 12 	call	0x2546	; 0x2546 <lcd_writedata>
									lcd_writedata('T');
    176e:	84 e5       	ldi	r24, 0x54	; 84
    1770:	0e 94 a3 12 	call	0x2546	; 0x2546 <lcd_writedata>
									lcd_writedata(' ');
    1774:	80 e2       	ldi	r24, 0x20	; 32
    1776:	0e 94 a3 12 	call	0x2546	; 0x2546 <lcd_writedata>
									lcd_writedata('S');
    177a:	83 e5       	ldi	r24, 0x53	; 83
    177c:	0e 94 a3 12 	call	0x2546	; 0x2546 <lcd_writedata>
									lcd_writedata('c');
    1780:	83 e6       	ldi	r24, 0x63	; 99
    1782:	0e 94 a3 12 	call	0x2546	; 0x2546 <lcd_writedata>
									lcd_writedata('h');
    1786:	88 e6       	ldi	r24, 0x68	; 104
    1788:	0e 94 a3 12 	call	0x2546	; 0x2546 <lcd_writedata>
									lcd_writedata('o');
    178c:	8f e6       	ldi	r24, 0x6F	; 111
    178e:	0e 94 a3 12 	call	0x2546	; 0x2546 <lcd_writedata>
									lcd_writedata('o');
    1792:	8f e6       	ldi	r24, 0x6F	; 111
    1794:	0e 94 a3 12 	call	0x2546	; 0x2546 <lcd_writedata>
									lcd_writedata('l');
    1798:	8c e6       	ldi	r24, 0x6C	; 108
    179a:	0e 94 a3 12 	call	0x2546	; 0x2546 <lcd_writedata>
									lcd_writecommand(0xc0);//move cursor to second row
    179e:	80 ec       	ldi	r24, 0xC0	; 192
    17a0:	0e 94 fd 11 	call	0x23fa	; 0x23fa <lcd_writecommand>
									lcd_writedata('B');
    17a4:	82 e4       	ldi	r24, 0x42	; 66
    17a6:	0e 94 a3 12 	call	0x2546	; 0x2546 <lcd_writedata>
									lcd_writedata('e');
    17aa:	85 e6       	ldi	r24, 0x65	; 101
    17ac:	0e 94 a3 12 	call	0x2546	; 0x2546 <lcd_writedata>
									lcd_writedata('s');
    17b0:	83 e7       	ldi	r24, 0x73	; 115
    17b2:	0e 94 a3 12 	call	0x2546	; 0x2546 <lcd_writedata>
									lcd_writedata('t');
    17b6:	84 e7       	ldi	r24, 0x74	; 116
    17b8:	0e 94 a3 12 	call	0x2546	; 0x2546 <lcd_writedata>
									lcd_writedata(' ');
    17bc:	80 e2       	ldi	r24, 0x20	; 32
    17be:	0e 94 a3 12 	call	0x2546	; 0x2546 <lcd_writedata>
									lcd_writedata('E');
    17c2:	85 e4       	ldi	r24, 0x45	; 69
    17c4:	0e 94 a3 12 	call	0x2546	; 0x2546 <lcd_writedata>
									lcd_writedata('s');
    17c8:	83 e7       	ldi	r24, 0x73	; 115
    17ca:	0e 94 a3 12 	call	0x2546	; 0x2546 <lcd_writedata>
									lcd_writedata(' ');
    17ce:	80 e2       	ldi	r24, 0x20	; 32
    17d0:	0e 94 a3 12 	call	0x2546	; 0x2546 <lcd_writedata>
									lcd_writedata('C');
    17d4:	83 e4       	ldi	r24, 0x43	; 67
    17d6:	0e 94 a3 12 	call	0x2546	; 0x2546 <lcd_writedata>
									lcd_writedata('e');
    17da:	85 e6       	ldi	r24, 0x65	; 101
    17dc:	0e 94 a3 12 	call	0x2546	; 0x2546 <lcd_writedata>
									lcd_writedata('n');
    17e0:	8e e6       	ldi	r24, 0x6E	; 110
    17e2:	0e 94 a3 12 	call	0x2546	; 0x2546 <lcd_writedata>
									lcd_writedata('t');
    17e6:	84 e7       	ldi	r24, 0x74	; 116
    17e8:	0e 94 a3 12 	call	0x2546	; 0x2546 <lcd_writedata>
									lcd_writedata('e');
    17ec:	85 e6       	ldi	r24, 0x65	; 101
    17ee:	0e 94 a3 12 	call	0x2546	; 0x2546 <lcd_writedata>
									lcd_writedata('r');
    17f2:	82 e7       	ldi	r24, 0x72	; 114
    17f4:	0e 94 a3 12 	call	0x2546	; 0x2546 <lcd_writedata>
									lcd_writecommand(0x0c);//display on,cursor off
    17f8:	8c e0       	ldi	r24, 0x0C	; 12
    17fa:	0e 94 fd 11 	call	0x23fa	; 0x23fa <lcd_writecommand>
    17fe:	60 c0       	rjmp	.+192    	; 0x18c0 <seven+0xd7a>
					}else
					{
								lcd_writecommand(0x01);//make clear lcd
    1800:	81 e0       	ldi	r24, 0x01	; 1
    1802:	0e 94 fd 11 	call	0x23fa	; 0x23fa <lcd_writecommand>
									lcd_writedata('M');
    1806:	8d e4       	ldi	r24, 0x4D	; 77
    1808:	0e 94 a3 12 	call	0x2546	; 0x2546 <lcd_writedata>
									lcd_writedata('o');
    180c:	8f e6       	ldi	r24, 0x6F	; 111
    180e:	0e 94 a3 12 	call	0x2546	; 0x2546 <lcd_writedata>
									lcd_writedata('d');
    1812:	84 e6       	ldi	r24, 0x64	; 100
    1814:	0e 94 a3 12 	call	0x2546	; 0x2546 <lcd_writedata>
									lcd_writedata('e');
    1818:	85 e6       	ldi	r24, 0x65	; 101
    181a:	0e 94 a3 12 	call	0x2546	; 0x2546 <lcd_writedata>
									lcd_writedata('r');
    181e:	82 e7       	ldi	r24, 0x72	; 114
    1820:	0e 94 a3 12 	call	0x2546	; 0x2546 <lcd_writedata>
									lcd_writedata('n');
    1824:	8e e6       	ldi	r24, 0x6E	; 110
    1826:	0e 94 a3 12 	call	0x2546	; 0x2546 <lcd_writedata>
									lcd_writedata(' ');
    182a:	80 e2       	ldi	r24, 0x20	; 32
    182c:	0e 94 a3 12 	call	0x2546	; 0x2546 <lcd_writedata>
									lcd_writedata('A');
    1830:	81 e4       	ldi	r24, 0x41	; 65
    1832:	0e 94 a3 12 	call	0x2546	; 0x2546 <lcd_writedata>
									lcd_writedata('c');
    1836:	83 e6       	ldi	r24, 0x63	; 99
    1838:	0e 94 a3 12 	call	0x2546	; 0x2546 <lcd_writedata>
									lcd_writedata('a');
    183c:	81 e6       	ldi	r24, 0x61	; 97
    183e:	0e 94 a3 12 	call	0x2546	; 0x2546 <lcd_writedata>
									lcd_writedata('d');
    1842:	84 e6       	ldi	r24, 0x64	; 100
    1844:	0e 94 a3 12 	call	0x2546	; 0x2546 <lcd_writedata>
									lcd_writedata('e');
    1848:	85 e6       	ldi	r24, 0x65	; 101
    184a:	0e 94 a3 12 	call	0x2546	; 0x2546 <lcd_writedata>
									lcd_writedata('m');
    184e:	8d e6       	ldi	r24, 0x6D	; 109
    1850:	0e 94 a3 12 	call	0x2546	; 0x2546 <lcd_writedata>
									lcd_writedata('y');
    1854:	89 e7       	ldi	r24, 0x79	; 121
    1856:	0e 94 a3 12 	call	0x2546	; 0x2546 <lcd_writedata>
									lcd_writecommand(0xc0);//move cursor to second row
    185a:	80 ec       	ldi	r24, 0xC0	; 192
    185c:	0e 94 fd 11 	call	0x23fa	; 0x23fa <lcd_writecommand>
									lcd_writedata('F');
    1860:	86 e4       	ldi	r24, 0x46	; 70
    1862:	0e 94 a3 12 	call	0x2546	; 0x2546 <lcd_writedata>
									lcd_writedata('o');
    1866:	8f e6       	ldi	r24, 0x6F	; 111
    1868:	0e 94 a3 12 	call	0x2546	; 0x2546 <lcd_writedata>
									lcd_writedata('r');
    186c:	82 e7       	ldi	r24, 0x72	; 114
    186e:	0e 94 a3 12 	call	0x2546	; 0x2546 <lcd_writedata>
									lcd_writedata(' ');
    1872:	80 e2       	ldi	r24, 0x20	; 32
    1874:	0e 94 a3 12 	call	0x2546	; 0x2546 <lcd_writedata>
									lcd_writedata('E');
    1878:	85 e4       	ldi	r24, 0x45	; 69
    187a:	0e 94 a3 12 	call	0x2546	; 0x2546 <lcd_writedata>
									lcd_writedata('n');
    187e:	8e e6       	ldi	r24, 0x6E	; 110
    1880:	0e 94 a3 12 	call	0x2546	; 0x2546 <lcd_writedata>
									lcd_writedata('g');
    1884:	87 e6       	ldi	r24, 0x67	; 103
    1886:	0e 94 a3 12 	call	0x2546	; 0x2546 <lcd_writedata>
									lcd_writedata('i');
    188a:	89 e6       	ldi	r24, 0x69	; 105
    188c:	0e 94 a3 12 	call	0x2546	; 0x2546 <lcd_writedata>
									lcd_writedata('n');
    1890:	8e e6       	ldi	r24, 0x6E	; 110
    1892:	0e 94 a3 12 	call	0x2546	; 0x2546 <lcd_writedata>
									lcd_writedata('e');
    1896:	85 e6       	ldi	r24, 0x65	; 101
    1898:	0e 94 a3 12 	call	0x2546	; 0x2546 <lcd_writedata>
									lcd_writedata('e');
    189c:	85 e6       	ldi	r24, 0x65	; 101
    189e:	0e 94 a3 12 	call	0x2546	; 0x2546 <lcd_writedata>
									lcd_writedata('r');
    18a2:	82 e7       	ldi	r24, 0x72	; 114
    18a4:	0e 94 a3 12 	call	0x2546	; 0x2546 <lcd_writedata>
									lcd_writedata('i');
    18a8:	89 e6       	ldi	r24, 0x69	; 105
    18aa:	0e 94 a3 12 	call	0x2546	; 0x2546 <lcd_writedata>
									lcd_writedata('n');
    18ae:	8e e6       	ldi	r24, 0x6E	; 110
    18b0:	0e 94 a3 12 	call	0x2546	; 0x2546 <lcd_writedata>
									lcd_writedata('g');
    18b4:	87 e6       	ldi	r24, 0x67	; 103
    18b6:	0e 94 a3 12 	call	0x2546	; 0x2546 <lcd_writedata>
									lcd_writecommand(0x0c);//display on,cursor off
    18ba:	8c e0       	ldi	r24, 0x0C	; 12
    18bc:	0e 94 fd 11 	call	0x23fa	; 0x23fa <lcd_writecommand>
							}
				for(y=9;y>0;y--)
    18c0:	fe 01       	movw	r30, r28
    18c2:	e2 55       	subi	r30, 0x52	; 82
    18c4:	ff 4f       	sbci	r31, 0xFF	; 255
    18c6:	89 e0       	ldi	r24, 0x09	; 9
    18c8:	80 83       	st	Z, r24
    18ca:	ce c0       	rjmp	.+412    	; 0x1a68 <seven+0xf22>
				{
					PORTA=seg[y];
    18cc:	ab e3       	ldi	r26, 0x3B	; 59
    18ce:	b0 e0       	ldi	r27, 0x00	; 0
    18d0:	fe 01       	movw	r30, r28
    18d2:	e2 55       	subi	r30, 0x52	; 82
    18d4:	ff 4f       	sbci	r31, 0xFF	; 255
    18d6:	80 81       	ld	r24, Z
    18d8:	28 2f       	mov	r18, r24
    18da:	30 e0       	ldi	r19, 0x00	; 0
    18dc:	fe 01       	movw	r30, r28
    18de:	e4 55       	subi	r30, 0x54	; 84
    18e0:	ff 4f       	sbci	r31, 0xFF	; 255
    18e2:	80 81       	ld	r24, Z
    18e4:	91 81       	ldd	r25, Z+1	; 0x01
    18e6:	fc 01       	movw	r30, r24
    18e8:	e2 0f       	add	r30, r18
    18ea:	f3 1f       	adc	r31, r19
    18ec:	80 81       	ld	r24, Z
    18ee:	8c 93       	st	X, r24
    18f0:	fe 01       	movw	r30, r28
    18f2:	ef 5a       	subi	r30, 0xAF	; 175
    18f4:	ff 4f       	sbci	r31, 0xFF	; 255
    18f6:	80 e0       	ldi	r24, 0x00	; 0
    18f8:	90 e0       	ldi	r25, 0x00	; 0
    18fa:	aa e7       	ldi	r26, 0x7A	; 122
    18fc:	b4 e4       	ldi	r27, 0x44	; 68
    18fe:	80 83       	st	Z, r24
    1900:	91 83       	std	Z+1, r25	; 0x01
    1902:	a2 83       	std	Z+2, r26	; 0x02
    1904:	b3 83       	std	Z+3, r27	; 0x03
 */
void
_delay_ms(double __ms)
{
	uint16_t __ticks;
	double __tmp = ((F_CPU) / 4e3) * __ms;
    1906:	8e 01       	movw	r16, r28
    1908:	03 5b       	subi	r16, 0xB3	; 179
    190a:	1f 4f       	sbci	r17, 0xFF	; 255
    190c:	fe 01       	movw	r30, r28
    190e:	ef 5a       	subi	r30, 0xAF	; 175
    1910:	ff 4f       	sbci	r31, 0xFF	; 255
    1912:	60 81       	ld	r22, Z
    1914:	71 81       	ldd	r23, Z+1	; 0x01
    1916:	82 81       	ldd	r24, Z+2	; 0x02
    1918:	93 81       	ldd	r25, Z+3	; 0x03
    191a:	20 e0       	ldi	r18, 0x00	; 0
    191c:	30 e0       	ldi	r19, 0x00	; 0
    191e:	4a e7       	ldi	r20, 0x7A	; 122
    1920:	55 e4       	ldi	r21, 0x45	; 69
    1922:	0e 94 1f 02 	call	0x43e	; 0x43e <__mulsf3>
    1926:	dc 01       	movw	r26, r24
    1928:	cb 01       	movw	r24, r22
    192a:	f8 01       	movw	r30, r16
    192c:	80 83       	st	Z, r24
    192e:	91 83       	std	Z+1, r25	; 0x01
    1930:	a2 83       	std	Z+2, r26	; 0x02
    1932:	b3 83       	std	Z+3, r27	; 0x03
	if (__tmp < 1.0)
    1934:	fe 01       	movw	r30, r28
    1936:	e3 5b       	subi	r30, 0xB3	; 179
    1938:	ff 4f       	sbci	r31, 0xFF	; 255
    193a:	60 81       	ld	r22, Z
    193c:	71 81       	ldd	r23, Z+1	; 0x01
    193e:	82 81       	ldd	r24, Z+2	; 0x02
    1940:	93 81       	ldd	r25, Z+3	; 0x03
    1942:	20 e0       	ldi	r18, 0x00	; 0
    1944:	30 e0       	ldi	r19, 0x00	; 0
    1946:	40 e8       	ldi	r20, 0x80	; 128
    1948:	5f e3       	ldi	r21, 0x3F	; 63
    194a:	0e 94 79 03 	call	0x6f2	; 0x6f2 <__ltsf2>
    194e:	88 23       	and	r24, r24
    1950:	44 f4       	brge	.+16     	; 0x1962 <seven+0xe1c>
		__ticks = 1;
    1952:	fe 01       	movw	r30, r28
    1954:	e5 5b       	subi	r30, 0xB5	; 181
    1956:	ff 4f       	sbci	r31, 0xFF	; 255
    1958:	81 e0       	ldi	r24, 0x01	; 1
    195a:	90 e0       	ldi	r25, 0x00	; 0
    195c:	91 83       	std	Z+1, r25	; 0x01
    195e:	80 83       	st	Z, r24
    1960:	64 c0       	rjmp	.+200    	; 0x1a2a <seven+0xee4>
	else if (__tmp > 65535)
    1962:	fe 01       	movw	r30, r28
    1964:	e3 5b       	subi	r30, 0xB3	; 179
    1966:	ff 4f       	sbci	r31, 0xFF	; 255
    1968:	60 81       	ld	r22, Z
    196a:	71 81       	ldd	r23, Z+1	; 0x01
    196c:	82 81       	ldd	r24, Z+2	; 0x02
    196e:	93 81       	ldd	r25, Z+3	; 0x03
    1970:	20 e0       	ldi	r18, 0x00	; 0
    1972:	3f ef       	ldi	r19, 0xFF	; 255
    1974:	4f e7       	ldi	r20, 0x7F	; 127
    1976:	57 e4       	ldi	r21, 0x47	; 71
    1978:	0e 94 19 03 	call	0x632	; 0x632 <__gtsf2>
    197c:	18 16       	cp	r1, r24
    197e:	0c f0       	brlt	.+2      	; 0x1982 <seven+0xe3c>
    1980:	43 c0       	rjmp	.+134    	; 0x1a08 <seven+0xec2>
	{
		//	__ticks = requested delay in 1/10 ms
		__ticks = (uint16_t) (__ms * 10.0);
    1982:	fe 01       	movw	r30, r28
    1984:	ef 5a       	subi	r30, 0xAF	; 175
    1986:	ff 4f       	sbci	r31, 0xFF	; 255
    1988:	60 81       	ld	r22, Z
    198a:	71 81       	ldd	r23, Z+1	; 0x01
    198c:	82 81       	ldd	r24, Z+2	; 0x02
    198e:	93 81       	ldd	r25, Z+3	; 0x03
    1990:	20 e0       	ldi	r18, 0x00	; 0
    1992:	30 e0       	ldi	r19, 0x00	; 0
    1994:	40 e2       	ldi	r20, 0x20	; 32
    1996:	51 e4       	ldi	r21, 0x41	; 65
    1998:	0e 94 1f 02 	call	0x43e	; 0x43e <__mulsf3>
    199c:	dc 01       	movw	r26, r24
    199e:	cb 01       	movw	r24, r22
    19a0:	8e 01       	movw	r16, r28
    19a2:	05 5b       	subi	r16, 0xB5	; 181
    19a4:	1f 4f       	sbci	r17, 0xFF	; 255
    19a6:	bc 01       	movw	r22, r24
    19a8:	cd 01       	movw	r24, r26
    19aa:	0e 94 49 00 	call	0x92	; 0x92 <__fixunssfsi>
    19ae:	dc 01       	movw	r26, r24
    19b0:	cb 01       	movw	r24, r22
    19b2:	f8 01       	movw	r30, r16
    19b4:	91 83       	std	Z+1, r25	; 0x01
    19b6:	80 83       	st	Z, r24
    19b8:	1f c0       	rjmp	.+62     	; 0x19f8 <seven+0xeb2>
    19ba:	fe 01       	movw	r30, r28
    19bc:	e7 5b       	subi	r30, 0xB7	; 183
    19be:	ff 4f       	sbci	r31, 0xFF	; 255
    19c0:	80 e9       	ldi	r24, 0x90	; 144
    19c2:	91 e0       	ldi	r25, 0x01	; 1
    19c4:	91 83       	std	Z+1, r25	; 0x01
    19c6:	80 83       	st	Z, r24
    19c8:	fe 01       	movw	r30, r28
    19ca:	e7 5b       	subi	r30, 0xB7	; 183
    19cc:	ff 4f       	sbci	r31, 0xFF	; 255
    19ce:	80 81       	ld	r24, Z
    19d0:	91 81       	ldd	r25, Z+1	; 0x01
    19d2:	01 97       	sbiw	r24, 0x01	; 1
    19d4:	f1 f7       	brne	.-4      	; 0x19d2 <seven+0xe8c>
    19d6:	fe 01       	movw	r30, r28
    19d8:	e7 5b       	subi	r30, 0xB7	; 183
    19da:	ff 4f       	sbci	r31, 0xFF	; 255
    19dc:	91 83       	std	Z+1, r25	; 0x01
    19de:	80 83       	st	Z, r24
		while(__ticks)
		{
			// wait 1/10 ms
			_delay_loop_2(((F_CPU) / 4e3) / 10);
			__ticks --;
    19e0:	de 01       	movw	r26, r28
    19e2:	a5 5b       	subi	r26, 0xB5	; 181
    19e4:	bf 4f       	sbci	r27, 0xFF	; 255
    19e6:	fe 01       	movw	r30, r28
    19e8:	e5 5b       	subi	r30, 0xB5	; 181
    19ea:	ff 4f       	sbci	r31, 0xFF	; 255
    19ec:	80 81       	ld	r24, Z
    19ee:	91 81       	ldd	r25, Z+1	; 0x01
    19f0:	01 97       	sbiw	r24, 0x01	; 1
    19f2:	11 96       	adiw	r26, 0x01	; 1
    19f4:	9c 93       	st	X, r25
    19f6:	8e 93       	st	-X, r24
		__ticks = 1;
	else if (__tmp > 65535)
	{
		//	__ticks = requested delay in 1/10 ms
		__ticks = (uint16_t) (__ms * 10.0);
		while(__ticks)
    19f8:	fe 01       	movw	r30, r28
    19fa:	e5 5b       	subi	r30, 0xB5	; 181
    19fc:	ff 4f       	sbci	r31, 0xFF	; 255
    19fe:	80 81       	ld	r24, Z
    1a00:	91 81       	ldd	r25, Z+1	; 0x01
    1a02:	00 97       	sbiw	r24, 0x00	; 0
    1a04:	d1 f6       	brne	.-76     	; 0x19ba <seven+0xe74>
    1a06:	27 c0       	rjmp	.+78     	; 0x1a56 <seven+0xf10>
			__ticks --;
		}
		return;
	}
	else
		__ticks = (uint16_t)__tmp;
    1a08:	8e 01       	movw	r16, r28
    1a0a:	05 5b       	subi	r16, 0xB5	; 181
    1a0c:	1f 4f       	sbci	r17, 0xFF	; 255
    1a0e:	fe 01       	movw	r30, r28
    1a10:	e3 5b       	subi	r30, 0xB3	; 179
    1a12:	ff 4f       	sbci	r31, 0xFF	; 255
    1a14:	60 81       	ld	r22, Z
    1a16:	71 81       	ldd	r23, Z+1	; 0x01
    1a18:	82 81       	ldd	r24, Z+2	; 0x02
    1a1a:	93 81       	ldd	r25, Z+3	; 0x03
    1a1c:	0e 94 49 00 	call	0x92	; 0x92 <__fixunssfsi>
    1a20:	dc 01       	movw	r26, r24
    1a22:	cb 01       	movw	r24, r22
    1a24:	f8 01       	movw	r30, r16
    1a26:	91 83       	std	Z+1, r25	; 0x01
    1a28:	80 83       	st	Z, r24
    1a2a:	de 01       	movw	r26, r28
    1a2c:	a9 5b       	subi	r26, 0xB9	; 185
    1a2e:	bf 4f       	sbci	r27, 0xFF	; 255
    1a30:	fe 01       	movw	r30, r28
    1a32:	e5 5b       	subi	r30, 0xB5	; 181
    1a34:	ff 4f       	sbci	r31, 0xFF	; 255
    1a36:	80 81       	ld	r24, Z
    1a38:	91 81       	ldd	r25, Z+1	; 0x01
    1a3a:	8d 93       	st	X+, r24
    1a3c:	9c 93       	st	X, r25
    1a3e:	fe 01       	movw	r30, r28
    1a40:	e9 5b       	subi	r30, 0xB9	; 185
    1a42:	ff 4f       	sbci	r31, 0xFF	; 255
    1a44:	80 81       	ld	r24, Z
    1a46:	91 81       	ldd	r25, Z+1	; 0x01
    1a48:	01 97       	sbiw	r24, 0x01	; 1
    1a4a:	f1 f7       	brne	.-4      	; 0x1a48 <seven+0xf02>
    1a4c:	fe 01       	movw	r30, r28
    1a4e:	e9 5b       	subi	r30, 0xB9	; 185
    1a50:	ff 4f       	sbci	r31, 0xFF	; 255
    1a52:	91 83       	std	Z+1, r25	; 0x01
    1a54:	80 83       	st	Z, r24
									lcd_writedata('i');
									lcd_writedata('n');
									lcd_writedata('g');
									lcd_writecommand(0x0c);//display on,cursor off
							}
				for(y=9;y>0;y--)
    1a56:	de 01       	movw	r26, r28
    1a58:	a2 55       	subi	r26, 0x52	; 82
    1a5a:	bf 4f       	sbci	r27, 0xFF	; 255
    1a5c:	fe 01       	movw	r30, r28
    1a5e:	e2 55       	subi	r30, 0x52	; 82
    1a60:	ff 4f       	sbci	r31, 0xFF	; 255
    1a62:	80 81       	ld	r24, Z
    1a64:	81 50       	subi	r24, 0x01	; 1
    1a66:	8c 93       	st	X, r24
    1a68:	fe 01       	movw	r30, r28
    1a6a:	e2 55       	subi	r30, 0x52	; 82
    1a6c:	ff 4f       	sbci	r31, 0xFF	; 255
    1a6e:	80 81       	ld	r24, Z
    1a70:	88 23       	and	r24, r24
    1a72:	09 f0       	breq	.+2      	; 0x1a76 <seven+0xf30>
    1a74:	2b cf       	rjmp	.-426    	; 0x18cc <seven+0xd86>
					PORTA=seg[y];
					_delay_ms(1000);

				}

				PORTA=0b00000010;
    1a76:	eb e3       	ldi	r30, 0x3B	; 59
    1a78:	f0 e0       	ldi	r31, 0x00	; 0
    1a7a:	82 e0       	ldi	r24, 0x02	; 2
    1a7c:	80 83       	st	Z, r24
    1a7e:	fe 01       	movw	r30, r28
    1a80:	ed 5b       	subi	r30, 0xBD	; 189
    1a82:	ff 4f       	sbci	r31, 0xFF	; 255
    1a84:	80 e0       	ldi	r24, 0x00	; 0
    1a86:	90 e0       	ldi	r25, 0x00	; 0
    1a88:	aa e7       	ldi	r26, 0x7A	; 122
    1a8a:	b4 e4       	ldi	r27, 0x44	; 68
    1a8c:	80 83       	st	Z, r24
    1a8e:	91 83       	std	Z+1, r25	; 0x01
    1a90:	a2 83       	std	Z+2, r26	; 0x02
    1a92:	b3 83       	std	Z+3, r27	; 0x03
 */
void
_delay_ms(double __ms)
{
	uint16_t __ticks;
	double __tmp = ((F_CPU) / 4e3) * __ms;
    1a94:	8e 01       	movw	r16, r28
    1a96:	01 5c       	subi	r16, 0xC1	; 193
    1a98:	1f 4f       	sbci	r17, 0xFF	; 255
    1a9a:	fe 01       	movw	r30, r28
    1a9c:	ed 5b       	subi	r30, 0xBD	; 189
    1a9e:	ff 4f       	sbci	r31, 0xFF	; 255
    1aa0:	60 81       	ld	r22, Z
    1aa2:	71 81       	ldd	r23, Z+1	; 0x01
    1aa4:	82 81       	ldd	r24, Z+2	; 0x02
    1aa6:	93 81       	ldd	r25, Z+3	; 0x03
    1aa8:	20 e0       	ldi	r18, 0x00	; 0
    1aaa:	30 e0       	ldi	r19, 0x00	; 0
    1aac:	4a e7       	ldi	r20, 0x7A	; 122
    1aae:	55 e4       	ldi	r21, 0x45	; 69
    1ab0:	0e 94 1f 02 	call	0x43e	; 0x43e <__mulsf3>
    1ab4:	dc 01       	movw	r26, r24
    1ab6:	cb 01       	movw	r24, r22
    1ab8:	f8 01       	movw	r30, r16
    1aba:	80 83       	st	Z, r24
    1abc:	91 83       	std	Z+1, r25	; 0x01
    1abe:	a2 83       	std	Z+2, r26	; 0x02
    1ac0:	b3 83       	std	Z+3, r27	; 0x03
	if (__tmp < 1.0)
    1ac2:	fe 01       	movw	r30, r28
    1ac4:	ff 96       	adiw	r30, 0x3f	; 63
    1ac6:	60 81       	ld	r22, Z
    1ac8:	71 81       	ldd	r23, Z+1	; 0x01
    1aca:	82 81       	ldd	r24, Z+2	; 0x02
    1acc:	93 81       	ldd	r25, Z+3	; 0x03
    1ace:	20 e0       	ldi	r18, 0x00	; 0
    1ad0:	30 e0       	ldi	r19, 0x00	; 0
    1ad2:	40 e8       	ldi	r20, 0x80	; 128
    1ad4:	5f e3       	ldi	r21, 0x3F	; 63
    1ad6:	0e 94 79 03 	call	0x6f2	; 0x6f2 <__ltsf2>
    1ada:	88 23       	and	r24, r24
    1adc:	2c f4       	brge	.+10     	; 0x1ae8 <seven+0xfa2>
		__ticks = 1;
    1ade:	81 e0       	ldi	r24, 0x01	; 1
    1ae0:	90 e0       	ldi	r25, 0x00	; 0
    1ae2:	9e af       	std	Y+62, r25	; 0x3e
    1ae4:	8d af       	std	Y+61, r24	; 0x3d
    1ae6:	46 c0       	rjmp	.+140    	; 0x1b74 <seven+0x102e>
	else if (__tmp > 65535)
    1ae8:	fe 01       	movw	r30, r28
    1aea:	ff 96       	adiw	r30, 0x3f	; 63
    1aec:	60 81       	ld	r22, Z
    1aee:	71 81       	ldd	r23, Z+1	; 0x01
    1af0:	82 81       	ldd	r24, Z+2	; 0x02
    1af2:	93 81       	ldd	r25, Z+3	; 0x03
    1af4:	20 e0       	ldi	r18, 0x00	; 0
    1af6:	3f ef       	ldi	r19, 0xFF	; 255
    1af8:	4f e7       	ldi	r20, 0x7F	; 127
    1afa:	57 e4       	ldi	r21, 0x47	; 71
    1afc:	0e 94 19 03 	call	0x632	; 0x632 <__gtsf2>
    1b00:	18 16       	cp	r1, r24
    1b02:	64 f5       	brge	.+88     	; 0x1b5c <seven+0x1016>
	{
		//	__ticks = requested delay in 1/10 ms
		__ticks = (uint16_t) (__ms * 10.0);
    1b04:	fe 01       	movw	r30, r28
    1b06:	ed 5b       	subi	r30, 0xBD	; 189
    1b08:	ff 4f       	sbci	r31, 0xFF	; 255
    1b0a:	60 81       	ld	r22, Z
    1b0c:	71 81       	ldd	r23, Z+1	; 0x01
    1b0e:	82 81       	ldd	r24, Z+2	; 0x02
    1b10:	93 81       	ldd	r25, Z+3	; 0x03
    1b12:	20 e0       	ldi	r18, 0x00	; 0
    1b14:	30 e0       	ldi	r19, 0x00	; 0
    1b16:	40 e2       	ldi	r20, 0x20	; 32
    1b18:	51 e4       	ldi	r21, 0x41	; 65
    1b1a:	0e 94 1f 02 	call	0x43e	; 0x43e <__mulsf3>
    1b1e:	dc 01       	movw	r26, r24
    1b20:	cb 01       	movw	r24, r22
    1b22:	bc 01       	movw	r22, r24
    1b24:	cd 01       	movw	r24, r26
    1b26:	0e 94 49 00 	call	0x92	; 0x92 <__fixunssfsi>
    1b2a:	dc 01       	movw	r26, r24
    1b2c:	cb 01       	movw	r24, r22
    1b2e:	9e af       	std	Y+62, r25	; 0x3e
    1b30:	8d af       	std	Y+61, r24	; 0x3d
    1b32:	0f c0       	rjmp	.+30     	; 0x1b52 <seven+0x100c>
    1b34:	80 e9       	ldi	r24, 0x90	; 144
    1b36:	91 e0       	ldi	r25, 0x01	; 1
    1b38:	9c af       	std	Y+60, r25	; 0x3c
    1b3a:	8b af       	std	Y+59, r24	; 0x3b
    1b3c:	8b ad       	ldd	r24, Y+59	; 0x3b
    1b3e:	9c ad       	ldd	r25, Y+60	; 0x3c
    1b40:	01 97       	sbiw	r24, 0x01	; 1
    1b42:	f1 f7       	brne	.-4      	; 0x1b40 <seven+0xffa>
    1b44:	9c af       	std	Y+60, r25	; 0x3c
    1b46:	8b af       	std	Y+59, r24	; 0x3b
		while(__ticks)
		{
			// wait 1/10 ms
			_delay_loop_2(((F_CPU) / 4e3) / 10);
			__ticks --;
    1b48:	8d ad       	ldd	r24, Y+61	; 0x3d
    1b4a:	9e ad       	ldd	r25, Y+62	; 0x3e
    1b4c:	01 97       	sbiw	r24, 0x01	; 1
    1b4e:	9e af       	std	Y+62, r25	; 0x3e
    1b50:	8d af       	std	Y+61, r24	; 0x3d
		__ticks = 1;
	else if (__tmp > 65535)
	{
		//	__ticks = requested delay in 1/10 ms
		__ticks = (uint16_t) (__ms * 10.0);
		while(__ticks)
    1b52:	8d ad       	ldd	r24, Y+61	; 0x3d
    1b54:	9e ad       	ldd	r25, Y+62	; 0x3e
    1b56:	00 97       	sbiw	r24, 0x00	; 0
    1b58:	69 f7       	brne	.-38     	; 0x1b34 <seven+0xfee>
    1b5a:	16 c0       	rjmp	.+44     	; 0x1b88 <seven+0x1042>
			__ticks --;
		}
		return;
	}
	else
		__ticks = (uint16_t)__tmp;
    1b5c:	fe 01       	movw	r30, r28
    1b5e:	ff 96       	adiw	r30, 0x3f	; 63
    1b60:	60 81       	ld	r22, Z
    1b62:	71 81       	ldd	r23, Z+1	; 0x01
    1b64:	82 81       	ldd	r24, Z+2	; 0x02
    1b66:	93 81       	ldd	r25, Z+3	; 0x03
    1b68:	0e 94 49 00 	call	0x92	; 0x92 <__fixunssfsi>
    1b6c:	dc 01       	movw	r26, r24
    1b6e:	cb 01       	movw	r24, r22
    1b70:	9e af       	std	Y+62, r25	; 0x3e
    1b72:	8d af       	std	Y+61, r24	; 0x3d
    1b74:	8d ad       	ldd	r24, Y+61	; 0x3d
    1b76:	9e ad       	ldd	r25, Y+62	; 0x3e
    1b78:	9a af       	std	Y+58, r25	; 0x3a
    1b7a:	89 af       	std	Y+57, r24	; 0x39
    1b7c:	89 ad       	ldd	r24, Y+57	; 0x39
    1b7e:	9a ad       	ldd	r25, Y+58	; 0x3a
    1b80:	01 97       	sbiw	r24, 0x01	; 1
    1b82:	f1 f7       	brne	.-4      	; 0x1b80 <seven+0x103a>
    1b84:	9a af       	std	Y+58, r25	; 0x3a
    1b86:	89 af       	std	Y+57, r24	; 0x39
				_delay_ms(1000);
				if(i==0)
    1b88:	fe 01       	movw	r30, r28
    1b8a:	e5 55       	subi	r30, 0x55	; 85
    1b8c:	ff 4f       	sbci	r31, 0xFF	; 255
    1b8e:	80 81       	ld	r24, Z
    1b90:	88 23       	and	r24, r24
    1b92:	29 f4       	brne	.+10     	; 0x1b9e <seven+0x1058>
				{
					if(PORTA==0b00000010)
    1b94:	eb e3       	ldi	r30, 0x3B	; 59
    1b96:	f0 e0       	ldi	r31, 0x00	; 0
    1b98:	80 81       	ld	r24, Z
    1b9a:	82 30       	cpi	r24, 0x02	; 2
    1b9c:	51 f0       	breq	.+20     	; 0x1bb2 <seven+0x106c>
			_delay_ms(1000);
		}
		PORTA=0b00000010;
		_delay_ms(1000);
	clr_bit(PORTB,0);
	for(i=5;i>=0;i--)
    1b9e:	de 01       	movw	r26, r28
    1ba0:	a5 55       	subi	r26, 0x55	; 85
    1ba2:	bf 4f       	sbci	r27, 0xFF	; 255
    1ba4:	fe 01       	movw	r30, r28
    1ba6:	e5 55       	subi	r30, 0x55	; 85
    1ba8:	ff 4f       	sbci	r31, 0xFF	; 255
    1baa:	80 81       	ld	r24, Z
    1bac:	81 50       	subi	r24, 0x01	; 1
    1bae:	8c 93       	st	X, r24
    1bb0:	a1 cd       	rjmp	.-1214   	; 0x16f4 <seven+0xbae>
				{
					if(PORTA==0b00000010)
					break;
				}
	}
	clr_bit(PORTC,4);//clear led yellow
    1bb2:	a5 e3       	ldi	r26, 0x35	; 53
    1bb4:	b0 e0       	ldi	r27, 0x00	; 0
    1bb6:	e5 e3       	ldi	r30, 0x35	; 53
    1bb8:	f0 e0       	ldi	r31, 0x00	; 0
    1bba:	80 81       	ld	r24, Z
    1bbc:	8f 7e       	andi	r24, 0xEF	; 239
    1bbe:	8c 93       	st	X, r24
		set_bit(PORTC,5);//set led red
    1bc0:	a5 e3       	ldi	r26, 0x35	; 53
    1bc2:	b0 e0       	ldi	r27, 0x00	; 0
    1bc4:	e5 e3       	ldi	r30, 0x35	; 53
    1bc6:	f0 e0       	ldi	r31, 0x00	; 0
    1bc8:	80 81       	ld	r24, Z
    1bca:	80 62       	ori	r24, 0x20	; 32
    1bcc:	8c 93       	st	X, r24
		PORTB=0b10011110;
    1bce:	e8 e3       	ldi	r30, 0x38	; 56
    1bd0:	f0 e0       	ldi	r31, 0x00	; 0
    1bd2:	8e e9       	ldi	r24, 0x9E	; 158
    1bd4:	80 83       	st	Z, r24
			PORTA=0b00000010;
    1bd6:	eb e3       	ldi	r30, 0x3B	; 59
    1bd8:	f0 e0       	ldi	r31, 0x00	; 0
    1bda:	82 e0       	ldi	r24, 0x02	; 2
    1bdc:	80 83       	st	Z, r24
    1bde:	80 e0       	ldi	r24, 0x00	; 0
    1be0:	90 e0       	ldi	r25, 0x00	; 0
    1be2:	aa e7       	ldi	r26, 0x7A	; 122
    1be4:	b4 e4       	ldi	r27, 0x44	; 68
    1be6:	8d ab       	std	Y+53, r24	; 0x35
    1be8:	9e ab       	std	Y+54, r25	; 0x36
    1bea:	af ab       	std	Y+55, r26	; 0x37
    1bec:	b8 af       	std	Y+56, r27	; 0x38
 */
void
_delay_ms(double __ms)
{
	uint16_t __ticks;
	double __tmp = ((F_CPU) / 4e3) * __ms;
    1bee:	6d a9       	ldd	r22, Y+53	; 0x35
    1bf0:	7e a9       	ldd	r23, Y+54	; 0x36
    1bf2:	8f a9       	ldd	r24, Y+55	; 0x37
    1bf4:	98 ad       	ldd	r25, Y+56	; 0x38
    1bf6:	20 e0       	ldi	r18, 0x00	; 0
    1bf8:	30 e0       	ldi	r19, 0x00	; 0
    1bfa:	4a e7       	ldi	r20, 0x7A	; 122
    1bfc:	55 e4       	ldi	r21, 0x45	; 69
    1bfe:	0e 94 1f 02 	call	0x43e	; 0x43e <__mulsf3>
    1c02:	dc 01       	movw	r26, r24
    1c04:	cb 01       	movw	r24, r22
    1c06:	89 ab       	std	Y+49, r24	; 0x31
    1c08:	9a ab       	std	Y+50, r25	; 0x32
    1c0a:	ab ab       	std	Y+51, r26	; 0x33
    1c0c:	bc ab       	std	Y+52, r27	; 0x34
	if (__tmp < 1.0)
    1c0e:	69 a9       	ldd	r22, Y+49	; 0x31
    1c10:	7a a9       	ldd	r23, Y+50	; 0x32
    1c12:	8b a9       	ldd	r24, Y+51	; 0x33
    1c14:	9c a9       	ldd	r25, Y+52	; 0x34
    1c16:	20 e0       	ldi	r18, 0x00	; 0
    1c18:	30 e0       	ldi	r19, 0x00	; 0
    1c1a:	40 e8       	ldi	r20, 0x80	; 128
    1c1c:	5f e3       	ldi	r21, 0x3F	; 63
    1c1e:	0e 94 79 03 	call	0x6f2	; 0x6f2 <__ltsf2>
    1c22:	88 23       	and	r24, r24
    1c24:	2c f4       	brge	.+10     	; 0x1c30 <seven+0x10ea>
		__ticks = 1;
    1c26:	81 e0       	ldi	r24, 0x01	; 1
    1c28:	90 e0       	ldi	r25, 0x00	; 0
    1c2a:	98 ab       	std	Y+48, r25	; 0x30
    1c2c:	8f a7       	std	Y+47, r24	; 0x2f
    1c2e:	3f c0       	rjmp	.+126    	; 0x1cae <seven+0x1168>
	else if (__tmp > 65535)
    1c30:	69 a9       	ldd	r22, Y+49	; 0x31
    1c32:	7a a9       	ldd	r23, Y+50	; 0x32
    1c34:	8b a9       	ldd	r24, Y+51	; 0x33
    1c36:	9c a9       	ldd	r25, Y+52	; 0x34
    1c38:	20 e0       	ldi	r18, 0x00	; 0
    1c3a:	3f ef       	ldi	r19, 0xFF	; 255
    1c3c:	4f e7       	ldi	r20, 0x7F	; 127
    1c3e:	57 e4       	ldi	r21, 0x47	; 71
    1c40:	0e 94 19 03 	call	0x632	; 0x632 <__gtsf2>
    1c44:	18 16       	cp	r1, r24
    1c46:	4c f5       	brge	.+82     	; 0x1c9a <seven+0x1154>
	{
		//	__ticks = requested delay in 1/10 ms
		__ticks = (uint16_t) (__ms * 10.0);
    1c48:	6d a9       	ldd	r22, Y+53	; 0x35
    1c4a:	7e a9       	ldd	r23, Y+54	; 0x36
    1c4c:	8f a9       	ldd	r24, Y+55	; 0x37
    1c4e:	98 ad       	ldd	r25, Y+56	; 0x38
    1c50:	20 e0       	ldi	r18, 0x00	; 0
    1c52:	30 e0       	ldi	r19, 0x00	; 0
    1c54:	40 e2       	ldi	r20, 0x20	; 32
    1c56:	51 e4       	ldi	r21, 0x41	; 65
    1c58:	0e 94 1f 02 	call	0x43e	; 0x43e <__mulsf3>
    1c5c:	dc 01       	movw	r26, r24
    1c5e:	cb 01       	movw	r24, r22
    1c60:	bc 01       	movw	r22, r24
    1c62:	cd 01       	movw	r24, r26
    1c64:	0e 94 49 00 	call	0x92	; 0x92 <__fixunssfsi>
    1c68:	dc 01       	movw	r26, r24
    1c6a:	cb 01       	movw	r24, r22
    1c6c:	98 ab       	std	Y+48, r25	; 0x30
    1c6e:	8f a7       	std	Y+47, r24	; 0x2f
    1c70:	0f c0       	rjmp	.+30     	; 0x1c90 <seven+0x114a>
    1c72:	80 e9       	ldi	r24, 0x90	; 144
    1c74:	91 e0       	ldi	r25, 0x01	; 1
    1c76:	9e a7       	std	Y+46, r25	; 0x2e
    1c78:	8d a7       	std	Y+45, r24	; 0x2d
    1c7a:	8d a5       	ldd	r24, Y+45	; 0x2d
    1c7c:	9e a5       	ldd	r25, Y+46	; 0x2e
    1c7e:	01 97       	sbiw	r24, 0x01	; 1
    1c80:	f1 f7       	brne	.-4      	; 0x1c7e <seven+0x1138>
    1c82:	9e a7       	std	Y+46, r25	; 0x2e
    1c84:	8d a7       	std	Y+45, r24	; 0x2d
		while(__ticks)
		{
			// wait 1/10 ms
			_delay_loop_2(((F_CPU) / 4e3) / 10);
			__ticks --;
    1c86:	8f a5       	ldd	r24, Y+47	; 0x2f
    1c88:	98 a9       	ldd	r25, Y+48	; 0x30
    1c8a:	01 97       	sbiw	r24, 0x01	; 1
    1c8c:	98 ab       	std	Y+48, r25	; 0x30
    1c8e:	8f a7       	std	Y+47, r24	; 0x2f
		__ticks = 1;
	else if (__tmp > 65535)
	{
		//	__ticks = requested delay in 1/10 ms
		__ticks = (uint16_t) (__ms * 10.0);
		while(__ticks)
    1c90:	8f a5       	ldd	r24, Y+47	; 0x2f
    1c92:	98 a9       	ldd	r25, Y+48	; 0x30
    1c94:	00 97       	sbiw	r24, 0x00	; 0
    1c96:	69 f7       	brne	.-38     	; 0x1c72 <seven+0x112c>
    1c98:	14 c0       	rjmp	.+40     	; 0x1cc2 <seven+0x117c>
			__ticks --;
		}
		return;
	}
	else
		__ticks = (uint16_t)__tmp;
    1c9a:	69 a9       	ldd	r22, Y+49	; 0x31
    1c9c:	7a a9       	ldd	r23, Y+50	; 0x32
    1c9e:	8b a9       	ldd	r24, Y+51	; 0x33
    1ca0:	9c a9       	ldd	r25, Y+52	; 0x34
    1ca2:	0e 94 49 00 	call	0x92	; 0x92 <__fixunssfsi>
    1ca6:	dc 01       	movw	r26, r24
    1ca8:	cb 01       	movw	r24, r22
    1caa:	98 ab       	std	Y+48, r25	; 0x30
    1cac:	8f a7       	std	Y+47, r24	; 0x2f
    1cae:	8f a5       	ldd	r24, Y+47	; 0x2f
    1cb0:	98 a9       	ldd	r25, Y+48	; 0x30
    1cb2:	9c a7       	std	Y+44, r25	; 0x2c
    1cb4:	8b a7       	std	Y+43, r24	; 0x2b
    1cb6:	8b a5       	ldd	r24, Y+43	; 0x2b
    1cb8:	9c a5       	ldd	r25, Y+44	; 0x2c
    1cba:	01 97       	sbiw	r24, 0x01	; 1
    1cbc:	f1 f7       	brne	.-4      	; 0x1cba <seven+0x1174>
    1cbe:	9c a7       	std	Y+44, r25	; 0x2c
    1cc0:	8b a7       	std	Y+43, r24	; 0x2b
			_delay_ms(1000);
			PORTB=0b00000010;
    1cc2:	e8 e3       	ldi	r30, 0x38	; 56
    1cc4:	f0 e0       	ldi	r31, 0x00	; 0
    1cc6:	82 e0       	ldi	r24, 0x02	; 2
    1cc8:	80 83       	st	Z, r24
		set_bit(PORTC,7);//motor anti clockwise
    1cca:	a5 e3       	ldi	r26, 0x35	; 53
    1ccc:	b0 e0       	ldi	r27, 0x00	; 0
    1cce:	e5 e3       	ldi	r30, 0x35	; 53
    1cd0:	f0 e0       	ldi	r31, 0x00	; 0
    1cd2:	80 81       	ld	r24, Z
    1cd4:	80 68       	ori	r24, 0x80	; 128
    1cd6:	8c 93       	st	X, r24
		set_bit(PORTB,0);//set buzzer
    1cd8:	a8 e3       	ldi	r26, 0x38	; 56
    1cda:	b0 e0       	ldi	r27, 0x00	; 0
    1cdc:	e8 e3       	ldi	r30, 0x38	; 56
    1cde:	f0 e0       	ldi	r31, 0x00	; 0
    1ce0:	80 81       	ld	r24, Z
    1ce2:	81 60       	ori	r24, 0x01	; 1
    1ce4:	8c 93       	st	X, r24
    1ce6:	80 e0       	ldi	r24, 0x00	; 0
    1ce8:	90 e0       	ldi	r25, 0x00	; 0
    1cea:	a6 e9       	ldi	r26, 0x96	; 150
    1cec:	b3 e4       	ldi	r27, 0x43	; 67
    1cee:	8f a3       	std	Y+39, r24	; 0x27
    1cf0:	98 a7       	std	Y+40, r25	; 0x28
    1cf2:	a9 a7       	std	Y+41, r26	; 0x29
    1cf4:	ba a7       	std	Y+42, r27	; 0x2a
 */
void
_delay_ms(double __ms)
{
	uint16_t __ticks;
	double __tmp = ((F_CPU) / 4e3) * __ms;
    1cf6:	6f a1       	ldd	r22, Y+39	; 0x27
    1cf8:	78 a5       	ldd	r23, Y+40	; 0x28
    1cfa:	89 a5       	ldd	r24, Y+41	; 0x29
    1cfc:	9a a5       	ldd	r25, Y+42	; 0x2a
    1cfe:	20 e0       	ldi	r18, 0x00	; 0
    1d00:	30 e0       	ldi	r19, 0x00	; 0
    1d02:	4a e7       	ldi	r20, 0x7A	; 122
    1d04:	55 e4       	ldi	r21, 0x45	; 69
    1d06:	0e 94 1f 02 	call	0x43e	; 0x43e <__mulsf3>
    1d0a:	dc 01       	movw	r26, r24
    1d0c:	cb 01       	movw	r24, r22
    1d0e:	8b a3       	std	Y+35, r24	; 0x23
    1d10:	9c a3       	std	Y+36, r25	; 0x24
    1d12:	ad a3       	std	Y+37, r26	; 0x25
    1d14:	be a3       	std	Y+38, r27	; 0x26
	if (__tmp < 1.0)
    1d16:	6b a1       	ldd	r22, Y+35	; 0x23
    1d18:	7c a1       	ldd	r23, Y+36	; 0x24
    1d1a:	8d a1       	ldd	r24, Y+37	; 0x25
    1d1c:	9e a1       	ldd	r25, Y+38	; 0x26
    1d1e:	20 e0       	ldi	r18, 0x00	; 0
    1d20:	30 e0       	ldi	r19, 0x00	; 0
    1d22:	40 e8       	ldi	r20, 0x80	; 128
    1d24:	5f e3       	ldi	r21, 0x3F	; 63
    1d26:	0e 94 79 03 	call	0x6f2	; 0x6f2 <__ltsf2>
    1d2a:	88 23       	and	r24, r24
    1d2c:	2c f4       	brge	.+10     	; 0x1d38 <seven+0x11f2>
		__ticks = 1;
    1d2e:	81 e0       	ldi	r24, 0x01	; 1
    1d30:	90 e0       	ldi	r25, 0x00	; 0
    1d32:	9a a3       	std	Y+34, r25	; 0x22
    1d34:	89 a3       	std	Y+33, r24	; 0x21
    1d36:	3f c0       	rjmp	.+126    	; 0x1db6 <seven+0x1270>
	else if (__tmp > 65535)
    1d38:	6b a1       	ldd	r22, Y+35	; 0x23
    1d3a:	7c a1       	ldd	r23, Y+36	; 0x24
    1d3c:	8d a1       	ldd	r24, Y+37	; 0x25
    1d3e:	9e a1       	ldd	r25, Y+38	; 0x26
    1d40:	20 e0       	ldi	r18, 0x00	; 0
    1d42:	3f ef       	ldi	r19, 0xFF	; 255
    1d44:	4f e7       	ldi	r20, 0x7F	; 127
    1d46:	57 e4       	ldi	r21, 0x47	; 71
    1d48:	0e 94 19 03 	call	0x632	; 0x632 <__gtsf2>
    1d4c:	18 16       	cp	r1, r24
    1d4e:	4c f5       	brge	.+82     	; 0x1da2 <seven+0x125c>
	{
		//	__ticks = requested delay in 1/10 ms
		__ticks = (uint16_t) (__ms * 10.0);
    1d50:	6f a1       	ldd	r22, Y+39	; 0x27
    1d52:	78 a5       	ldd	r23, Y+40	; 0x28
    1d54:	89 a5       	ldd	r24, Y+41	; 0x29
    1d56:	9a a5       	ldd	r25, Y+42	; 0x2a
    1d58:	20 e0       	ldi	r18, 0x00	; 0
    1d5a:	30 e0       	ldi	r19, 0x00	; 0
    1d5c:	40 e2       	ldi	r20, 0x20	; 32
    1d5e:	51 e4       	ldi	r21, 0x41	; 65
    1d60:	0e 94 1f 02 	call	0x43e	; 0x43e <__mulsf3>
    1d64:	dc 01       	movw	r26, r24
    1d66:	cb 01       	movw	r24, r22
    1d68:	bc 01       	movw	r22, r24
    1d6a:	cd 01       	movw	r24, r26
    1d6c:	0e 94 49 00 	call	0x92	; 0x92 <__fixunssfsi>
    1d70:	dc 01       	movw	r26, r24
    1d72:	cb 01       	movw	r24, r22
    1d74:	9a a3       	std	Y+34, r25	; 0x22
    1d76:	89 a3       	std	Y+33, r24	; 0x21
    1d78:	0f c0       	rjmp	.+30     	; 0x1d98 <seven+0x1252>
    1d7a:	80 e9       	ldi	r24, 0x90	; 144
    1d7c:	91 e0       	ldi	r25, 0x01	; 1
    1d7e:	98 a3       	std	Y+32, r25	; 0x20
    1d80:	8f 8f       	std	Y+31, r24	; 0x1f
    1d82:	8f 8d       	ldd	r24, Y+31	; 0x1f
    1d84:	98 a1       	ldd	r25, Y+32	; 0x20
    1d86:	01 97       	sbiw	r24, 0x01	; 1
    1d88:	f1 f7       	brne	.-4      	; 0x1d86 <seven+0x1240>
    1d8a:	98 a3       	std	Y+32, r25	; 0x20
    1d8c:	8f 8f       	std	Y+31, r24	; 0x1f
		while(__ticks)
		{
			// wait 1/10 ms
			_delay_loop_2(((F_CPU) / 4e3) / 10);
			__ticks --;
    1d8e:	89 a1       	ldd	r24, Y+33	; 0x21
    1d90:	9a a1       	ldd	r25, Y+34	; 0x22
    1d92:	01 97       	sbiw	r24, 0x01	; 1
    1d94:	9a a3       	std	Y+34, r25	; 0x22
    1d96:	89 a3       	std	Y+33, r24	; 0x21
		__ticks = 1;
	else if (__tmp > 65535)
	{
		//	__ticks = requested delay in 1/10 ms
		__ticks = (uint16_t) (__ms * 10.0);
		while(__ticks)
    1d98:	89 a1       	ldd	r24, Y+33	; 0x21
    1d9a:	9a a1       	ldd	r25, Y+34	; 0x22
    1d9c:	00 97       	sbiw	r24, 0x00	; 0
    1d9e:	69 f7       	brne	.-38     	; 0x1d7a <seven+0x1234>
    1da0:	14 c0       	rjmp	.+40     	; 0x1dca <seven+0x1284>
			__ticks --;
		}
		return;
	}
	else
		__ticks = (uint16_t)__tmp;
    1da2:	6b a1       	ldd	r22, Y+35	; 0x23
    1da4:	7c a1       	ldd	r23, Y+36	; 0x24
    1da6:	8d a1       	ldd	r24, Y+37	; 0x25
    1da8:	9e a1       	ldd	r25, Y+38	; 0x26
    1daa:	0e 94 49 00 	call	0x92	; 0x92 <__fixunssfsi>
    1dae:	dc 01       	movw	r26, r24
    1db0:	cb 01       	movw	r24, r22
    1db2:	9a a3       	std	Y+34, r25	; 0x22
    1db4:	89 a3       	std	Y+33, r24	; 0x21
    1db6:	89 a1       	ldd	r24, Y+33	; 0x21
    1db8:	9a a1       	ldd	r25, Y+34	; 0x22
    1dba:	9e 8f       	std	Y+30, r25	; 0x1e
    1dbc:	8d 8f       	std	Y+29, r24	; 0x1d
    1dbe:	8d 8d       	ldd	r24, Y+29	; 0x1d
    1dc0:	9e 8d       	ldd	r25, Y+30	; 0x1e
    1dc2:	01 97       	sbiw	r24, 0x01	; 1
    1dc4:	f1 f7       	brne	.-4      	; 0x1dc2 <seven+0x127c>
    1dc6:	9e 8f       	std	Y+30, r25	; 0x1e
    1dc8:	8d 8f       	std	Y+29, r24	; 0x1d
		_delay_ms(300);
		clr_bit(PORTC,7);//clear bit motor
    1dca:	a5 e3       	ldi	r26, 0x35	; 53
    1dcc:	b0 e0       	ldi	r27, 0x00	; 0
    1dce:	e5 e3       	ldi	r30, 0x35	; 53
    1dd0:	f0 e0       	ldi	r31, 0x00	; 0
    1dd2:	80 81       	ld	r24, Z
    1dd4:	8f 77       	andi	r24, 0x7F	; 127
    1dd6:	8c 93       	st	X, r24

		for(y=9;y>0;y--)
    1dd8:	fe 01       	movw	r30, r28
    1dda:	e2 55       	subi	r30, 0x52	; 82
    1ddc:	ff 4f       	sbci	r31, 0xFF	; 255
    1dde:	89 e0       	ldi	r24, 0x09	; 9
    1de0:	80 83       	st	Z, r24
    1de2:	8d c0       	rjmp	.+282    	; 0x1efe <seven+0x13b8>
		{
			PORTA=seg[y];
    1de4:	ab e3       	ldi	r26, 0x3B	; 59
    1de6:	b0 e0       	ldi	r27, 0x00	; 0
    1de8:	fe 01       	movw	r30, r28
    1dea:	e2 55       	subi	r30, 0x52	; 82
    1dec:	ff 4f       	sbci	r31, 0xFF	; 255
    1dee:	80 81       	ld	r24, Z
    1df0:	28 2f       	mov	r18, r24
    1df2:	30 e0       	ldi	r19, 0x00	; 0
    1df4:	fe 01       	movw	r30, r28
    1df6:	e4 55       	subi	r30, 0x54	; 84
    1df8:	ff 4f       	sbci	r31, 0xFF	; 255
    1dfa:	80 81       	ld	r24, Z
    1dfc:	91 81       	ldd	r25, Z+1	; 0x01
    1dfe:	fc 01       	movw	r30, r24
    1e00:	e2 0f       	add	r30, r18
    1e02:	f3 1f       	adc	r31, r19
    1e04:	80 81       	ld	r24, Z
    1e06:	8c 93       	st	X, r24
    1e08:	80 e0       	ldi	r24, 0x00	; 0
    1e0a:	90 e0       	ldi	r25, 0x00	; 0
    1e0c:	aa e7       	ldi	r26, 0x7A	; 122
    1e0e:	b4 e4       	ldi	r27, 0x44	; 68
    1e10:	89 8f       	std	Y+25, r24	; 0x19
    1e12:	9a 8f       	std	Y+26, r25	; 0x1a
    1e14:	ab 8f       	std	Y+27, r26	; 0x1b
    1e16:	bc 8f       	std	Y+28, r27	; 0x1c
 */
void
_delay_ms(double __ms)
{
	uint16_t __ticks;
	double __tmp = ((F_CPU) / 4e3) * __ms;
    1e18:	69 8d       	ldd	r22, Y+25	; 0x19
    1e1a:	7a 8d       	ldd	r23, Y+26	; 0x1a
    1e1c:	8b 8d       	ldd	r24, Y+27	; 0x1b
    1e1e:	9c 8d       	ldd	r25, Y+28	; 0x1c
    1e20:	20 e0       	ldi	r18, 0x00	; 0
    1e22:	30 e0       	ldi	r19, 0x00	; 0
    1e24:	4a e7       	ldi	r20, 0x7A	; 122
    1e26:	55 e4       	ldi	r21, 0x45	; 69
    1e28:	0e 94 1f 02 	call	0x43e	; 0x43e <__mulsf3>
    1e2c:	dc 01       	movw	r26, r24
    1e2e:	cb 01       	movw	r24, r22
    1e30:	8d 8b       	std	Y+21, r24	; 0x15
    1e32:	9e 8b       	std	Y+22, r25	; 0x16
    1e34:	af 8b       	std	Y+23, r26	; 0x17
    1e36:	b8 8f       	std	Y+24, r27	; 0x18
	if (__tmp < 1.0)
    1e38:	6d 89       	ldd	r22, Y+21	; 0x15
    1e3a:	7e 89       	ldd	r23, Y+22	; 0x16
    1e3c:	8f 89       	ldd	r24, Y+23	; 0x17
    1e3e:	98 8d       	ldd	r25, Y+24	; 0x18
    1e40:	20 e0       	ldi	r18, 0x00	; 0
    1e42:	30 e0       	ldi	r19, 0x00	; 0
    1e44:	40 e8       	ldi	r20, 0x80	; 128
    1e46:	5f e3       	ldi	r21, 0x3F	; 63
    1e48:	0e 94 79 03 	call	0x6f2	; 0x6f2 <__ltsf2>
    1e4c:	88 23       	and	r24, r24
    1e4e:	2c f4       	brge	.+10     	; 0x1e5a <seven+0x1314>
		__ticks = 1;
    1e50:	81 e0       	ldi	r24, 0x01	; 1
    1e52:	90 e0       	ldi	r25, 0x00	; 0
    1e54:	9c 8b       	std	Y+20, r25	; 0x14
    1e56:	8b 8b       	std	Y+19, r24	; 0x13
    1e58:	3f c0       	rjmp	.+126    	; 0x1ed8 <seven+0x1392>
	else if (__tmp > 65535)
    1e5a:	6d 89       	ldd	r22, Y+21	; 0x15
    1e5c:	7e 89       	ldd	r23, Y+22	; 0x16
    1e5e:	8f 89       	ldd	r24, Y+23	; 0x17
    1e60:	98 8d       	ldd	r25, Y+24	; 0x18
    1e62:	20 e0       	ldi	r18, 0x00	; 0
    1e64:	3f ef       	ldi	r19, 0xFF	; 255
    1e66:	4f e7       	ldi	r20, 0x7F	; 127
    1e68:	57 e4       	ldi	r21, 0x47	; 71
    1e6a:	0e 94 19 03 	call	0x632	; 0x632 <__gtsf2>
    1e6e:	18 16       	cp	r1, r24
    1e70:	4c f5       	brge	.+82     	; 0x1ec4 <seven+0x137e>
	{
		//	__ticks = requested delay in 1/10 ms
		__ticks = (uint16_t) (__ms * 10.0);
    1e72:	69 8d       	ldd	r22, Y+25	; 0x19
    1e74:	7a 8d       	ldd	r23, Y+26	; 0x1a
    1e76:	8b 8d       	ldd	r24, Y+27	; 0x1b
    1e78:	9c 8d       	ldd	r25, Y+28	; 0x1c
    1e7a:	20 e0       	ldi	r18, 0x00	; 0
    1e7c:	30 e0       	ldi	r19, 0x00	; 0
    1e7e:	40 e2       	ldi	r20, 0x20	; 32
    1e80:	51 e4       	ldi	r21, 0x41	; 65
    1e82:	0e 94 1f 02 	call	0x43e	; 0x43e <__mulsf3>
    1e86:	dc 01       	movw	r26, r24
    1e88:	cb 01       	movw	r24, r22
    1e8a:	bc 01       	movw	r22, r24
    1e8c:	cd 01       	movw	r24, r26
    1e8e:	0e 94 49 00 	call	0x92	; 0x92 <__fixunssfsi>
    1e92:	dc 01       	movw	r26, r24
    1e94:	cb 01       	movw	r24, r22
    1e96:	9c 8b       	std	Y+20, r25	; 0x14
    1e98:	8b 8b       	std	Y+19, r24	; 0x13
    1e9a:	0f c0       	rjmp	.+30     	; 0x1eba <seven+0x1374>
    1e9c:	80 e9       	ldi	r24, 0x90	; 144
    1e9e:	91 e0       	ldi	r25, 0x01	; 1
    1ea0:	9a 8b       	std	Y+18, r25	; 0x12
    1ea2:	89 8b       	std	Y+17, r24	; 0x11
    1ea4:	89 89       	ldd	r24, Y+17	; 0x11
    1ea6:	9a 89       	ldd	r25, Y+18	; 0x12
    1ea8:	01 97       	sbiw	r24, 0x01	; 1
    1eaa:	f1 f7       	brne	.-4      	; 0x1ea8 <seven+0x1362>
    1eac:	9a 8b       	std	Y+18, r25	; 0x12
    1eae:	89 8b       	std	Y+17, r24	; 0x11
		while(__ticks)
		{
			// wait 1/10 ms
			_delay_loop_2(((F_CPU) / 4e3) / 10);
			__ticks --;
    1eb0:	8b 89       	ldd	r24, Y+19	; 0x13
    1eb2:	9c 89       	ldd	r25, Y+20	; 0x14
    1eb4:	01 97       	sbiw	r24, 0x01	; 1
    1eb6:	9c 8b       	std	Y+20, r25	; 0x14
    1eb8:	8b 8b       	std	Y+19, r24	; 0x13
		__ticks = 1;
	else if (__tmp > 65535)
	{
		//	__ticks = requested delay in 1/10 ms
		__ticks = (uint16_t) (__ms * 10.0);
		while(__ticks)
    1eba:	8b 89       	ldd	r24, Y+19	; 0x13
    1ebc:	9c 89       	ldd	r25, Y+20	; 0x14
    1ebe:	00 97       	sbiw	r24, 0x00	; 0
    1ec0:	69 f7       	brne	.-38     	; 0x1e9c <seven+0x1356>
    1ec2:	14 c0       	rjmp	.+40     	; 0x1eec <seven+0x13a6>
			__ticks --;
		}
		return;
	}
	else
		__ticks = (uint16_t)__tmp;
    1ec4:	6d 89       	ldd	r22, Y+21	; 0x15
    1ec6:	7e 89       	ldd	r23, Y+22	; 0x16
    1ec8:	8f 89       	ldd	r24, Y+23	; 0x17
    1eca:	98 8d       	ldd	r25, Y+24	; 0x18
    1ecc:	0e 94 49 00 	call	0x92	; 0x92 <__fixunssfsi>
    1ed0:	dc 01       	movw	r26, r24
    1ed2:	cb 01       	movw	r24, r22
    1ed4:	9c 8b       	std	Y+20, r25	; 0x14
    1ed6:	8b 8b       	std	Y+19, r24	; 0x13
    1ed8:	8b 89       	ldd	r24, Y+19	; 0x13
    1eda:	9c 89       	ldd	r25, Y+20	; 0x14
    1edc:	98 8b       	std	Y+16, r25	; 0x10
    1ede:	8f 87       	std	Y+15, r24	; 0x0f
    1ee0:	8f 85       	ldd	r24, Y+15	; 0x0f
    1ee2:	98 89       	ldd	r25, Y+16	; 0x10
    1ee4:	01 97       	sbiw	r24, 0x01	; 1
    1ee6:	f1 f7       	brne	.-4      	; 0x1ee4 <seven+0x139e>
    1ee8:	98 8b       	std	Y+16, r25	; 0x10
    1eea:	8f 87       	std	Y+15, r24	; 0x0f
		set_bit(PORTC,7);//motor anti clockwise
		set_bit(PORTB,0);//set buzzer
		_delay_ms(300);
		clr_bit(PORTC,7);//clear bit motor

		for(y=9;y>0;y--)
    1eec:	de 01       	movw	r26, r28
    1eee:	a2 55       	subi	r26, 0x52	; 82
    1ef0:	bf 4f       	sbci	r27, 0xFF	; 255
    1ef2:	fe 01       	movw	r30, r28
    1ef4:	e2 55       	subi	r30, 0x52	; 82
    1ef6:	ff 4f       	sbci	r31, 0xFF	; 255
    1ef8:	80 81       	ld	r24, Z
    1efa:	81 50       	subi	r24, 0x01	; 1
    1efc:	8c 93       	st	X, r24
    1efe:	fe 01       	movw	r30, r28
    1f00:	e2 55       	subi	r30, 0x52	; 82
    1f02:	ff 4f       	sbci	r31, 0xFF	; 255
    1f04:	80 81       	ld	r24, Z
    1f06:	88 23       	and	r24, r24
    1f08:	09 f0       	breq	.+2      	; 0x1f0c <seven+0x13c6>
    1f0a:	6c cf       	rjmp	.-296    	; 0x1de4 <seven+0x129e>
		{
			PORTA=seg[y];
			_delay_ms(1000);
		}
		PORTA=0b00000010;
    1f0c:	eb e3       	ldi	r30, 0x3B	; 59
    1f0e:	f0 e0       	ldi	r31, 0x00	; 0
    1f10:	82 e0       	ldi	r24, 0x02	; 2
    1f12:	80 83       	st	Z, r24
    1f14:	80 e0       	ldi	r24, 0x00	; 0
    1f16:	90 e0       	ldi	r25, 0x00	; 0
    1f18:	aa e7       	ldi	r26, 0x7A	; 122
    1f1a:	b4 e4       	ldi	r27, 0x44	; 68
    1f1c:	8b 87       	std	Y+11, r24	; 0x0b
    1f1e:	9c 87       	std	Y+12, r25	; 0x0c
    1f20:	ad 87       	std	Y+13, r26	; 0x0d
    1f22:	be 87       	std	Y+14, r27	; 0x0e
 */
void
_delay_ms(double __ms)
{
	uint16_t __ticks;
	double __tmp = ((F_CPU) / 4e3) * __ms;
    1f24:	6b 85       	ldd	r22, Y+11	; 0x0b
    1f26:	7c 85       	ldd	r23, Y+12	; 0x0c
    1f28:	8d 85       	ldd	r24, Y+13	; 0x0d
    1f2a:	9e 85       	ldd	r25, Y+14	; 0x0e
    1f2c:	20 e0       	ldi	r18, 0x00	; 0
    1f2e:	30 e0       	ldi	r19, 0x00	; 0
    1f30:	4a e7       	ldi	r20, 0x7A	; 122
    1f32:	55 e4       	ldi	r21, 0x45	; 69
    1f34:	0e 94 1f 02 	call	0x43e	; 0x43e <__mulsf3>
    1f38:	dc 01       	movw	r26, r24
    1f3a:	cb 01       	movw	r24, r22
    1f3c:	8f 83       	std	Y+7, r24	; 0x07
    1f3e:	98 87       	std	Y+8, r25	; 0x08
    1f40:	a9 87       	std	Y+9, r26	; 0x09
    1f42:	ba 87       	std	Y+10, r27	; 0x0a
	if (__tmp < 1.0)
    1f44:	6f 81       	ldd	r22, Y+7	; 0x07
    1f46:	78 85       	ldd	r23, Y+8	; 0x08
    1f48:	89 85       	ldd	r24, Y+9	; 0x09
    1f4a:	9a 85       	ldd	r25, Y+10	; 0x0a
    1f4c:	20 e0       	ldi	r18, 0x00	; 0
    1f4e:	30 e0       	ldi	r19, 0x00	; 0
    1f50:	40 e8       	ldi	r20, 0x80	; 128
    1f52:	5f e3       	ldi	r21, 0x3F	; 63
    1f54:	0e 94 79 03 	call	0x6f2	; 0x6f2 <__ltsf2>
    1f58:	88 23       	and	r24, r24
    1f5a:	2c f4       	brge	.+10     	; 0x1f66 <seven+0x1420>
		__ticks = 1;
    1f5c:	81 e0       	ldi	r24, 0x01	; 1
    1f5e:	90 e0       	ldi	r25, 0x00	; 0
    1f60:	9e 83       	std	Y+6, r25	; 0x06
    1f62:	8d 83       	std	Y+5, r24	; 0x05
    1f64:	3f c0       	rjmp	.+126    	; 0x1fe4 <seven+0x149e>
	else if (__tmp > 65535)
    1f66:	6f 81       	ldd	r22, Y+7	; 0x07
    1f68:	78 85       	ldd	r23, Y+8	; 0x08
    1f6a:	89 85       	ldd	r24, Y+9	; 0x09
    1f6c:	9a 85       	ldd	r25, Y+10	; 0x0a
    1f6e:	20 e0       	ldi	r18, 0x00	; 0
    1f70:	3f ef       	ldi	r19, 0xFF	; 255
    1f72:	4f e7       	ldi	r20, 0x7F	; 127
    1f74:	57 e4       	ldi	r21, 0x47	; 71
    1f76:	0e 94 19 03 	call	0x632	; 0x632 <__gtsf2>
    1f7a:	18 16       	cp	r1, r24
    1f7c:	4c f5       	brge	.+82     	; 0x1fd0 <seven+0x148a>
	{
		//	__ticks = requested delay in 1/10 ms
		__ticks = (uint16_t) (__ms * 10.0);
    1f7e:	6b 85       	ldd	r22, Y+11	; 0x0b
    1f80:	7c 85       	ldd	r23, Y+12	; 0x0c
    1f82:	8d 85       	ldd	r24, Y+13	; 0x0d
    1f84:	9e 85       	ldd	r25, Y+14	; 0x0e
    1f86:	20 e0       	ldi	r18, 0x00	; 0
    1f88:	30 e0       	ldi	r19, 0x00	; 0
    1f8a:	40 e2       	ldi	r20, 0x20	; 32
    1f8c:	51 e4       	ldi	r21, 0x41	; 65
    1f8e:	0e 94 1f 02 	call	0x43e	; 0x43e <__mulsf3>
    1f92:	dc 01       	movw	r26, r24
    1f94:	cb 01       	movw	r24, r22
    1f96:	bc 01       	movw	r22, r24
    1f98:	cd 01       	movw	r24, r26
    1f9a:	0e 94 49 00 	call	0x92	; 0x92 <__fixunssfsi>
    1f9e:	dc 01       	movw	r26, r24
    1fa0:	cb 01       	movw	r24, r22
    1fa2:	9e 83       	std	Y+6, r25	; 0x06
    1fa4:	8d 83       	std	Y+5, r24	; 0x05
    1fa6:	0f c0       	rjmp	.+30     	; 0x1fc6 <seven+0x1480>
    1fa8:	80 e9       	ldi	r24, 0x90	; 144
    1faa:	91 e0       	ldi	r25, 0x01	; 1
    1fac:	9c 83       	std	Y+4, r25	; 0x04
    1fae:	8b 83       	std	Y+3, r24	; 0x03
    1fb0:	8b 81       	ldd	r24, Y+3	; 0x03
    1fb2:	9c 81       	ldd	r25, Y+4	; 0x04
    1fb4:	01 97       	sbiw	r24, 0x01	; 1
    1fb6:	f1 f7       	brne	.-4      	; 0x1fb4 <seven+0x146e>
    1fb8:	9c 83       	std	Y+4, r25	; 0x04
    1fba:	8b 83       	std	Y+3, r24	; 0x03
		while(__ticks)
		{
			// wait 1/10 ms
			_delay_loop_2(((F_CPU) / 4e3) / 10);
			__ticks --;
    1fbc:	8d 81       	ldd	r24, Y+5	; 0x05
    1fbe:	9e 81       	ldd	r25, Y+6	; 0x06
    1fc0:	01 97       	sbiw	r24, 0x01	; 1
    1fc2:	9e 83       	std	Y+6, r25	; 0x06
    1fc4:	8d 83       	std	Y+5, r24	; 0x05
		__ticks = 1;
	else if (__tmp > 65535)
	{
		//	__ticks = requested delay in 1/10 ms
		__ticks = (uint16_t) (__ms * 10.0);
		while(__ticks)
    1fc6:	8d 81       	ldd	r24, Y+5	; 0x05
    1fc8:	9e 81       	ldd	r25, Y+6	; 0x06
    1fca:	00 97       	sbiw	r24, 0x00	; 0
    1fcc:	69 f7       	brne	.-38     	; 0x1fa8 <seven+0x1462>
    1fce:	14 c0       	rjmp	.+40     	; 0x1ff8 <seven+0x14b2>
			__ticks --;
		}
		return;
	}
	else
		__ticks = (uint16_t)__tmp;
    1fd0:	6f 81       	ldd	r22, Y+7	; 0x07
    1fd2:	78 85       	ldd	r23, Y+8	; 0x08
    1fd4:	89 85       	ldd	r24, Y+9	; 0x09
    1fd6:	9a 85       	ldd	r25, Y+10	; 0x0a
    1fd8:	0e 94 49 00 	call	0x92	; 0x92 <__fixunssfsi>
    1fdc:	dc 01       	movw	r26, r24
    1fde:	cb 01       	movw	r24, r22
    1fe0:	9e 83       	std	Y+6, r25	; 0x06
    1fe2:	8d 83       	std	Y+5, r24	; 0x05
    1fe4:	8d 81       	ldd	r24, Y+5	; 0x05
    1fe6:	9e 81       	ldd	r25, Y+6	; 0x06
    1fe8:	9a 83       	std	Y+2, r25	; 0x02
    1fea:	89 83       	std	Y+1, r24	; 0x01
    1fec:	89 81       	ldd	r24, Y+1	; 0x01
    1fee:	9a 81       	ldd	r25, Y+2	; 0x02
    1ff0:	01 97       	sbiw	r24, 0x01	; 1
    1ff2:	f1 f7       	brne	.-4      	; 0x1ff0 <seven+0x14aa>
    1ff4:	9a 83       	std	Y+2, r25	; 0x02
    1ff6:	89 83       	std	Y+1, r24	; 0x01
		_delay_ms(1000);
		clr_bit(PORTC,5);//clear led red
    1ff8:	a5 e3       	ldi	r26, 0x35	; 53
    1ffa:	b0 e0       	ldi	r27, 0x00	; 0
    1ffc:	e5 e3       	ldi	r30, 0x35	; 53
    1ffe:	f0 e0       	ldi	r31, 0x00	; 0
    2000:	80 81       	ld	r24, Z
    2002:	8f 7d       	andi	r24, 0xDF	; 223
    2004:	8c 93       	st	X, r24
		clr_bit(PORTB,0);
    2006:	a8 e3       	ldi	r26, 0x38	; 56
    2008:	b0 e0       	ldi	r27, 0x00	; 0
    200a:	e8 e3       	ldi	r30, 0x38	; 56
    200c:	f0 e0       	ldi	r31, 0x00	; 0
    200e:	80 81       	ld	r24, Z
    2010:	8e 7f       	andi	r24, 0xFE	; 254
    2012:	8c 93       	st	X, r24


}
    2014:	c2 55       	subi	r28, 0x52	; 82
    2016:	df 4f       	sbci	r29, 0xFF	; 255
    2018:	0f b6       	in	r0, 0x3f	; 63
    201a:	f8 94       	cli
    201c:	de bf       	out	0x3e, r29	; 62
    201e:	0f be       	out	0x3f, r0	; 63
    2020:	cd bf       	out	0x3d, r28	; 61
    2022:	cf 91       	pop	r28
    2024:	df 91       	pop	r29
    2026:	1f 91       	pop	r17
    2028:	0f 91       	pop	r16
    202a:	08 95       	ret

0000202c <lcd_init>:
#define F_cpu 16000000
#include "avr/delay.h"
#include "types.h"
#include "utilss.h"
extern void lcd_init(void)
{
    202c:	df 93       	push	r29
    202e:	cf 93       	push	r28
    2030:	cd b7       	in	r28, 0x3d	; 61
    2032:	de b7       	in	r29, 0x3e	; 62
    2034:	e8 97       	sbiw	r28, 0x38	; 56
    2036:	0f b6       	in	r0, 0x3f	; 63
    2038:	f8 94       	cli
    203a:	de bf       	out	0x3e, r29	; 62
    203c:	0f be       	out	0x3f, r0	; 63
    203e:	cd bf       	out	0x3d, r28	; 61
    2040:	80 e0       	ldi	r24, 0x00	; 0
    2042:	90 e0       	ldi	r25, 0x00	; 0
    2044:	a8 e4       	ldi	r26, 0x48	; 72
    2046:	b2 e4       	ldi	r27, 0x42	; 66
    2048:	8d ab       	std	Y+53, r24	; 0x35
    204a:	9e ab       	std	Y+54, r25	; 0x36
    204c:	af ab       	std	Y+55, r26	; 0x37
    204e:	b8 af       	std	Y+56, r27	; 0x38
 */
void
_delay_ms(double __ms)
{
	uint16_t __ticks;
	double __tmp = ((F_CPU) / 4e3) * __ms;
    2050:	6d a9       	ldd	r22, Y+53	; 0x35
    2052:	7e a9       	ldd	r23, Y+54	; 0x36
    2054:	8f a9       	ldd	r24, Y+55	; 0x37
    2056:	98 ad       	ldd	r25, Y+56	; 0x38
    2058:	20 e0       	ldi	r18, 0x00	; 0
    205a:	30 e0       	ldi	r19, 0x00	; 0
    205c:	4a e7       	ldi	r20, 0x7A	; 122
    205e:	55 e4       	ldi	r21, 0x45	; 69
    2060:	0e 94 1f 02 	call	0x43e	; 0x43e <__mulsf3>
    2064:	dc 01       	movw	r26, r24
    2066:	cb 01       	movw	r24, r22
    2068:	89 ab       	std	Y+49, r24	; 0x31
    206a:	9a ab       	std	Y+50, r25	; 0x32
    206c:	ab ab       	std	Y+51, r26	; 0x33
    206e:	bc ab       	std	Y+52, r27	; 0x34
	if (__tmp < 1.0)
    2070:	69 a9       	ldd	r22, Y+49	; 0x31
    2072:	7a a9       	ldd	r23, Y+50	; 0x32
    2074:	8b a9       	ldd	r24, Y+51	; 0x33
    2076:	9c a9       	ldd	r25, Y+52	; 0x34
    2078:	20 e0       	ldi	r18, 0x00	; 0
    207a:	30 e0       	ldi	r19, 0x00	; 0
    207c:	40 e8       	ldi	r20, 0x80	; 128
    207e:	5f e3       	ldi	r21, 0x3F	; 63
    2080:	0e 94 79 03 	call	0x6f2	; 0x6f2 <__ltsf2>
    2084:	88 23       	and	r24, r24
    2086:	2c f4       	brge	.+10     	; 0x2092 <lcd_init+0x66>
		__ticks = 1;
    2088:	81 e0       	ldi	r24, 0x01	; 1
    208a:	90 e0       	ldi	r25, 0x00	; 0
    208c:	98 ab       	std	Y+48, r25	; 0x30
    208e:	8f a7       	std	Y+47, r24	; 0x2f
    2090:	3f c0       	rjmp	.+126    	; 0x2110 <lcd_init+0xe4>
	else if (__tmp > 65535)
    2092:	69 a9       	ldd	r22, Y+49	; 0x31
    2094:	7a a9       	ldd	r23, Y+50	; 0x32
    2096:	8b a9       	ldd	r24, Y+51	; 0x33
    2098:	9c a9       	ldd	r25, Y+52	; 0x34
    209a:	20 e0       	ldi	r18, 0x00	; 0
    209c:	3f ef       	ldi	r19, 0xFF	; 255
    209e:	4f e7       	ldi	r20, 0x7F	; 127
    20a0:	57 e4       	ldi	r21, 0x47	; 71
    20a2:	0e 94 19 03 	call	0x632	; 0x632 <__gtsf2>
    20a6:	18 16       	cp	r1, r24
    20a8:	4c f5       	brge	.+82     	; 0x20fc <lcd_init+0xd0>
	{
		//	__ticks = requested delay in 1/10 ms
		__ticks = (uint16_t) (__ms * 10.0);
    20aa:	6d a9       	ldd	r22, Y+53	; 0x35
    20ac:	7e a9       	ldd	r23, Y+54	; 0x36
    20ae:	8f a9       	ldd	r24, Y+55	; 0x37
    20b0:	98 ad       	ldd	r25, Y+56	; 0x38
    20b2:	20 e0       	ldi	r18, 0x00	; 0
    20b4:	30 e0       	ldi	r19, 0x00	; 0
    20b6:	40 e2       	ldi	r20, 0x20	; 32
    20b8:	51 e4       	ldi	r21, 0x41	; 65
    20ba:	0e 94 1f 02 	call	0x43e	; 0x43e <__mulsf3>
    20be:	dc 01       	movw	r26, r24
    20c0:	cb 01       	movw	r24, r22
    20c2:	bc 01       	movw	r22, r24
    20c4:	cd 01       	movw	r24, r26
    20c6:	0e 94 49 00 	call	0x92	; 0x92 <__fixunssfsi>
    20ca:	dc 01       	movw	r26, r24
    20cc:	cb 01       	movw	r24, r22
    20ce:	98 ab       	std	Y+48, r25	; 0x30
    20d0:	8f a7       	std	Y+47, r24	; 0x2f
    20d2:	0f c0       	rjmp	.+30     	; 0x20f2 <lcd_init+0xc6>
    20d4:	80 e9       	ldi	r24, 0x90	; 144
    20d6:	91 e0       	ldi	r25, 0x01	; 1
    20d8:	9e a7       	std	Y+46, r25	; 0x2e
    20da:	8d a7       	std	Y+45, r24	; 0x2d
    20dc:	8d a5       	ldd	r24, Y+45	; 0x2d
    20de:	9e a5       	ldd	r25, Y+46	; 0x2e
    20e0:	01 97       	sbiw	r24, 0x01	; 1
    20e2:	f1 f7       	brne	.-4      	; 0x20e0 <lcd_init+0xb4>
    20e4:	9e a7       	std	Y+46, r25	; 0x2e
    20e6:	8d a7       	std	Y+45, r24	; 0x2d
		while(__ticks)
		{
			// wait 1/10 ms
			_delay_loop_2(((F_CPU) / 4e3) / 10);
			__ticks --;
    20e8:	8f a5       	ldd	r24, Y+47	; 0x2f
    20ea:	98 a9       	ldd	r25, Y+48	; 0x30
    20ec:	01 97       	sbiw	r24, 0x01	; 1
    20ee:	98 ab       	std	Y+48, r25	; 0x30
    20f0:	8f a7       	std	Y+47, r24	; 0x2f
		__ticks = 1;
	else if (__tmp > 65535)
	{
		//	__ticks = requested delay in 1/10 ms
		__ticks = (uint16_t) (__ms * 10.0);
		while(__ticks)
    20f2:	8f a5       	ldd	r24, Y+47	; 0x2f
    20f4:	98 a9       	ldd	r25, Y+48	; 0x30
    20f6:	00 97       	sbiw	r24, 0x00	; 0
    20f8:	69 f7       	brne	.-38     	; 0x20d4 <lcd_init+0xa8>
    20fa:	14 c0       	rjmp	.+40     	; 0x2124 <lcd_init+0xf8>
			__ticks --;
		}
		return;
	}
	else
		__ticks = (uint16_t)__tmp;
    20fc:	69 a9       	ldd	r22, Y+49	; 0x31
    20fe:	7a a9       	ldd	r23, Y+50	; 0x32
    2100:	8b a9       	ldd	r24, Y+51	; 0x33
    2102:	9c a9       	ldd	r25, Y+52	; 0x34
    2104:	0e 94 49 00 	call	0x92	; 0x92 <__fixunssfsi>
    2108:	dc 01       	movw	r26, r24
    210a:	cb 01       	movw	r24, r22
    210c:	98 ab       	std	Y+48, r25	; 0x30
    210e:	8f a7       	std	Y+47, r24	; 0x2f
    2110:	8f a5       	ldd	r24, Y+47	; 0x2f
    2112:	98 a9       	ldd	r25, Y+48	; 0x30
    2114:	9c a7       	std	Y+44, r25	; 0x2c
    2116:	8b a7       	std	Y+43, r24	; 0x2b
    2118:	8b a5       	ldd	r24, Y+43	; 0x2b
    211a:	9c a5       	ldd	r25, Y+44	; 0x2c
    211c:	01 97       	sbiw	r24, 0x01	; 1
    211e:	f1 f7       	brne	.-4      	; 0x211c <lcd_init+0xf0>
    2120:	9c a7       	std	Y+44, r25	; 0x2c
    2122:	8b a7       	std	Y+43, r24	; 0x2b
	_delay_ms(50);
	lcd_writecommand(0b00111000);
    2124:	88 e3       	ldi	r24, 0x38	; 56
    2126:	90 e0       	ldi	r25, 0x00	; 0
    2128:	0e 94 fd 11 	call	0x23fa	; 0x23fa <lcd_writecommand>
    212c:	80 e0       	ldi	r24, 0x00	; 0
    212e:	90 e0       	ldi	r25, 0x00	; 0
    2130:	a0 e8       	ldi	r26, 0x80	; 128
    2132:	bf e3       	ldi	r27, 0x3F	; 63
    2134:	8f a3       	std	Y+39, r24	; 0x27
    2136:	98 a7       	std	Y+40, r25	; 0x28
    2138:	a9 a7       	std	Y+41, r26	; 0x29
    213a:	ba a7       	std	Y+42, r27	; 0x2a
 */
void
_delay_ms(double __ms)
{
	uint16_t __ticks;
	double __tmp = ((F_CPU) / 4e3) * __ms;
    213c:	6f a1       	ldd	r22, Y+39	; 0x27
    213e:	78 a5       	ldd	r23, Y+40	; 0x28
    2140:	89 a5       	ldd	r24, Y+41	; 0x29
    2142:	9a a5       	ldd	r25, Y+42	; 0x2a
    2144:	20 e0       	ldi	r18, 0x00	; 0
    2146:	30 e0       	ldi	r19, 0x00	; 0
    2148:	4a e7       	ldi	r20, 0x7A	; 122
    214a:	55 e4       	ldi	r21, 0x45	; 69
    214c:	0e 94 1f 02 	call	0x43e	; 0x43e <__mulsf3>
    2150:	dc 01       	movw	r26, r24
    2152:	cb 01       	movw	r24, r22
    2154:	8b a3       	std	Y+35, r24	; 0x23
    2156:	9c a3       	std	Y+36, r25	; 0x24
    2158:	ad a3       	std	Y+37, r26	; 0x25
    215a:	be a3       	std	Y+38, r27	; 0x26
	if (__tmp < 1.0)
    215c:	6b a1       	ldd	r22, Y+35	; 0x23
    215e:	7c a1       	ldd	r23, Y+36	; 0x24
    2160:	8d a1       	ldd	r24, Y+37	; 0x25
    2162:	9e a1       	ldd	r25, Y+38	; 0x26
    2164:	20 e0       	ldi	r18, 0x00	; 0
    2166:	30 e0       	ldi	r19, 0x00	; 0
    2168:	40 e8       	ldi	r20, 0x80	; 128
    216a:	5f e3       	ldi	r21, 0x3F	; 63
    216c:	0e 94 79 03 	call	0x6f2	; 0x6f2 <__ltsf2>
    2170:	88 23       	and	r24, r24
    2172:	2c f4       	brge	.+10     	; 0x217e <lcd_init+0x152>
		__ticks = 1;
    2174:	81 e0       	ldi	r24, 0x01	; 1
    2176:	90 e0       	ldi	r25, 0x00	; 0
    2178:	9a a3       	std	Y+34, r25	; 0x22
    217a:	89 a3       	std	Y+33, r24	; 0x21
    217c:	3f c0       	rjmp	.+126    	; 0x21fc <lcd_init+0x1d0>
	else if (__tmp > 65535)
    217e:	6b a1       	ldd	r22, Y+35	; 0x23
    2180:	7c a1       	ldd	r23, Y+36	; 0x24
    2182:	8d a1       	ldd	r24, Y+37	; 0x25
    2184:	9e a1       	ldd	r25, Y+38	; 0x26
    2186:	20 e0       	ldi	r18, 0x00	; 0
    2188:	3f ef       	ldi	r19, 0xFF	; 255
    218a:	4f e7       	ldi	r20, 0x7F	; 127
    218c:	57 e4       	ldi	r21, 0x47	; 71
    218e:	0e 94 19 03 	call	0x632	; 0x632 <__gtsf2>
    2192:	18 16       	cp	r1, r24
    2194:	4c f5       	brge	.+82     	; 0x21e8 <lcd_init+0x1bc>
	{
		//	__ticks = requested delay in 1/10 ms
		__ticks = (uint16_t) (__ms * 10.0);
    2196:	6f a1       	ldd	r22, Y+39	; 0x27
    2198:	78 a5       	ldd	r23, Y+40	; 0x28
    219a:	89 a5       	ldd	r24, Y+41	; 0x29
    219c:	9a a5       	ldd	r25, Y+42	; 0x2a
    219e:	20 e0       	ldi	r18, 0x00	; 0
    21a0:	30 e0       	ldi	r19, 0x00	; 0
    21a2:	40 e2       	ldi	r20, 0x20	; 32
    21a4:	51 e4       	ldi	r21, 0x41	; 65
    21a6:	0e 94 1f 02 	call	0x43e	; 0x43e <__mulsf3>
    21aa:	dc 01       	movw	r26, r24
    21ac:	cb 01       	movw	r24, r22
    21ae:	bc 01       	movw	r22, r24
    21b0:	cd 01       	movw	r24, r26
    21b2:	0e 94 49 00 	call	0x92	; 0x92 <__fixunssfsi>
    21b6:	dc 01       	movw	r26, r24
    21b8:	cb 01       	movw	r24, r22
    21ba:	9a a3       	std	Y+34, r25	; 0x22
    21bc:	89 a3       	std	Y+33, r24	; 0x21
    21be:	0f c0       	rjmp	.+30     	; 0x21de <lcd_init+0x1b2>
    21c0:	80 e9       	ldi	r24, 0x90	; 144
    21c2:	91 e0       	ldi	r25, 0x01	; 1
    21c4:	98 a3       	std	Y+32, r25	; 0x20
    21c6:	8f 8f       	std	Y+31, r24	; 0x1f
    21c8:	8f 8d       	ldd	r24, Y+31	; 0x1f
    21ca:	98 a1       	ldd	r25, Y+32	; 0x20
    21cc:	01 97       	sbiw	r24, 0x01	; 1
    21ce:	f1 f7       	brne	.-4      	; 0x21cc <lcd_init+0x1a0>
    21d0:	98 a3       	std	Y+32, r25	; 0x20
    21d2:	8f 8f       	std	Y+31, r24	; 0x1f
		while(__ticks)
		{
			// wait 1/10 ms
			_delay_loop_2(((F_CPU) / 4e3) / 10);
			__ticks --;
    21d4:	89 a1       	ldd	r24, Y+33	; 0x21
    21d6:	9a a1       	ldd	r25, Y+34	; 0x22
    21d8:	01 97       	sbiw	r24, 0x01	; 1
    21da:	9a a3       	std	Y+34, r25	; 0x22
    21dc:	89 a3       	std	Y+33, r24	; 0x21
		__ticks = 1;
	else if (__tmp > 65535)
	{
		//	__ticks = requested delay in 1/10 ms
		__ticks = (uint16_t) (__ms * 10.0);
		while(__ticks)
    21de:	89 a1       	ldd	r24, Y+33	; 0x21
    21e0:	9a a1       	ldd	r25, Y+34	; 0x22
    21e2:	00 97       	sbiw	r24, 0x00	; 0
    21e4:	69 f7       	brne	.-38     	; 0x21c0 <lcd_init+0x194>
    21e6:	14 c0       	rjmp	.+40     	; 0x2210 <lcd_init+0x1e4>
			__ticks --;
		}
		return;
	}
	else
		__ticks = (uint16_t)__tmp;
    21e8:	6b a1       	ldd	r22, Y+35	; 0x23
    21ea:	7c a1       	ldd	r23, Y+36	; 0x24
    21ec:	8d a1       	ldd	r24, Y+37	; 0x25
    21ee:	9e a1       	ldd	r25, Y+38	; 0x26
    21f0:	0e 94 49 00 	call	0x92	; 0x92 <__fixunssfsi>
    21f4:	dc 01       	movw	r26, r24
    21f6:	cb 01       	movw	r24, r22
    21f8:	9a a3       	std	Y+34, r25	; 0x22
    21fa:	89 a3       	std	Y+33, r24	; 0x21
    21fc:	89 a1       	ldd	r24, Y+33	; 0x21
    21fe:	9a a1       	ldd	r25, Y+34	; 0x22
    2200:	9e 8f       	std	Y+30, r25	; 0x1e
    2202:	8d 8f       	std	Y+29, r24	; 0x1d
    2204:	8d 8d       	ldd	r24, Y+29	; 0x1d
    2206:	9e 8d       	ldd	r25, Y+30	; 0x1e
    2208:	01 97       	sbiw	r24, 0x01	; 1
    220a:	f1 f7       	brne	.-4      	; 0x2208 <lcd_init+0x1dc>
    220c:	9e 8f       	std	Y+30, r25	; 0x1e
    220e:	8d 8f       	std	Y+29, r24	; 0x1d
	_delay_ms(1);
	lcd_writecommand(0b00001111);
    2210:	8f e0       	ldi	r24, 0x0F	; 15
    2212:	90 e0       	ldi	r25, 0x00	; 0
    2214:	0e 94 fd 11 	call	0x23fa	; 0x23fa <lcd_writecommand>
    2218:	80 e0       	ldi	r24, 0x00	; 0
    221a:	90 e0       	ldi	r25, 0x00	; 0
    221c:	a0 e8       	ldi	r26, 0x80	; 128
    221e:	bf e3       	ldi	r27, 0x3F	; 63
    2220:	89 8f       	std	Y+25, r24	; 0x19
    2222:	9a 8f       	std	Y+26, r25	; 0x1a
    2224:	ab 8f       	std	Y+27, r26	; 0x1b
    2226:	bc 8f       	std	Y+28, r27	; 0x1c
 */
void
_delay_ms(double __ms)
{
	uint16_t __ticks;
	double __tmp = ((F_CPU) / 4e3) * __ms;
    2228:	69 8d       	ldd	r22, Y+25	; 0x19
    222a:	7a 8d       	ldd	r23, Y+26	; 0x1a
    222c:	8b 8d       	ldd	r24, Y+27	; 0x1b
    222e:	9c 8d       	ldd	r25, Y+28	; 0x1c
    2230:	20 e0       	ldi	r18, 0x00	; 0
    2232:	30 e0       	ldi	r19, 0x00	; 0
    2234:	4a e7       	ldi	r20, 0x7A	; 122
    2236:	55 e4       	ldi	r21, 0x45	; 69
    2238:	0e 94 1f 02 	call	0x43e	; 0x43e <__mulsf3>
    223c:	dc 01       	movw	r26, r24
    223e:	cb 01       	movw	r24, r22
    2240:	8d 8b       	std	Y+21, r24	; 0x15
    2242:	9e 8b       	std	Y+22, r25	; 0x16
    2244:	af 8b       	std	Y+23, r26	; 0x17
    2246:	b8 8f       	std	Y+24, r27	; 0x18
	if (__tmp < 1.0)
    2248:	6d 89       	ldd	r22, Y+21	; 0x15
    224a:	7e 89       	ldd	r23, Y+22	; 0x16
    224c:	8f 89       	ldd	r24, Y+23	; 0x17
    224e:	98 8d       	ldd	r25, Y+24	; 0x18
    2250:	20 e0       	ldi	r18, 0x00	; 0
    2252:	30 e0       	ldi	r19, 0x00	; 0
    2254:	40 e8       	ldi	r20, 0x80	; 128
    2256:	5f e3       	ldi	r21, 0x3F	; 63
    2258:	0e 94 79 03 	call	0x6f2	; 0x6f2 <__ltsf2>
    225c:	88 23       	and	r24, r24
    225e:	2c f4       	brge	.+10     	; 0x226a <lcd_init+0x23e>
		__ticks = 1;
    2260:	81 e0       	ldi	r24, 0x01	; 1
    2262:	90 e0       	ldi	r25, 0x00	; 0
    2264:	9c 8b       	std	Y+20, r25	; 0x14
    2266:	8b 8b       	std	Y+19, r24	; 0x13
    2268:	3f c0       	rjmp	.+126    	; 0x22e8 <lcd_init+0x2bc>
	else if (__tmp > 65535)
    226a:	6d 89       	ldd	r22, Y+21	; 0x15
    226c:	7e 89       	ldd	r23, Y+22	; 0x16
    226e:	8f 89       	ldd	r24, Y+23	; 0x17
    2270:	98 8d       	ldd	r25, Y+24	; 0x18
    2272:	20 e0       	ldi	r18, 0x00	; 0
    2274:	3f ef       	ldi	r19, 0xFF	; 255
    2276:	4f e7       	ldi	r20, 0x7F	; 127
    2278:	57 e4       	ldi	r21, 0x47	; 71
    227a:	0e 94 19 03 	call	0x632	; 0x632 <__gtsf2>
    227e:	18 16       	cp	r1, r24
    2280:	4c f5       	brge	.+82     	; 0x22d4 <lcd_init+0x2a8>
	{
		//	__ticks = requested delay in 1/10 ms
		__ticks = (uint16_t) (__ms * 10.0);
    2282:	69 8d       	ldd	r22, Y+25	; 0x19
    2284:	7a 8d       	ldd	r23, Y+26	; 0x1a
    2286:	8b 8d       	ldd	r24, Y+27	; 0x1b
    2288:	9c 8d       	ldd	r25, Y+28	; 0x1c
    228a:	20 e0       	ldi	r18, 0x00	; 0
    228c:	30 e0       	ldi	r19, 0x00	; 0
    228e:	40 e2       	ldi	r20, 0x20	; 32
    2290:	51 e4       	ldi	r21, 0x41	; 65
    2292:	0e 94 1f 02 	call	0x43e	; 0x43e <__mulsf3>
    2296:	dc 01       	movw	r26, r24
    2298:	cb 01       	movw	r24, r22
    229a:	bc 01       	movw	r22, r24
    229c:	cd 01       	movw	r24, r26
    229e:	0e 94 49 00 	call	0x92	; 0x92 <__fixunssfsi>
    22a2:	dc 01       	movw	r26, r24
    22a4:	cb 01       	movw	r24, r22
    22a6:	9c 8b       	std	Y+20, r25	; 0x14
    22a8:	8b 8b       	std	Y+19, r24	; 0x13
    22aa:	0f c0       	rjmp	.+30     	; 0x22ca <lcd_init+0x29e>
    22ac:	80 e9       	ldi	r24, 0x90	; 144
    22ae:	91 e0       	ldi	r25, 0x01	; 1
    22b0:	9a 8b       	std	Y+18, r25	; 0x12
    22b2:	89 8b       	std	Y+17, r24	; 0x11
    22b4:	89 89       	ldd	r24, Y+17	; 0x11
    22b6:	9a 89       	ldd	r25, Y+18	; 0x12
    22b8:	01 97       	sbiw	r24, 0x01	; 1
    22ba:	f1 f7       	brne	.-4      	; 0x22b8 <lcd_init+0x28c>
    22bc:	9a 8b       	std	Y+18, r25	; 0x12
    22be:	89 8b       	std	Y+17, r24	; 0x11
		while(__ticks)
		{
			// wait 1/10 ms
			_delay_loop_2(((F_CPU) / 4e3) / 10);
			__ticks --;
    22c0:	8b 89       	ldd	r24, Y+19	; 0x13
    22c2:	9c 89       	ldd	r25, Y+20	; 0x14
    22c4:	01 97       	sbiw	r24, 0x01	; 1
    22c6:	9c 8b       	std	Y+20, r25	; 0x14
    22c8:	8b 8b       	std	Y+19, r24	; 0x13
		__ticks = 1;
	else if (__tmp > 65535)
	{
		//	__ticks = requested delay in 1/10 ms
		__ticks = (uint16_t) (__ms * 10.0);
		while(__ticks)
    22ca:	8b 89       	ldd	r24, Y+19	; 0x13
    22cc:	9c 89       	ldd	r25, Y+20	; 0x14
    22ce:	00 97       	sbiw	r24, 0x00	; 0
    22d0:	69 f7       	brne	.-38     	; 0x22ac <lcd_init+0x280>
    22d2:	14 c0       	rjmp	.+40     	; 0x22fc <lcd_init+0x2d0>
			__ticks --;
		}
		return;
	}
	else
		__ticks = (uint16_t)__tmp;
    22d4:	6d 89       	ldd	r22, Y+21	; 0x15
    22d6:	7e 89       	ldd	r23, Y+22	; 0x16
    22d8:	8f 89       	ldd	r24, Y+23	; 0x17
    22da:	98 8d       	ldd	r25, Y+24	; 0x18
    22dc:	0e 94 49 00 	call	0x92	; 0x92 <__fixunssfsi>
    22e0:	dc 01       	movw	r26, r24
    22e2:	cb 01       	movw	r24, r22
    22e4:	9c 8b       	std	Y+20, r25	; 0x14
    22e6:	8b 8b       	std	Y+19, r24	; 0x13
    22e8:	8b 89       	ldd	r24, Y+19	; 0x13
    22ea:	9c 89       	ldd	r25, Y+20	; 0x14
    22ec:	98 8b       	std	Y+16, r25	; 0x10
    22ee:	8f 87       	std	Y+15, r24	; 0x0f
    22f0:	8f 85       	ldd	r24, Y+15	; 0x0f
    22f2:	98 89       	ldd	r25, Y+16	; 0x10
    22f4:	01 97       	sbiw	r24, 0x01	; 1
    22f6:	f1 f7       	brne	.-4      	; 0x22f4 <lcd_init+0x2c8>
    22f8:	98 8b       	std	Y+16, r25	; 0x10
    22fa:	8f 87       	std	Y+15, r24	; 0x0f
	_delay_ms(1);
	lcd_writecommand(0b00000001);
    22fc:	81 e0       	ldi	r24, 0x01	; 1
    22fe:	90 e0       	ldi	r25, 0x00	; 0
    2300:	0e 94 fd 11 	call	0x23fa	; 0x23fa <lcd_writecommand>
    2304:	80 e0       	ldi	r24, 0x00	; 0
    2306:	90 e0       	ldi	r25, 0x00	; 0
    2308:	a0 e0       	ldi	r26, 0x00	; 0
    230a:	b0 e4       	ldi	r27, 0x40	; 64
    230c:	8b 87       	std	Y+11, r24	; 0x0b
    230e:	9c 87       	std	Y+12, r25	; 0x0c
    2310:	ad 87       	std	Y+13, r26	; 0x0d
    2312:	be 87       	std	Y+14, r27	; 0x0e
 */
void
_delay_ms(double __ms)
{
	uint16_t __ticks;
	double __tmp = ((F_CPU) / 4e3) * __ms;
    2314:	6b 85       	ldd	r22, Y+11	; 0x0b
    2316:	7c 85       	ldd	r23, Y+12	; 0x0c
    2318:	8d 85       	ldd	r24, Y+13	; 0x0d
    231a:	9e 85       	ldd	r25, Y+14	; 0x0e
    231c:	20 e0       	ldi	r18, 0x00	; 0
    231e:	30 e0       	ldi	r19, 0x00	; 0
    2320:	4a e7       	ldi	r20, 0x7A	; 122
    2322:	55 e4       	ldi	r21, 0x45	; 69
    2324:	0e 94 1f 02 	call	0x43e	; 0x43e <__mulsf3>
    2328:	dc 01       	movw	r26, r24
    232a:	cb 01       	movw	r24, r22
    232c:	8f 83       	std	Y+7, r24	; 0x07
    232e:	98 87       	std	Y+8, r25	; 0x08
    2330:	a9 87       	std	Y+9, r26	; 0x09
    2332:	ba 87       	std	Y+10, r27	; 0x0a
	if (__tmp < 1.0)
    2334:	6f 81       	ldd	r22, Y+7	; 0x07
    2336:	78 85       	ldd	r23, Y+8	; 0x08
    2338:	89 85       	ldd	r24, Y+9	; 0x09
    233a:	9a 85       	ldd	r25, Y+10	; 0x0a
    233c:	20 e0       	ldi	r18, 0x00	; 0
    233e:	30 e0       	ldi	r19, 0x00	; 0
    2340:	40 e8       	ldi	r20, 0x80	; 128
    2342:	5f e3       	ldi	r21, 0x3F	; 63
    2344:	0e 94 79 03 	call	0x6f2	; 0x6f2 <__ltsf2>
    2348:	88 23       	and	r24, r24
    234a:	2c f4       	brge	.+10     	; 0x2356 <lcd_init+0x32a>
		__ticks = 1;
    234c:	81 e0       	ldi	r24, 0x01	; 1
    234e:	90 e0       	ldi	r25, 0x00	; 0
    2350:	9e 83       	std	Y+6, r25	; 0x06
    2352:	8d 83       	std	Y+5, r24	; 0x05
    2354:	3f c0       	rjmp	.+126    	; 0x23d4 <lcd_init+0x3a8>
	else if (__tmp > 65535)
    2356:	6f 81       	ldd	r22, Y+7	; 0x07
    2358:	78 85       	ldd	r23, Y+8	; 0x08
    235a:	89 85       	ldd	r24, Y+9	; 0x09
    235c:	9a 85       	ldd	r25, Y+10	; 0x0a
    235e:	20 e0       	ldi	r18, 0x00	; 0
    2360:	3f ef       	ldi	r19, 0xFF	; 255
    2362:	4f e7       	ldi	r20, 0x7F	; 127
    2364:	57 e4       	ldi	r21, 0x47	; 71
    2366:	0e 94 19 03 	call	0x632	; 0x632 <__gtsf2>
    236a:	18 16       	cp	r1, r24
    236c:	4c f5       	brge	.+82     	; 0x23c0 <lcd_init+0x394>
	{
		//	__ticks = requested delay in 1/10 ms
		__ticks = (uint16_t) (__ms * 10.0);
    236e:	6b 85       	ldd	r22, Y+11	; 0x0b
    2370:	7c 85       	ldd	r23, Y+12	; 0x0c
    2372:	8d 85       	ldd	r24, Y+13	; 0x0d
    2374:	9e 85       	ldd	r25, Y+14	; 0x0e
    2376:	20 e0       	ldi	r18, 0x00	; 0
    2378:	30 e0       	ldi	r19, 0x00	; 0
    237a:	40 e2       	ldi	r20, 0x20	; 32
    237c:	51 e4       	ldi	r21, 0x41	; 65
    237e:	0e 94 1f 02 	call	0x43e	; 0x43e <__mulsf3>
    2382:	dc 01       	movw	r26, r24
    2384:	cb 01       	movw	r24, r22
    2386:	bc 01       	movw	r22, r24
    2388:	cd 01       	movw	r24, r26
    238a:	0e 94 49 00 	call	0x92	; 0x92 <__fixunssfsi>
    238e:	dc 01       	movw	r26, r24
    2390:	cb 01       	movw	r24, r22
    2392:	9e 83       	std	Y+6, r25	; 0x06
    2394:	8d 83       	std	Y+5, r24	; 0x05
    2396:	0f c0       	rjmp	.+30     	; 0x23b6 <lcd_init+0x38a>
    2398:	80 e9       	ldi	r24, 0x90	; 144
    239a:	91 e0       	ldi	r25, 0x01	; 1
    239c:	9c 83       	std	Y+4, r25	; 0x04
    239e:	8b 83       	std	Y+3, r24	; 0x03
    23a0:	8b 81       	ldd	r24, Y+3	; 0x03
    23a2:	9c 81       	ldd	r25, Y+4	; 0x04
    23a4:	01 97       	sbiw	r24, 0x01	; 1
    23a6:	f1 f7       	brne	.-4      	; 0x23a4 <lcd_init+0x378>
    23a8:	9c 83       	std	Y+4, r25	; 0x04
    23aa:	8b 83       	std	Y+3, r24	; 0x03
		while(__ticks)
		{
			// wait 1/10 ms
			_delay_loop_2(((F_CPU) / 4e3) / 10);
			__ticks --;
    23ac:	8d 81       	ldd	r24, Y+5	; 0x05
    23ae:	9e 81       	ldd	r25, Y+6	; 0x06
    23b0:	01 97       	sbiw	r24, 0x01	; 1
    23b2:	9e 83       	std	Y+6, r25	; 0x06
    23b4:	8d 83       	std	Y+5, r24	; 0x05
		__ticks = 1;
	else if (__tmp > 65535)
	{
		//	__ticks = requested delay in 1/10 ms
		__ticks = (uint16_t) (__ms * 10.0);
		while(__ticks)
    23b6:	8d 81       	ldd	r24, Y+5	; 0x05
    23b8:	9e 81       	ldd	r25, Y+6	; 0x06
    23ba:	00 97       	sbiw	r24, 0x00	; 0
    23bc:	69 f7       	brne	.-38     	; 0x2398 <lcd_init+0x36c>
    23be:	14 c0       	rjmp	.+40     	; 0x23e8 <lcd_init+0x3bc>
			__ticks --;
		}
		return;
	}
	else
		__ticks = (uint16_t)__tmp;
    23c0:	6f 81       	ldd	r22, Y+7	; 0x07
    23c2:	78 85       	ldd	r23, Y+8	; 0x08
    23c4:	89 85       	ldd	r24, Y+9	; 0x09
    23c6:	9a 85       	ldd	r25, Y+10	; 0x0a
    23c8:	0e 94 49 00 	call	0x92	; 0x92 <__fixunssfsi>
    23cc:	dc 01       	movw	r26, r24
    23ce:	cb 01       	movw	r24, r22
    23d0:	9e 83       	std	Y+6, r25	; 0x06
    23d2:	8d 83       	std	Y+5, r24	; 0x05
    23d4:	8d 81       	ldd	r24, Y+5	; 0x05
    23d6:	9e 81       	ldd	r25, Y+6	; 0x06
    23d8:	9a 83       	std	Y+2, r25	; 0x02
    23da:	89 83       	std	Y+1, r24	; 0x01
    23dc:	89 81       	ldd	r24, Y+1	; 0x01
    23de:	9a 81       	ldd	r25, Y+2	; 0x02
    23e0:	01 97       	sbiw	r24, 0x01	; 1
    23e2:	f1 f7       	brne	.-4      	; 0x23e0 <lcd_init+0x3b4>
    23e4:	9a 83       	std	Y+2, r25	; 0x02
    23e6:	89 83       	std	Y+1, r24	; 0x01
	_delay_ms(2);

}
    23e8:	e8 96       	adiw	r28, 0x38	; 56
    23ea:	0f b6       	in	r0, 0x3f	; 63
    23ec:	f8 94       	cli
    23ee:	de bf       	out	0x3e, r29	; 62
    23f0:	0f be       	out	0x3f, r0	; 63
    23f2:	cd bf       	out	0x3d, r28	; 61
    23f4:	cf 91       	pop	r28
    23f6:	df 91       	pop	r29
    23f8:	08 95       	ret

000023fa <lcd_writecommand>:
extern void lcd_writecommand(u8 command)
{
    23fa:	df 93       	push	r29
    23fc:	cf 93       	push	r28
    23fe:	cd b7       	in	r28, 0x3d	; 61
    2400:	de b7       	in	r29, 0x3e	; 62
    2402:	2f 97       	sbiw	r28, 0x0f	; 15
    2404:	0f b6       	in	r0, 0x3f	; 63
    2406:	f8 94       	cli
    2408:	de bf       	out	0x3e, r29	; 62
    240a:	0f be       	out	0x3f, r0	; 63
    240c:	cd bf       	out	0x3d, r28	; 61
    240e:	8f 87       	std	Y+15, r24	; 0x0f
	clr_bit(PORTC,0); // rs=0 rs->a0
    2410:	a5 e3       	ldi	r26, 0x35	; 53
    2412:	b0 e0       	ldi	r27, 0x00	; 0
    2414:	e5 e3       	ldi	r30, 0x35	; 53
    2416:	f0 e0       	ldi	r31, 0x00	; 0
    2418:	80 81       	ld	r24, Z
    241a:	8e 7f       	andi	r24, 0xFE	; 254
    241c:	8c 93       	st	X, r24
	clr_bit(PORTC ,1); // rw=0 rw->a1
    241e:	a5 e3       	ldi	r26, 0x35	; 53
    2420:	b0 e0       	ldi	r27, 0x00	; 0
    2422:	e5 e3       	ldi	r30, 0x35	; 53
    2424:	f0 e0       	ldi	r31, 0x00	; 0
    2426:	80 81       	ld	r24, Z
    2428:	8d 7f       	andi	r24, 0xFD	; 253
    242a:	8c 93       	st	X, r24
	PORTD=command;
    242c:	e2 e3       	ldi	r30, 0x32	; 50
    242e:	f0 e0       	ldi	r31, 0x00	; 0
    2430:	8f 85       	ldd	r24, Y+15	; 0x0f
    2432:	80 83       	st	Z, r24
	set_bit(PORTC,2);
    2434:	a5 e3       	ldi	r26, 0x35	; 53
    2436:	b0 e0       	ldi	r27, 0x00	; 0
    2438:	e5 e3       	ldi	r30, 0x35	; 53
    243a:	f0 e0       	ldi	r31, 0x00	; 0
    243c:	80 81       	ld	r24, Z
    243e:	84 60       	ori	r24, 0x04	; 4
    2440:	8c 93       	st	X, r24
    2442:	80 e0       	ldi	r24, 0x00	; 0
    2444:	90 e0       	ldi	r25, 0x00	; 0
    2446:	a0 e0       	ldi	r26, 0x00	; 0
    2448:	b0 e4       	ldi	r27, 0x40	; 64
    244a:	8b 87       	std	Y+11, r24	; 0x0b
    244c:	9c 87       	std	Y+12, r25	; 0x0c
    244e:	ad 87       	std	Y+13, r26	; 0x0d
    2450:	be 87       	std	Y+14, r27	; 0x0e
 */
void
_delay_ms(double __ms)
{
	uint16_t __ticks;
	double __tmp = ((F_CPU) / 4e3) * __ms;
    2452:	6b 85       	ldd	r22, Y+11	; 0x0b
    2454:	7c 85       	ldd	r23, Y+12	; 0x0c
    2456:	8d 85       	ldd	r24, Y+13	; 0x0d
    2458:	9e 85       	ldd	r25, Y+14	; 0x0e
    245a:	20 e0       	ldi	r18, 0x00	; 0
    245c:	30 e0       	ldi	r19, 0x00	; 0
    245e:	4a e7       	ldi	r20, 0x7A	; 122
    2460:	55 e4       	ldi	r21, 0x45	; 69
    2462:	0e 94 1f 02 	call	0x43e	; 0x43e <__mulsf3>
    2466:	dc 01       	movw	r26, r24
    2468:	cb 01       	movw	r24, r22
    246a:	8f 83       	std	Y+7, r24	; 0x07
    246c:	98 87       	std	Y+8, r25	; 0x08
    246e:	a9 87       	std	Y+9, r26	; 0x09
    2470:	ba 87       	std	Y+10, r27	; 0x0a
	if (__tmp < 1.0)
    2472:	6f 81       	ldd	r22, Y+7	; 0x07
    2474:	78 85       	ldd	r23, Y+8	; 0x08
    2476:	89 85       	ldd	r24, Y+9	; 0x09
    2478:	9a 85       	ldd	r25, Y+10	; 0x0a
    247a:	20 e0       	ldi	r18, 0x00	; 0
    247c:	30 e0       	ldi	r19, 0x00	; 0
    247e:	40 e8       	ldi	r20, 0x80	; 128
    2480:	5f e3       	ldi	r21, 0x3F	; 63
    2482:	0e 94 79 03 	call	0x6f2	; 0x6f2 <__ltsf2>
    2486:	88 23       	and	r24, r24
    2488:	2c f4       	brge	.+10     	; 0x2494 <lcd_writecommand+0x9a>
		__ticks = 1;
    248a:	81 e0       	ldi	r24, 0x01	; 1
    248c:	90 e0       	ldi	r25, 0x00	; 0
    248e:	9e 83       	std	Y+6, r25	; 0x06
    2490:	8d 83       	std	Y+5, r24	; 0x05
    2492:	3f c0       	rjmp	.+126    	; 0x2512 <lcd_writecommand+0x118>
	else if (__tmp > 65535)
    2494:	6f 81       	ldd	r22, Y+7	; 0x07
    2496:	78 85       	ldd	r23, Y+8	; 0x08
    2498:	89 85       	ldd	r24, Y+9	; 0x09
    249a:	9a 85       	ldd	r25, Y+10	; 0x0a
    249c:	20 e0       	ldi	r18, 0x00	; 0
    249e:	3f ef       	ldi	r19, 0xFF	; 255
    24a0:	4f e7       	ldi	r20, 0x7F	; 127
    24a2:	57 e4       	ldi	r21, 0x47	; 71
    24a4:	0e 94 19 03 	call	0x632	; 0x632 <__gtsf2>
    24a8:	18 16       	cp	r1, r24
    24aa:	4c f5       	brge	.+82     	; 0x24fe <lcd_writecommand+0x104>
	{
		//	__ticks = requested delay in 1/10 ms
		__ticks = (uint16_t) (__ms * 10.0);
    24ac:	6b 85       	ldd	r22, Y+11	; 0x0b
    24ae:	7c 85       	ldd	r23, Y+12	; 0x0c
    24b0:	8d 85       	ldd	r24, Y+13	; 0x0d
    24b2:	9e 85       	ldd	r25, Y+14	; 0x0e
    24b4:	20 e0       	ldi	r18, 0x00	; 0
    24b6:	30 e0       	ldi	r19, 0x00	; 0
    24b8:	40 e2       	ldi	r20, 0x20	; 32
    24ba:	51 e4       	ldi	r21, 0x41	; 65
    24bc:	0e 94 1f 02 	call	0x43e	; 0x43e <__mulsf3>
    24c0:	dc 01       	movw	r26, r24
    24c2:	cb 01       	movw	r24, r22
    24c4:	bc 01       	movw	r22, r24
    24c6:	cd 01       	movw	r24, r26
    24c8:	0e 94 49 00 	call	0x92	; 0x92 <__fixunssfsi>
    24cc:	dc 01       	movw	r26, r24
    24ce:	cb 01       	movw	r24, r22
    24d0:	9e 83       	std	Y+6, r25	; 0x06
    24d2:	8d 83       	std	Y+5, r24	; 0x05
    24d4:	0f c0       	rjmp	.+30     	; 0x24f4 <lcd_writecommand+0xfa>
    24d6:	80 e9       	ldi	r24, 0x90	; 144
    24d8:	91 e0       	ldi	r25, 0x01	; 1
    24da:	9c 83       	std	Y+4, r25	; 0x04
    24dc:	8b 83       	std	Y+3, r24	; 0x03
    24de:	8b 81       	ldd	r24, Y+3	; 0x03
    24e0:	9c 81       	ldd	r25, Y+4	; 0x04
    24e2:	01 97       	sbiw	r24, 0x01	; 1
    24e4:	f1 f7       	brne	.-4      	; 0x24e2 <lcd_writecommand+0xe8>
    24e6:	9c 83       	std	Y+4, r25	; 0x04
    24e8:	8b 83       	std	Y+3, r24	; 0x03
		while(__ticks)
		{
			// wait 1/10 ms
			_delay_loop_2(((F_CPU) / 4e3) / 10);
			__ticks --;
    24ea:	8d 81       	ldd	r24, Y+5	; 0x05
    24ec:	9e 81       	ldd	r25, Y+6	; 0x06
    24ee:	01 97       	sbiw	r24, 0x01	; 1
    24f0:	9e 83       	std	Y+6, r25	; 0x06
    24f2:	8d 83       	std	Y+5, r24	; 0x05
		__ticks = 1;
	else if (__tmp > 65535)
	{
		//	__ticks = requested delay in 1/10 ms
		__ticks = (uint16_t) (__ms * 10.0);
		while(__ticks)
    24f4:	8d 81       	ldd	r24, Y+5	; 0x05
    24f6:	9e 81       	ldd	r25, Y+6	; 0x06
    24f8:	00 97       	sbiw	r24, 0x00	; 0
    24fa:	69 f7       	brne	.-38     	; 0x24d6 <lcd_writecommand+0xdc>
    24fc:	14 c0       	rjmp	.+40     	; 0x2526 <lcd_writecommand+0x12c>
			__ticks --;
		}
		return;
	}
	else
		__ticks = (uint16_t)__tmp;
    24fe:	6f 81       	ldd	r22, Y+7	; 0x07
    2500:	78 85       	ldd	r23, Y+8	; 0x08
    2502:	89 85       	ldd	r24, Y+9	; 0x09
    2504:	9a 85       	ldd	r25, Y+10	; 0x0a
    2506:	0e 94 49 00 	call	0x92	; 0x92 <__fixunssfsi>
    250a:	dc 01       	movw	r26, r24
    250c:	cb 01       	movw	r24, r22
    250e:	9e 83       	std	Y+6, r25	; 0x06
    2510:	8d 83       	std	Y+5, r24	; 0x05
    2512:	8d 81       	ldd	r24, Y+5	; 0x05
    2514:	9e 81       	ldd	r25, Y+6	; 0x06
    2516:	9a 83       	std	Y+2, r25	; 0x02
    2518:	89 83       	std	Y+1, r24	; 0x01
    251a:	89 81       	ldd	r24, Y+1	; 0x01
    251c:	9a 81       	ldd	r25, Y+2	; 0x02
    251e:	01 97       	sbiw	r24, 0x01	; 1
    2520:	f1 f7       	brne	.-4      	; 0x251e <lcd_writecommand+0x124>
    2522:	9a 83       	std	Y+2, r25	; 0x02
    2524:	89 83       	std	Y+1, r24	; 0x01
	_delay_ms(2);
	clr_bit(PORTC,2);
    2526:	a5 e3       	ldi	r26, 0x35	; 53
    2528:	b0 e0       	ldi	r27, 0x00	; 0
    252a:	e5 e3       	ldi	r30, 0x35	; 53
    252c:	f0 e0       	ldi	r31, 0x00	; 0
    252e:	80 81       	ld	r24, Z
    2530:	8b 7f       	andi	r24, 0xFB	; 251
    2532:	8c 93       	st	X, r24


}
    2534:	2f 96       	adiw	r28, 0x0f	; 15
    2536:	0f b6       	in	r0, 0x3f	; 63
    2538:	f8 94       	cli
    253a:	de bf       	out	0x3e, r29	; 62
    253c:	0f be       	out	0x3f, r0	; 63
    253e:	cd bf       	out	0x3d, r28	; 61
    2540:	cf 91       	pop	r28
    2542:	df 91       	pop	r29
    2544:	08 95       	ret

00002546 <lcd_writedata>:

extern void lcd_writedata(u8 data)
{
    2546:	df 93       	push	r29
    2548:	cf 93       	push	r28
    254a:	cd b7       	in	r28, 0x3d	; 61
    254c:	de b7       	in	r29, 0x3e	; 62
    254e:	2f 97       	sbiw	r28, 0x0f	; 15
    2550:	0f b6       	in	r0, 0x3f	; 63
    2552:	f8 94       	cli
    2554:	de bf       	out	0x3e, r29	; 62
    2556:	0f be       	out	0x3f, r0	; 63
    2558:	cd bf       	out	0x3d, r28	; 61
    255a:	8f 87       	std	Y+15, r24	; 0x0f
	set_bit(PORTC,0); // rs=1 rs->a0
    255c:	a5 e3       	ldi	r26, 0x35	; 53
    255e:	b0 e0       	ldi	r27, 0x00	; 0
    2560:	e5 e3       	ldi	r30, 0x35	; 53
    2562:	f0 e0       	ldi	r31, 0x00	; 0
    2564:	80 81       	ld	r24, Z
    2566:	81 60       	ori	r24, 0x01	; 1
    2568:	8c 93       	st	X, r24
	clr_bit(PORTC ,1); // rw=0 rw->a1
    256a:	a5 e3       	ldi	r26, 0x35	; 53
    256c:	b0 e0       	ldi	r27, 0x00	; 0
    256e:	e5 e3       	ldi	r30, 0x35	; 53
    2570:	f0 e0       	ldi	r31, 0x00	; 0
    2572:	80 81       	ld	r24, Z
    2574:	8d 7f       	andi	r24, 0xFD	; 253
    2576:	8c 93       	st	X, r24
	PORTD=data;
    2578:	e2 e3       	ldi	r30, 0x32	; 50
    257a:	f0 e0       	ldi	r31, 0x00	; 0
    257c:	8f 85       	ldd	r24, Y+15	; 0x0f
    257e:	80 83       	st	Z, r24
	set_bit(PORTC,2);
    2580:	a5 e3       	ldi	r26, 0x35	; 53
    2582:	b0 e0       	ldi	r27, 0x00	; 0
    2584:	e5 e3       	ldi	r30, 0x35	; 53
    2586:	f0 e0       	ldi	r31, 0x00	; 0
    2588:	80 81       	ld	r24, Z
    258a:	84 60       	ori	r24, 0x04	; 4
    258c:	8c 93       	st	X, r24
    258e:	80 e0       	ldi	r24, 0x00	; 0
    2590:	90 e0       	ldi	r25, 0x00	; 0
    2592:	a0 e0       	ldi	r26, 0x00	; 0
    2594:	b0 e4       	ldi	r27, 0x40	; 64
    2596:	8b 87       	std	Y+11, r24	; 0x0b
    2598:	9c 87       	std	Y+12, r25	; 0x0c
    259a:	ad 87       	std	Y+13, r26	; 0x0d
    259c:	be 87       	std	Y+14, r27	; 0x0e
 */
void
_delay_ms(double __ms)
{
	uint16_t __ticks;
	double __tmp = ((F_CPU) / 4e3) * __ms;
    259e:	6b 85       	ldd	r22, Y+11	; 0x0b
    25a0:	7c 85       	ldd	r23, Y+12	; 0x0c
    25a2:	8d 85       	ldd	r24, Y+13	; 0x0d
    25a4:	9e 85       	ldd	r25, Y+14	; 0x0e
    25a6:	20 e0       	ldi	r18, 0x00	; 0
    25a8:	30 e0       	ldi	r19, 0x00	; 0
    25aa:	4a e7       	ldi	r20, 0x7A	; 122
    25ac:	55 e4       	ldi	r21, 0x45	; 69
    25ae:	0e 94 1f 02 	call	0x43e	; 0x43e <__mulsf3>
    25b2:	dc 01       	movw	r26, r24
    25b4:	cb 01       	movw	r24, r22
    25b6:	8f 83       	std	Y+7, r24	; 0x07
    25b8:	98 87       	std	Y+8, r25	; 0x08
    25ba:	a9 87       	std	Y+9, r26	; 0x09
    25bc:	ba 87       	std	Y+10, r27	; 0x0a
	if (__tmp < 1.0)
    25be:	6f 81       	ldd	r22, Y+7	; 0x07
    25c0:	78 85       	ldd	r23, Y+8	; 0x08
    25c2:	89 85       	ldd	r24, Y+9	; 0x09
    25c4:	9a 85       	ldd	r25, Y+10	; 0x0a
    25c6:	20 e0       	ldi	r18, 0x00	; 0
    25c8:	30 e0       	ldi	r19, 0x00	; 0
    25ca:	40 e8       	ldi	r20, 0x80	; 128
    25cc:	5f e3       	ldi	r21, 0x3F	; 63
    25ce:	0e 94 79 03 	call	0x6f2	; 0x6f2 <__ltsf2>
    25d2:	88 23       	and	r24, r24
    25d4:	2c f4       	brge	.+10     	; 0x25e0 <lcd_writedata+0x9a>
		__ticks = 1;
    25d6:	81 e0       	ldi	r24, 0x01	; 1
    25d8:	90 e0       	ldi	r25, 0x00	; 0
    25da:	9e 83       	std	Y+6, r25	; 0x06
    25dc:	8d 83       	std	Y+5, r24	; 0x05
    25de:	3f c0       	rjmp	.+126    	; 0x265e <lcd_writedata+0x118>
	else if (__tmp > 65535)
    25e0:	6f 81       	ldd	r22, Y+7	; 0x07
    25e2:	78 85       	ldd	r23, Y+8	; 0x08
    25e4:	89 85       	ldd	r24, Y+9	; 0x09
    25e6:	9a 85       	ldd	r25, Y+10	; 0x0a
    25e8:	20 e0       	ldi	r18, 0x00	; 0
    25ea:	3f ef       	ldi	r19, 0xFF	; 255
    25ec:	4f e7       	ldi	r20, 0x7F	; 127
    25ee:	57 e4       	ldi	r21, 0x47	; 71
    25f0:	0e 94 19 03 	call	0x632	; 0x632 <__gtsf2>
    25f4:	18 16       	cp	r1, r24
    25f6:	4c f5       	brge	.+82     	; 0x264a <lcd_writedata+0x104>
	{
		//	__ticks = requested delay in 1/10 ms
		__ticks = (uint16_t) (__ms * 10.0);
    25f8:	6b 85       	ldd	r22, Y+11	; 0x0b
    25fa:	7c 85       	ldd	r23, Y+12	; 0x0c
    25fc:	8d 85       	ldd	r24, Y+13	; 0x0d
    25fe:	9e 85       	ldd	r25, Y+14	; 0x0e
    2600:	20 e0       	ldi	r18, 0x00	; 0
    2602:	30 e0       	ldi	r19, 0x00	; 0
    2604:	40 e2       	ldi	r20, 0x20	; 32
    2606:	51 e4       	ldi	r21, 0x41	; 65
    2608:	0e 94 1f 02 	call	0x43e	; 0x43e <__mulsf3>
    260c:	dc 01       	movw	r26, r24
    260e:	cb 01       	movw	r24, r22
    2610:	bc 01       	movw	r22, r24
    2612:	cd 01       	movw	r24, r26
    2614:	0e 94 49 00 	call	0x92	; 0x92 <__fixunssfsi>
    2618:	dc 01       	movw	r26, r24
    261a:	cb 01       	movw	r24, r22
    261c:	9e 83       	std	Y+6, r25	; 0x06
    261e:	8d 83       	std	Y+5, r24	; 0x05
    2620:	0f c0       	rjmp	.+30     	; 0x2640 <lcd_writedata+0xfa>
    2622:	80 e9       	ldi	r24, 0x90	; 144
    2624:	91 e0       	ldi	r25, 0x01	; 1
    2626:	9c 83       	std	Y+4, r25	; 0x04
    2628:	8b 83       	std	Y+3, r24	; 0x03
    262a:	8b 81       	ldd	r24, Y+3	; 0x03
    262c:	9c 81       	ldd	r25, Y+4	; 0x04
    262e:	01 97       	sbiw	r24, 0x01	; 1
    2630:	f1 f7       	brne	.-4      	; 0x262e <lcd_writedata+0xe8>
    2632:	9c 83       	std	Y+4, r25	; 0x04
    2634:	8b 83       	std	Y+3, r24	; 0x03
		while(__ticks)
		{
			// wait 1/10 ms
			_delay_loop_2(((F_CPU) / 4e3) / 10);
			__ticks --;
    2636:	8d 81       	ldd	r24, Y+5	; 0x05
    2638:	9e 81       	ldd	r25, Y+6	; 0x06
    263a:	01 97       	sbiw	r24, 0x01	; 1
    263c:	9e 83       	std	Y+6, r25	; 0x06
    263e:	8d 83       	std	Y+5, r24	; 0x05
		__ticks = 1;
	else if (__tmp > 65535)
	{
		//	__ticks = requested delay in 1/10 ms
		__ticks = (uint16_t) (__ms * 10.0);
		while(__ticks)
    2640:	8d 81       	ldd	r24, Y+5	; 0x05
    2642:	9e 81       	ldd	r25, Y+6	; 0x06
    2644:	00 97       	sbiw	r24, 0x00	; 0
    2646:	69 f7       	brne	.-38     	; 0x2622 <lcd_writedata+0xdc>
    2648:	14 c0       	rjmp	.+40     	; 0x2672 <lcd_writedata+0x12c>
			__ticks --;
		}
		return;
	}
	else
		__ticks = (uint16_t)__tmp;
    264a:	6f 81       	ldd	r22, Y+7	; 0x07
    264c:	78 85       	ldd	r23, Y+8	; 0x08
    264e:	89 85       	ldd	r24, Y+9	; 0x09
    2650:	9a 85       	ldd	r25, Y+10	; 0x0a
    2652:	0e 94 49 00 	call	0x92	; 0x92 <__fixunssfsi>
    2656:	dc 01       	movw	r26, r24
    2658:	cb 01       	movw	r24, r22
    265a:	9e 83       	std	Y+6, r25	; 0x06
    265c:	8d 83       	std	Y+5, r24	; 0x05
    265e:	8d 81       	ldd	r24, Y+5	; 0x05
    2660:	9e 81       	ldd	r25, Y+6	; 0x06
    2662:	9a 83       	std	Y+2, r25	; 0x02
    2664:	89 83       	std	Y+1, r24	; 0x01
    2666:	89 81       	ldd	r24, Y+1	; 0x01
    2668:	9a 81       	ldd	r25, Y+2	; 0x02
    266a:	01 97       	sbiw	r24, 0x01	; 1
    266c:	f1 f7       	brne	.-4      	; 0x266a <lcd_writedata+0x124>
    266e:	9a 83       	std	Y+2, r25	; 0x02
    2670:	89 83       	std	Y+1, r24	; 0x01
	_delay_ms(2);
	clr_bit(PORTC,2);
    2672:	a5 e3       	ldi	r26, 0x35	; 53
    2674:	b0 e0       	ldi	r27, 0x00	; 0
    2676:	e5 e3       	ldi	r30, 0x35	; 53
    2678:	f0 e0       	ldi	r31, 0x00	; 0
    267a:	80 81       	ld	r24, Z
    267c:	8b 7f       	andi	r24, 0xFB	; 251
    267e:	8c 93       	st	X, r24


}
    2680:	2f 96       	adiw	r28, 0x0f	; 15
    2682:	0f b6       	in	r0, 0x3f	; 63
    2684:	f8 94       	cli
    2686:	de bf       	out	0x3e, r29	; 62
    2688:	0f be       	out	0x3f, r0	; 63
    268a:	cd bf       	out	0x3d, r28	; 61
    268c:	cf 91       	pop	r28
    268e:	df 91       	pop	r29
    2690:	08 95       	ret

00002692 <main>:
#include <util/delay.h>//include Library of avr delay from our system
#include "types.h"//include definition of data types By user
#include "utilss.h"//include definition of set 1 and clr 0
#include "Traffic.h"//include header file which defined Prototypes of our functions
int main(void)//the entry of our program
{
    2692:	df 93       	push	r29
    2694:	cf 93       	push	r28
    2696:	cd b7       	in	r28, 0x3d	; 61
    2698:	de b7       	in	r29, 0x3e	; 62
    269a:	6c 97       	sbiw	r28, 0x1c	; 28
    269c:	0f b6       	in	r0, 0x3f	; 63
    269e:	f8 94       	cli
    26a0:	de bf       	out	0x3e, r29	; 62
    26a2:	0f be       	out	0x3f, r0	; 63
    26a4:	cd bf       	out	0x3d, r28	; 61
	/* defined variables and defined ports act as output */

	u8 segarr[6]={0b00000010,0b10011110,0b00100100,0b00001100,0b10011000,0b01001000};
    26a6:	ce 01       	movw	r24, r28
    26a8:	03 96       	adiw	r24, 0x03	; 3
    26aa:	9c 8b       	std	Y+20, r25	; 0x14
    26ac:	8b 8b       	std	Y+19, r24	; 0x13
    26ae:	e2 e7       	ldi	r30, 0x72	; 114
    26b0:	f0 e0       	ldi	r31, 0x00	; 0
    26b2:	fe 8b       	std	Y+22, r31	; 0x16
    26b4:	ed 8b       	std	Y+21, r30	; 0x15
    26b6:	f6 e0       	ldi	r31, 0x06	; 6
    26b8:	ff 8b       	std	Y+23, r31	; 0x17
    26ba:	ed 89       	ldd	r30, Y+21	; 0x15
    26bc:	fe 89       	ldd	r31, Y+22	; 0x16
    26be:	00 80       	ld	r0, Z
    26c0:	8d 89       	ldd	r24, Y+21	; 0x15
    26c2:	9e 89       	ldd	r25, Y+22	; 0x16
    26c4:	01 96       	adiw	r24, 0x01	; 1
    26c6:	9e 8b       	std	Y+22, r25	; 0x16
    26c8:	8d 8b       	std	Y+21, r24	; 0x15
    26ca:	eb 89       	ldd	r30, Y+19	; 0x13
    26cc:	fc 89       	ldd	r31, Y+20	; 0x14
    26ce:	00 82       	st	Z, r0
    26d0:	8b 89       	ldd	r24, Y+19	; 0x13
    26d2:	9c 89       	ldd	r25, Y+20	; 0x14
    26d4:	01 96       	adiw	r24, 0x01	; 1
    26d6:	9c 8b       	std	Y+20, r25	; 0x14
    26d8:	8b 8b       	std	Y+19, r24	; 0x13
    26da:	9f 89       	ldd	r25, Y+23	; 0x17
    26dc:	91 50       	subi	r25, 0x01	; 1
    26de:	9f 8b       	std	Y+23, r25	; 0x17
    26e0:	ef 89       	ldd	r30, Y+23	; 0x17
    26e2:	ee 23       	and	r30, r30
    26e4:	51 f7       	brne	.-44     	; 0x26ba <main+0x28>
	u8 seg[10]={0b00000010,0b10011110,0b00100100,0b00001100,0b10011000,0b01001000,0b01000000,0b00011110,0b00000000,0b00001000};
    26e6:	ce 01       	movw	r24, r28
    26e8:	09 96       	adiw	r24, 0x09	; 9
    26ea:	99 8f       	std	Y+25, r25	; 0x19
    26ec:	88 8f       	std	Y+24, r24	; 0x18
    26ee:	e8 e6       	ldi	r30, 0x68	; 104
    26f0:	f0 e0       	ldi	r31, 0x00	; 0
    26f2:	fb 8f       	std	Y+27, r31	; 0x1b
    26f4:	ea 8f       	std	Y+26, r30	; 0x1a
    26f6:	fa e0       	ldi	r31, 0x0A	; 10
    26f8:	fc 8f       	std	Y+28, r31	; 0x1c
    26fa:	ea 8d       	ldd	r30, Y+26	; 0x1a
    26fc:	fb 8d       	ldd	r31, Y+27	; 0x1b
    26fe:	00 80       	ld	r0, Z
    2700:	8a 8d       	ldd	r24, Y+26	; 0x1a
    2702:	9b 8d       	ldd	r25, Y+27	; 0x1b
    2704:	01 96       	adiw	r24, 0x01	; 1
    2706:	9b 8f       	std	Y+27, r25	; 0x1b
    2708:	8a 8f       	std	Y+26, r24	; 0x1a
    270a:	e8 8d       	ldd	r30, Y+24	; 0x18
    270c:	f9 8d       	ldd	r31, Y+25	; 0x19
    270e:	00 82       	st	Z, r0
    2710:	88 8d       	ldd	r24, Y+24	; 0x18
    2712:	99 8d       	ldd	r25, Y+25	; 0x19
    2714:	01 96       	adiw	r24, 0x01	; 1
    2716:	99 8f       	std	Y+25, r25	; 0x19
    2718:	88 8f       	std	Y+24, r24	; 0x18
    271a:	9c 8d       	ldd	r25, Y+28	; 0x1c
    271c:	91 50       	subi	r25, 0x01	; 1
    271e:	9c 8f       	std	Y+28, r25	; 0x1c
    2720:	ec 8d       	ldd	r30, Y+28	; 0x1c
    2722:	ee 23       	and	r30, r30
    2724:	51 f7       	brne	.-44     	; 0x26fa <main+0x68>
	u8 y;
	u8 i;
	DDRA=0b11111111;
    2726:	ea e3       	ldi	r30, 0x3A	; 58
    2728:	f0 e0       	ldi	r31, 0x00	; 0
    272a:	8f ef       	ldi	r24, 0xFF	; 255
    272c:	80 83       	st	Z, r24
	DDRB=0b11111111;
    272e:	e7 e3       	ldi	r30, 0x37	; 55
    2730:	f0 e0       	ldi	r31, 0x00	; 0
    2732:	8f ef       	ldi	r24, 0xFF	; 255
    2734:	80 83       	st	Z, r24
	DDRC=0b11111111;
    2736:	e4 e3       	ldi	r30, 0x34	; 52
    2738:	f0 e0       	ldi	r31, 0x00	; 0
    273a:	8f ef       	ldi	r24, 0xFF	; 255
    273c:	80 83       	st	Z, r24
	DDRD=0b11111111;
    273e:	e1 e3       	ldi	r30, 0x31	; 49
    2740:	f0 e0       	ldi	r31, 0x00	; 0
    2742:	8f ef       	ldi	r24, 0xFF	; 255
    2744:	80 83       	st	Z, r24
	/* calling functions of Liquid crystal display and 7 segements and while loop to execute the functions along the program*/
	while(1)
	{
	seven(segarr,i,seg,y);
    2746:	ce 01       	movw	r24, r28
    2748:	03 96       	adiw	r24, 0x03	; 3
    274a:	9e 01       	movw	r18, r28
    274c:	27 5f       	subi	r18, 0xF7	; 247
    274e:	3f 4f       	sbci	r19, 0xFF	; 255
    2750:	69 81       	ldd	r22, Y+1	; 0x01
    2752:	a9 01       	movw	r20, r18
    2754:	2a 81       	ldd	r18, Y+2	; 0x02
    2756:	0e 94 a3 05 	call	0xb46	; 0xb46 <seven>
    275a:	f5 cf       	rjmp	.-22     	; 0x2746 <main+0xb4>

0000275c <__prologue_saves__>:
    275c:	2f 92       	push	r2
    275e:	3f 92       	push	r3
    2760:	4f 92       	push	r4
    2762:	5f 92       	push	r5
    2764:	6f 92       	push	r6
    2766:	7f 92       	push	r7
    2768:	8f 92       	push	r8
    276a:	9f 92       	push	r9
    276c:	af 92       	push	r10
    276e:	bf 92       	push	r11
    2770:	cf 92       	push	r12
    2772:	df 92       	push	r13
    2774:	ef 92       	push	r14
    2776:	ff 92       	push	r15
    2778:	0f 93       	push	r16
    277a:	1f 93       	push	r17
    277c:	cf 93       	push	r28
    277e:	df 93       	push	r29
    2780:	cd b7       	in	r28, 0x3d	; 61
    2782:	de b7       	in	r29, 0x3e	; 62
    2784:	ca 1b       	sub	r28, r26
    2786:	db 0b       	sbc	r29, r27
    2788:	0f b6       	in	r0, 0x3f	; 63
    278a:	f8 94       	cli
    278c:	de bf       	out	0x3e, r29	; 62
    278e:	0f be       	out	0x3f, r0	; 63
    2790:	cd bf       	out	0x3d, r28	; 61
    2792:	09 94       	ijmp

00002794 <__epilogue_restores__>:
    2794:	2a 88       	ldd	r2, Y+18	; 0x12
    2796:	39 88       	ldd	r3, Y+17	; 0x11
    2798:	48 88       	ldd	r4, Y+16	; 0x10
    279a:	5f 84       	ldd	r5, Y+15	; 0x0f
    279c:	6e 84       	ldd	r6, Y+14	; 0x0e
    279e:	7d 84       	ldd	r7, Y+13	; 0x0d
    27a0:	8c 84       	ldd	r8, Y+12	; 0x0c
    27a2:	9b 84       	ldd	r9, Y+11	; 0x0b
    27a4:	aa 84       	ldd	r10, Y+10	; 0x0a
    27a6:	b9 84       	ldd	r11, Y+9	; 0x09
    27a8:	c8 84       	ldd	r12, Y+8	; 0x08
    27aa:	df 80       	ldd	r13, Y+7	; 0x07
    27ac:	ee 80       	ldd	r14, Y+6	; 0x06
    27ae:	fd 80       	ldd	r15, Y+5	; 0x05
    27b0:	0c 81       	ldd	r16, Y+4	; 0x04
    27b2:	1b 81       	ldd	r17, Y+3	; 0x03
    27b4:	aa 81       	ldd	r26, Y+2	; 0x02
    27b6:	b9 81       	ldd	r27, Y+1	; 0x01
    27b8:	ce 0f       	add	r28, r30
    27ba:	d1 1d       	adc	r29, r1
    27bc:	0f b6       	in	r0, 0x3f	; 63
    27be:	f8 94       	cli
    27c0:	de bf       	out	0x3e, r29	; 62
    27c2:	0f be       	out	0x3f, r0	; 63
    27c4:	cd bf       	out	0x3d, r28	; 61
    27c6:	ed 01       	movw	r28, r26
    27c8:	08 95       	ret

000027ca <_exit>:
    27ca:	f8 94       	cli

000027cc <__stop_program>:
    27cc:	ff cf       	rjmp	.-2      	; 0x27cc <__stop_program>
