
Project.elf:     file format elf32-avr

Sections:
Idx Name          Size      VMA       LMA       File off  Algn
  0 .text         00001756  00000000  00000000  00000094  2**1
                  CONTENTS, ALLOC, LOAD, READONLY, CODE
  1 .data         00000008  00800060  00001756  000017ea  2**0
                  CONTENTS, ALLOC, LOAD, DATA
  2 .bss          00000007  00800068  00800068  000017f2  2**0
                  ALLOC
  3 .stab         00000fd8  00000000  00000000  000017f4  2**2
                  CONTENTS, READONLY, DEBUGGING
  4 .stabstr      000008f2  00000000  00000000  000027cc  2**0
                  CONTENTS, READONLY, DEBUGGING
  5 .debug_aranges 00000140  00000000  00000000  000030be  2**0
                  CONTENTS, READONLY, DEBUGGING
  6 .debug_pubnames 00000170  00000000  00000000  000031fe  2**0
                  CONTENTS, READONLY, DEBUGGING
  7 .debug_info   00001c49  00000000  00000000  0000336e  2**0
                  CONTENTS, READONLY, DEBUGGING
  8 .debug_abbrev 00000eeb  00000000  00000000  00004fb7  2**0
                  CONTENTS, READONLY, DEBUGGING
  9 .debug_line   00000dad  00000000  00000000  00005ea2  2**0
                  CONTENTS, READONLY, DEBUGGING
 10 .debug_frame  00000160  00000000  00000000  00006c50  2**2
                  CONTENTS, READONLY, DEBUGGING
 11 .debug_str    0000028d  00000000  00000000  00006db0  2**0
                  CONTENTS, READONLY, DEBUGGING
 12 .debug_loc    000007ce  00000000  00000000  0000703d  2**0
                  CONTENTS, READONLY, DEBUGGING
 13 .debug_ranges 00000050  00000000  00000000  0000780b  2**0
                  CONTENTS, READONLY, DEBUGGING

Disassembly of section .text:

00000000 <__vectors>:
       0:	0c 94 2a 00 	jmp	0x54	; 0x54 <__ctors_end>
       4:	0c 94 47 00 	jmp	0x8e	; 0x8e <__bad_interrupt>
       8:	0c 94 47 00 	jmp	0x8e	; 0x8e <__bad_interrupt>
       c:	0c 94 47 00 	jmp	0x8e	; 0x8e <__bad_interrupt>
      10:	0c 94 47 00 	jmp	0x8e	; 0x8e <__bad_interrupt>
      14:	0c 94 47 00 	jmp	0x8e	; 0x8e <__bad_interrupt>
      18:	0c 94 47 00 	jmp	0x8e	; 0x8e <__bad_interrupt>
      1c:	0c 94 47 00 	jmp	0x8e	; 0x8e <__bad_interrupt>
      20:	0c 94 47 00 	jmp	0x8e	; 0x8e <__bad_interrupt>
      24:	0c 94 47 00 	jmp	0x8e	; 0x8e <__bad_interrupt>
      28:	0c 94 47 00 	jmp	0x8e	; 0x8e <__bad_interrupt>
      2c:	0c 94 08 08 	jmp	0x1010	; 0x1010 <__vector_11>
      30:	0c 94 47 00 	jmp	0x8e	; 0x8e <__bad_interrupt>
      34:	0c 94 47 00 	jmp	0x8e	; 0x8e <__bad_interrupt>
      38:	0c 94 47 00 	jmp	0x8e	; 0x8e <__bad_interrupt>
      3c:	0c 94 47 00 	jmp	0x8e	; 0x8e <__bad_interrupt>
      40:	0c 94 47 00 	jmp	0x8e	; 0x8e <__bad_interrupt>
      44:	0c 94 47 00 	jmp	0x8e	; 0x8e <__bad_interrupt>
      48:	0c 94 47 00 	jmp	0x8e	; 0x8e <__bad_interrupt>
      4c:	0c 94 47 00 	jmp	0x8e	; 0x8e <__bad_interrupt>
      50:	0c 94 47 00 	jmp	0x8e	; 0x8e <__bad_interrupt>

00000054 <__ctors_end>:
      54:	11 24       	eor	r1, r1
      56:	1f be       	out	0x3f, r1	; 63
      58:	cf e5       	ldi	r28, 0x5F	; 95
      5a:	d8 e0       	ldi	r29, 0x08	; 8
      5c:	de bf       	out	0x3e, r29	; 62
      5e:	cd bf       	out	0x3d, r28	; 61

00000060 <__do_clear_bss>:
      60:	10 e0       	ldi	r17, 0x00	; 0
      62:	a8 e6       	ldi	r26, 0x68	; 104
      64:	b0 e0       	ldi	r27, 0x00	; 0
      66:	01 c0       	rjmp	.+2      	; 0x6a <.do_clear_bss_start>

00000068 <.do_clear_bss_loop>:
      68:	1d 92       	st	X+, r1

0000006a <.do_clear_bss_start>:
      6a:	af 36       	cpi	r26, 0x6F	; 111
      6c:	b1 07       	cpc	r27, r17
      6e:	e1 f7       	brne	.-8      	; 0x68 <.do_clear_bss_loop>

00000070 <__do_copy_data>:
      70:	10 e0       	ldi	r17, 0x00	; 0
      72:	a0 e6       	ldi	r26, 0x60	; 96
      74:	b0 e0       	ldi	r27, 0x00	; 0
      76:	e6 e5       	ldi	r30, 0x56	; 86
      78:	f7 e1       	ldi	r31, 0x17	; 23
      7a:	02 c0       	rjmp	.+4      	; 0x80 <.do_copy_data_start>

0000007c <.do_copy_data_loop>:
      7c:	05 90       	lpm	r0, Z+
      7e:	0d 92       	st	X+, r0

00000080 <.do_copy_data_start>:
      80:	a8 36       	cpi	r26, 0x68	; 104
      82:	b1 07       	cpc	r27, r17
      84:	d9 f7       	brne	.-10     	; 0x7c <.do_copy_data_loop>
      86:	0e 94 e2 05 	call	0xbc4	; 0xbc4 <main>
      8a:	0c 94 a9 0b 	jmp	0x1752	; 0x1752 <_exit>

0000008e <__bad_interrupt>:
      8e:	0c 94 00 00 	jmp	0	; 0x0 <__vectors>

00000092 <__fixunssfsi>:
      92:	ef 92       	push	r14
      94:	ff 92       	push	r15
      96:	0f 93       	push	r16
      98:	1f 93       	push	r17
      9a:	7b 01       	movw	r14, r22
      9c:	8c 01       	movw	r16, r24
      9e:	20 e0       	ldi	r18, 0x00	; 0
      a0:	30 e0       	ldi	r19, 0x00	; 0
      a2:	40 e0       	ldi	r20, 0x00	; 0
      a4:	5f e4       	ldi	r21, 0x4F	; 79
      a6:	0e 94 49 03 	call	0x692	; 0x692 <__gesf2>
      aa:	88 23       	and	r24, r24
      ac:	8c f0       	brlt	.+34     	; 0xd0 <__fixunssfsi+0x3e>
      ae:	c8 01       	movw	r24, r16
      b0:	b7 01       	movw	r22, r14
      b2:	20 e0       	ldi	r18, 0x00	; 0
      b4:	30 e0       	ldi	r19, 0x00	; 0
      b6:	40 e0       	ldi	r20, 0x00	; 0
      b8:	5f e4       	ldi	r21, 0x4F	; 79
      ba:	0e 94 c1 01 	call	0x382	; 0x382 <__subsf3>
      be:	0e 94 a9 03 	call	0x752	; 0x752 <__fixsfsi>
      c2:	9b 01       	movw	r18, r22
      c4:	ac 01       	movw	r20, r24
      c6:	20 50       	subi	r18, 0x00	; 0
      c8:	30 40       	sbci	r19, 0x00	; 0
      ca:	40 40       	sbci	r20, 0x00	; 0
      cc:	50 48       	sbci	r21, 0x80	; 128
      ce:	06 c0       	rjmp	.+12     	; 0xdc <__fixunssfsi+0x4a>
      d0:	c8 01       	movw	r24, r16
      d2:	b7 01       	movw	r22, r14
      d4:	0e 94 a9 03 	call	0x752	; 0x752 <__fixsfsi>
      d8:	9b 01       	movw	r18, r22
      da:	ac 01       	movw	r20, r24
      dc:	b9 01       	movw	r22, r18
      de:	ca 01       	movw	r24, r20
      e0:	1f 91       	pop	r17
      e2:	0f 91       	pop	r16
      e4:	ff 90       	pop	r15
      e6:	ef 90       	pop	r14
      e8:	08 95       	ret

000000ea <_fpadd_parts>:
      ea:	a0 e0       	ldi	r26, 0x00	; 0
      ec:	b0 e0       	ldi	r27, 0x00	; 0
      ee:	eb e7       	ldi	r30, 0x7B	; 123
      f0:	f0 e0       	ldi	r31, 0x00	; 0
      f2:	0c 94 72 0b 	jmp	0x16e4	; 0x16e4 <__prologue_saves__>
      f6:	dc 01       	movw	r26, r24
      f8:	2b 01       	movw	r4, r22
      fa:	fa 01       	movw	r30, r20
      fc:	9c 91       	ld	r25, X
      fe:	92 30       	cpi	r25, 0x02	; 2
     100:	08 f4       	brcc	.+2      	; 0x104 <_fpadd_parts+0x1a>
     102:	39 c1       	rjmp	.+626    	; 0x376 <_fpadd_parts+0x28c>
     104:	eb 01       	movw	r28, r22
     106:	88 81       	ld	r24, Y
     108:	82 30       	cpi	r24, 0x02	; 2
     10a:	08 f4       	brcc	.+2      	; 0x10e <_fpadd_parts+0x24>
     10c:	33 c1       	rjmp	.+614    	; 0x374 <_fpadd_parts+0x28a>
     10e:	94 30       	cpi	r25, 0x04	; 4
     110:	69 f4       	brne	.+26     	; 0x12c <_fpadd_parts+0x42>
     112:	84 30       	cpi	r24, 0x04	; 4
     114:	09 f0       	breq	.+2      	; 0x118 <_fpadd_parts+0x2e>
     116:	2f c1       	rjmp	.+606    	; 0x376 <_fpadd_parts+0x28c>
     118:	11 96       	adiw	r26, 0x01	; 1
     11a:	9c 91       	ld	r25, X
     11c:	11 97       	sbiw	r26, 0x01	; 1
     11e:	89 81       	ldd	r24, Y+1	; 0x01
     120:	98 17       	cp	r25, r24
     122:	09 f4       	brne	.+2      	; 0x126 <_fpadd_parts+0x3c>
     124:	28 c1       	rjmp	.+592    	; 0x376 <_fpadd_parts+0x28c>
     126:	a0 e6       	ldi	r26, 0x60	; 96
     128:	b0 e0       	ldi	r27, 0x00	; 0
     12a:	25 c1       	rjmp	.+586    	; 0x376 <_fpadd_parts+0x28c>
     12c:	84 30       	cpi	r24, 0x04	; 4
     12e:	09 f4       	brne	.+2      	; 0x132 <_fpadd_parts+0x48>
     130:	21 c1       	rjmp	.+578    	; 0x374 <_fpadd_parts+0x28a>
     132:	82 30       	cpi	r24, 0x02	; 2
     134:	a9 f4       	brne	.+42     	; 0x160 <_fpadd_parts+0x76>
     136:	92 30       	cpi	r25, 0x02	; 2
     138:	09 f0       	breq	.+2      	; 0x13c <_fpadd_parts+0x52>
     13a:	1d c1       	rjmp	.+570    	; 0x376 <_fpadd_parts+0x28c>
     13c:	9a 01       	movw	r18, r20
     13e:	ad 01       	movw	r20, r26
     140:	88 e0       	ldi	r24, 0x08	; 8
     142:	ea 01       	movw	r28, r20
     144:	09 90       	ld	r0, Y+
     146:	ae 01       	movw	r20, r28
     148:	e9 01       	movw	r28, r18
     14a:	09 92       	st	Y+, r0
     14c:	9e 01       	movw	r18, r28
     14e:	81 50       	subi	r24, 0x01	; 1
     150:	c1 f7       	brne	.-16     	; 0x142 <_fpadd_parts+0x58>
     152:	e2 01       	movw	r28, r4
     154:	89 81       	ldd	r24, Y+1	; 0x01
     156:	11 96       	adiw	r26, 0x01	; 1
     158:	9c 91       	ld	r25, X
     15a:	89 23       	and	r24, r25
     15c:	81 83       	std	Z+1, r24	; 0x01
     15e:	08 c1       	rjmp	.+528    	; 0x370 <_fpadd_parts+0x286>
     160:	92 30       	cpi	r25, 0x02	; 2
     162:	09 f4       	brne	.+2      	; 0x166 <_fpadd_parts+0x7c>
     164:	07 c1       	rjmp	.+526    	; 0x374 <_fpadd_parts+0x28a>
     166:	12 96       	adiw	r26, 0x02	; 2
     168:	2d 90       	ld	r2, X+
     16a:	3c 90       	ld	r3, X
     16c:	13 97       	sbiw	r26, 0x03	; 3
     16e:	eb 01       	movw	r28, r22
     170:	8a 81       	ldd	r24, Y+2	; 0x02
     172:	9b 81       	ldd	r25, Y+3	; 0x03
     174:	14 96       	adiw	r26, 0x04	; 4
     176:	ad 90       	ld	r10, X+
     178:	bd 90       	ld	r11, X+
     17a:	cd 90       	ld	r12, X+
     17c:	dc 90       	ld	r13, X
     17e:	17 97       	sbiw	r26, 0x07	; 7
     180:	ec 80       	ldd	r14, Y+4	; 0x04
     182:	fd 80       	ldd	r15, Y+5	; 0x05
     184:	0e 81       	ldd	r16, Y+6	; 0x06
     186:	1f 81       	ldd	r17, Y+7	; 0x07
     188:	91 01       	movw	r18, r2
     18a:	28 1b       	sub	r18, r24
     18c:	39 0b       	sbc	r19, r25
     18e:	b9 01       	movw	r22, r18
     190:	37 ff       	sbrs	r19, 7
     192:	04 c0       	rjmp	.+8      	; 0x19c <_fpadd_parts+0xb2>
     194:	66 27       	eor	r22, r22
     196:	77 27       	eor	r23, r23
     198:	62 1b       	sub	r22, r18
     19a:	73 0b       	sbc	r23, r19
     19c:	60 32       	cpi	r22, 0x20	; 32
     19e:	71 05       	cpc	r23, r1
     1a0:	0c f0       	brlt	.+2      	; 0x1a4 <_fpadd_parts+0xba>
     1a2:	61 c0       	rjmp	.+194    	; 0x266 <_fpadd_parts+0x17c>
     1a4:	12 16       	cp	r1, r18
     1a6:	13 06       	cpc	r1, r19
     1a8:	6c f5       	brge	.+90     	; 0x204 <_fpadd_parts+0x11a>
     1aa:	37 01       	movw	r6, r14
     1ac:	48 01       	movw	r8, r16
     1ae:	06 2e       	mov	r0, r22
     1b0:	04 c0       	rjmp	.+8      	; 0x1ba <_fpadd_parts+0xd0>
     1b2:	96 94       	lsr	r9
     1b4:	87 94       	ror	r8
     1b6:	77 94       	ror	r7
     1b8:	67 94       	ror	r6
     1ba:	0a 94       	dec	r0
     1bc:	d2 f7       	brpl	.-12     	; 0x1b2 <_fpadd_parts+0xc8>
     1be:	21 e0       	ldi	r18, 0x01	; 1
     1c0:	30 e0       	ldi	r19, 0x00	; 0
     1c2:	40 e0       	ldi	r20, 0x00	; 0
     1c4:	50 e0       	ldi	r21, 0x00	; 0
     1c6:	04 c0       	rjmp	.+8      	; 0x1d0 <_fpadd_parts+0xe6>
     1c8:	22 0f       	add	r18, r18
     1ca:	33 1f       	adc	r19, r19
     1cc:	44 1f       	adc	r20, r20
     1ce:	55 1f       	adc	r21, r21
     1d0:	6a 95       	dec	r22
     1d2:	d2 f7       	brpl	.-12     	; 0x1c8 <_fpadd_parts+0xde>
     1d4:	21 50       	subi	r18, 0x01	; 1
     1d6:	30 40       	sbci	r19, 0x00	; 0
     1d8:	40 40       	sbci	r20, 0x00	; 0
     1da:	50 40       	sbci	r21, 0x00	; 0
     1dc:	2e 21       	and	r18, r14
     1de:	3f 21       	and	r19, r15
     1e0:	40 23       	and	r20, r16
     1e2:	51 23       	and	r21, r17
     1e4:	21 15       	cp	r18, r1
     1e6:	31 05       	cpc	r19, r1
     1e8:	41 05       	cpc	r20, r1
     1ea:	51 05       	cpc	r21, r1
     1ec:	21 f0       	breq	.+8      	; 0x1f6 <_fpadd_parts+0x10c>
     1ee:	21 e0       	ldi	r18, 0x01	; 1
     1f0:	30 e0       	ldi	r19, 0x00	; 0
     1f2:	40 e0       	ldi	r20, 0x00	; 0
     1f4:	50 e0       	ldi	r21, 0x00	; 0
     1f6:	79 01       	movw	r14, r18
     1f8:	8a 01       	movw	r16, r20
     1fa:	e6 28       	or	r14, r6
     1fc:	f7 28       	or	r15, r7
     1fe:	08 29       	or	r16, r8
     200:	19 29       	or	r17, r9
     202:	3c c0       	rjmp	.+120    	; 0x27c <_fpadd_parts+0x192>
     204:	23 2b       	or	r18, r19
     206:	d1 f1       	breq	.+116    	; 0x27c <_fpadd_parts+0x192>
     208:	26 0e       	add	r2, r22
     20a:	37 1e       	adc	r3, r23
     20c:	35 01       	movw	r6, r10
     20e:	46 01       	movw	r8, r12
     210:	06 2e       	mov	r0, r22
     212:	04 c0       	rjmp	.+8      	; 0x21c <_fpadd_parts+0x132>
     214:	96 94       	lsr	r9
     216:	87 94       	ror	r8
     218:	77 94       	ror	r7
     21a:	67 94       	ror	r6
     21c:	0a 94       	dec	r0
     21e:	d2 f7       	brpl	.-12     	; 0x214 <_fpadd_parts+0x12a>
     220:	21 e0       	ldi	r18, 0x01	; 1
     222:	30 e0       	ldi	r19, 0x00	; 0
     224:	40 e0       	ldi	r20, 0x00	; 0
     226:	50 e0       	ldi	r21, 0x00	; 0
     228:	04 c0       	rjmp	.+8      	; 0x232 <_fpadd_parts+0x148>
     22a:	22 0f       	add	r18, r18
     22c:	33 1f       	adc	r19, r19
     22e:	44 1f       	adc	r20, r20
     230:	55 1f       	adc	r21, r21
     232:	6a 95       	dec	r22
     234:	d2 f7       	brpl	.-12     	; 0x22a <_fpadd_parts+0x140>
     236:	21 50       	subi	r18, 0x01	; 1
     238:	30 40       	sbci	r19, 0x00	; 0
     23a:	40 40       	sbci	r20, 0x00	; 0
     23c:	50 40       	sbci	r21, 0x00	; 0
     23e:	2a 21       	and	r18, r10
     240:	3b 21       	and	r19, r11
     242:	4c 21       	and	r20, r12
     244:	5d 21       	and	r21, r13
     246:	21 15       	cp	r18, r1
     248:	31 05       	cpc	r19, r1
     24a:	41 05       	cpc	r20, r1
     24c:	51 05       	cpc	r21, r1
     24e:	21 f0       	breq	.+8      	; 0x258 <_fpadd_parts+0x16e>
     250:	21 e0       	ldi	r18, 0x01	; 1
     252:	30 e0       	ldi	r19, 0x00	; 0
     254:	40 e0       	ldi	r20, 0x00	; 0
     256:	50 e0       	ldi	r21, 0x00	; 0
     258:	59 01       	movw	r10, r18
     25a:	6a 01       	movw	r12, r20
     25c:	a6 28       	or	r10, r6
     25e:	b7 28       	or	r11, r7
     260:	c8 28       	or	r12, r8
     262:	d9 28       	or	r13, r9
     264:	0b c0       	rjmp	.+22     	; 0x27c <_fpadd_parts+0x192>
     266:	82 15       	cp	r24, r2
     268:	93 05       	cpc	r25, r3
     26a:	2c f0       	brlt	.+10     	; 0x276 <_fpadd_parts+0x18c>
     26c:	1c 01       	movw	r2, r24
     26e:	aa 24       	eor	r10, r10
     270:	bb 24       	eor	r11, r11
     272:	65 01       	movw	r12, r10
     274:	03 c0       	rjmp	.+6      	; 0x27c <_fpadd_parts+0x192>
     276:	ee 24       	eor	r14, r14
     278:	ff 24       	eor	r15, r15
     27a:	87 01       	movw	r16, r14
     27c:	11 96       	adiw	r26, 0x01	; 1
     27e:	9c 91       	ld	r25, X
     280:	d2 01       	movw	r26, r4
     282:	11 96       	adiw	r26, 0x01	; 1
     284:	8c 91       	ld	r24, X
     286:	98 17       	cp	r25, r24
     288:	09 f4       	brne	.+2      	; 0x28c <_fpadd_parts+0x1a2>
     28a:	45 c0       	rjmp	.+138    	; 0x316 <_fpadd_parts+0x22c>
     28c:	99 23       	and	r25, r25
     28e:	39 f0       	breq	.+14     	; 0x29e <_fpadd_parts+0x1b4>
     290:	a8 01       	movw	r20, r16
     292:	97 01       	movw	r18, r14
     294:	2a 19       	sub	r18, r10
     296:	3b 09       	sbc	r19, r11
     298:	4c 09       	sbc	r20, r12
     29a:	5d 09       	sbc	r21, r13
     29c:	06 c0       	rjmp	.+12     	; 0x2aa <_fpadd_parts+0x1c0>
     29e:	a6 01       	movw	r20, r12
     2a0:	95 01       	movw	r18, r10
     2a2:	2e 19       	sub	r18, r14
     2a4:	3f 09       	sbc	r19, r15
     2a6:	40 0b       	sbc	r20, r16
     2a8:	51 0b       	sbc	r21, r17
     2aa:	57 fd       	sbrc	r21, 7
     2ac:	08 c0       	rjmp	.+16     	; 0x2be <_fpadd_parts+0x1d4>
     2ae:	11 82       	std	Z+1, r1	; 0x01
     2b0:	33 82       	std	Z+3, r3	; 0x03
     2b2:	22 82       	std	Z+2, r2	; 0x02
     2b4:	24 83       	std	Z+4, r18	; 0x04
     2b6:	35 83       	std	Z+5, r19	; 0x05
     2b8:	46 83       	std	Z+6, r20	; 0x06
     2ba:	57 83       	std	Z+7, r21	; 0x07
     2bc:	1d c0       	rjmp	.+58     	; 0x2f8 <_fpadd_parts+0x20e>
     2be:	81 e0       	ldi	r24, 0x01	; 1
     2c0:	81 83       	std	Z+1, r24	; 0x01
     2c2:	33 82       	std	Z+3, r3	; 0x03
     2c4:	22 82       	std	Z+2, r2	; 0x02
     2c6:	88 27       	eor	r24, r24
     2c8:	99 27       	eor	r25, r25
     2ca:	dc 01       	movw	r26, r24
     2cc:	82 1b       	sub	r24, r18
     2ce:	93 0b       	sbc	r25, r19
     2d0:	a4 0b       	sbc	r26, r20
     2d2:	b5 0b       	sbc	r27, r21
     2d4:	84 83       	std	Z+4, r24	; 0x04
     2d6:	95 83       	std	Z+5, r25	; 0x05
     2d8:	a6 83       	std	Z+6, r26	; 0x06
     2da:	b7 83       	std	Z+7, r27	; 0x07
     2dc:	0d c0       	rjmp	.+26     	; 0x2f8 <_fpadd_parts+0x20e>
     2de:	22 0f       	add	r18, r18
     2e0:	33 1f       	adc	r19, r19
     2e2:	44 1f       	adc	r20, r20
     2e4:	55 1f       	adc	r21, r21
     2e6:	24 83       	std	Z+4, r18	; 0x04
     2e8:	35 83       	std	Z+5, r19	; 0x05
     2ea:	46 83       	std	Z+6, r20	; 0x06
     2ec:	57 83       	std	Z+7, r21	; 0x07
     2ee:	82 81       	ldd	r24, Z+2	; 0x02
     2f0:	93 81       	ldd	r25, Z+3	; 0x03
     2f2:	01 97       	sbiw	r24, 0x01	; 1
     2f4:	93 83       	std	Z+3, r25	; 0x03
     2f6:	82 83       	std	Z+2, r24	; 0x02
     2f8:	24 81       	ldd	r18, Z+4	; 0x04
     2fa:	35 81       	ldd	r19, Z+5	; 0x05
     2fc:	46 81       	ldd	r20, Z+6	; 0x06
     2fe:	57 81       	ldd	r21, Z+7	; 0x07
     300:	da 01       	movw	r26, r20
     302:	c9 01       	movw	r24, r18
     304:	01 97       	sbiw	r24, 0x01	; 1
     306:	a1 09       	sbc	r26, r1
     308:	b1 09       	sbc	r27, r1
     30a:	8f 5f       	subi	r24, 0xFF	; 255
     30c:	9f 4f       	sbci	r25, 0xFF	; 255
     30e:	af 4f       	sbci	r26, 0xFF	; 255
     310:	bf 43       	sbci	r27, 0x3F	; 63
     312:	28 f3       	brcs	.-54     	; 0x2de <_fpadd_parts+0x1f4>
     314:	0b c0       	rjmp	.+22     	; 0x32c <_fpadd_parts+0x242>
     316:	91 83       	std	Z+1, r25	; 0x01
     318:	33 82       	std	Z+3, r3	; 0x03
     31a:	22 82       	std	Z+2, r2	; 0x02
     31c:	ea 0c       	add	r14, r10
     31e:	fb 1c       	adc	r15, r11
     320:	0c 1d       	adc	r16, r12
     322:	1d 1d       	adc	r17, r13
     324:	e4 82       	std	Z+4, r14	; 0x04
     326:	f5 82       	std	Z+5, r15	; 0x05
     328:	06 83       	std	Z+6, r16	; 0x06
     32a:	17 83       	std	Z+7, r17	; 0x07
     32c:	83 e0       	ldi	r24, 0x03	; 3
     32e:	80 83       	st	Z, r24
     330:	24 81       	ldd	r18, Z+4	; 0x04
     332:	35 81       	ldd	r19, Z+5	; 0x05
     334:	46 81       	ldd	r20, Z+6	; 0x06
     336:	57 81       	ldd	r21, Z+7	; 0x07
     338:	57 ff       	sbrs	r21, 7
     33a:	1a c0       	rjmp	.+52     	; 0x370 <_fpadd_parts+0x286>
     33c:	c9 01       	movw	r24, r18
     33e:	aa 27       	eor	r26, r26
     340:	97 fd       	sbrc	r25, 7
     342:	a0 95       	com	r26
     344:	ba 2f       	mov	r27, r26
     346:	81 70       	andi	r24, 0x01	; 1
     348:	90 70       	andi	r25, 0x00	; 0
     34a:	a0 70       	andi	r26, 0x00	; 0
     34c:	b0 70       	andi	r27, 0x00	; 0
     34e:	56 95       	lsr	r21
     350:	47 95       	ror	r20
     352:	37 95       	ror	r19
     354:	27 95       	ror	r18
     356:	82 2b       	or	r24, r18
     358:	93 2b       	or	r25, r19
     35a:	a4 2b       	or	r26, r20
     35c:	b5 2b       	or	r27, r21
     35e:	84 83       	std	Z+4, r24	; 0x04
     360:	95 83       	std	Z+5, r25	; 0x05
     362:	a6 83       	std	Z+6, r26	; 0x06
     364:	b7 83       	std	Z+7, r27	; 0x07
     366:	82 81       	ldd	r24, Z+2	; 0x02
     368:	93 81       	ldd	r25, Z+3	; 0x03
     36a:	01 96       	adiw	r24, 0x01	; 1
     36c:	93 83       	std	Z+3, r25	; 0x03
     36e:	82 83       	std	Z+2, r24	; 0x02
     370:	df 01       	movw	r26, r30
     372:	01 c0       	rjmp	.+2      	; 0x376 <_fpadd_parts+0x28c>
     374:	d2 01       	movw	r26, r4
     376:	cd 01       	movw	r24, r26
     378:	cd b7       	in	r28, 0x3d	; 61
     37a:	de b7       	in	r29, 0x3e	; 62
     37c:	e2 e1       	ldi	r30, 0x12	; 18
     37e:	0c 94 8e 0b 	jmp	0x171c	; 0x171c <__epilogue_restores__>

00000382 <__subsf3>:
     382:	a0 e2       	ldi	r26, 0x20	; 32
     384:	b0 e0       	ldi	r27, 0x00	; 0
     386:	e7 ec       	ldi	r30, 0xC7	; 199
     388:	f1 e0       	ldi	r31, 0x01	; 1
     38a:	0c 94 7e 0b 	jmp	0x16fc	; 0x16fc <__prologue_saves__+0x18>
     38e:	69 83       	std	Y+1, r22	; 0x01
     390:	7a 83       	std	Y+2, r23	; 0x02
     392:	8b 83       	std	Y+3, r24	; 0x03
     394:	9c 83       	std	Y+4, r25	; 0x04
     396:	2d 83       	std	Y+5, r18	; 0x05
     398:	3e 83       	std	Y+6, r19	; 0x06
     39a:	4f 83       	std	Y+7, r20	; 0x07
     39c:	58 87       	std	Y+8, r21	; 0x08
     39e:	e9 e0       	ldi	r30, 0x09	; 9
     3a0:	ee 2e       	mov	r14, r30
     3a2:	f1 2c       	mov	r15, r1
     3a4:	ec 0e       	add	r14, r28
     3a6:	fd 1e       	adc	r15, r29
     3a8:	ce 01       	movw	r24, r28
     3aa:	01 96       	adiw	r24, 0x01	; 1
     3ac:	b7 01       	movw	r22, r14
     3ae:	0e 94 d2 04 	call	0x9a4	; 0x9a4 <__unpack_f>
     3b2:	8e 01       	movw	r16, r28
     3b4:	0f 5e       	subi	r16, 0xEF	; 239
     3b6:	1f 4f       	sbci	r17, 0xFF	; 255
     3b8:	ce 01       	movw	r24, r28
     3ba:	05 96       	adiw	r24, 0x05	; 5
     3bc:	b8 01       	movw	r22, r16
     3be:	0e 94 d2 04 	call	0x9a4	; 0x9a4 <__unpack_f>
     3c2:	8a 89       	ldd	r24, Y+18	; 0x12
     3c4:	91 e0       	ldi	r25, 0x01	; 1
     3c6:	89 27       	eor	r24, r25
     3c8:	8a 8b       	std	Y+18, r24	; 0x12
     3ca:	c7 01       	movw	r24, r14
     3cc:	b8 01       	movw	r22, r16
     3ce:	ae 01       	movw	r20, r28
     3d0:	47 5e       	subi	r20, 0xE7	; 231
     3d2:	5f 4f       	sbci	r21, 0xFF	; 255
     3d4:	0e 94 75 00 	call	0xea	; 0xea <_fpadd_parts>
     3d8:	0e 94 fd 03 	call	0x7fa	; 0x7fa <__pack_f>
     3dc:	a0 96       	adiw	r28, 0x20	; 32
     3de:	e6 e0       	ldi	r30, 0x06	; 6
     3e0:	0c 94 9a 0b 	jmp	0x1734	; 0x1734 <__epilogue_restores__+0x18>

000003e4 <__addsf3>:
     3e4:	a0 e2       	ldi	r26, 0x20	; 32
     3e6:	b0 e0       	ldi	r27, 0x00	; 0
     3e8:	e8 ef       	ldi	r30, 0xF8	; 248
     3ea:	f1 e0       	ldi	r31, 0x01	; 1
     3ec:	0c 94 7e 0b 	jmp	0x16fc	; 0x16fc <__prologue_saves__+0x18>
     3f0:	69 83       	std	Y+1, r22	; 0x01
     3f2:	7a 83       	std	Y+2, r23	; 0x02
     3f4:	8b 83       	std	Y+3, r24	; 0x03
     3f6:	9c 83       	std	Y+4, r25	; 0x04
     3f8:	2d 83       	std	Y+5, r18	; 0x05
     3fa:	3e 83       	std	Y+6, r19	; 0x06
     3fc:	4f 83       	std	Y+7, r20	; 0x07
     3fe:	58 87       	std	Y+8, r21	; 0x08
     400:	f9 e0       	ldi	r31, 0x09	; 9
     402:	ef 2e       	mov	r14, r31
     404:	f1 2c       	mov	r15, r1
     406:	ec 0e       	add	r14, r28
     408:	fd 1e       	adc	r15, r29
     40a:	ce 01       	movw	r24, r28
     40c:	01 96       	adiw	r24, 0x01	; 1
     40e:	b7 01       	movw	r22, r14
     410:	0e 94 d2 04 	call	0x9a4	; 0x9a4 <__unpack_f>
     414:	8e 01       	movw	r16, r28
     416:	0f 5e       	subi	r16, 0xEF	; 239
     418:	1f 4f       	sbci	r17, 0xFF	; 255
     41a:	ce 01       	movw	r24, r28
     41c:	05 96       	adiw	r24, 0x05	; 5
     41e:	b8 01       	movw	r22, r16
     420:	0e 94 d2 04 	call	0x9a4	; 0x9a4 <__unpack_f>
     424:	c7 01       	movw	r24, r14
     426:	b8 01       	movw	r22, r16
     428:	ae 01       	movw	r20, r28
     42a:	47 5e       	subi	r20, 0xE7	; 231
     42c:	5f 4f       	sbci	r21, 0xFF	; 255
     42e:	0e 94 75 00 	call	0xea	; 0xea <_fpadd_parts>
     432:	0e 94 fd 03 	call	0x7fa	; 0x7fa <__pack_f>
     436:	a0 96       	adiw	r28, 0x20	; 32
     438:	e6 e0       	ldi	r30, 0x06	; 6
     43a:	0c 94 9a 0b 	jmp	0x1734	; 0x1734 <__epilogue_restores__+0x18>

0000043e <__mulsf3>:
     43e:	a0 e2       	ldi	r26, 0x20	; 32
     440:	b0 e0       	ldi	r27, 0x00	; 0
     442:	e5 e2       	ldi	r30, 0x25	; 37
     444:	f2 e0       	ldi	r31, 0x02	; 2
     446:	0c 94 72 0b 	jmp	0x16e4	; 0x16e4 <__prologue_saves__>
     44a:	69 83       	std	Y+1, r22	; 0x01
     44c:	7a 83       	std	Y+2, r23	; 0x02
     44e:	8b 83       	std	Y+3, r24	; 0x03
     450:	9c 83       	std	Y+4, r25	; 0x04
     452:	2d 83       	std	Y+5, r18	; 0x05
     454:	3e 83       	std	Y+6, r19	; 0x06
     456:	4f 83       	std	Y+7, r20	; 0x07
     458:	58 87       	std	Y+8, r21	; 0x08
     45a:	ce 01       	movw	r24, r28
     45c:	01 96       	adiw	r24, 0x01	; 1
     45e:	be 01       	movw	r22, r28
     460:	67 5f       	subi	r22, 0xF7	; 247
     462:	7f 4f       	sbci	r23, 0xFF	; 255
     464:	0e 94 d2 04 	call	0x9a4	; 0x9a4 <__unpack_f>
     468:	ce 01       	movw	r24, r28
     46a:	05 96       	adiw	r24, 0x05	; 5
     46c:	be 01       	movw	r22, r28
     46e:	6f 5e       	subi	r22, 0xEF	; 239
     470:	7f 4f       	sbci	r23, 0xFF	; 255
     472:	0e 94 d2 04 	call	0x9a4	; 0x9a4 <__unpack_f>
     476:	99 85       	ldd	r25, Y+9	; 0x09
     478:	92 30       	cpi	r25, 0x02	; 2
     47a:	88 f0       	brcs	.+34     	; 0x49e <__mulsf3+0x60>
     47c:	89 89       	ldd	r24, Y+17	; 0x11
     47e:	82 30       	cpi	r24, 0x02	; 2
     480:	c8 f0       	brcs	.+50     	; 0x4b4 <__mulsf3+0x76>
     482:	94 30       	cpi	r25, 0x04	; 4
     484:	19 f4       	brne	.+6      	; 0x48c <__mulsf3+0x4e>
     486:	82 30       	cpi	r24, 0x02	; 2
     488:	51 f4       	brne	.+20     	; 0x49e <__mulsf3+0x60>
     48a:	04 c0       	rjmp	.+8      	; 0x494 <__mulsf3+0x56>
     48c:	84 30       	cpi	r24, 0x04	; 4
     48e:	29 f4       	brne	.+10     	; 0x49a <__mulsf3+0x5c>
     490:	92 30       	cpi	r25, 0x02	; 2
     492:	81 f4       	brne	.+32     	; 0x4b4 <__mulsf3+0x76>
     494:	80 e6       	ldi	r24, 0x60	; 96
     496:	90 e0       	ldi	r25, 0x00	; 0
     498:	c6 c0       	rjmp	.+396    	; 0x626 <__mulsf3+0x1e8>
     49a:	92 30       	cpi	r25, 0x02	; 2
     49c:	49 f4       	brne	.+18     	; 0x4b0 <__mulsf3+0x72>
     49e:	20 e0       	ldi	r18, 0x00	; 0
     4a0:	9a 85       	ldd	r25, Y+10	; 0x0a
     4a2:	8a 89       	ldd	r24, Y+18	; 0x12
     4a4:	98 13       	cpse	r25, r24
     4a6:	21 e0       	ldi	r18, 0x01	; 1
     4a8:	2a 87       	std	Y+10, r18	; 0x0a
     4aa:	ce 01       	movw	r24, r28
     4ac:	09 96       	adiw	r24, 0x09	; 9
     4ae:	bb c0       	rjmp	.+374    	; 0x626 <__mulsf3+0x1e8>
     4b0:	82 30       	cpi	r24, 0x02	; 2
     4b2:	49 f4       	brne	.+18     	; 0x4c6 <__mulsf3+0x88>
     4b4:	20 e0       	ldi	r18, 0x00	; 0
     4b6:	9a 85       	ldd	r25, Y+10	; 0x0a
     4b8:	8a 89       	ldd	r24, Y+18	; 0x12
     4ba:	98 13       	cpse	r25, r24
     4bc:	21 e0       	ldi	r18, 0x01	; 1
     4be:	2a 8b       	std	Y+18, r18	; 0x12
     4c0:	ce 01       	movw	r24, r28
     4c2:	41 96       	adiw	r24, 0x11	; 17
     4c4:	b0 c0       	rjmp	.+352    	; 0x626 <__mulsf3+0x1e8>
     4c6:	2d 84       	ldd	r2, Y+13	; 0x0d
     4c8:	3e 84       	ldd	r3, Y+14	; 0x0e
     4ca:	4f 84       	ldd	r4, Y+15	; 0x0f
     4cc:	58 88       	ldd	r5, Y+16	; 0x10
     4ce:	6d 88       	ldd	r6, Y+21	; 0x15
     4d0:	7e 88       	ldd	r7, Y+22	; 0x16
     4d2:	8f 88       	ldd	r8, Y+23	; 0x17
     4d4:	98 8c       	ldd	r9, Y+24	; 0x18
     4d6:	ee 24       	eor	r14, r14
     4d8:	ff 24       	eor	r15, r15
     4da:	87 01       	movw	r16, r14
     4dc:	aa 24       	eor	r10, r10
     4de:	bb 24       	eor	r11, r11
     4e0:	65 01       	movw	r12, r10
     4e2:	40 e0       	ldi	r20, 0x00	; 0
     4e4:	50 e0       	ldi	r21, 0x00	; 0
     4e6:	60 e0       	ldi	r22, 0x00	; 0
     4e8:	70 e0       	ldi	r23, 0x00	; 0
     4ea:	e0 e0       	ldi	r30, 0x00	; 0
     4ec:	f0 e0       	ldi	r31, 0x00	; 0
     4ee:	c1 01       	movw	r24, r2
     4f0:	81 70       	andi	r24, 0x01	; 1
     4f2:	90 70       	andi	r25, 0x00	; 0
     4f4:	89 2b       	or	r24, r25
     4f6:	e9 f0       	breq	.+58     	; 0x532 <__mulsf3+0xf4>
     4f8:	e6 0c       	add	r14, r6
     4fa:	f7 1c       	adc	r15, r7
     4fc:	08 1d       	adc	r16, r8
     4fe:	19 1d       	adc	r17, r9
     500:	9a 01       	movw	r18, r20
     502:	ab 01       	movw	r20, r22
     504:	2a 0d       	add	r18, r10
     506:	3b 1d       	adc	r19, r11
     508:	4c 1d       	adc	r20, r12
     50a:	5d 1d       	adc	r21, r13
     50c:	80 e0       	ldi	r24, 0x00	; 0
     50e:	90 e0       	ldi	r25, 0x00	; 0
     510:	a0 e0       	ldi	r26, 0x00	; 0
     512:	b0 e0       	ldi	r27, 0x00	; 0
     514:	e6 14       	cp	r14, r6
     516:	f7 04       	cpc	r15, r7
     518:	08 05       	cpc	r16, r8
     51a:	19 05       	cpc	r17, r9
     51c:	20 f4       	brcc	.+8      	; 0x526 <__mulsf3+0xe8>
     51e:	81 e0       	ldi	r24, 0x01	; 1
     520:	90 e0       	ldi	r25, 0x00	; 0
     522:	a0 e0       	ldi	r26, 0x00	; 0
     524:	b0 e0       	ldi	r27, 0x00	; 0
     526:	ba 01       	movw	r22, r20
     528:	a9 01       	movw	r20, r18
     52a:	48 0f       	add	r20, r24
     52c:	59 1f       	adc	r21, r25
     52e:	6a 1f       	adc	r22, r26
     530:	7b 1f       	adc	r23, r27
     532:	aa 0c       	add	r10, r10
     534:	bb 1c       	adc	r11, r11
     536:	cc 1c       	adc	r12, r12
     538:	dd 1c       	adc	r13, r13
     53a:	97 fe       	sbrs	r9, 7
     53c:	08 c0       	rjmp	.+16     	; 0x54e <__mulsf3+0x110>
     53e:	81 e0       	ldi	r24, 0x01	; 1
     540:	90 e0       	ldi	r25, 0x00	; 0
     542:	a0 e0       	ldi	r26, 0x00	; 0
     544:	b0 e0       	ldi	r27, 0x00	; 0
     546:	a8 2a       	or	r10, r24
     548:	b9 2a       	or	r11, r25
     54a:	ca 2a       	or	r12, r26
     54c:	db 2a       	or	r13, r27
     54e:	31 96       	adiw	r30, 0x01	; 1
     550:	e0 32       	cpi	r30, 0x20	; 32
     552:	f1 05       	cpc	r31, r1
     554:	49 f0       	breq	.+18     	; 0x568 <__mulsf3+0x12a>
     556:	66 0c       	add	r6, r6
     558:	77 1c       	adc	r7, r7
     55a:	88 1c       	adc	r8, r8
     55c:	99 1c       	adc	r9, r9
     55e:	56 94       	lsr	r5
     560:	47 94       	ror	r4
     562:	37 94       	ror	r3
     564:	27 94       	ror	r2
     566:	c3 cf       	rjmp	.-122    	; 0x4ee <__mulsf3+0xb0>
     568:	fa 85       	ldd	r31, Y+10	; 0x0a
     56a:	ea 89       	ldd	r30, Y+18	; 0x12
     56c:	2b 89       	ldd	r18, Y+19	; 0x13
     56e:	3c 89       	ldd	r19, Y+20	; 0x14
     570:	8b 85       	ldd	r24, Y+11	; 0x0b
     572:	9c 85       	ldd	r25, Y+12	; 0x0c
     574:	28 0f       	add	r18, r24
     576:	39 1f       	adc	r19, r25
     578:	2e 5f       	subi	r18, 0xFE	; 254
     57a:	3f 4f       	sbci	r19, 0xFF	; 255
     57c:	17 c0       	rjmp	.+46     	; 0x5ac <__mulsf3+0x16e>
     57e:	ca 01       	movw	r24, r20
     580:	81 70       	andi	r24, 0x01	; 1
     582:	90 70       	andi	r25, 0x00	; 0
     584:	89 2b       	or	r24, r25
     586:	61 f0       	breq	.+24     	; 0x5a0 <__mulsf3+0x162>
     588:	16 95       	lsr	r17
     58a:	07 95       	ror	r16
     58c:	f7 94       	ror	r15
     58e:	e7 94       	ror	r14
     590:	80 e0       	ldi	r24, 0x00	; 0
     592:	90 e0       	ldi	r25, 0x00	; 0
     594:	a0 e0       	ldi	r26, 0x00	; 0
     596:	b0 e8       	ldi	r27, 0x80	; 128
     598:	e8 2a       	or	r14, r24
     59a:	f9 2a       	or	r15, r25
     59c:	0a 2b       	or	r16, r26
     59e:	1b 2b       	or	r17, r27
     5a0:	76 95       	lsr	r23
     5a2:	67 95       	ror	r22
     5a4:	57 95       	ror	r21
     5a6:	47 95       	ror	r20
     5a8:	2f 5f       	subi	r18, 0xFF	; 255
     5aa:	3f 4f       	sbci	r19, 0xFF	; 255
     5ac:	77 fd       	sbrc	r23, 7
     5ae:	e7 cf       	rjmp	.-50     	; 0x57e <__mulsf3+0x140>
     5b0:	0c c0       	rjmp	.+24     	; 0x5ca <__mulsf3+0x18c>
     5b2:	44 0f       	add	r20, r20
     5b4:	55 1f       	adc	r21, r21
     5b6:	66 1f       	adc	r22, r22
     5b8:	77 1f       	adc	r23, r23
     5ba:	17 fd       	sbrc	r17, 7
     5bc:	41 60       	ori	r20, 0x01	; 1
     5be:	ee 0c       	add	r14, r14
     5c0:	ff 1c       	adc	r15, r15
     5c2:	00 1f       	adc	r16, r16
     5c4:	11 1f       	adc	r17, r17
     5c6:	21 50       	subi	r18, 0x01	; 1
     5c8:	30 40       	sbci	r19, 0x00	; 0
     5ca:	40 30       	cpi	r20, 0x00	; 0
     5cc:	90 e0       	ldi	r25, 0x00	; 0
     5ce:	59 07       	cpc	r21, r25
     5d0:	90 e0       	ldi	r25, 0x00	; 0
     5d2:	69 07       	cpc	r22, r25
     5d4:	90 e4       	ldi	r25, 0x40	; 64
     5d6:	79 07       	cpc	r23, r25
     5d8:	60 f3       	brcs	.-40     	; 0x5b2 <__mulsf3+0x174>
     5da:	2b 8f       	std	Y+27, r18	; 0x1b
     5dc:	3c 8f       	std	Y+28, r19	; 0x1c
     5de:	db 01       	movw	r26, r22
     5e0:	ca 01       	movw	r24, r20
     5e2:	8f 77       	andi	r24, 0x7F	; 127
     5e4:	90 70       	andi	r25, 0x00	; 0
     5e6:	a0 70       	andi	r26, 0x00	; 0
     5e8:	b0 70       	andi	r27, 0x00	; 0
     5ea:	80 34       	cpi	r24, 0x40	; 64
     5ec:	91 05       	cpc	r25, r1
     5ee:	a1 05       	cpc	r26, r1
     5f0:	b1 05       	cpc	r27, r1
     5f2:	61 f4       	brne	.+24     	; 0x60c <__mulsf3+0x1ce>
     5f4:	47 fd       	sbrc	r20, 7
     5f6:	0a c0       	rjmp	.+20     	; 0x60c <__mulsf3+0x1ce>
     5f8:	e1 14       	cp	r14, r1
     5fa:	f1 04       	cpc	r15, r1
     5fc:	01 05       	cpc	r16, r1
     5fe:	11 05       	cpc	r17, r1
     600:	29 f0       	breq	.+10     	; 0x60c <__mulsf3+0x1ce>
     602:	40 5c       	subi	r20, 0xC0	; 192
     604:	5f 4f       	sbci	r21, 0xFF	; 255
     606:	6f 4f       	sbci	r22, 0xFF	; 255
     608:	7f 4f       	sbci	r23, 0xFF	; 255
     60a:	40 78       	andi	r20, 0x80	; 128
     60c:	1a 8e       	std	Y+26, r1	; 0x1a
     60e:	fe 17       	cp	r31, r30
     610:	11 f0       	breq	.+4      	; 0x616 <__mulsf3+0x1d8>
     612:	81 e0       	ldi	r24, 0x01	; 1
     614:	8a 8f       	std	Y+26, r24	; 0x1a
     616:	4d 8f       	std	Y+29, r20	; 0x1d
     618:	5e 8f       	std	Y+30, r21	; 0x1e
     61a:	6f 8f       	std	Y+31, r22	; 0x1f
     61c:	78 a3       	std	Y+32, r23	; 0x20
     61e:	83 e0       	ldi	r24, 0x03	; 3
     620:	89 8f       	std	Y+25, r24	; 0x19
     622:	ce 01       	movw	r24, r28
     624:	49 96       	adiw	r24, 0x19	; 25
     626:	0e 94 fd 03 	call	0x7fa	; 0x7fa <__pack_f>
     62a:	a0 96       	adiw	r28, 0x20	; 32
     62c:	e2 e1       	ldi	r30, 0x12	; 18
     62e:	0c 94 8e 0b 	jmp	0x171c	; 0x171c <__epilogue_restores__>

00000632 <__gtsf2>:
     632:	a8 e1       	ldi	r26, 0x18	; 24
     634:	b0 e0       	ldi	r27, 0x00	; 0
     636:	ef e1       	ldi	r30, 0x1F	; 31
     638:	f3 e0       	ldi	r31, 0x03	; 3
     63a:	0c 94 7e 0b 	jmp	0x16fc	; 0x16fc <__prologue_saves__+0x18>
     63e:	69 83       	std	Y+1, r22	; 0x01
     640:	7a 83       	std	Y+2, r23	; 0x02
     642:	8b 83       	std	Y+3, r24	; 0x03
     644:	9c 83       	std	Y+4, r25	; 0x04
     646:	2d 83       	std	Y+5, r18	; 0x05
     648:	3e 83       	std	Y+6, r19	; 0x06
     64a:	4f 83       	std	Y+7, r20	; 0x07
     64c:	58 87       	std	Y+8, r21	; 0x08
     64e:	89 e0       	ldi	r24, 0x09	; 9
     650:	e8 2e       	mov	r14, r24
     652:	f1 2c       	mov	r15, r1
     654:	ec 0e       	add	r14, r28
     656:	fd 1e       	adc	r15, r29
     658:	ce 01       	movw	r24, r28
     65a:	01 96       	adiw	r24, 0x01	; 1
     65c:	b7 01       	movw	r22, r14
     65e:	0e 94 d2 04 	call	0x9a4	; 0x9a4 <__unpack_f>
     662:	8e 01       	movw	r16, r28
     664:	0f 5e       	subi	r16, 0xEF	; 239
     666:	1f 4f       	sbci	r17, 0xFF	; 255
     668:	ce 01       	movw	r24, r28
     66a:	05 96       	adiw	r24, 0x05	; 5
     66c:	b8 01       	movw	r22, r16
     66e:	0e 94 d2 04 	call	0x9a4	; 0x9a4 <__unpack_f>
     672:	89 85       	ldd	r24, Y+9	; 0x09
     674:	82 30       	cpi	r24, 0x02	; 2
     676:	40 f0       	brcs	.+16     	; 0x688 <__gtsf2+0x56>
     678:	89 89       	ldd	r24, Y+17	; 0x11
     67a:	82 30       	cpi	r24, 0x02	; 2
     67c:	28 f0       	brcs	.+10     	; 0x688 <__gtsf2+0x56>
     67e:	c7 01       	movw	r24, r14
     680:	b8 01       	movw	r22, r16
     682:	0e 94 4a 05 	call	0xa94	; 0xa94 <__fpcmp_parts_f>
     686:	01 c0       	rjmp	.+2      	; 0x68a <__gtsf2+0x58>
     688:	8f ef       	ldi	r24, 0xFF	; 255
     68a:	68 96       	adiw	r28, 0x18	; 24
     68c:	e6 e0       	ldi	r30, 0x06	; 6
     68e:	0c 94 9a 0b 	jmp	0x1734	; 0x1734 <__epilogue_restores__+0x18>

00000692 <__gesf2>:
     692:	a8 e1       	ldi	r26, 0x18	; 24
     694:	b0 e0       	ldi	r27, 0x00	; 0
     696:	ef e4       	ldi	r30, 0x4F	; 79
     698:	f3 e0       	ldi	r31, 0x03	; 3
     69a:	0c 94 7e 0b 	jmp	0x16fc	; 0x16fc <__prologue_saves__+0x18>
     69e:	69 83       	std	Y+1, r22	; 0x01
     6a0:	7a 83       	std	Y+2, r23	; 0x02
     6a2:	8b 83       	std	Y+3, r24	; 0x03
     6a4:	9c 83       	std	Y+4, r25	; 0x04
     6a6:	2d 83       	std	Y+5, r18	; 0x05
     6a8:	3e 83       	std	Y+6, r19	; 0x06
     6aa:	4f 83       	std	Y+7, r20	; 0x07
     6ac:	58 87       	std	Y+8, r21	; 0x08
     6ae:	89 e0       	ldi	r24, 0x09	; 9
     6b0:	e8 2e       	mov	r14, r24
     6b2:	f1 2c       	mov	r15, r1
     6b4:	ec 0e       	add	r14, r28
     6b6:	fd 1e       	adc	r15, r29
     6b8:	ce 01       	movw	r24, r28
     6ba:	01 96       	adiw	r24, 0x01	; 1
     6bc:	b7 01       	movw	r22, r14
     6be:	0e 94 d2 04 	call	0x9a4	; 0x9a4 <__unpack_f>
     6c2:	8e 01       	movw	r16, r28
     6c4:	0f 5e       	subi	r16, 0xEF	; 239
     6c6:	1f 4f       	sbci	r17, 0xFF	; 255
     6c8:	ce 01       	movw	r24, r28
     6ca:	05 96       	adiw	r24, 0x05	; 5
     6cc:	b8 01       	movw	r22, r16
     6ce:	0e 94 d2 04 	call	0x9a4	; 0x9a4 <__unpack_f>
     6d2:	89 85       	ldd	r24, Y+9	; 0x09
     6d4:	82 30       	cpi	r24, 0x02	; 2
     6d6:	40 f0       	brcs	.+16     	; 0x6e8 <__gesf2+0x56>
     6d8:	89 89       	ldd	r24, Y+17	; 0x11
     6da:	82 30       	cpi	r24, 0x02	; 2
     6dc:	28 f0       	brcs	.+10     	; 0x6e8 <__gesf2+0x56>
     6de:	c7 01       	movw	r24, r14
     6e0:	b8 01       	movw	r22, r16
     6e2:	0e 94 4a 05 	call	0xa94	; 0xa94 <__fpcmp_parts_f>
     6e6:	01 c0       	rjmp	.+2      	; 0x6ea <__gesf2+0x58>
     6e8:	8f ef       	ldi	r24, 0xFF	; 255
     6ea:	68 96       	adiw	r28, 0x18	; 24
     6ec:	e6 e0       	ldi	r30, 0x06	; 6
     6ee:	0c 94 9a 0b 	jmp	0x1734	; 0x1734 <__epilogue_restores__+0x18>

000006f2 <__ltsf2>:
     6f2:	a8 e1       	ldi	r26, 0x18	; 24
     6f4:	b0 e0       	ldi	r27, 0x00	; 0
     6f6:	ef e7       	ldi	r30, 0x7F	; 127
     6f8:	f3 e0       	ldi	r31, 0x03	; 3
     6fa:	0c 94 7e 0b 	jmp	0x16fc	; 0x16fc <__prologue_saves__+0x18>
     6fe:	69 83       	std	Y+1, r22	; 0x01
     700:	7a 83       	std	Y+2, r23	; 0x02
     702:	8b 83       	std	Y+3, r24	; 0x03
     704:	9c 83       	std	Y+4, r25	; 0x04
     706:	2d 83       	std	Y+5, r18	; 0x05
     708:	3e 83       	std	Y+6, r19	; 0x06
     70a:	4f 83       	std	Y+7, r20	; 0x07
     70c:	58 87       	std	Y+8, r21	; 0x08
     70e:	89 e0       	ldi	r24, 0x09	; 9
     710:	e8 2e       	mov	r14, r24
     712:	f1 2c       	mov	r15, r1
     714:	ec 0e       	add	r14, r28
     716:	fd 1e       	adc	r15, r29
     718:	ce 01       	movw	r24, r28
     71a:	01 96       	adiw	r24, 0x01	; 1
     71c:	b7 01       	movw	r22, r14
     71e:	0e 94 d2 04 	call	0x9a4	; 0x9a4 <__unpack_f>
     722:	8e 01       	movw	r16, r28
     724:	0f 5e       	subi	r16, 0xEF	; 239
     726:	1f 4f       	sbci	r17, 0xFF	; 255
     728:	ce 01       	movw	r24, r28
     72a:	05 96       	adiw	r24, 0x05	; 5
     72c:	b8 01       	movw	r22, r16
     72e:	0e 94 d2 04 	call	0x9a4	; 0x9a4 <__unpack_f>
     732:	89 85       	ldd	r24, Y+9	; 0x09
     734:	82 30       	cpi	r24, 0x02	; 2
     736:	40 f0       	brcs	.+16     	; 0x748 <__ltsf2+0x56>
     738:	89 89       	ldd	r24, Y+17	; 0x11
     73a:	82 30       	cpi	r24, 0x02	; 2
     73c:	28 f0       	brcs	.+10     	; 0x748 <__ltsf2+0x56>
     73e:	c7 01       	movw	r24, r14
     740:	b8 01       	movw	r22, r16
     742:	0e 94 4a 05 	call	0xa94	; 0xa94 <__fpcmp_parts_f>
     746:	01 c0       	rjmp	.+2      	; 0x74a <__ltsf2+0x58>
     748:	81 e0       	ldi	r24, 0x01	; 1
     74a:	68 96       	adiw	r28, 0x18	; 24
     74c:	e6 e0       	ldi	r30, 0x06	; 6
     74e:	0c 94 9a 0b 	jmp	0x1734	; 0x1734 <__epilogue_restores__+0x18>

00000752 <__fixsfsi>:
     752:	ac e0       	ldi	r26, 0x0C	; 12
     754:	b0 e0       	ldi	r27, 0x00	; 0
     756:	ef ea       	ldi	r30, 0xAF	; 175
     758:	f3 e0       	ldi	r31, 0x03	; 3
     75a:	0c 94 82 0b 	jmp	0x1704	; 0x1704 <__prologue_saves__+0x20>
     75e:	69 83       	std	Y+1, r22	; 0x01
     760:	7a 83       	std	Y+2, r23	; 0x02
     762:	8b 83       	std	Y+3, r24	; 0x03
     764:	9c 83       	std	Y+4, r25	; 0x04
     766:	ce 01       	movw	r24, r28
     768:	01 96       	adiw	r24, 0x01	; 1
     76a:	be 01       	movw	r22, r28
     76c:	6b 5f       	subi	r22, 0xFB	; 251
     76e:	7f 4f       	sbci	r23, 0xFF	; 255
     770:	0e 94 d2 04 	call	0x9a4	; 0x9a4 <__unpack_f>
     774:	8d 81       	ldd	r24, Y+5	; 0x05
     776:	82 30       	cpi	r24, 0x02	; 2
     778:	61 f1       	breq	.+88     	; 0x7d2 <__fixsfsi+0x80>
     77a:	82 30       	cpi	r24, 0x02	; 2
     77c:	50 f1       	brcs	.+84     	; 0x7d2 <__fixsfsi+0x80>
     77e:	84 30       	cpi	r24, 0x04	; 4
     780:	21 f4       	brne	.+8      	; 0x78a <__fixsfsi+0x38>
     782:	8e 81       	ldd	r24, Y+6	; 0x06
     784:	88 23       	and	r24, r24
     786:	51 f1       	breq	.+84     	; 0x7dc <__fixsfsi+0x8a>
     788:	2e c0       	rjmp	.+92     	; 0x7e6 <__fixsfsi+0x94>
     78a:	2f 81       	ldd	r18, Y+7	; 0x07
     78c:	38 85       	ldd	r19, Y+8	; 0x08
     78e:	37 fd       	sbrc	r19, 7
     790:	20 c0       	rjmp	.+64     	; 0x7d2 <__fixsfsi+0x80>
     792:	6e 81       	ldd	r22, Y+6	; 0x06
     794:	2f 31       	cpi	r18, 0x1F	; 31
     796:	31 05       	cpc	r19, r1
     798:	1c f0       	brlt	.+6      	; 0x7a0 <__fixsfsi+0x4e>
     79a:	66 23       	and	r22, r22
     79c:	f9 f0       	breq	.+62     	; 0x7dc <__fixsfsi+0x8a>
     79e:	23 c0       	rjmp	.+70     	; 0x7e6 <__fixsfsi+0x94>
     7a0:	8e e1       	ldi	r24, 0x1E	; 30
     7a2:	90 e0       	ldi	r25, 0x00	; 0
     7a4:	82 1b       	sub	r24, r18
     7a6:	93 0b       	sbc	r25, r19
     7a8:	29 85       	ldd	r18, Y+9	; 0x09
     7aa:	3a 85       	ldd	r19, Y+10	; 0x0a
     7ac:	4b 85       	ldd	r20, Y+11	; 0x0b
     7ae:	5c 85       	ldd	r21, Y+12	; 0x0c
     7b0:	04 c0       	rjmp	.+8      	; 0x7ba <__fixsfsi+0x68>
     7b2:	56 95       	lsr	r21
     7b4:	47 95       	ror	r20
     7b6:	37 95       	ror	r19
     7b8:	27 95       	ror	r18
     7ba:	8a 95       	dec	r24
     7bc:	d2 f7       	brpl	.-12     	; 0x7b2 <__fixsfsi+0x60>
     7be:	66 23       	and	r22, r22
     7c0:	b1 f0       	breq	.+44     	; 0x7ee <__fixsfsi+0x9c>
     7c2:	50 95       	com	r21
     7c4:	40 95       	com	r20
     7c6:	30 95       	com	r19
     7c8:	21 95       	neg	r18
     7ca:	3f 4f       	sbci	r19, 0xFF	; 255
     7cc:	4f 4f       	sbci	r20, 0xFF	; 255
     7ce:	5f 4f       	sbci	r21, 0xFF	; 255
     7d0:	0e c0       	rjmp	.+28     	; 0x7ee <__fixsfsi+0x9c>
     7d2:	20 e0       	ldi	r18, 0x00	; 0
     7d4:	30 e0       	ldi	r19, 0x00	; 0
     7d6:	40 e0       	ldi	r20, 0x00	; 0
     7d8:	50 e0       	ldi	r21, 0x00	; 0
     7da:	09 c0       	rjmp	.+18     	; 0x7ee <__fixsfsi+0x9c>
     7dc:	2f ef       	ldi	r18, 0xFF	; 255
     7de:	3f ef       	ldi	r19, 0xFF	; 255
     7e0:	4f ef       	ldi	r20, 0xFF	; 255
     7e2:	5f e7       	ldi	r21, 0x7F	; 127
     7e4:	04 c0       	rjmp	.+8      	; 0x7ee <__fixsfsi+0x9c>
     7e6:	20 e0       	ldi	r18, 0x00	; 0
     7e8:	30 e0       	ldi	r19, 0x00	; 0
     7ea:	40 e0       	ldi	r20, 0x00	; 0
     7ec:	50 e8       	ldi	r21, 0x80	; 128
     7ee:	b9 01       	movw	r22, r18
     7f0:	ca 01       	movw	r24, r20
     7f2:	2c 96       	adiw	r28, 0x0c	; 12
     7f4:	e2 e0       	ldi	r30, 0x02	; 2
     7f6:	0c 94 9e 0b 	jmp	0x173c	; 0x173c <__epilogue_restores__+0x20>

000007fa <__pack_f>:
     7fa:	df 92       	push	r13
     7fc:	ef 92       	push	r14
     7fe:	ff 92       	push	r15
     800:	0f 93       	push	r16
     802:	1f 93       	push	r17
     804:	fc 01       	movw	r30, r24
     806:	e4 80       	ldd	r14, Z+4	; 0x04
     808:	f5 80       	ldd	r15, Z+5	; 0x05
     80a:	06 81       	ldd	r16, Z+6	; 0x06
     80c:	17 81       	ldd	r17, Z+7	; 0x07
     80e:	d1 80       	ldd	r13, Z+1	; 0x01
     810:	80 81       	ld	r24, Z
     812:	82 30       	cpi	r24, 0x02	; 2
     814:	48 f4       	brcc	.+18     	; 0x828 <__pack_f+0x2e>
     816:	80 e0       	ldi	r24, 0x00	; 0
     818:	90 e0       	ldi	r25, 0x00	; 0
     81a:	a0 e1       	ldi	r26, 0x10	; 16
     81c:	b0 e0       	ldi	r27, 0x00	; 0
     81e:	e8 2a       	or	r14, r24
     820:	f9 2a       	or	r15, r25
     822:	0a 2b       	or	r16, r26
     824:	1b 2b       	or	r17, r27
     826:	a5 c0       	rjmp	.+330    	; 0x972 <__stack+0x113>
     828:	84 30       	cpi	r24, 0x04	; 4
     82a:	09 f4       	brne	.+2      	; 0x82e <__pack_f+0x34>
     82c:	9f c0       	rjmp	.+318    	; 0x96c <__stack+0x10d>
     82e:	82 30       	cpi	r24, 0x02	; 2
     830:	21 f4       	brne	.+8      	; 0x83a <__pack_f+0x40>
     832:	ee 24       	eor	r14, r14
     834:	ff 24       	eor	r15, r15
     836:	87 01       	movw	r16, r14
     838:	05 c0       	rjmp	.+10     	; 0x844 <__pack_f+0x4a>
     83a:	e1 14       	cp	r14, r1
     83c:	f1 04       	cpc	r15, r1
     83e:	01 05       	cpc	r16, r1
     840:	11 05       	cpc	r17, r1
     842:	19 f4       	brne	.+6      	; 0x84a <__pack_f+0x50>
     844:	e0 e0       	ldi	r30, 0x00	; 0
     846:	f0 e0       	ldi	r31, 0x00	; 0
     848:	96 c0       	rjmp	.+300    	; 0x976 <__stack+0x117>
     84a:	62 81       	ldd	r22, Z+2	; 0x02
     84c:	73 81       	ldd	r23, Z+3	; 0x03
     84e:	9f ef       	ldi	r25, 0xFF	; 255
     850:	62 38       	cpi	r22, 0x82	; 130
     852:	79 07       	cpc	r23, r25
     854:	0c f0       	brlt	.+2      	; 0x858 <__pack_f+0x5e>
     856:	5b c0       	rjmp	.+182    	; 0x90e <__stack+0xaf>
     858:	22 e8       	ldi	r18, 0x82	; 130
     85a:	3f ef       	ldi	r19, 0xFF	; 255
     85c:	26 1b       	sub	r18, r22
     85e:	37 0b       	sbc	r19, r23
     860:	2a 31       	cpi	r18, 0x1A	; 26
     862:	31 05       	cpc	r19, r1
     864:	2c f0       	brlt	.+10     	; 0x870 <__stack+0x11>
     866:	20 e0       	ldi	r18, 0x00	; 0
     868:	30 e0       	ldi	r19, 0x00	; 0
     86a:	40 e0       	ldi	r20, 0x00	; 0
     86c:	50 e0       	ldi	r21, 0x00	; 0
     86e:	2a c0       	rjmp	.+84     	; 0x8c4 <__stack+0x65>
     870:	b8 01       	movw	r22, r16
     872:	a7 01       	movw	r20, r14
     874:	02 2e       	mov	r0, r18
     876:	04 c0       	rjmp	.+8      	; 0x880 <__stack+0x21>
     878:	76 95       	lsr	r23
     87a:	67 95       	ror	r22
     87c:	57 95       	ror	r21
     87e:	47 95       	ror	r20
     880:	0a 94       	dec	r0
     882:	d2 f7       	brpl	.-12     	; 0x878 <__stack+0x19>
     884:	81 e0       	ldi	r24, 0x01	; 1
     886:	90 e0       	ldi	r25, 0x00	; 0
     888:	a0 e0       	ldi	r26, 0x00	; 0
     88a:	b0 e0       	ldi	r27, 0x00	; 0
     88c:	04 c0       	rjmp	.+8      	; 0x896 <__stack+0x37>
     88e:	88 0f       	add	r24, r24
     890:	99 1f       	adc	r25, r25
     892:	aa 1f       	adc	r26, r26
     894:	bb 1f       	adc	r27, r27
     896:	2a 95       	dec	r18
     898:	d2 f7       	brpl	.-12     	; 0x88e <__stack+0x2f>
     89a:	01 97       	sbiw	r24, 0x01	; 1
     89c:	a1 09       	sbc	r26, r1
     89e:	b1 09       	sbc	r27, r1
     8a0:	8e 21       	and	r24, r14
     8a2:	9f 21       	and	r25, r15
     8a4:	a0 23       	and	r26, r16
     8a6:	b1 23       	and	r27, r17
     8a8:	00 97       	sbiw	r24, 0x00	; 0
     8aa:	a1 05       	cpc	r26, r1
     8ac:	b1 05       	cpc	r27, r1
     8ae:	21 f0       	breq	.+8      	; 0x8b8 <__stack+0x59>
     8b0:	81 e0       	ldi	r24, 0x01	; 1
     8b2:	90 e0       	ldi	r25, 0x00	; 0
     8b4:	a0 e0       	ldi	r26, 0x00	; 0
     8b6:	b0 e0       	ldi	r27, 0x00	; 0
     8b8:	9a 01       	movw	r18, r20
     8ba:	ab 01       	movw	r20, r22
     8bc:	28 2b       	or	r18, r24
     8be:	39 2b       	or	r19, r25
     8c0:	4a 2b       	or	r20, r26
     8c2:	5b 2b       	or	r21, r27
     8c4:	da 01       	movw	r26, r20
     8c6:	c9 01       	movw	r24, r18
     8c8:	8f 77       	andi	r24, 0x7F	; 127
     8ca:	90 70       	andi	r25, 0x00	; 0
     8cc:	a0 70       	andi	r26, 0x00	; 0
     8ce:	b0 70       	andi	r27, 0x00	; 0
     8d0:	80 34       	cpi	r24, 0x40	; 64
     8d2:	91 05       	cpc	r25, r1
     8d4:	a1 05       	cpc	r26, r1
     8d6:	b1 05       	cpc	r27, r1
     8d8:	39 f4       	brne	.+14     	; 0x8e8 <__stack+0x89>
     8da:	27 ff       	sbrs	r18, 7
     8dc:	09 c0       	rjmp	.+18     	; 0x8f0 <__stack+0x91>
     8de:	20 5c       	subi	r18, 0xC0	; 192
     8e0:	3f 4f       	sbci	r19, 0xFF	; 255
     8e2:	4f 4f       	sbci	r20, 0xFF	; 255
     8e4:	5f 4f       	sbci	r21, 0xFF	; 255
     8e6:	04 c0       	rjmp	.+8      	; 0x8f0 <__stack+0x91>
     8e8:	21 5c       	subi	r18, 0xC1	; 193
     8ea:	3f 4f       	sbci	r19, 0xFF	; 255
     8ec:	4f 4f       	sbci	r20, 0xFF	; 255
     8ee:	5f 4f       	sbci	r21, 0xFF	; 255
     8f0:	e0 e0       	ldi	r30, 0x00	; 0
     8f2:	f0 e0       	ldi	r31, 0x00	; 0
     8f4:	20 30       	cpi	r18, 0x00	; 0
     8f6:	a0 e0       	ldi	r26, 0x00	; 0
     8f8:	3a 07       	cpc	r19, r26
     8fa:	a0 e0       	ldi	r26, 0x00	; 0
     8fc:	4a 07       	cpc	r20, r26
     8fe:	a0 e4       	ldi	r26, 0x40	; 64
     900:	5a 07       	cpc	r21, r26
     902:	10 f0       	brcs	.+4      	; 0x908 <__stack+0xa9>
     904:	e1 e0       	ldi	r30, 0x01	; 1
     906:	f0 e0       	ldi	r31, 0x00	; 0
     908:	79 01       	movw	r14, r18
     90a:	8a 01       	movw	r16, r20
     90c:	27 c0       	rjmp	.+78     	; 0x95c <__stack+0xfd>
     90e:	60 38       	cpi	r22, 0x80	; 128
     910:	71 05       	cpc	r23, r1
     912:	64 f5       	brge	.+88     	; 0x96c <__stack+0x10d>
     914:	fb 01       	movw	r30, r22
     916:	e1 58       	subi	r30, 0x81	; 129
     918:	ff 4f       	sbci	r31, 0xFF	; 255
     91a:	d8 01       	movw	r26, r16
     91c:	c7 01       	movw	r24, r14
     91e:	8f 77       	andi	r24, 0x7F	; 127
     920:	90 70       	andi	r25, 0x00	; 0
     922:	a0 70       	andi	r26, 0x00	; 0
     924:	b0 70       	andi	r27, 0x00	; 0
     926:	80 34       	cpi	r24, 0x40	; 64
     928:	91 05       	cpc	r25, r1
     92a:	a1 05       	cpc	r26, r1
     92c:	b1 05       	cpc	r27, r1
     92e:	39 f4       	brne	.+14     	; 0x93e <__stack+0xdf>
     930:	e7 fe       	sbrs	r14, 7
     932:	0d c0       	rjmp	.+26     	; 0x94e <__stack+0xef>
     934:	80 e4       	ldi	r24, 0x40	; 64
     936:	90 e0       	ldi	r25, 0x00	; 0
     938:	a0 e0       	ldi	r26, 0x00	; 0
     93a:	b0 e0       	ldi	r27, 0x00	; 0
     93c:	04 c0       	rjmp	.+8      	; 0x946 <__stack+0xe7>
     93e:	8f e3       	ldi	r24, 0x3F	; 63
     940:	90 e0       	ldi	r25, 0x00	; 0
     942:	a0 e0       	ldi	r26, 0x00	; 0
     944:	b0 e0       	ldi	r27, 0x00	; 0
     946:	e8 0e       	add	r14, r24
     948:	f9 1e       	adc	r15, r25
     94a:	0a 1f       	adc	r16, r26
     94c:	1b 1f       	adc	r17, r27
     94e:	17 ff       	sbrs	r17, 7
     950:	05 c0       	rjmp	.+10     	; 0x95c <__stack+0xfd>
     952:	16 95       	lsr	r17
     954:	07 95       	ror	r16
     956:	f7 94       	ror	r15
     958:	e7 94       	ror	r14
     95a:	31 96       	adiw	r30, 0x01	; 1
     95c:	87 e0       	ldi	r24, 0x07	; 7
     95e:	16 95       	lsr	r17
     960:	07 95       	ror	r16
     962:	f7 94       	ror	r15
     964:	e7 94       	ror	r14
     966:	8a 95       	dec	r24
     968:	d1 f7       	brne	.-12     	; 0x95e <__stack+0xff>
     96a:	05 c0       	rjmp	.+10     	; 0x976 <__stack+0x117>
     96c:	ee 24       	eor	r14, r14
     96e:	ff 24       	eor	r15, r15
     970:	87 01       	movw	r16, r14
     972:	ef ef       	ldi	r30, 0xFF	; 255
     974:	f0 e0       	ldi	r31, 0x00	; 0
     976:	6e 2f       	mov	r22, r30
     978:	67 95       	ror	r22
     97a:	66 27       	eor	r22, r22
     97c:	67 95       	ror	r22
     97e:	90 2f       	mov	r25, r16
     980:	9f 77       	andi	r25, 0x7F	; 127
     982:	d7 94       	ror	r13
     984:	dd 24       	eor	r13, r13
     986:	d7 94       	ror	r13
     988:	8e 2f       	mov	r24, r30
     98a:	86 95       	lsr	r24
     98c:	49 2f       	mov	r20, r25
     98e:	46 2b       	or	r20, r22
     990:	58 2f       	mov	r21, r24
     992:	5d 29       	or	r21, r13
     994:	b7 01       	movw	r22, r14
     996:	ca 01       	movw	r24, r20
     998:	1f 91       	pop	r17
     99a:	0f 91       	pop	r16
     99c:	ff 90       	pop	r15
     99e:	ef 90       	pop	r14
     9a0:	df 90       	pop	r13
     9a2:	08 95       	ret

000009a4 <__unpack_f>:
     9a4:	fc 01       	movw	r30, r24
     9a6:	db 01       	movw	r26, r22
     9a8:	40 81       	ld	r20, Z
     9aa:	51 81       	ldd	r21, Z+1	; 0x01
     9ac:	22 81       	ldd	r18, Z+2	; 0x02
     9ae:	62 2f       	mov	r22, r18
     9b0:	6f 77       	andi	r22, 0x7F	; 127
     9b2:	70 e0       	ldi	r23, 0x00	; 0
     9b4:	22 1f       	adc	r18, r18
     9b6:	22 27       	eor	r18, r18
     9b8:	22 1f       	adc	r18, r18
     9ba:	93 81       	ldd	r25, Z+3	; 0x03
     9bc:	89 2f       	mov	r24, r25
     9be:	88 0f       	add	r24, r24
     9c0:	82 2b       	or	r24, r18
     9c2:	28 2f       	mov	r18, r24
     9c4:	30 e0       	ldi	r19, 0x00	; 0
     9c6:	99 1f       	adc	r25, r25
     9c8:	99 27       	eor	r25, r25
     9ca:	99 1f       	adc	r25, r25
     9cc:	11 96       	adiw	r26, 0x01	; 1
     9ce:	9c 93       	st	X, r25
     9d0:	11 97       	sbiw	r26, 0x01	; 1
     9d2:	21 15       	cp	r18, r1
     9d4:	31 05       	cpc	r19, r1
     9d6:	a9 f5       	brne	.+106    	; 0xa42 <__unpack_f+0x9e>
     9d8:	41 15       	cp	r20, r1
     9da:	51 05       	cpc	r21, r1
     9dc:	61 05       	cpc	r22, r1
     9de:	71 05       	cpc	r23, r1
     9e0:	11 f4       	brne	.+4      	; 0x9e6 <__unpack_f+0x42>
     9e2:	82 e0       	ldi	r24, 0x02	; 2
     9e4:	37 c0       	rjmp	.+110    	; 0xa54 <__unpack_f+0xb0>
     9e6:	82 e8       	ldi	r24, 0x82	; 130
     9e8:	9f ef       	ldi	r25, 0xFF	; 255
     9ea:	13 96       	adiw	r26, 0x03	; 3
     9ec:	9c 93       	st	X, r25
     9ee:	8e 93       	st	-X, r24
     9f0:	12 97       	sbiw	r26, 0x02	; 2
     9f2:	9a 01       	movw	r18, r20
     9f4:	ab 01       	movw	r20, r22
     9f6:	67 e0       	ldi	r22, 0x07	; 7
     9f8:	22 0f       	add	r18, r18
     9fa:	33 1f       	adc	r19, r19
     9fc:	44 1f       	adc	r20, r20
     9fe:	55 1f       	adc	r21, r21
     a00:	6a 95       	dec	r22
     a02:	d1 f7       	brne	.-12     	; 0x9f8 <__unpack_f+0x54>
     a04:	83 e0       	ldi	r24, 0x03	; 3
     a06:	8c 93       	st	X, r24
     a08:	0d c0       	rjmp	.+26     	; 0xa24 <__unpack_f+0x80>
     a0a:	22 0f       	add	r18, r18
     a0c:	33 1f       	adc	r19, r19
     a0e:	44 1f       	adc	r20, r20
     a10:	55 1f       	adc	r21, r21
     a12:	12 96       	adiw	r26, 0x02	; 2
     a14:	8d 91       	ld	r24, X+
     a16:	9c 91       	ld	r25, X
     a18:	13 97       	sbiw	r26, 0x03	; 3
     a1a:	01 97       	sbiw	r24, 0x01	; 1
     a1c:	13 96       	adiw	r26, 0x03	; 3
     a1e:	9c 93       	st	X, r25
     a20:	8e 93       	st	-X, r24
     a22:	12 97       	sbiw	r26, 0x02	; 2
     a24:	20 30       	cpi	r18, 0x00	; 0
     a26:	80 e0       	ldi	r24, 0x00	; 0
     a28:	38 07       	cpc	r19, r24
     a2a:	80 e0       	ldi	r24, 0x00	; 0
     a2c:	48 07       	cpc	r20, r24
     a2e:	80 e4       	ldi	r24, 0x40	; 64
     a30:	58 07       	cpc	r21, r24
     a32:	58 f3       	brcs	.-42     	; 0xa0a <__unpack_f+0x66>
     a34:	14 96       	adiw	r26, 0x04	; 4
     a36:	2d 93       	st	X+, r18
     a38:	3d 93       	st	X+, r19
     a3a:	4d 93       	st	X+, r20
     a3c:	5c 93       	st	X, r21
     a3e:	17 97       	sbiw	r26, 0x07	; 7
     a40:	08 95       	ret
     a42:	2f 3f       	cpi	r18, 0xFF	; 255
     a44:	31 05       	cpc	r19, r1
     a46:	79 f4       	brne	.+30     	; 0xa66 <__unpack_f+0xc2>
     a48:	41 15       	cp	r20, r1
     a4a:	51 05       	cpc	r21, r1
     a4c:	61 05       	cpc	r22, r1
     a4e:	71 05       	cpc	r23, r1
     a50:	19 f4       	brne	.+6      	; 0xa58 <__unpack_f+0xb4>
     a52:	84 e0       	ldi	r24, 0x04	; 4
     a54:	8c 93       	st	X, r24
     a56:	08 95       	ret
     a58:	64 ff       	sbrs	r22, 4
     a5a:	03 c0       	rjmp	.+6      	; 0xa62 <__unpack_f+0xbe>
     a5c:	81 e0       	ldi	r24, 0x01	; 1
     a5e:	8c 93       	st	X, r24
     a60:	12 c0       	rjmp	.+36     	; 0xa86 <__unpack_f+0xe2>
     a62:	1c 92       	st	X, r1
     a64:	10 c0       	rjmp	.+32     	; 0xa86 <__unpack_f+0xe2>
     a66:	2f 57       	subi	r18, 0x7F	; 127
     a68:	30 40       	sbci	r19, 0x00	; 0
     a6a:	13 96       	adiw	r26, 0x03	; 3
     a6c:	3c 93       	st	X, r19
     a6e:	2e 93       	st	-X, r18
     a70:	12 97       	sbiw	r26, 0x02	; 2
     a72:	83 e0       	ldi	r24, 0x03	; 3
     a74:	8c 93       	st	X, r24
     a76:	87 e0       	ldi	r24, 0x07	; 7
     a78:	44 0f       	add	r20, r20
     a7a:	55 1f       	adc	r21, r21
     a7c:	66 1f       	adc	r22, r22
     a7e:	77 1f       	adc	r23, r23
     a80:	8a 95       	dec	r24
     a82:	d1 f7       	brne	.-12     	; 0xa78 <__unpack_f+0xd4>
     a84:	70 64       	ori	r23, 0x40	; 64
     a86:	14 96       	adiw	r26, 0x04	; 4
     a88:	4d 93       	st	X+, r20
     a8a:	5d 93       	st	X+, r21
     a8c:	6d 93       	st	X+, r22
     a8e:	7c 93       	st	X, r23
     a90:	17 97       	sbiw	r26, 0x07	; 7
     a92:	08 95       	ret

00000a94 <__fpcmp_parts_f>:
     a94:	1f 93       	push	r17
     a96:	dc 01       	movw	r26, r24
     a98:	fb 01       	movw	r30, r22
     a9a:	9c 91       	ld	r25, X
     a9c:	92 30       	cpi	r25, 0x02	; 2
     a9e:	08 f4       	brcc	.+2      	; 0xaa2 <__fpcmp_parts_f+0xe>
     aa0:	47 c0       	rjmp	.+142    	; 0xb30 <__fpcmp_parts_f+0x9c>
     aa2:	80 81       	ld	r24, Z
     aa4:	82 30       	cpi	r24, 0x02	; 2
     aa6:	08 f4       	brcc	.+2      	; 0xaaa <__fpcmp_parts_f+0x16>
     aa8:	43 c0       	rjmp	.+134    	; 0xb30 <__fpcmp_parts_f+0x9c>
     aaa:	94 30       	cpi	r25, 0x04	; 4
     aac:	51 f4       	brne	.+20     	; 0xac2 <__fpcmp_parts_f+0x2e>
     aae:	11 96       	adiw	r26, 0x01	; 1
     ab0:	1c 91       	ld	r17, X
     ab2:	84 30       	cpi	r24, 0x04	; 4
     ab4:	99 f5       	brne	.+102    	; 0xb1c <__fpcmp_parts_f+0x88>
     ab6:	81 81       	ldd	r24, Z+1	; 0x01
     ab8:	68 2f       	mov	r22, r24
     aba:	70 e0       	ldi	r23, 0x00	; 0
     abc:	61 1b       	sub	r22, r17
     abe:	71 09       	sbc	r23, r1
     ac0:	3f c0       	rjmp	.+126    	; 0xb40 <__fpcmp_parts_f+0xac>
     ac2:	84 30       	cpi	r24, 0x04	; 4
     ac4:	21 f0       	breq	.+8      	; 0xace <__fpcmp_parts_f+0x3a>
     ac6:	92 30       	cpi	r25, 0x02	; 2
     ac8:	31 f4       	brne	.+12     	; 0xad6 <__fpcmp_parts_f+0x42>
     aca:	82 30       	cpi	r24, 0x02	; 2
     acc:	b9 f1       	breq	.+110    	; 0xb3c <__fpcmp_parts_f+0xa8>
     ace:	81 81       	ldd	r24, Z+1	; 0x01
     ad0:	88 23       	and	r24, r24
     ad2:	89 f1       	breq	.+98     	; 0xb36 <__fpcmp_parts_f+0xa2>
     ad4:	2d c0       	rjmp	.+90     	; 0xb30 <__fpcmp_parts_f+0x9c>
     ad6:	11 96       	adiw	r26, 0x01	; 1
     ad8:	1c 91       	ld	r17, X
     ada:	11 97       	sbiw	r26, 0x01	; 1
     adc:	82 30       	cpi	r24, 0x02	; 2
     ade:	f1 f0       	breq	.+60     	; 0xb1c <__fpcmp_parts_f+0x88>
     ae0:	81 81       	ldd	r24, Z+1	; 0x01
     ae2:	18 17       	cp	r17, r24
     ae4:	d9 f4       	brne	.+54     	; 0xb1c <__fpcmp_parts_f+0x88>
     ae6:	12 96       	adiw	r26, 0x02	; 2
     ae8:	2d 91       	ld	r18, X+
     aea:	3c 91       	ld	r19, X
     aec:	13 97       	sbiw	r26, 0x03	; 3
     aee:	82 81       	ldd	r24, Z+2	; 0x02
     af0:	93 81       	ldd	r25, Z+3	; 0x03
     af2:	82 17       	cp	r24, r18
     af4:	93 07       	cpc	r25, r19
     af6:	94 f0       	brlt	.+36     	; 0xb1c <__fpcmp_parts_f+0x88>
     af8:	28 17       	cp	r18, r24
     afa:	39 07       	cpc	r19, r25
     afc:	bc f0       	brlt	.+46     	; 0xb2c <__fpcmp_parts_f+0x98>
     afe:	14 96       	adiw	r26, 0x04	; 4
     b00:	8d 91       	ld	r24, X+
     b02:	9d 91       	ld	r25, X+
     b04:	0d 90       	ld	r0, X+
     b06:	bc 91       	ld	r27, X
     b08:	a0 2d       	mov	r26, r0
     b0a:	24 81       	ldd	r18, Z+4	; 0x04
     b0c:	35 81       	ldd	r19, Z+5	; 0x05
     b0e:	46 81       	ldd	r20, Z+6	; 0x06
     b10:	57 81       	ldd	r21, Z+7	; 0x07
     b12:	28 17       	cp	r18, r24
     b14:	39 07       	cpc	r19, r25
     b16:	4a 07       	cpc	r20, r26
     b18:	5b 07       	cpc	r21, r27
     b1a:	18 f4       	brcc	.+6      	; 0xb22 <__fpcmp_parts_f+0x8e>
     b1c:	11 23       	and	r17, r17
     b1e:	41 f0       	breq	.+16     	; 0xb30 <__fpcmp_parts_f+0x9c>
     b20:	0a c0       	rjmp	.+20     	; 0xb36 <__fpcmp_parts_f+0xa2>
     b22:	82 17       	cp	r24, r18
     b24:	93 07       	cpc	r25, r19
     b26:	a4 07       	cpc	r26, r20
     b28:	b5 07       	cpc	r27, r21
     b2a:	40 f4       	brcc	.+16     	; 0xb3c <__fpcmp_parts_f+0xa8>
     b2c:	11 23       	and	r17, r17
     b2e:	19 f0       	breq	.+6      	; 0xb36 <__fpcmp_parts_f+0xa2>
     b30:	61 e0       	ldi	r22, 0x01	; 1
     b32:	70 e0       	ldi	r23, 0x00	; 0
     b34:	05 c0       	rjmp	.+10     	; 0xb40 <__fpcmp_parts_f+0xac>
     b36:	6f ef       	ldi	r22, 0xFF	; 255
     b38:	7f ef       	ldi	r23, 0xFF	; 255
     b3a:	02 c0       	rjmp	.+4      	; 0xb40 <__fpcmp_parts_f+0xac>
     b3c:	60 e0       	ldi	r22, 0x00	; 0
     b3e:	70 e0       	ldi	r23, 0x00	; 0
     b40:	cb 01       	movw	r24, r22
     b42:	1f 91       	pop	r17
     b44:	08 95       	ret

00000b46 <intial>:
 *      Author: azak
 */
#include <avr/io.h>
#include <util/delay.h>
void intial()
{
     b46:	df 93       	push	r29
     b48:	cf 93       	push	r28
     b4a:	cd b7       	in	r28, 0x3d	; 61
     b4c:	de b7       	in	r29, 0x3e	; 62
	//Configure TIMER1
	   TCCR1A|=(1<<COM1A1)|(1<<COM1B1)|(1<<WGM11);        //NON Inverted PWM
     b4e:	af e4       	ldi	r26, 0x4F	; 79
     b50:	b0 e0       	ldi	r27, 0x00	; 0
     b52:	ef e4       	ldi	r30, 0x4F	; 79
     b54:	f0 e0       	ldi	r31, 0x00	; 0
     b56:	80 81       	ld	r24, Z
     b58:	82 6a       	ori	r24, 0xA2	; 162
     b5a:	8c 93       	st	X, r24
	   TCCR1B|=(1<<WGM13)|(1<<WGM12)|(1<<CS11)|(1<<CS10); //PRESCALER=64 MODE 14(FAST PWM)
     b5c:	ae e4       	ldi	r26, 0x4E	; 78
     b5e:	b0 e0       	ldi	r27, 0x00	; 0
     b60:	ee e4       	ldi	r30, 0x4E	; 78
     b62:	f0 e0       	ldi	r31, 0x00	; 0
     b64:	80 81       	ld	r24, Z
     b66:	8b 61       	ori	r24, 0x1B	; 27
     b68:	8c 93       	st	X, r24
	   ICR1=4999;  //fPWM=50Hz (Period = 20ms Standard).
     b6a:	e6 e4       	ldi	r30, 0x46	; 70
     b6c:	f0 e0       	ldi	r31, 0x00	; 0
     b6e:	87 e8       	ldi	r24, 0x87	; 135
     b70:	93 e1       	ldi	r25, 0x13	; 19
     b72:	91 83       	std	Z+1, r25	; 0x01
     b74:	80 83       	st	Z, r24
	   DDRD|=(1<<PD4)|(1<<PD5);   //PWM Pins as Out
     b76:	a1 e3       	ldi	r26, 0x31	; 49
     b78:	b0 e0       	ldi	r27, 0x00	; 0
     b7a:	e1 e3       	ldi	r30, 0x31	; 49
     b7c:	f0 e0       	ldi	r31, 0x00	; 0
     b7e:	80 81       	ld	r24, Z
     b80:	80 63       	ori	r24, 0x30	; 48
     b82:	8c 93       	st	X, r24
}
     b84:	cf 91       	pop	r28
     b86:	df 91       	pop	r29
     b88:	08 95       	ret

00000b8a <servo>:
void servo (int deg)
{
     b8a:	df 93       	push	r29
     b8c:	cf 93       	push	r28
     b8e:	00 d0       	rcall	.+0      	; 0xb90 <servo+0x6>
     b90:	00 d0       	rcall	.+0      	; 0xb92 <servo+0x8>
     b92:	cd b7       	in	r28, 0x3d	; 61
     b94:	de b7       	in	r29, 0x3e	; 62
     b96:	9c 83       	std	Y+4, r25	; 0x04
     b98:	8b 83       	std	Y+3, r24	; 0x03
	int x = (deg*2)+130;
     b9a:	8b 81       	ldd	r24, Y+3	; 0x03
     b9c:	9c 81       	ldd	r25, Y+4	; 0x04
     b9e:	8f 5b       	subi	r24, 0xBF	; 191
     ba0:	9f 4f       	sbci	r25, 0xFF	; 255
     ba2:	88 0f       	add	r24, r24
     ba4:	99 1f       	adc	r25, r25
     ba6:	9a 83       	std	Y+2, r25	; 0x02
     ba8:	89 83       	std	Y+1, r24	; 0x01
	OCR1A=x;
     baa:	ea e4       	ldi	r30, 0x4A	; 74
     bac:	f0 e0       	ldi	r31, 0x00	; 0
     bae:	89 81       	ldd	r24, Y+1	; 0x01
     bb0:	9a 81       	ldd	r25, Y+2	; 0x02
     bb2:	91 83       	std	Z+1, r25	; 0x01
     bb4:	80 83       	st	Z, r24
}
     bb6:	0f 90       	pop	r0
     bb8:	0f 90       	pop	r0
     bba:	0f 90       	pop	r0
     bbc:	0f 90       	pop	r0
     bbe:	cf 91       	pop	r28
     bc0:	df 91       	pop	r29
     bc2:	08 95       	ret

00000bc4 <main>:
char l,m,h;
void lcd_intial(void);
void lcd_writedata(u8 data);
void lcd_writecmd(u8 cmd);
void main (void)
{
     bc4:	df 93       	push	r29
     bc6:	cf 93       	push	r28
     bc8:	cd b7       	in	r28, 0x3d	; 61
     bca:	de b7       	in	r29, 0x3e	; 62
     bcc:	6e 97       	sbiw	r28, 0x1e	; 30
     bce:	0f b6       	in	r0, 0x3f	; 63
     bd0:	f8 94       	cli
     bd2:	de bf       	out	0x3e, r29	; 62
     bd4:	0f be       	out	0x3f, r0	; 63
     bd6:	cd bf       	out	0x3d, r28	; 61
	DDRA=0xFF;
     bd8:	ea e3       	ldi	r30, 0x3A	; 58
     bda:	f0 e0       	ldi	r31, 0x00	; 0
     bdc:	8f ef       	ldi	r24, 0xFF	; 255
     bde:	80 83       	st	Z, r24
	DDRB=0xff;
     be0:	e7 e3       	ldi	r30, 0x37	; 55
     be2:	f0 e0       	ldi	r31, 0x00	; 0
     be4:	8f ef       	ldi	r24, 0xFF	; 255
     be6:	80 83       	st	Z, r24
	DDRC=0xff;
     be8:	e4 e3       	ldi	r30, 0x34	; 52
     bea:	f0 e0       	ldi	r31, 0x00	; 0
     bec:	8f ef       	ldi	r24, 0xFF	; 255
     bee:	80 83       	st	Z, r24
	DDRD=0b11100000;
     bf0:	e1 e3       	ldi	r30, 0x31	; 49
     bf2:	f0 e0       	ldi	r31, 0x00	; 0
     bf4:	80 ee       	ldi	r24, 0xE0	; 224
     bf6:	80 83       	st	Z, r24
	PORTA=0x00;
     bf8:	eb e3       	ldi	r30, 0x3B	; 59
     bfa:	f0 e0       	ldi	r31, 0x00	; 0
     bfc:	10 82       	st	Z, r1
	PORTC=0xff;
     bfe:	e5 e3       	ldi	r30, 0x35	; 53
     c00:	f0 e0       	ldi	r31, 0x00	; 0
     c02:	8f ef       	ldi	r24, 0xFF	; 255
     c04:	80 83       	st	Z, r24
	lcd_intial();
     c06:	0e 94 c5 08 	call	0x118a	; 0x118a <lcd_intial>
	uart_intial();
     c0a:	0e 94 cb 07 	call	0xf96	; 0xf96 <uart_intial>
	while (1)
	{
		res=uart_rx_data(); //received command
     c0e:	0e 94 f5 07 	call	0xfea	; 0xfea <uart_rx_data>
     c12:	80 93 6d 00 	sts	0x006D, r24
		switch (res)
     c16:	80 91 6d 00 	lds	r24, 0x006D
     c1a:	28 2f       	mov	r18, r24
     c1c:	30 e0       	ldi	r19, 0x00	; 0
     c1e:	3e 8f       	std	Y+30, r19	; 0x1e
     c20:	2d 8f       	std	Y+29, r18	; 0x1d
     c22:	8d 8d       	ldd	r24, Y+29	; 0x1d
     c24:	9e 8d       	ldd	r25, Y+30	; 0x1e
     c26:	84 33       	cpi	r24, 0x34	; 52
     c28:	91 05       	cpc	r25, r1
     c2a:	09 f4       	brne	.+2      	; 0xc2e <main+0x6a>
     c2c:	77 c0       	rjmp	.+238    	; 0xd1c <main+0x158>
     c2e:	2d 8d       	ldd	r18, Y+29	; 0x1d
     c30:	3e 8d       	ldd	r19, Y+30	; 0x1e
     c32:	25 33       	cpi	r18, 0x35	; 53
     c34:	31 05       	cpc	r19, r1
     c36:	94 f4       	brge	.+36     	; 0xc5c <main+0x98>
     c38:	8d 8d       	ldd	r24, Y+29	; 0x1d
     c3a:	9e 8d       	ldd	r25, Y+30	; 0x1e
     c3c:	82 33       	cpi	r24, 0x32	; 50
     c3e:	91 05       	cpc	r25, r1
     c40:	09 f4       	brne	.+2      	; 0xc44 <main+0x80>
     c42:	4b c0       	rjmp	.+150    	; 0xcda <main+0x116>
     c44:	2d 8d       	ldd	r18, Y+29	; 0x1d
     c46:	3e 8d       	ldd	r19, Y+30	; 0x1e
     c48:	23 33       	cpi	r18, 0x33	; 51
     c4a:	31 05       	cpc	r19, r1
     c4c:	0c f0       	brlt	.+2      	; 0xc50 <main+0x8c>
     c4e:	55 c0       	rjmp	.+170    	; 0xcfa <main+0x136>
     c50:	8d 8d       	ldd	r24, Y+29	; 0x1d
     c52:	9e 8d       	ldd	r25, Y+30	; 0x1e
     c54:	81 33       	cpi	r24, 0x31	; 49
     c56:	91 05       	cpc	r25, r1
     c58:	a1 f0       	breq	.+40     	; 0xc82 <main+0xbe>
     c5a:	d9 cf       	rjmp	.-78     	; 0xc0e <main+0x4a>
     c5c:	2d 8d       	ldd	r18, Y+29	; 0x1d
     c5e:	3e 8d       	ldd	r19, Y+30	; 0x1e
     c60:	26 33       	cpi	r18, 0x36	; 54
     c62:	31 05       	cpc	r19, r1
     c64:	09 f4       	brne	.+2      	; 0xc68 <main+0xa4>
     c66:	fa c0       	rjmp	.+500    	; 0xe5c <main+0x298>
     c68:	8d 8d       	ldd	r24, Y+29	; 0x1d
     c6a:	9e 8d       	ldd	r25, Y+30	; 0x1e
     c6c:	86 33       	cpi	r24, 0x36	; 54
     c6e:	91 05       	cpc	r25, r1
     c70:	0c f4       	brge	.+2      	; 0xc74 <main+0xb0>
     c72:	65 c0       	rjmp	.+202    	; 0xd3e <main+0x17a>
     c74:	2d 8d       	ldd	r18, Y+29	; 0x1d
     c76:	3e 8d       	ldd	r19, Y+30	; 0x1e
     c78:	27 33       	cpi	r18, 0x37	; 55
     c7a:	31 05       	cpc	r19, r1
     c7c:	09 f4       	brne	.+2      	; 0xc80 <main+0xbc>
     c7e:	7d c1       	rjmp	.+762    	; 0xf7a <main+0x3b6>
     c80:	c6 cf       	rjmp	.-116    	; 0xc0e <main+0x4a>
		{
		case '1':
			lcd_writedata('l');//'' for asky of character
     c82:	8c e6       	ldi	r24, 0x6C	; 108
     c84:	0e 94 61 0a 	call	0x14c2	; 0x14c2 <lcd_writedata>
			lcd_writedata('e');//'' for asky of character
     c88:	85 e6       	ldi	r24, 0x65	; 101
     c8a:	0e 94 61 0a 	call	0x14c2	; 0x14c2 <lcd_writedata>
			lcd_writedata('d');//'' for asky of character
     c8e:	84 e6       	ldi	r24, 0x64	; 100
     c90:	0e 94 61 0a 	call	0x14c2	; 0x14c2 <lcd_writedata>
			lcd_writedata(' ');//'' for asky of character
     c94:	80 e2       	ldi	r24, 0x20	; 32
     c96:	0e 94 61 0a 	call	0x14c2	; 0x14c2 <lcd_writedata>
			lcd_writedata('c');//'' for asky of character
     c9a:	83 e6       	ldi	r24, 0x63	; 99
     c9c:	0e 94 61 0a 	call	0x14c2	; 0x14c2 <lcd_writedata>
			lcd_writedata('o');//'' for asky of character
     ca0:	8f e6       	ldi	r24, 0x6F	; 111
     ca2:	0e 94 61 0a 	call	0x14c2	; 0x14c2 <lcd_writedata>
			lcd_writedata('n');//'' for asky of character
     ca6:	8e e6       	ldi	r24, 0x6E	; 110
     ca8:	0e 94 61 0a 	call	0x14c2	; 0x14c2 <lcd_writedata>
			lcd_writedata('t');//'' for asky of character
     cac:	84 e7       	ldi	r24, 0x74	; 116
     cae:	0e 94 61 0a 	call	0x14c2	; 0x14c2 <lcd_writedata>
			lcd_writedata('r');//'' for asky of character
     cb2:	82 e7       	ldi	r24, 0x72	; 114
     cb4:	0e 94 61 0a 	call	0x14c2	; 0x14c2 <lcd_writedata>
			lcd_writedata('o');//'' for asky of character
     cb8:	8f e6       	ldi	r24, 0x6F	; 111
     cba:	0e 94 61 0a 	call	0x14c2	; 0x14c2 <lcd_writedata>
			lcd_writedata('l');//'' for asky of character
     cbe:	8c e6       	ldi	r24, 0x6C	; 108
     cc0:	0e 94 61 0a 	call	0x14c2	; 0x14c2 <lcd_writedata>
			lcd_writedata('e');//'' for asky of character
     cc4:	85 e6       	ldi	r24, 0x65	; 101
     cc6:	0e 94 61 0a 	call	0x14c2	; 0x14c2 <lcd_writedata>
			PORTA=~(PORTA);
     cca:	ab e3       	ldi	r26, 0x3B	; 59
     ccc:	b0 e0       	ldi	r27, 0x00	; 0
     cce:	eb e3       	ldi	r30, 0x3B	; 59
     cd0:	f0 e0       	ldi	r31, 0x00	; 0
     cd2:	80 81       	ld	r24, Z
     cd4:	80 95       	com	r24
     cd6:	8c 93       	st	X, r24
     cd8:	9a cf       	rjmp	.-204    	; 0xc0e <main+0x4a>
			break;
		case '2': //led intensity change
			PORTB=0xff;
     cda:	e8 e3       	ldi	r30, 0x38	; 56
     cdc:	f0 e0       	ldi	r31, 0x00	; 0
     cde:	8f ef       	ldi	r24, 0xFF	; 255
     ce0:	80 83       	st	Z, r24
			TCCR0=0b01101001;
     ce2:	e3 e5       	ldi	r30, 0x53	; 83
     ce4:	f0 e0       	ldi	r31, 0x00	; 0
     ce6:	89 e6       	ldi	r24, 0x69	; 105
     ce8:	80 83       	st	Z, r24
			TIMSK=0b00000010;
     cea:	e9 e5       	ldi	r30, 0x59	; 89
     cec:	f0 e0       	ldi	r31, 0x00	; 0
     cee:	82 e0       	ldi	r24, 0x02	; 2
     cf0:	80 83       	st	Z, r24
			OCR0=0;//duty cycle
     cf2:	ec e5       	ldi	r30, 0x5C	; 92
     cf4:	f0 e0       	ldi	r31, 0x00	; 0
     cf6:	10 82       	st	Z, r1
     cf8:	8a cf       	rjmp	.-236    	; 0xc0e <main+0x4a>
			break;
		case '3':
			PORTB=0xff;
     cfa:	e8 e3       	ldi	r30, 0x38	; 56
     cfc:	f0 e0       	ldi	r31, 0x00	; 0
     cfe:	8f ef       	ldi	r24, 0xFF	; 255
     d00:	80 83       	st	Z, r24
			TCCR0=0b01101001;
     d02:	e3 e5       	ldi	r30, 0x53	; 83
     d04:	f0 e0       	ldi	r31, 0x00	; 0
     d06:	89 e6       	ldi	r24, 0x69	; 105
     d08:	80 83       	st	Z, r24
			TIMSK=0b00000010;
     d0a:	e9 e5       	ldi	r30, 0x59	; 89
     d0c:	f0 e0       	ldi	r31, 0x00	; 0
     d0e:	82 e0       	ldi	r24, 0x02	; 2
     d10:	80 83       	st	Z, r24
			OCR0=64;
     d12:	ec e5       	ldi	r30, 0x5C	; 92
     d14:	f0 e0       	ldi	r31, 0x00	; 0
     d16:	80 e4       	ldi	r24, 0x40	; 64
     d18:	80 83       	st	Z, r24
     d1a:	79 cf       	rjmp	.-270    	; 0xc0e <main+0x4a>
			break;
		case '4':
			PORTB=0xff;
     d1c:	e8 e3       	ldi	r30, 0x38	; 56
     d1e:	f0 e0       	ldi	r31, 0x00	; 0
     d20:	8f ef       	ldi	r24, 0xFF	; 255
     d22:	80 83       	st	Z, r24
			TCCR0=0b01101001;
     d24:	e3 e5       	ldi	r30, 0x53	; 83
     d26:	f0 e0       	ldi	r31, 0x00	; 0
     d28:	89 e6       	ldi	r24, 0x69	; 105
     d2a:	80 83       	st	Z, r24
			TIMSK=0b00000010;
     d2c:	e9 e5       	ldi	r30, 0x59	; 89
     d2e:	f0 e0       	ldi	r31, 0x00	; 0
     d30:	82 e0       	ldi	r24, 0x02	; 2
     d32:	80 83       	st	Z, r24
			OCR0=128;
     d34:	ec e5       	ldi	r30, 0x5C	; 92
     d36:	f0 e0       	ldi	r31, 0x00	; 0
     d38:	80 e8       	ldi	r24, 0x80	; 128
     d3a:	80 83       	st	Z, r24
     d3c:	68 cf       	rjmp	.-304    	; 0xc0e <main+0x4a>
			break;
		case '5': //door dc motor
			set_bit(PORTD,5);
     d3e:	a2 e3       	ldi	r26, 0x32	; 50
     d40:	b0 e0       	ldi	r27, 0x00	; 0
     d42:	e2 e3       	ldi	r30, 0x32	; 50
     d44:	f0 e0       	ldi	r31, 0x00	; 0
     d46:	80 81       	ld	r24, Z
     d48:	80 62       	ori	r24, 0x20	; 32
     d4a:	8c 93       	st	X, r24
			clr_bit(PORTD,6);
     d4c:	a2 e3       	ldi	r26, 0x32	; 50
     d4e:	b0 e0       	ldi	r27, 0x00	; 0
     d50:	e2 e3       	ldi	r30, 0x32	; 50
     d52:	f0 e0       	ldi	r31, 0x00	; 0
     d54:	80 81       	ld	r24, Z
     d56:	8f 7b       	andi	r24, 0xBF	; 191
     d58:	8c 93       	st	X, r24
     d5a:	80 e0       	ldi	r24, 0x00	; 0
     d5c:	90 e0       	ldi	r25, 0x00	; 0
     d5e:	aa e7       	ldi	r26, 0x7A	; 122
     d60:	b4 e4       	ldi	r27, 0x44	; 68
     d62:	89 8f       	std	Y+25, r24	; 0x19
     d64:	9a 8f       	std	Y+26, r25	; 0x1a
     d66:	ab 8f       	std	Y+27, r26	; 0x1b
     d68:	bc 8f       	std	Y+28, r27	; 0x1c
 */
void
_delay_ms(double __ms)
{
	uint16_t __ticks;
	double __tmp = ((F_CPU) / 4e3) * __ms;
     d6a:	69 8d       	ldd	r22, Y+25	; 0x19
     d6c:	7a 8d       	ldd	r23, Y+26	; 0x1a
     d6e:	8b 8d       	ldd	r24, Y+27	; 0x1b
     d70:	9c 8d       	ldd	r25, Y+28	; 0x1c
     d72:	20 e0       	ldi	r18, 0x00	; 0
     d74:	30 e0       	ldi	r19, 0x00	; 0
     d76:	4a e7       	ldi	r20, 0x7A	; 122
     d78:	53 e4       	ldi	r21, 0x43	; 67
     d7a:	0e 94 1f 02 	call	0x43e	; 0x43e <__mulsf3>
     d7e:	dc 01       	movw	r26, r24
     d80:	cb 01       	movw	r24, r22
     d82:	8d 8b       	std	Y+21, r24	; 0x15
     d84:	9e 8b       	std	Y+22, r25	; 0x16
     d86:	af 8b       	std	Y+23, r26	; 0x17
     d88:	b8 8f       	std	Y+24, r27	; 0x18
	if (__tmp < 1.0)
     d8a:	6d 89       	ldd	r22, Y+21	; 0x15
     d8c:	7e 89       	ldd	r23, Y+22	; 0x16
     d8e:	8f 89       	ldd	r24, Y+23	; 0x17
     d90:	98 8d       	ldd	r25, Y+24	; 0x18
     d92:	20 e0       	ldi	r18, 0x00	; 0
     d94:	30 e0       	ldi	r19, 0x00	; 0
     d96:	40 e8       	ldi	r20, 0x80	; 128
     d98:	5f e3       	ldi	r21, 0x3F	; 63
     d9a:	0e 94 79 03 	call	0x6f2	; 0x6f2 <__ltsf2>
     d9e:	88 23       	and	r24, r24
     da0:	2c f4       	brge	.+10     	; 0xdac <main+0x1e8>
		__ticks = 1;
     da2:	81 e0       	ldi	r24, 0x01	; 1
     da4:	90 e0       	ldi	r25, 0x00	; 0
     da6:	9c 8b       	std	Y+20, r25	; 0x14
     da8:	8b 8b       	std	Y+19, r24	; 0x13
     daa:	3f c0       	rjmp	.+126    	; 0xe2a <main+0x266>
	else if (__tmp > 65535)
     dac:	6d 89       	ldd	r22, Y+21	; 0x15
     dae:	7e 89       	ldd	r23, Y+22	; 0x16
     db0:	8f 89       	ldd	r24, Y+23	; 0x17
     db2:	98 8d       	ldd	r25, Y+24	; 0x18
     db4:	20 e0       	ldi	r18, 0x00	; 0
     db6:	3f ef       	ldi	r19, 0xFF	; 255
     db8:	4f e7       	ldi	r20, 0x7F	; 127
     dba:	57 e4       	ldi	r21, 0x47	; 71
     dbc:	0e 94 19 03 	call	0x632	; 0x632 <__gtsf2>
     dc0:	18 16       	cp	r1, r24
     dc2:	4c f5       	brge	.+82     	; 0xe16 <main+0x252>
	{
		//	__ticks = requested delay in 1/10 ms
		__ticks = (uint16_t) (__ms * 10.0);
     dc4:	69 8d       	ldd	r22, Y+25	; 0x19
     dc6:	7a 8d       	ldd	r23, Y+26	; 0x1a
     dc8:	8b 8d       	ldd	r24, Y+27	; 0x1b
     dca:	9c 8d       	ldd	r25, Y+28	; 0x1c
     dcc:	20 e0       	ldi	r18, 0x00	; 0
     dce:	30 e0       	ldi	r19, 0x00	; 0
     dd0:	40 e2       	ldi	r20, 0x20	; 32
     dd2:	51 e4       	ldi	r21, 0x41	; 65
     dd4:	0e 94 1f 02 	call	0x43e	; 0x43e <__mulsf3>
     dd8:	dc 01       	movw	r26, r24
     dda:	cb 01       	movw	r24, r22
     ddc:	bc 01       	movw	r22, r24
     dde:	cd 01       	movw	r24, r26
     de0:	0e 94 49 00 	call	0x92	; 0x92 <__fixunssfsi>
     de4:	dc 01       	movw	r26, r24
     de6:	cb 01       	movw	r24, r22
     de8:	9c 8b       	std	Y+20, r25	; 0x14
     dea:	8b 8b       	std	Y+19, r24	; 0x13
     dec:	0f c0       	rjmp	.+30     	; 0xe0c <main+0x248>
     dee:	89 e1       	ldi	r24, 0x19	; 25
     df0:	90 e0       	ldi	r25, 0x00	; 0
     df2:	9a 8b       	std	Y+18, r25	; 0x12
     df4:	89 8b       	std	Y+17, r24	; 0x11
    milliseconds can be achieved.
 */
void
_delay_loop_2(uint16_t __count)
{
	__asm__ volatile (
     df6:	89 89       	ldd	r24, Y+17	; 0x11
     df8:	9a 89       	ldd	r25, Y+18	; 0x12
     dfa:	01 97       	sbiw	r24, 0x01	; 1
     dfc:	f1 f7       	brne	.-4      	; 0xdfa <main+0x236>
     dfe:	9a 8b       	std	Y+18, r25	; 0x12
     e00:	89 8b       	std	Y+17, r24	; 0x11
		while(__ticks)
		{
			// wait 1/10 ms
			_delay_loop_2(((F_CPU) / 4e3) / 10);
			__ticks --;
     e02:	8b 89       	ldd	r24, Y+19	; 0x13
     e04:	9c 89       	ldd	r25, Y+20	; 0x14
     e06:	01 97       	sbiw	r24, 0x01	; 1
     e08:	9c 8b       	std	Y+20, r25	; 0x14
     e0a:	8b 8b       	std	Y+19, r24	; 0x13
		__ticks = 1;
	else if (__tmp > 65535)
	{
		//	__ticks = requested delay in 1/10 ms
		__ticks = (uint16_t) (__ms * 10.0);
		while(__ticks)
     e0c:	8b 89       	ldd	r24, Y+19	; 0x13
     e0e:	9c 89       	ldd	r25, Y+20	; 0x14
     e10:	00 97       	sbiw	r24, 0x00	; 0
     e12:	69 f7       	brne	.-38     	; 0xdee <main+0x22a>
     e14:	14 c0       	rjmp	.+40     	; 0xe3e <main+0x27a>
			__ticks --;
		}
		return;
	}
	else
		__ticks = (uint16_t)__tmp;
     e16:	6d 89       	ldd	r22, Y+21	; 0x15
     e18:	7e 89       	ldd	r23, Y+22	; 0x16
     e1a:	8f 89       	ldd	r24, Y+23	; 0x17
     e1c:	98 8d       	ldd	r25, Y+24	; 0x18
     e1e:	0e 94 49 00 	call	0x92	; 0x92 <__fixunssfsi>
     e22:	dc 01       	movw	r26, r24
     e24:	cb 01       	movw	r24, r22
     e26:	9c 8b       	std	Y+20, r25	; 0x14
     e28:	8b 8b       	std	Y+19, r24	; 0x13
     e2a:	8b 89       	ldd	r24, Y+19	; 0x13
     e2c:	9c 89       	ldd	r25, Y+20	; 0x14
     e2e:	98 8b       	std	Y+16, r25	; 0x10
     e30:	8f 87       	std	Y+15, r24	; 0x0f
     e32:	8f 85       	ldd	r24, Y+15	; 0x0f
     e34:	98 89       	ldd	r25, Y+16	; 0x10
     e36:	01 97       	sbiw	r24, 0x01	; 1
     e38:	f1 f7       	brne	.-4      	; 0xe36 <main+0x272>
     e3a:	98 8b       	std	Y+16, r25	; 0x10
     e3c:	8f 87       	std	Y+15, r24	; 0x0f
			_delay_ms(1000); //open the door
			clr_bit(PORTD,5);
     e3e:	a2 e3       	ldi	r26, 0x32	; 50
     e40:	b0 e0       	ldi	r27, 0x00	; 0
     e42:	e2 e3       	ldi	r30, 0x32	; 50
     e44:	f0 e0       	ldi	r31, 0x00	; 0
     e46:	80 81       	ld	r24, Z
     e48:	8f 7d       	andi	r24, 0xDF	; 223
     e4a:	8c 93       	st	X, r24
			clr_bit(PORTD,6);
     e4c:	a2 e3       	ldi	r26, 0x32	; 50
     e4e:	b0 e0       	ldi	r27, 0x00	; 0
     e50:	e2 e3       	ldi	r30, 0x32	; 50
     e52:	f0 e0       	ldi	r31, 0x00	; 0
     e54:	80 81       	ld	r24, Z
     e56:	8f 7b       	andi	r24, 0xBF	; 191
     e58:	8c 93       	st	X, r24
     e5a:	d9 ce       	rjmp	.-590    	; 0xc0e <main+0x4a>
			break;
		case '6':
			set_bit(PORTD,6);
     e5c:	a2 e3       	ldi	r26, 0x32	; 50
     e5e:	b0 e0       	ldi	r27, 0x00	; 0
     e60:	e2 e3       	ldi	r30, 0x32	; 50
     e62:	f0 e0       	ldi	r31, 0x00	; 0
     e64:	80 81       	ld	r24, Z
     e66:	80 64       	ori	r24, 0x40	; 64
     e68:	8c 93       	st	X, r24
			clr_bit(PORTD,5);
     e6a:	a2 e3       	ldi	r26, 0x32	; 50
     e6c:	b0 e0       	ldi	r27, 0x00	; 0
     e6e:	e2 e3       	ldi	r30, 0x32	; 50
     e70:	f0 e0       	ldi	r31, 0x00	; 0
     e72:	80 81       	ld	r24, Z
     e74:	8f 7d       	andi	r24, 0xDF	; 223
     e76:	8c 93       	st	X, r24
     e78:	80 e0       	ldi	r24, 0x00	; 0
     e7a:	90 e0       	ldi	r25, 0x00	; 0
     e7c:	aa e7       	ldi	r26, 0x7A	; 122
     e7e:	b4 e4       	ldi	r27, 0x44	; 68
     e80:	8b 87       	std	Y+11, r24	; 0x0b
     e82:	9c 87       	std	Y+12, r25	; 0x0c
     e84:	ad 87       	std	Y+13, r26	; 0x0d
     e86:	be 87       	std	Y+14, r27	; 0x0e
 */
void
_delay_ms(double __ms)
{
	uint16_t __ticks;
	double __tmp = ((F_CPU) / 4e3) * __ms;
     e88:	6b 85       	ldd	r22, Y+11	; 0x0b
     e8a:	7c 85       	ldd	r23, Y+12	; 0x0c
     e8c:	8d 85       	ldd	r24, Y+13	; 0x0d
     e8e:	9e 85       	ldd	r25, Y+14	; 0x0e
     e90:	20 e0       	ldi	r18, 0x00	; 0
     e92:	30 e0       	ldi	r19, 0x00	; 0
     e94:	4a e7       	ldi	r20, 0x7A	; 122
     e96:	53 e4       	ldi	r21, 0x43	; 67
     e98:	0e 94 1f 02 	call	0x43e	; 0x43e <__mulsf3>
     e9c:	dc 01       	movw	r26, r24
     e9e:	cb 01       	movw	r24, r22
     ea0:	8f 83       	std	Y+7, r24	; 0x07
     ea2:	98 87       	std	Y+8, r25	; 0x08
     ea4:	a9 87       	std	Y+9, r26	; 0x09
     ea6:	ba 87       	std	Y+10, r27	; 0x0a
	if (__tmp < 1.0)
     ea8:	6f 81       	ldd	r22, Y+7	; 0x07
     eaa:	78 85       	ldd	r23, Y+8	; 0x08
     eac:	89 85       	ldd	r24, Y+9	; 0x09
     eae:	9a 85       	ldd	r25, Y+10	; 0x0a
     eb0:	20 e0       	ldi	r18, 0x00	; 0
     eb2:	30 e0       	ldi	r19, 0x00	; 0
     eb4:	40 e8       	ldi	r20, 0x80	; 128
     eb6:	5f e3       	ldi	r21, 0x3F	; 63
     eb8:	0e 94 79 03 	call	0x6f2	; 0x6f2 <__ltsf2>
     ebc:	88 23       	and	r24, r24
     ebe:	2c f4       	brge	.+10     	; 0xeca <main+0x306>
		__ticks = 1;
     ec0:	81 e0       	ldi	r24, 0x01	; 1
     ec2:	90 e0       	ldi	r25, 0x00	; 0
     ec4:	9e 83       	std	Y+6, r25	; 0x06
     ec6:	8d 83       	std	Y+5, r24	; 0x05
     ec8:	3f c0       	rjmp	.+126    	; 0xf48 <main+0x384>
	else if (__tmp > 65535)
     eca:	6f 81       	ldd	r22, Y+7	; 0x07
     ecc:	78 85       	ldd	r23, Y+8	; 0x08
     ece:	89 85       	ldd	r24, Y+9	; 0x09
     ed0:	9a 85       	ldd	r25, Y+10	; 0x0a
     ed2:	20 e0       	ldi	r18, 0x00	; 0
     ed4:	3f ef       	ldi	r19, 0xFF	; 255
     ed6:	4f e7       	ldi	r20, 0x7F	; 127
     ed8:	57 e4       	ldi	r21, 0x47	; 71
     eda:	0e 94 19 03 	call	0x632	; 0x632 <__gtsf2>
     ede:	18 16       	cp	r1, r24
     ee0:	4c f5       	brge	.+82     	; 0xf34 <main+0x370>
	{
		//	__ticks = requested delay in 1/10 ms
		__ticks = (uint16_t) (__ms * 10.0);
     ee2:	6b 85       	ldd	r22, Y+11	; 0x0b
     ee4:	7c 85       	ldd	r23, Y+12	; 0x0c
     ee6:	8d 85       	ldd	r24, Y+13	; 0x0d
     ee8:	9e 85       	ldd	r25, Y+14	; 0x0e
     eea:	20 e0       	ldi	r18, 0x00	; 0
     eec:	30 e0       	ldi	r19, 0x00	; 0
     eee:	40 e2       	ldi	r20, 0x20	; 32
     ef0:	51 e4       	ldi	r21, 0x41	; 65
     ef2:	0e 94 1f 02 	call	0x43e	; 0x43e <__mulsf3>
     ef6:	dc 01       	movw	r26, r24
     ef8:	cb 01       	movw	r24, r22
     efa:	bc 01       	movw	r22, r24
     efc:	cd 01       	movw	r24, r26
     efe:	0e 94 49 00 	call	0x92	; 0x92 <__fixunssfsi>
     f02:	dc 01       	movw	r26, r24
     f04:	cb 01       	movw	r24, r22
     f06:	9e 83       	std	Y+6, r25	; 0x06
     f08:	8d 83       	std	Y+5, r24	; 0x05
     f0a:	0f c0       	rjmp	.+30     	; 0xf2a <main+0x366>
     f0c:	89 e1       	ldi	r24, 0x19	; 25
     f0e:	90 e0       	ldi	r25, 0x00	; 0
     f10:	9c 83       	std	Y+4, r25	; 0x04
     f12:	8b 83       	std	Y+3, r24	; 0x03
     f14:	8b 81       	ldd	r24, Y+3	; 0x03
     f16:	9c 81       	ldd	r25, Y+4	; 0x04
     f18:	01 97       	sbiw	r24, 0x01	; 1
     f1a:	f1 f7       	brne	.-4      	; 0xf18 <main+0x354>
     f1c:	9c 83       	std	Y+4, r25	; 0x04
     f1e:	8b 83       	std	Y+3, r24	; 0x03
		while(__ticks)
		{
			// wait 1/10 ms
			_delay_loop_2(((F_CPU) / 4e3) / 10);
			__ticks --;
     f20:	8d 81       	ldd	r24, Y+5	; 0x05
     f22:	9e 81       	ldd	r25, Y+6	; 0x06
     f24:	01 97       	sbiw	r24, 0x01	; 1
     f26:	9e 83       	std	Y+6, r25	; 0x06
     f28:	8d 83       	std	Y+5, r24	; 0x05
		__ticks = 1;
	else if (__tmp > 65535)
	{
		//	__ticks = requested delay in 1/10 ms
		__ticks = (uint16_t) (__ms * 10.0);
		while(__ticks)
     f2a:	8d 81       	ldd	r24, Y+5	; 0x05
     f2c:	9e 81       	ldd	r25, Y+6	; 0x06
     f2e:	00 97       	sbiw	r24, 0x00	; 0
     f30:	69 f7       	brne	.-38     	; 0xf0c <main+0x348>
     f32:	14 c0       	rjmp	.+40     	; 0xf5c <main+0x398>
			__ticks --;
		}
		return;
	}
	else
		__ticks = (uint16_t)__tmp;
     f34:	6f 81       	ldd	r22, Y+7	; 0x07
     f36:	78 85       	ldd	r23, Y+8	; 0x08
     f38:	89 85       	ldd	r24, Y+9	; 0x09
     f3a:	9a 85       	ldd	r25, Y+10	; 0x0a
     f3c:	0e 94 49 00 	call	0x92	; 0x92 <__fixunssfsi>
     f40:	dc 01       	movw	r26, r24
     f42:	cb 01       	movw	r24, r22
     f44:	9e 83       	std	Y+6, r25	; 0x06
     f46:	8d 83       	std	Y+5, r24	; 0x05
     f48:	8d 81       	ldd	r24, Y+5	; 0x05
     f4a:	9e 81       	ldd	r25, Y+6	; 0x06
     f4c:	9a 83       	std	Y+2, r25	; 0x02
     f4e:	89 83       	std	Y+1, r24	; 0x01
     f50:	89 81       	ldd	r24, Y+1	; 0x01
     f52:	9a 81       	ldd	r25, Y+2	; 0x02
     f54:	01 97       	sbiw	r24, 0x01	; 1
     f56:	f1 f7       	brne	.-4      	; 0xf54 <main+0x390>
     f58:	9a 83       	std	Y+2, r25	; 0x02
     f5a:	89 83       	std	Y+1, r24	; 0x01
			_delay_ms(1000);//close the door
			clr_bit(PORTD,6);
     f5c:	a2 e3       	ldi	r26, 0x32	; 50
     f5e:	b0 e0       	ldi	r27, 0x00	; 0
     f60:	e2 e3       	ldi	r30, 0x32	; 50
     f62:	f0 e0       	ldi	r31, 0x00	; 0
     f64:	80 81       	ld	r24, Z
     f66:	8f 7b       	andi	r24, 0xBF	; 191
     f68:	8c 93       	st	X, r24
			clr_bit(PORTD,5);
     f6a:	a2 e3       	ldi	r26, 0x32	; 50
     f6c:	b0 e0       	ldi	r27, 0x00	; 0
     f6e:	e2 e3       	ldi	r30, 0x32	; 50
     f70:	f0 e0       	ldi	r31, 0x00	; 0
     f72:	80 81       	ld	r24, Z
     f74:	8f 7d       	andi	r24, 0xDF	; 223
     f76:	8c 93       	st	X, r24
     f78:	4a ce       	rjmp	.-876    	; 0xc0e <main+0x4a>
			break;
		case '7':  //servo window
			TCCR0=0b00000010;
     f7a:	e3 e5       	ldi	r30, 0x53	; 83
     f7c:	f0 e0       	ldi	r31, 0x00	; 0
     f7e:	82 e0       	ldi	r24, 0x02	; 2
     f80:	80 83       	st	Z, r24
			PORTD=0b10000000;
     f82:	e2 e3       	ldi	r30, 0x32	; 50
     f84:	f0 e0       	ldi	r31, 0x00	; 0
     f86:	80 e8       	ldi	r24, 0x80	; 128
     f88:	80 83       	st	Z, r24
			TIMSK=0b00000001;
     f8a:	e9 e5       	ldi	r30, 0x59	; 89
     f8c:	f0 e0       	ldi	r31, 0x00	; 0
     f8e:	81 e0       	ldi	r24, 0x01	; 1
     f90:	80 83       	st	Z, r24
			sei();
     f92:	78 94       	sei
     f94:	3c ce       	rjmp	.-904    	; 0xc0e <main+0x4a>

00000f96 <uart_intial>:
			break;
		}
	}
}
void uart_intial (void)
{
     f96:	df 93       	push	r29
     f98:	cf 93       	push	r28
     f9a:	cd b7       	in	r28, 0x3d	; 61
     f9c:	de b7       	in	r29, 0x3e	; 62
	UCSRB=0b00011000;
     f9e:	ea e2       	ldi	r30, 0x2A	; 42
     fa0:	f0 e0       	ldi	r31, 0x00	; 0
     fa2:	88 e1       	ldi	r24, 0x18	; 24
     fa4:	80 83       	st	Z, r24
	UCSRC=0b10000110;
     fa6:	e0 e4       	ldi	r30, 0x40	; 64
     fa8:	f0 e0       	ldi	r31, 0x00	; 0
     faa:	86 e8       	ldi	r24, 0x86	; 134
     fac:	80 83       	st	Z, r24
	UBRRL=51; //boudrate of bluetooth module required
     fae:	e9 e2       	ldi	r30, 0x29	; 41
     fb0:	f0 e0       	ldi	r31, 0x00	; 0
     fb2:	83 e3       	ldi	r24, 0x33	; 51
     fb4:	80 83       	st	Z, r24
}
     fb6:	cf 91       	pop	r28
     fb8:	df 91       	pop	r29
     fba:	08 95       	ret

00000fbc <uart_tx_data>:

void uart_tx_data (char data)
{
     fbc:	df 93       	push	r29
     fbe:	cf 93       	push	r28
     fc0:	0f 92       	push	r0
     fc2:	cd b7       	in	r28, 0x3d	; 61
     fc4:	de b7       	in	r29, 0x3e	; 62
     fc6:	89 83       	std	Y+1, r24	; 0x01
	while ((UCSRA& (1<<UDRE))==0);
     fc8:	eb e2       	ldi	r30, 0x2B	; 43
     fca:	f0 e0       	ldi	r31, 0x00	; 0
     fcc:	80 81       	ld	r24, Z
     fce:	88 2f       	mov	r24, r24
     fd0:	90 e0       	ldi	r25, 0x00	; 0
     fd2:	80 72       	andi	r24, 0x20	; 32
     fd4:	90 70       	andi	r25, 0x00	; 0
     fd6:	00 97       	sbiw	r24, 0x00	; 0
     fd8:	b9 f3       	breq	.-18     	; 0xfc8 <uart_tx_data+0xc>
	UDR=data;
     fda:	ec e2       	ldi	r30, 0x2C	; 44
     fdc:	f0 e0       	ldi	r31, 0x00	; 0
     fde:	89 81       	ldd	r24, Y+1	; 0x01
     fe0:	80 83       	st	Z, r24
}
     fe2:	0f 90       	pop	r0
     fe4:	cf 91       	pop	r28
     fe6:	df 91       	pop	r29
     fe8:	08 95       	ret

00000fea <uart_rx_data>:
char uart_rx_data (void)
{
     fea:	df 93       	push	r29
     fec:	cf 93       	push	r28
     fee:	0f 92       	push	r0
     ff0:	cd b7       	in	r28, 0x3d	; 61
     ff2:	de b7       	in	r29, 0x3e	; 62
	char x;
	while ((UCSRA & (1<<RXC))==0);
     ff4:	eb e2       	ldi	r30, 0x2B	; 43
     ff6:	f0 e0       	ldi	r31, 0x00	; 0
     ff8:	80 81       	ld	r24, Z
     ffa:	88 23       	and	r24, r24
     ffc:	dc f7       	brge	.-10     	; 0xff4 <uart_rx_data+0xa>
	x=UDR;
     ffe:	ec e2       	ldi	r30, 0x2C	; 44
    1000:	f0 e0       	ldi	r31, 0x00	; 0
    1002:	80 81       	ld	r24, Z
    1004:	89 83       	std	Y+1, r24	; 0x01
	return x;
    1006:	89 81       	ldd	r24, Y+1	; 0x01
}
    1008:	0f 90       	pop	r0
    100a:	cf 91       	pop	r28
    100c:	df 91       	pop	r29
    100e:	08 95       	ret

00001010 <__vector_11>:
ISR(TIMER0_OVF_vect)
{static int counter=0;
    1010:	1f 92       	push	r1
    1012:	0f 92       	push	r0
    1014:	0f b6       	in	r0, 0x3f	; 63
    1016:	0f 92       	push	r0
    1018:	11 24       	eor	r1, r1
    101a:	2f 93       	push	r18
    101c:	3f 93       	push	r19
    101e:	4f 93       	push	r20
    1020:	5f 93       	push	r21
    1022:	6f 93       	push	r22
    1024:	7f 93       	push	r23
    1026:	8f 93       	push	r24
    1028:	9f 93       	push	r25
    102a:	af 93       	push	r26
    102c:	bf 93       	push	r27
    102e:	ef 93       	push	r30
    1030:	ff 93       	push	r31
    1032:	df 93       	push	r29
    1034:	cf 93       	push	r28
    1036:	00 d0       	rcall	.+0      	; 0x1038 <__vector_11+0x28>
    1038:	cd b7       	in	r28, 0x3d	; 61
    103a:	de b7       	in	r29, 0x3e	; 62
TCNT0=156;
    103c:	e2 e5       	ldi	r30, 0x52	; 82
    103e:	f0 e0       	ldi	r31, 0x00	; 0
    1040:	8c e9       	ldi	r24, 0x9C	; 156
    1042:	80 83       	st	Z, r24
counter++;
    1044:	80 91 68 00 	lds	r24, 0x0068
    1048:	90 91 69 00 	lds	r25, 0x0069
    104c:	01 96       	adiw	r24, 0x01	; 1
    104e:	90 93 69 00 	sts	0x0069, r25
    1052:	80 93 68 00 	sts	0x0068, r24
switch (res)
    1056:	80 91 6d 00 	lds	r24, 0x006D
    105a:	28 2f       	mov	r18, r24
    105c:	30 e0       	ldi	r19, 0x00	; 0
    105e:	3a 83       	std	Y+2, r19	; 0x02
    1060:	29 83       	std	Y+1, r18	; 0x01
    1062:	89 81       	ldd	r24, Y+1	; 0x01
    1064:	9a 81       	ldd	r25, Y+2	; 0x02
    1066:	8d 36       	cpi	r24, 0x6D	; 109
    1068:	91 05       	cpc	r25, r1
    106a:	09 f4       	brne	.+2      	; 0x106e <__vector_11+0x5e>
    106c:	50 c0       	rjmp	.+160    	; 0x110e <__vector_11+0xfe>
    106e:	29 81       	ldd	r18, Y+1	; 0x01
    1070:	3a 81       	ldd	r19, Y+2	; 0x02
    1072:	2f 36       	cpi	r18, 0x6F	; 111
    1074:	31 05       	cpc	r19, r1
    1076:	31 f0       	breq	.+12     	; 0x1084 <__vector_11+0x74>
    1078:	89 81       	ldd	r24, Y+1	; 0x01
    107a:	9a 81       	ldd	r25, Y+2	; 0x02
    107c:	86 36       	cpi	r24, 0x66	; 102
    107e:	91 05       	cpc	r25, r1
    1080:	21 f1       	breq	.+72     	; 0x10ca <__vector_11+0xba>
    1082:	6e c0       	rjmp	.+220    	; 0x1160 <__vector_11+0x150>
{
case 'o':
	if(counter==20)
    1084:	80 91 68 00 	lds	r24, 0x0068
    1088:	90 91 69 00 	lds	r25, 0x0069
    108c:	84 31       	cpi	r24, 0x14	; 20
    108e:	91 05       	cpc	r25, r1
    1090:	41 f4       	brne	.+16     	; 0x10a2 <__vector_11+0x92>
	{
		clr_bit(PORTD,7);
    1092:	a2 e3       	ldi	r26, 0x32	; 50
    1094:	b0 e0       	ldi	r27, 0x00	; 0
    1096:	e2 e3       	ldi	r30, 0x32	; 50
    1098:	f0 e0       	ldi	r31, 0x00	; 0
    109a:	80 81       	ld	r24, Z
    109c:	8f 77       	andi	r24, 0x7F	; 127
    109e:	8c 93       	st	X, r24
    10a0:	5f c0       	rjmp	.+190    	; 0x1160 <__vector_11+0x150>
	}
	else if(counter==200)
    10a2:	80 91 68 00 	lds	r24, 0x0068
    10a6:	90 91 69 00 	lds	r25, 0x0069
    10aa:	88 3c       	cpi	r24, 0xC8	; 200
    10ac:	91 05       	cpc	r25, r1
    10ae:	09 f0       	breq	.+2      	; 0x10b2 <__vector_11+0xa2>
    10b0:	57 c0       	rjmp	.+174    	; 0x1160 <__vector_11+0x150>
	{
		set_bit(PORTD,7);
    10b2:	a2 e3       	ldi	r26, 0x32	; 50
    10b4:	b0 e0       	ldi	r27, 0x00	; 0
    10b6:	e2 e3       	ldi	r30, 0x32	; 50
    10b8:	f0 e0       	ldi	r31, 0x00	; 0
    10ba:	80 81       	ld	r24, Z
    10bc:	80 68       	ori	r24, 0x80	; 128
    10be:	8c 93       	st	X, r24
		counter=0;
    10c0:	10 92 69 00 	sts	0x0069, r1
    10c4:	10 92 68 00 	sts	0x0068, r1
    10c8:	4b c0       	rjmp	.+150    	; 0x1160 <__vector_11+0x150>
	}
	break;
case 'f':
	if(counter==10)
    10ca:	80 91 68 00 	lds	r24, 0x0068
    10ce:	90 91 69 00 	lds	r25, 0x0069
    10d2:	8a 30       	cpi	r24, 0x0A	; 10
    10d4:	91 05       	cpc	r25, r1
    10d6:	41 f4       	brne	.+16     	; 0x10e8 <__vector_11+0xd8>
	{
		clr_bit(PORTD,7);
    10d8:	a2 e3       	ldi	r26, 0x32	; 50
    10da:	b0 e0       	ldi	r27, 0x00	; 0
    10dc:	e2 e3       	ldi	r30, 0x32	; 50
    10de:	f0 e0       	ldi	r31, 0x00	; 0
    10e0:	80 81       	ld	r24, Z
    10e2:	8f 77       	andi	r24, 0x7F	; 127
    10e4:	8c 93       	st	X, r24
    10e6:	3c c0       	rjmp	.+120    	; 0x1160 <__vector_11+0x150>
	}
	else if(counter==100)
    10e8:	80 91 68 00 	lds	r24, 0x0068
    10ec:	90 91 69 00 	lds	r25, 0x0069
    10f0:	84 36       	cpi	r24, 0x64	; 100
    10f2:	91 05       	cpc	r25, r1
    10f4:	a9 f5       	brne	.+106    	; 0x1160 <__vector_11+0x150>
	{
		set_bit(PORTD,7);
    10f6:	a2 e3       	ldi	r26, 0x32	; 50
    10f8:	b0 e0       	ldi	r27, 0x00	; 0
    10fa:	e2 e3       	ldi	r30, 0x32	; 50
    10fc:	f0 e0       	ldi	r31, 0x00	; 0
    10fe:	80 81       	ld	r24, Z
    1100:	80 68       	ori	r24, 0x80	; 128
    1102:	8c 93       	st	X, r24
		counter=0;
    1104:	10 92 69 00 	sts	0x0069, r1
    1108:	10 92 68 00 	sts	0x0068, r1
    110c:	29 c0       	rjmp	.+82     	; 0x1160 <__vector_11+0x150>
	}
	break;
case 'm':
	res=uart_rx_data(); //resived command
    110e:	0e 94 f5 07 	call	0xfea	; 0xfea <uart_rx_data>
    1112:	80 93 6d 00 	sts	0x006D, r24
	if(counter==res)
    1116:	80 91 6d 00 	lds	r24, 0x006D
    111a:	28 2f       	mov	r18, r24
    111c:	30 e0       	ldi	r19, 0x00	; 0
    111e:	80 91 68 00 	lds	r24, 0x0068
    1122:	90 91 69 00 	lds	r25, 0x0069
    1126:	28 17       	cp	r18, r24
    1128:	39 07       	cpc	r19, r25
    112a:	41 f4       	brne	.+16     	; 0x113c <__vector_11+0x12c>
	{
		clr_bit(PORTD,7);
    112c:	a2 e3       	ldi	r26, 0x32	; 50
    112e:	b0 e0       	ldi	r27, 0x00	; 0
    1130:	e2 e3       	ldi	r30, 0x32	; 50
    1132:	f0 e0       	ldi	r31, 0x00	; 0
    1134:	80 81       	ld	r24, Z
    1136:	8f 77       	andi	r24, 0x7F	; 127
    1138:	8c 93       	st	X, r24
    113a:	12 c0       	rjmp	.+36     	; 0x1160 <__vector_11+0x150>
	}
	else if(counter==200)
    113c:	80 91 68 00 	lds	r24, 0x0068
    1140:	90 91 69 00 	lds	r25, 0x0069
    1144:	88 3c       	cpi	r24, 0xC8	; 200
    1146:	91 05       	cpc	r25, r1
    1148:	59 f4       	brne	.+22     	; 0x1160 <__vector_11+0x150>
	{
		set_bit(PORTD,7);
    114a:	a2 e3       	ldi	r26, 0x32	; 50
    114c:	b0 e0       	ldi	r27, 0x00	; 0
    114e:	e2 e3       	ldi	r30, 0x32	; 50
    1150:	f0 e0       	ldi	r31, 0x00	; 0
    1152:	80 81       	ld	r24, Z
    1154:	80 68       	ori	r24, 0x80	; 128
    1156:	8c 93       	st	X, r24
		counter=0;
    1158:	10 92 69 00 	sts	0x0069, r1
    115c:	10 92 68 00 	sts	0x0068, r1
	}
	break;
}}
    1160:	0f 90       	pop	r0
    1162:	0f 90       	pop	r0
    1164:	cf 91       	pop	r28
    1166:	df 91       	pop	r29
    1168:	ff 91       	pop	r31
    116a:	ef 91       	pop	r30
    116c:	bf 91       	pop	r27
    116e:	af 91       	pop	r26
    1170:	9f 91       	pop	r25
    1172:	8f 91       	pop	r24
    1174:	7f 91       	pop	r23
    1176:	6f 91       	pop	r22
    1178:	5f 91       	pop	r21
    117a:	4f 91       	pop	r20
    117c:	3f 91       	pop	r19
    117e:	2f 91       	pop	r18
    1180:	0f 90       	pop	r0
    1182:	0f be       	out	0x3f, r0	; 63
    1184:	0f 90       	pop	r0
    1186:	1f 90       	pop	r1
    1188:	18 95       	reti

0000118a <lcd_intial>:

void lcd_intial (void)
{
    118a:	df 93       	push	r29
    118c:	cf 93       	push	r28
    118e:	cd b7       	in	r28, 0x3d	; 61
    1190:	de b7       	in	r29, 0x3e	; 62
    1192:	2e 97       	sbiw	r28, 0x0e	; 14
    1194:	0f b6       	in	r0, 0x3f	; 63
    1196:	f8 94       	cli
    1198:	de bf       	out	0x3e, r29	; 62
    119a:	0f be       	out	0x3f, r0	; 63
    119c:	cd bf       	out	0x3d, r28	; 61
    119e:	80 e0       	ldi	r24, 0x00	; 0
    11a0:	90 e0       	ldi	r25, 0x00	; 0
    11a2:	a8 e4       	ldi	r26, 0x48	; 72
    11a4:	b2 e4       	ldi	r27, 0x42	; 66
    11a6:	8b 87       	std	Y+11, r24	; 0x0b
    11a8:	9c 87       	std	Y+12, r25	; 0x0c
    11aa:	ad 87       	std	Y+13, r26	; 0x0d
    11ac:	be 87       	std	Y+14, r27	; 0x0e
 */
void
_delay_ms(double __ms)
{
	uint16_t __ticks;
	double __tmp = ((F_CPU) / 4e3) * __ms;
    11ae:	6b 85       	ldd	r22, Y+11	; 0x0b
    11b0:	7c 85       	ldd	r23, Y+12	; 0x0c
    11b2:	8d 85       	ldd	r24, Y+13	; 0x0d
    11b4:	9e 85       	ldd	r25, Y+14	; 0x0e
    11b6:	20 e0       	ldi	r18, 0x00	; 0
    11b8:	30 e0       	ldi	r19, 0x00	; 0
    11ba:	4a e7       	ldi	r20, 0x7A	; 122
    11bc:	53 e4       	ldi	r21, 0x43	; 67
    11be:	0e 94 1f 02 	call	0x43e	; 0x43e <__mulsf3>
    11c2:	dc 01       	movw	r26, r24
    11c4:	cb 01       	movw	r24, r22
    11c6:	8f 83       	std	Y+7, r24	; 0x07
    11c8:	98 87       	std	Y+8, r25	; 0x08
    11ca:	a9 87       	std	Y+9, r26	; 0x09
    11cc:	ba 87       	std	Y+10, r27	; 0x0a
	if (__tmp < 1.0)
    11ce:	6f 81       	ldd	r22, Y+7	; 0x07
    11d0:	78 85       	ldd	r23, Y+8	; 0x08
    11d2:	89 85       	ldd	r24, Y+9	; 0x09
    11d4:	9a 85       	ldd	r25, Y+10	; 0x0a
    11d6:	20 e0       	ldi	r18, 0x00	; 0
    11d8:	30 e0       	ldi	r19, 0x00	; 0
    11da:	40 e8       	ldi	r20, 0x80	; 128
    11dc:	5f e3       	ldi	r21, 0x3F	; 63
    11de:	0e 94 79 03 	call	0x6f2	; 0x6f2 <__ltsf2>
    11e2:	88 23       	and	r24, r24
    11e4:	2c f4       	brge	.+10     	; 0x11f0 <lcd_intial+0x66>
		__ticks = 1;
    11e6:	81 e0       	ldi	r24, 0x01	; 1
    11e8:	90 e0       	ldi	r25, 0x00	; 0
    11ea:	9e 83       	std	Y+6, r25	; 0x06
    11ec:	8d 83       	std	Y+5, r24	; 0x05
    11ee:	3f c0       	rjmp	.+126    	; 0x126e <lcd_intial+0xe4>
	else if (__tmp > 65535)
    11f0:	6f 81       	ldd	r22, Y+7	; 0x07
    11f2:	78 85       	ldd	r23, Y+8	; 0x08
    11f4:	89 85       	ldd	r24, Y+9	; 0x09
    11f6:	9a 85       	ldd	r25, Y+10	; 0x0a
    11f8:	20 e0       	ldi	r18, 0x00	; 0
    11fa:	3f ef       	ldi	r19, 0xFF	; 255
    11fc:	4f e7       	ldi	r20, 0x7F	; 127
    11fe:	57 e4       	ldi	r21, 0x47	; 71
    1200:	0e 94 19 03 	call	0x632	; 0x632 <__gtsf2>
    1204:	18 16       	cp	r1, r24
    1206:	4c f5       	brge	.+82     	; 0x125a <lcd_intial+0xd0>
	{
		//	__ticks = requested delay in 1/10 ms
		__ticks = (uint16_t) (__ms * 10.0);
    1208:	6b 85       	ldd	r22, Y+11	; 0x0b
    120a:	7c 85       	ldd	r23, Y+12	; 0x0c
    120c:	8d 85       	ldd	r24, Y+13	; 0x0d
    120e:	9e 85       	ldd	r25, Y+14	; 0x0e
    1210:	20 e0       	ldi	r18, 0x00	; 0
    1212:	30 e0       	ldi	r19, 0x00	; 0
    1214:	40 e2       	ldi	r20, 0x20	; 32
    1216:	51 e4       	ldi	r21, 0x41	; 65
    1218:	0e 94 1f 02 	call	0x43e	; 0x43e <__mulsf3>
    121c:	dc 01       	movw	r26, r24
    121e:	cb 01       	movw	r24, r22
    1220:	bc 01       	movw	r22, r24
    1222:	cd 01       	movw	r24, r26
    1224:	0e 94 49 00 	call	0x92	; 0x92 <__fixunssfsi>
    1228:	dc 01       	movw	r26, r24
    122a:	cb 01       	movw	r24, r22
    122c:	9e 83       	std	Y+6, r25	; 0x06
    122e:	8d 83       	std	Y+5, r24	; 0x05
    1230:	0f c0       	rjmp	.+30     	; 0x1250 <lcd_intial+0xc6>
    1232:	89 e1       	ldi	r24, 0x19	; 25
    1234:	90 e0       	ldi	r25, 0x00	; 0
    1236:	9c 83       	std	Y+4, r25	; 0x04
    1238:	8b 83       	std	Y+3, r24	; 0x03
    123a:	8b 81       	ldd	r24, Y+3	; 0x03
    123c:	9c 81       	ldd	r25, Y+4	; 0x04
    123e:	01 97       	sbiw	r24, 0x01	; 1
    1240:	f1 f7       	brne	.-4      	; 0x123e <lcd_intial+0xb4>
    1242:	9c 83       	std	Y+4, r25	; 0x04
    1244:	8b 83       	std	Y+3, r24	; 0x03
		while(__ticks)
		{
			// wait 1/10 ms
			_delay_loop_2(((F_CPU) / 4e3) / 10);
			__ticks --;
    1246:	8d 81       	ldd	r24, Y+5	; 0x05
    1248:	9e 81       	ldd	r25, Y+6	; 0x06
    124a:	01 97       	sbiw	r24, 0x01	; 1
    124c:	9e 83       	std	Y+6, r25	; 0x06
    124e:	8d 83       	std	Y+5, r24	; 0x05
		__ticks = 1;
	else if (__tmp > 65535)
	{
		//	__ticks = requested delay in 1/10 ms
		__ticks = (uint16_t) (__ms * 10.0);
		while(__ticks)
    1250:	8d 81       	ldd	r24, Y+5	; 0x05
    1252:	9e 81       	ldd	r25, Y+6	; 0x06
    1254:	00 97       	sbiw	r24, 0x00	; 0
    1256:	69 f7       	brne	.-38     	; 0x1232 <lcd_intial+0xa8>
    1258:	14 c0       	rjmp	.+40     	; 0x1282 <lcd_intial+0xf8>
			__ticks --;
		}
		return;
	}
	else
		__ticks = (uint16_t)__tmp;
    125a:	6f 81       	ldd	r22, Y+7	; 0x07
    125c:	78 85       	ldd	r23, Y+8	; 0x08
    125e:	89 85       	ldd	r24, Y+9	; 0x09
    1260:	9a 85       	ldd	r25, Y+10	; 0x0a
    1262:	0e 94 49 00 	call	0x92	; 0x92 <__fixunssfsi>
    1266:	dc 01       	movw	r26, r24
    1268:	cb 01       	movw	r24, r22
    126a:	9e 83       	std	Y+6, r25	; 0x06
    126c:	8d 83       	std	Y+5, r24	; 0x05
    126e:	8d 81       	ldd	r24, Y+5	; 0x05
    1270:	9e 81       	ldd	r25, Y+6	; 0x06
    1272:	9a 83       	std	Y+2, r25	; 0x02
    1274:	89 83       	std	Y+1, r24	; 0x01
    1276:	89 81       	ldd	r24, Y+1	; 0x01
    1278:	9a 81       	ldd	r25, Y+2	; 0x02
    127a:	01 97       	sbiw	r24, 0x01	; 1
    127c:	f1 f7       	brne	.-4      	; 0x127a <lcd_intial+0xf0>
    127e:	9a 83       	std	Y+2, r25	; 0x02
    1280:	89 83       	std	Y+1, r24	; 0x01
	_delay_ms(50);
	DDRC=0b11111111;
    1282:	e4 e3       	ldi	r30, 0x34	; 52
    1284:	f0 e0       	ldi	r31, 0x00	; 0
    1286:	8f ef       	ldi	r24, 0xFF	; 255
    1288:	80 83       	st	Z, r24
	//DDRB=0b00000111;
	lcd_writecmd(0b0011100);
    128a:	8c e1       	ldi	r24, 0x1C	; 28
    128c:	0e 94 57 09 	call	0x12ae	; 0x12ae <lcd_writecmd>
	lcd_writecmd(0b00001111);
    1290:	8f e0       	ldi	r24, 0x0F	; 15
    1292:	0e 94 57 09 	call	0x12ae	; 0x12ae <lcd_writecmd>
	lcd_writecmd(0b00000001);
    1296:	81 e0       	ldi	r24, 0x01	; 1
    1298:	0e 94 57 09 	call	0x12ae	; 0x12ae <lcd_writecmd>
}
    129c:	2e 96       	adiw	r28, 0x0e	; 14
    129e:	0f b6       	in	r0, 0x3f	; 63
    12a0:	f8 94       	cli
    12a2:	de bf       	out	0x3e, r29	; 62
    12a4:	0f be       	out	0x3f, r0	; 63
    12a6:	cd bf       	out	0x3d, r28	; 61
    12a8:	cf 91       	pop	r28
    12aa:	df 91       	pop	r29
    12ac:	08 95       	ret

000012ae <lcd_writecmd>:

lcd_writecmd(u8 cmd)
{
    12ae:	df 93       	push	r29
    12b0:	cf 93       	push	r28
    12b2:	cd b7       	in	r28, 0x3d	; 61
    12b4:	de b7       	in	r29, 0x3e	; 62
    12b6:	6d 97       	sbiw	r28, 0x1d	; 29
    12b8:	0f b6       	in	r0, 0x3f	; 63
    12ba:	f8 94       	cli
    12bc:	de bf       	out	0x3e, r29	; 62
    12be:	0f be       	out	0x3f, r0	; 63
    12c0:	cd bf       	out	0x3d, r28	; 61
    12c2:	8d 8f       	std	Y+29, r24	; 0x1d
	PORTC=cmd;
    12c4:	e5 e3       	ldi	r30, 0x35	; 53
    12c6:	f0 e0       	ldi	r31, 0x00	; 0
    12c8:	8d 8d       	ldd	r24, Y+29	; 0x1d
    12ca:	80 83       	st	Z, r24
	set_bit(PORTB,0);
    12cc:	a8 e3       	ldi	r26, 0x38	; 56
    12ce:	b0 e0       	ldi	r27, 0x00	; 0
    12d0:	e8 e3       	ldi	r30, 0x38	; 56
    12d2:	f0 e0       	ldi	r31, 0x00	; 0
    12d4:	80 81       	ld	r24, Z
    12d6:	81 60       	ori	r24, 0x01	; 1
    12d8:	8c 93       	st	X, r24
    12da:	80 e0       	ldi	r24, 0x00	; 0
    12dc:	90 e0       	ldi	r25, 0x00	; 0
    12de:	a0 ea       	ldi	r26, 0xA0	; 160
    12e0:	b0 e4       	ldi	r27, 0x40	; 64
    12e2:	89 8f       	std	Y+25, r24	; 0x19
    12e4:	9a 8f       	std	Y+26, r25	; 0x1a
    12e6:	ab 8f       	std	Y+27, r26	; 0x1b
    12e8:	bc 8f       	std	Y+28, r27	; 0x1c
 */
void
_delay_ms(double __ms)
{
	uint16_t __ticks;
	double __tmp = ((F_CPU) / 4e3) * __ms;
    12ea:	69 8d       	ldd	r22, Y+25	; 0x19
    12ec:	7a 8d       	ldd	r23, Y+26	; 0x1a
    12ee:	8b 8d       	ldd	r24, Y+27	; 0x1b
    12f0:	9c 8d       	ldd	r25, Y+28	; 0x1c
    12f2:	20 e0       	ldi	r18, 0x00	; 0
    12f4:	30 e0       	ldi	r19, 0x00	; 0
    12f6:	4a e7       	ldi	r20, 0x7A	; 122
    12f8:	53 e4       	ldi	r21, 0x43	; 67
    12fa:	0e 94 1f 02 	call	0x43e	; 0x43e <__mulsf3>
    12fe:	dc 01       	movw	r26, r24
    1300:	cb 01       	movw	r24, r22
    1302:	8d 8b       	std	Y+21, r24	; 0x15
    1304:	9e 8b       	std	Y+22, r25	; 0x16
    1306:	af 8b       	std	Y+23, r26	; 0x17
    1308:	b8 8f       	std	Y+24, r27	; 0x18
	if (__tmp < 1.0)
    130a:	6d 89       	ldd	r22, Y+21	; 0x15
    130c:	7e 89       	ldd	r23, Y+22	; 0x16
    130e:	8f 89       	ldd	r24, Y+23	; 0x17
    1310:	98 8d       	ldd	r25, Y+24	; 0x18
    1312:	20 e0       	ldi	r18, 0x00	; 0
    1314:	30 e0       	ldi	r19, 0x00	; 0
    1316:	40 e8       	ldi	r20, 0x80	; 128
    1318:	5f e3       	ldi	r21, 0x3F	; 63
    131a:	0e 94 79 03 	call	0x6f2	; 0x6f2 <__ltsf2>
    131e:	88 23       	and	r24, r24
    1320:	2c f4       	brge	.+10     	; 0x132c <lcd_writecmd+0x7e>
		__ticks = 1;
    1322:	81 e0       	ldi	r24, 0x01	; 1
    1324:	90 e0       	ldi	r25, 0x00	; 0
    1326:	9c 8b       	std	Y+20, r25	; 0x14
    1328:	8b 8b       	std	Y+19, r24	; 0x13
    132a:	3f c0       	rjmp	.+126    	; 0x13aa <lcd_writecmd+0xfc>
	else if (__tmp > 65535)
    132c:	6d 89       	ldd	r22, Y+21	; 0x15
    132e:	7e 89       	ldd	r23, Y+22	; 0x16
    1330:	8f 89       	ldd	r24, Y+23	; 0x17
    1332:	98 8d       	ldd	r25, Y+24	; 0x18
    1334:	20 e0       	ldi	r18, 0x00	; 0
    1336:	3f ef       	ldi	r19, 0xFF	; 255
    1338:	4f e7       	ldi	r20, 0x7F	; 127
    133a:	57 e4       	ldi	r21, 0x47	; 71
    133c:	0e 94 19 03 	call	0x632	; 0x632 <__gtsf2>
    1340:	18 16       	cp	r1, r24
    1342:	4c f5       	brge	.+82     	; 0x1396 <lcd_writecmd+0xe8>
	{
		//	__ticks = requested delay in 1/10 ms
		__ticks = (uint16_t) (__ms * 10.0);
    1344:	69 8d       	ldd	r22, Y+25	; 0x19
    1346:	7a 8d       	ldd	r23, Y+26	; 0x1a
    1348:	8b 8d       	ldd	r24, Y+27	; 0x1b
    134a:	9c 8d       	ldd	r25, Y+28	; 0x1c
    134c:	20 e0       	ldi	r18, 0x00	; 0
    134e:	30 e0       	ldi	r19, 0x00	; 0
    1350:	40 e2       	ldi	r20, 0x20	; 32
    1352:	51 e4       	ldi	r21, 0x41	; 65
    1354:	0e 94 1f 02 	call	0x43e	; 0x43e <__mulsf3>
    1358:	dc 01       	movw	r26, r24
    135a:	cb 01       	movw	r24, r22
    135c:	bc 01       	movw	r22, r24
    135e:	cd 01       	movw	r24, r26
    1360:	0e 94 49 00 	call	0x92	; 0x92 <__fixunssfsi>
    1364:	dc 01       	movw	r26, r24
    1366:	cb 01       	movw	r24, r22
    1368:	9c 8b       	std	Y+20, r25	; 0x14
    136a:	8b 8b       	std	Y+19, r24	; 0x13
    136c:	0f c0       	rjmp	.+30     	; 0x138c <lcd_writecmd+0xde>
    136e:	89 e1       	ldi	r24, 0x19	; 25
    1370:	90 e0       	ldi	r25, 0x00	; 0
    1372:	9a 8b       	std	Y+18, r25	; 0x12
    1374:	89 8b       	std	Y+17, r24	; 0x11
    1376:	89 89       	ldd	r24, Y+17	; 0x11
    1378:	9a 89       	ldd	r25, Y+18	; 0x12
    137a:	01 97       	sbiw	r24, 0x01	; 1
    137c:	f1 f7       	brne	.-4      	; 0x137a <lcd_writecmd+0xcc>
    137e:	9a 8b       	std	Y+18, r25	; 0x12
    1380:	89 8b       	std	Y+17, r24	; 0x11
		while(__ticks)
		{
			// wait 1/10 ms
			_delay_loop_2(((F_CPU) / 4e3) / 10);
			__ticks --;
    1382:	8b 89       	ldd	r24, Y+19	; 0x13
    1384:	9c 89       	ldd	r25, Y+20	; 0x14
    1386:	01 97       	sbiw	r24, 0x01	; 1
    1388:	9c 8b       	std	Y+20, r25	; 0x14
    138a:	8b 8b       	std	Y+19, r24	; 0x13
		__ticks = 1;
	else if (__tmp > 65535)
	{
		//	__ticks = requested delay in 1/10 ms
		__ticks = (uint16_t) (__ms * 10.0);
		while(__ticks)
    138c:	8b 89       	ldd	r24, Y+19	; 0x13
    138e:	9c 89       	ldd	r25, Y+20	; 0x14
    1390:	00 97       	sbiw	r24, 0x00	; 0
    1392:	69 f7       	brne	.-38     	; 0x136e <lcd_writecmd+0xc0>
    1394:	14 c0       	rjmp	.+40     	; 0x13be <lcd_writecmd+0x110>
			__ticks --;
		}
		return;
	}
	else
		__ticks = (uint16_t)__tmp;
    1396:	6d 89       	ldd	r22, Y+21	; 0x15
    1398:	7e 89       	ldd	r23, Y+22	; 0x16
    139a:	8f 89       	ldd	r24, Y+23	; 0x17
    139c:	98 8d       	ldd	r25, Y+24	; 0x18
    139e:	0e 94 49 00 	call	0x92	; 0x92 <__fixunssfsi>
    13a2:	dc 01       	movw	r26, r24
    13a4:	cb 01       	movw	r24, r22
    13a6:	9c 8b       	std	Y+20, r25	; 0x14
    13a8:	8b 8b       	std	Y+19, r24	; 0x13
    13aa:	8b 89       	ldd	r24, Y+19	; 0x13
    13ac:	9c 89       	ldd	r25, Y+20	; 0x14
    13ae:	98 8b       	std	Y+16, r25	; 0x10
    13b0:	8f 87       	std	Y+15, r24	; 0x0f
    13b2:	8f 85       	ldd	r24, Y+15	; 0x0f
    13b4:	98 89       	ldd	r25, Y+16	; 0x10
    13b6:	01 97       	sbiw	r24, 0x01	; 1
    13b8:	f1 f7       	brne	.-4      	; 0x13b6 <lcd_writecmd+0x108>
    13ba:	98 8b       	std	Y+16, r25	; 0x10
    13bc:	8f 87       	std	Y+15, r24	; 0x0f
	//PORTB=0b00000001;
	_delay_ms(5);
	PORTB&=~(1<<0);
    13be:	a8 e3       	ldi	r26, 0x38	; 56
    13c0:	b0 e0       	ldi	r27, 0x00	; 0
    13c2:	e8 e3       	ldi	r30, 0x38	; 56
    13c4:	f0 e0       	ldi	r31, 0x00	; 0
    13c6:	80 81       	ld	r24, Z
    13c8:	8e 7f       	andi	r24, 0xFE	; 254
    13ca:	8c 93       	st	X, r24
    13cc:	80 e0       	ldi	r24, 0x00	; 0
    13ce:	90 e0       	ldi	r25, 0x00	; 0
    13d0:	a0 ea       	ldi	r26, 0xA0	; 160
    13d2:	b0 e4       	ldi	r27, 0x40	; 64
    13d4:	8b 87       	std	Y+11, r24	; 0x0b
    13d6:	9c 87       	std	Y+12, r25	; 0x0c
    13d8:	ad 87       	std	Y+13, r26	; 0x0d
    13da:	be 87       	std	Y+14, r27	; 0x0e
 */
void
_delay_ms(double __ms)
{
	uint16_t __ticks;
	double __tmp = ((F_CPU) / 4e3) * __ms;
    13dc:	6b 85       	ldd	r22, Y+11	; 0x0b
    13de:	7c 85       	ldd	r23, Y+12	; 0x0c
    13e0:	8d 85       	ldd	r24, Y+13	; 0x0d
    13e2:	9e 85       	ldd	r25, Y+14	; 0x0e
    13e4:	20 e0       	ldi	r18, 0x00	; 0
    13e6:	30 e0       	ldi	r19, 0x00	; 0
    13e8:	4a e7       	ldi	r20, 0x7A	; 122
    13ea:	53 e4       	ldi	r21, 0x43	; 67
    13ec:	0e 94 1f 02 	call	0x43e	; 0x43e <__mulsf3>
    13f0:	dc 01       	movw	r26, r24
    13f2:	cb 01       	movw	r24, r22
    13f4:	8f 83       	std	Y+7, r24	; 0x07
    13f6:	98 87       	std	Y+8, r25	; 0x08
    13f8:	a9 87       	std	Y+9, r26	; 0x09
    13fa:	ba 87       	std	Y+10, r27	; 0x0a
	if (__tmp < 1.0)
    13fc:	6f 81       	ldd	r22, Y+7	; 0x07
    13fe:	78 85       	ldd	r23, Y+8	; 0x08
    1400:	89 85       	ldd	r24, Y+9	; 0x09
    1402:	9a 85       	ldd	r25, Y+10	; 0x0a
    1404:	20 e0       	ldi	r18, 0x00	; 0
    1406:	30 e0       	ldi	r19, 0x00	; 0
    1408:	40 e8       	ldi	r20, 0x80	; 128
    140a:	5f e3       	ldi	r21, 0x3F	; 63
    140c:	0e 94 79 03 	call	0x6f2	; 0x6f2 <__ltsf2>
    1410:	88 23       	and	r24, r24
    1412:	2c f4       	brge	.+10     	; 0x141e <lcd_writecmd+0x170>
		__ticks = 1;
    1414:	81 e0       	ldi	r24, 0x01	; 1
    1416:	90 e0       	ldi	r25, 0x00	; 0
    1418:	9e 83       	std	Y+6, r25	; 0x06
    141a:	8d 83       	std	Y+5, r24	; 0x05
    141c:	3f c0       	rjmp	.+126    	; 0x149c <lcd_writecmd+0x1ee>
	else if (__tmp > 65535)
    141e:	6f 81       	ldd	r22, Y+7	; 0x07
    1420:	78 85       	ldd	r23, Y+8	; 0x08
    1422:	89 85       	ldd	r24, Y+9	; 0x09
    1424:	9a 85       	ldd	r25, Y+10	; 0x0a
    1426:	20 e0       	ldi	r18, 0x00	; 0
    1428:	3f ef       	ldi	r19, 0xFF	; 255
    142a:	4f e7       	ldi	r20, 0x7F	; 127
    142c:	57 e4       	ldi	r21, 0x47	; 71
    142e:	0e 94 19 03 	call	0x632	; 0x632 <__gtsf2>
    1432:	18 16       	cp	r1, r24
    1434:	4c f5       	brge	.+82     	; 0x1488 <lcd_writecmd+0x1da>
	{
		//	__ticks = requested delay in 1/10 ms
		__ticks = (uint16_t) (__ms * 10.0);
    1436:	6b 85       	ldd	r22, Y+11	; 0x0b
    1438:	7c 85       	ldd	r23, Y+12	; 0x0c
    143a:	8d 85       	ldd	r24, Y+13	; 0x0d
    143c:	9e 85       	ldd	r25, Y+14	; 0x0e
    143e:	20 e0       	ldi	r18, 0x00	; 0
    1440:	30 e0       	ldi	r19, 0x00	; 0
    1442:	40 e2       	ldi	r20, 0x20	; 32
    1444:	51 e4       	ldi	r21, 0x41	; 65
    1446:	0e 94 1f 02 	call	0x43e	; 0x43e <__mulsf3>
    144a:	dc 01       	movw	r26, r24
    144c:	cb 01       	movw	r24, r22
    144e:	bc 01       	movw	r22, r24
    1450:	cd 01       	movw	r24, r26
    1452:	0e 94 49 00 	call	0x92	; 0x92 <__fixunssfsi>
    1456:	dc 01       	movw	r26, r24
    1458:	cb 01       	movw	r24, r22
    145a:	9e 83       	std	Y+6, r25	; 0x06
    145c:	8d 83       	std	Y+5, r24	; 0x05
    145e:	0f c0       	rjmp	.+30     	; 0x147e <lcd_writecmd+0x1d0>
    1460:	89 e1       	ldi	r24, 0x19	; 25
    1462:	90 e0       	ldi	r25, 0x00	; 0
    1464:	9c 83       	std	Y+4, r25	; 0x04
    1466:	8b 83       	std	Y+3, r24	; 0x03
    1468:	8b 81       	ldd	r24, Y+3	; 0x03
    146a:	9c 81       	ldd	r25, Y+4	; 0x04
    146c:	01 97       	sbiw	r24, 0x01	; 1
    146e:	f1 f7       	brne	.-4      	; 0x146c <lcd_writecmd+0x1be>
    1470:	9c 83       	std	Y+4, r25	; 0x04
    1472:	8b 83       	std	Y+3, r24	; 0x03
		while(__ticks)
		{
			// wait 1/10 ms
			_delay_loop_2(((F_CPU) / 4e3) / 10);
			__ticks --;
    1474:	8d 81       	ldd	r24, Y+5	; 0x05
    1476:	9e 81       	ldd	r25, Y+6	; 0x06
    1478:	01 97       	sbiw	r24, 0x01	; 1
    147a:	9e 83       	std	Y+6, r25	; 0x06
    147c:	8d 83       	std	Y+5, r24	; 0x05
		__ticks = 1;
	else if (__tmp > 65535)
	{
		//	__ticks = requested delay in 1/10 ms
		__ticks = (uint16_t) (__ms * 10.0);
		while(__ticks)
    147e:	8d 81       	ldd	r24, Y+5	; 0x05
    1480:	9e 81       	ldd	r25, Y+6	; 0x06
    1482:	00 97       	sbiw	r24, 0x00	; 0
    1484:	69 f7       	brne	.-38     	; 0x1460 <lcd_writecmd+0x1b2>
    1486:	14 c0       	rjmp	.+40     	; 0x14b0 <lcd_writecmd+0x202>
			__ticks --;
		}
		return;
	}
	else
		__ticks = (uint16_t)__tmp;
    1488:	6f 81       	ldd	r22, Y+7	; 0x07
    148a:	78 85       	ldd	r23, Y+8	; 0x08
    148c:	89 85       	ldd	r24, Y+9	; 0x09
    148e:	9a 85       	ldd	r25, Y+10	; 0x0a
    1490:	0e 94 49 00 	call	0x92	; 0x92 <__fixunssfsi>
    1494:	dc 01       	movw	r26, r24
    1496:	cb 01       	movw	r24, r22
    1498:	9e 83       	std	Y+6, r25	; 0x06
    149a:	8d 83       	std	Y+5, r24	; 0x05
    149c:	8d 81       	ldd	r24, Y+5	; 0x05
    149e:	9e 81       	ldd	r25, Y+6	; 0x06
    14a0:	9a 83       	std	Y+2, r25	; 0x02
    14a2:	89 83       	std	Y+1, r24	; 0x01
    14a4:	89 81       	ldd	r24, Y+1	; 0x01
    14a6:	9a 81       	ldd	r25, Y+2	; 0x02
    14a8:	01 97       	sbiw	r24, 0x01	; 1
    14aa:	f1 f7       	brne	.-4      	; 0x14a8 <lcd_writecmd+0x1fa>
    14ac:	9a 83       	std	Y+2, r25	; 0x02
    14ae:	89 83       	std	Y+1, r24	; 0x01
	_delay_ms(5);
}
    14b0:	6d 96       	adiw	r28, 0x1d	; 29
    14b2:	0f b6       	in	r0, 0x3f	; 63
    14b4:	f8 94       	cli
    14b6:	de bf       	out	0x3e, r29	; 62
    14b8:	0f be       	out	0x3f, r0	; 63
    14ba:	cd bf       	out	0x3d, r28	; 61
    14bc:	cf 91       	pop	r28
    14be:	df 91       	pop	r29
    14c0:	08 95       	ret

000014c2 <lcd_writedata>:

lcd_writedata(u8 data)
{
    14c2:	df 93       	push	r29
    14c4:	cf 93       	push	r28
    14c6:	cd b7       	in	r28, 0x3d	; 61
    14c8:	de b7       	in	r29, 0x3e	; 62
    14ca:	6d 97       	sbiw	r28, 0x1d	; 29
    14cc:	0f b6       	in	r0, 0x3f	; 63
    14ce:	f8 94       	cli
    14d0:	de bf       	out	0x3e, r29	; 62
    14d2:	0f be       	out	0x3f, r0	; 63
    14d4:	cd bf       	out	0x3d, r28	; 61
    14d6:	8d 8f       	std	Y+29, r24	; 0x1d
	PORTC=data;
    14d8:	e5 e3       	ldi	r30, 0x35	; 53
    14da:	f0 e0       	ldi	r31, 0x00	; 0
    14dc:	8d 8d       	ldd	r24, Y+29	; 0x1d
    14de:	80 83       	st	Z, r24
	set_bit(PORTB,0);
    14e0:	a8 e3       	ldi	r26, 0x38	; 56
    14e2:	b0 e0       	ldi	r27, 0x00	; 0
    14e4:	e8 e3       	ldi	r30, 0x38	; 56
    14e6:	f0 e0       	ldi	r31, 0x00	; 0
    14e8:	80 81       	ld	r24, Z
    14ea:	81 60       	ori	r24, 0x01	; 1
    14ec:	8c 93       	st	X, r24
	set_bit(PORTB,2);
    14ee:	a8 e3       	ldi	r26, 0x38	; 56
    14f0:	b0 e0       	ldi	r27, 0x00	; 0
    14f2:	e8 e3       	ldi	r30, 0x38	; 56
    14f4:	f0 e0       	ldi	r31, 0x00	; 0
    14f6:	80 81       	ld	r24, Z
    14f8:	84 60       	ori	r24, 0x04	; 4
    14fa:	8c 93       	st	X, r24
    14fc:	80 e0       	ldi	r24, 0x00	; 0
    14fe:	90 e0       	ldi	r25, 0x00	; 0
    1500:	a0 ea       	ldi	r26, 0xA0	; 160
    1502:	b0 e4       	ldi	r27, 0x40	; 64
    1504:	89 8f       	std	Y+25, r24	; 0x19
    1506:	9a 8f       	std	Y+26, r25	; 0x1a
    1508:	ab 8f       	std	Y+27, r26	; 0x1b
    150a:	bc 8f       	std	Y+28, r27	; 0x1c
 */
void
_delay_ms(double __ms)
{
	uint16_t __ticks;
	double __tmp = ((F_CPU) / 4e3) * __ms;
    150c:	69 8d       	ldd	r22, Y+25	; 0x19
    150e:	7a 8d       	ldd	r23, Y+26	; 0x1a
    1510:	8b 8d       	ldd	r24, Y+27	; 0x1b
    1512:	9c 8d       	ldd	r25, Y+28	; 0x1c
    1514:	20 e0       	ldi	r18, 0x00	; 0
    1516:	30 e0       	ldi	r19, 0x00	; 0
    1518:	4a e7       	ldi	r20, 0x7A	; 122
    151a:	53 e4       	ldi	r21, 0x43	; 67
    151c:	0e 94 1f 02 	call	0x43e	; 0x43e <__mulsf3>
    1520:	dc 01       	movw	r26, r24
    1522:	cb 01       	movw	r24, r22
    1524:	8d 8b       	std	Y+21, r24	; 0x15
    1526:	9e 8b       	std	Y+22, r25	; 0x16
    1528:	af 8b       	std	Y+23, r26	; 0x17
    152a:	b8 8f       	std	Y+24, r27	; 0x18
	if (__tmp < 1.0)
    152c:	6d 89       	ldd	r22, Y+21	; 0x15
    152e:	7e 89       	ldd	r23, Y+22	; 0x16
    1530:	8f 89       	ldd	r24, Y+23	; 0x17
    1532:	98 8d       	ldd	r25, Y+24	; 0x18
    1534:	20 e0       	ldi	r18, 0x00	; 0
    1536:	30 e0       	ldi	r19, 0x00	; 0
    1538:	40 e8       	ldi	r20, 0x80	; 128
    153a:	5f e3       	ldi	r21, 0x3F	; 63
    153c:	0e 94 79 03 	call	0x6f2	; 0x6f2 <__ltsf2>
    1540:	88 23       	and	r24, r24
    1542:	2c f4       	brge	.+10     	; 0x154e <lcd_writedata+0x8c>
		__ticks = 1;
    1544:	81 e0       	ldi	r24, 0x01	; 1
    1546:	90 e0       	ldi	r25, 0x00	; 0
    1548:	9c 8b       	std	Y+20, r25	; 0x14
    154a:	8b 8b       	std	Y+19, r24	; 0x13
    154c:	3f c0       	rjmp	.+126    	; 0x15cc <lcd_writedata+0x10a>
	else if (__tmp > 65535)
    154e:	6d 89       	ldd	r22, Y+21	; 0x15
    1550:	7e 89       	ldd	r23, Y+22	; 0x16
    1552:	8f 89       	ldd	r24, Y+23	; 0x17
    1554:	98 8d       	ldd	r25, Y+24	; 0x18
    1556:	20 e0       	ldi	r18, 0x00	; 0
    1558:	3f ef       	ldi	r19, 0xFF	; 255
    155a:	4f e7       	ldi	r20, 0x7F	; 127
    155c:	57 e4       	ldi	r21, 0x47	; 71
    155e:	0e 94 19 03 	call	0x632	; 0x632 <__gtsf2>
    1562:	18 16       	cp	r1, r24
    1564:	4c f5       	brge	.+82     	; 0x15b8 <lcd_writedata+0xf6>
	{
		//	__ticks = requested delay in 1/10 ms
		__ticks = (uint16_t) (__ms * 10.0);
    1566:	69 8d       	ldd	r22, Y+25	; 0x19
    1568:	7a 8d       	ldd	r23, Y+26	; 0x1a
    156a:	8b 8d       	ldd	r24, Y+27	; 0x1b
    156c:	9c 8d       	ldd	r25, Y+28	; 0x1c
    156e:	20 e0       	ldi	r18, 0x00	; 0
    1570:	30 e0       	ldi	r19, 0x00	; 0
    1572:	40 e2       	ldi	r20, 0x20	; 32
    1574:	51 e4       	ldi	r21, 0x41	; 65
    1576:	0e 94 1f 02 	call	0x43e	; 0x43e <__mulsf3>
    157a:	dc 01       	movw	r26, r24
    157c:	cb 01       	movw	r24, r22
    157e:	bc 01       	movw	r22, r24
    1580:	cd 01       	movw	r24, r26
    1582:	0e 94 49 00 	call	0x92	; 0x92 <__fixunssfsi>
    1586:	dc 01       	movw	r26, r24
    1588:	cb 01       	movw	r24, r22
    158a:	9c 8b       	std	Y+20, r25	; 0x14
    158c:	8b 8b       	std	Y+19, r24	; 0x13
    158e:	0f c0       	rjmp	.+30     	; 0x15ae <lcd_writedata+0xec>
    1590:	89 e1       	ldi	r24, 0x19	; 25
    1592:	90 e0       	ldi	r25, 0x00	; 0
    1594:	9a 8b       	std	Y+18, r25	; 0x12
    1596:	89 8b       	std	Y+17, r24	; 0x11
    1598:	89 89       	ldd	r24, Y+17	; 0x11
    159a:	9a 89       	ldd	r25, Y+18	; 0x12
    159c:	01 97       	sbiw	r24, 0x01	; 1
    159e:	f1 f7       	brne	.-4      	; 0x159c <lcd_writedata+0xda>
    15a0:	9a 8b       	std	Y+18, r25	; 0x12
    15a2:	89 8b       	std	Y+17, r24	; 0x11
		while(__ticks)
		{
			// wait 1/10 ms
			_delay_loop_2(((F_CPU) / 4e3) / 10);
			__ticks --;
    15a4:	8b 89       	ldd	r24, Y+19	; 0x13
    15a6:	9c 89       	ldd	r25, Y+20	; 0x14
    15a8:	01 97       	sbiw	r24, 0x01	; 1
    15aa:	9c 8b       	std	Y+20, r25	; 0x14
    15ac:	8b 8b       	std	Y+19, r24	; 0x13
		__ticks = 1;
	else if (__tmp > 65535)
	{
		//	__ticks = requested delay in 1/10 ms
		__ticks = (uint16_t) (__ms * 10.0);
		while(__ticks)
    15ae:	8b 89       	ldd	r24, Y+19	; 0x13
    15b0:	9c 89       	ldd	r25, Y+20	; 0x14
    15b2:	00 97       	sbiw	r24, 0x00	; 0
    15b4:	69 f7       	brne	.-38     	; 0x1590 <lcd_writedata+0xce>
    15b6:	14 c0       	rjmp	.+40     	; 0x15e0 <lcd_writedata+0x11e>
			__ticks --;
		}
		return;
	}
	else
		__ticks = (uint16_t)__tmp;
    15b8:	6d 89       	ldd	r22, Y+21	; 0x15
    15ba:	7e 89       	ldd	r23, Y+22	; 0x16
    15bc:	8f 89       	ldd	r24, Y+23	; 0x17
    15be:	98 8d       	ldd	r25, Y+24	; 0x18
    15c0:	0e 94 49 00 	call	0x92	; 0x92 <__fixunssfsi>
    15c4:	dc 01       	movw	r26, r24
    15c6:	cb 01       	movw	r24, r22
    15c8:	9c 8b       	std	Y+20, r25	; 0x14
    15ca:	8b 8b       	std	Y+19, r24	; 0x13
    15cc:	8b 89       	ldd	r24, Y+19	; 0x13
    15ce:	9c 89       	ldd	r25, Y+20	; 0x14
    15d0:	98 8b       	std	Y+16, r25	; 0x10
    15d2:	8f 87       	std	Y+15, r24	; 0x0f
    15d4:	8f 85       	ldd	r24, Y+15	; 0x0f
    15d6:	98 89       	ldd	r25, Y+16	; 0x10
    15d8:	01 97       	sbiw	r24, 0x01	; 1
    15da:	f1 f7       	brne	.-4      	; 0x15d8 <lcd_writedata+0x116>
    15dc:	98 8b       	std	Y+16, r25	; 0x10
    15de:	8f 87       	std	Y+15, r24	; 0x0f
	//PORTB=0b00000101;
	_delay_ms(5);
	PORTB&=~(1<<0);
    15e0:	a8 e3       	ldi	r26, 0x38	; 56
    15e2:	b0 e0       	ldi	r27, 0x00	; 0
    15e4:	e8 e3       	ldi	r30, 0x38	; 56
    15e6:	f0 e0       	ldi	r31, 0x00	; 0
    15e8:	80 81       	ld	r24, Z
    15ea:	8e 7f       	andi	r24, 0xFE	; 254
    15ec:	8c 93       	st	X, r24
    15ee:	80 e0       	ldi	r24, 0x00	; 0
    15f0:	90 e0       	ldi	r25, 0x00	; 0
    15f2:	a0 ea       	ldi	r26, 0xA0	; 160
    15f4:	b0 e4       	ldi	r27, 0x40	; 64
    15f6:	8b 87       	std	Y+11, r24	; 0x0b
    15f8:	9c 87       	std	Y+12, r25	; 0x0c
    15fa:	ad 87       	std	Y+13, r26	; 0x0d
    15fc:	be 87       	std	Y+14, r27	; 0x0e
 */
void
_delay_ms(double __ms)
{
	uint16_t __ticks;
	double __tmp = ((F_CPU) / 4e3) * __ms;
    15fe:	6b 85       	ldd	r22, Y+11	; 0x0b
    1600:	7c 85       	ldd	r23, Y+12	; 0x0c
    1602:	8d 85       	ldd	r24, Y+13	; 0x0d
    1604:	9e 85       	ldd	r25, Y+14	; 0x0e
    1606:	20 e0       	ldi	r18, 0x00	; 0
    1608:	30 e0       	ldi	r19, 0x00	; 0
    160a:	4a e7       	ldi	r20, 0x7A	; 122
    160c:	53 e4       	ldi	r21, 0x43	; 67
    160e:	0e 94 1f 02 	call	0x43e	; 0x43e <__mulsf3>
    1612:	dc 01       	movw	r26, r24
    1614:	cb 01       	movw	r24, r22
    1616:	8f 83       	std	Y+7, r24	; 0x07
    1618:	98 87       	std	Y+8, r25	; 0x08
    161a:	a9 87       	std	Y+9, r26	; 0x09
    161c:	ba 87       	std	Y+10, r27	; 0x0a
	if (__tmp < 1.0)
    161e:	6f 81       	ldd	r22, Y+7	; 0x07
    1620:	78 85       	ldd	r23, Y+8	; 0x08
    1622:	89 85       	ldd	r24, Y+9	; 0x09
    1624:	9a 85       	ldd	r25, Y+10	; 0x0a
    1626:	20 e0       	ldi	r18, 0x00	; 0
    1628:	30 e0       	ldi	r19, 0x00	; 0
    162a:	40 e8       	ldi	r20, 0x80	; 128
    162c:	5f e3       	ldi	r21, 0x3F	; 63
    162e:	0e 94 79 03 	call	0x6f2	; 0x6f2 <__ltsf2>
    1632:	88 23       	and	r24, r24
    1634:	2c f4       	brge	.+10     	; 0x1640 <lcd_writedata+0x17e>
		__ticks = 1;
    1636:	81 e0       	ldi	r24, 0x01	; 1
    1638:	90 e0       	ldi	r25, 0x00	; 0
    163a:	9e 83       	std	Y+6, r25	; 0x06
    163c:	8d 83       	std	Y+5, r24	; 0x05
    163e:	3f c0       	rjmp	.+126    	; 0x16be <lcd_writedata+0x1fc>
	else if (__tmp > 65535)
    1640:	6f 81       	ldd	r22, Y+7	; 0x07
    1642:	78 85       	ldd	r23, Y+8	; 0x08
    1644:	89 85       	ldd	r24, Y+9	; 0x09
    1646:	9a 85       	ldd	r25, Y+10	; 0x0a
    1648:	20 e0       	ldi	r18, 0x00	; 0
    164a:	3f ef       	ldi	r19, 0xFF	; 255
    164c:	4f e7       	ldi	r20, 0x7F	; 127
    164e:	57 e4       	ldi	r21, 0x47	; 71
    1650:	0e 94 19 03 	call	0x632	; 0x632 <__gtsf2>
    1654:	18 16       	cp	r1, r24
    1656:	4c f5       	brge	.+82     	; 0x16aa <lcd_writedata+0x1e8>
	{
		//	__ticks = requested delay in 1/10 ms
		__ticks = (uint16_t) (__ms * 10.0);
    1658:	6b 85       	ldd	r22, Y+11	; 0x0b
    165a:	7c 85       	ldd	r23, Y+12	; 0x0c
    165c:	8d 85       	ldd	r24, Y+13	; 0x0d
    165e:	9e 85       	ldd	r25, Y+14	; 0x0e
    1660:	20 e0       	ldi	r18, 0x00	; 0
    1662:	30 e0       	ldi	r19, 0x00	; 0
    1664:	40 e2       	ldi	r20, 0x20	; 32
    1666:	51 e4       	ldi	r21, 0x41	; 65
    1668:	0e 94 1f 02 	call	0x43e	; 0x43e <__mulsf3>
    166c:	dc 01       	movw	r26, r24
    166e:	cb 01       	movw	r24, r22
    1670:	bc 01       	movw	r22, r24
    1672:	cd 01       	movw	r24, r26
    1674:	0e 94 49 00 	call	0x92	; 0x92 <__fixunssfsi>
    1678:	dc 01       	movw	r26, r24
    167a:	cb 01       	movw	r24, r22
    167c:	9e 83       	std	Y+6, r25	; 0x06
    167e:	8d 83       	std	Y+5, r24	; 0x05
    1680:	0f c0       	rjmp	.+30     	; 0x16a0 <lcd_writedata+0x1de>
    1682:	89 e1       	ldi	r24, 0x19	; 25
    1684:	90 e0       	ldi	r25, 0x00	; 0
    1686:	9c 83       	std	Y+4, r25	; 0x04
    1688:	8b 83       	std	Y+3, r24	; 0x03
    168a:	8b 81       	ldd	r24, Y+3	; 0x03
    168c:	9c 81       	ldd	r25, Y+4	; 0x04
    168e:	01 97       	sbiw	r24, 0x01	; 1
    1690:	f1 f7       	brne	.-4      	; 0x168e <lcd_writedata+0x1cc>
    1692:	9c 83       	std	Y+4, r25	; 0x04
    1694:	8b 83       	std	Y+3, r24	; 0x03
		while(__ticks)
		{
			// wait 1/10 ms
			_delay_loop_2(((F_CPU) / 4e3) / 10);
			__ticks --;
    1696:	8d 81       	ldd	r24, Y+5	; 0x05
    1698:	9e 81       	ldd	r25, Y+6	; 0x06
    169a:	01 97       	sbiw	r24, 0x01	; 1
    169c:	9e 83       	std	Y+6, r25	; 0x06
    169e:	8d 83       	std	Y+5, r24	; 0x05
		__ticks = 1;
	else if (__tmp > 65535)
	{
		//	__ticks = requested delay in 1/10 ms
		__ticks = (uint16_t) (__ms * 10.0);
		while(__ticks)
    16a0:	8d 81       	ldd	r24, Y+5	; 0x05
    16a2:	9e 81       	ldd	r25, Y+6	; 0x06
    16a4:	00 97       	sbiw	r24, 0x00	; 0
    16a6:	69 f7       	brne	.-38     	; 0x1682 <lcd_writedata+0x1c0>
    16a8:	14 c0       	rjmp	.+40     	; 0x16d2 <lcd_writedata+0x210>
			__ticks --;
		}
		return;
	}
	else
		__ticks = (uint16_t)__tmp;
    16aa:	6f 81       	ldd	r22, Y+7	; 0x07
    16ac:	78 85       	ldd	r23, Y+8	; 0x08
    16ae:	89 85       	ldd	r24, Y+9	; 0x09
    16b0:	9a 85       	ldd	r25, Y+10	; 0x0a
    16b2:	0e 94 49 00 	call	0x92	; 0x92 <__fixunssfsi>
    16b6:	dc 01       	movw	r26, r24
    16b8:	cb 01       	movw	r24, r22
    16ba:	9e 83       	std	Y+6, r25	; 0x06
    16bc:	8d 83       	std	Y+5, r24	; 0x05
    16be:	8d 81       	ldd	r24, Y+5	; 0x05
    16c0:	9e 81       	ldd	r25, Y+6	; 0x06
    16c2:	9a 83       	std	Y+2, r25	; 0x02
    16c4:	89 83       	std	Y+1, r24	; 0x01
    16c6:	89 81       	ldd	r24, Y+1	; 0x01
    16c8:	9a 81       	ldd	r25, Y+2	; 0x02
    16ca:	01 97       	sbiw	r24, 0x01	; 1
    16cc:	f1 f7       	brne	.-4      	; 0x16ca <lcd_writedata+0x208>
    16ce:	9a 83       	std	Y+2, r25	; 0x02
    16d0:	89 83       	std	Y+1, r24	; 0x01
	_delay_ms(5);
}
    16d2:	6d 96       	adiw	r28, 0x1d	; 29
    16d4:	0f b6       	in	r0, 0x3f	; 63
    16d6:	f8 94       	cli
    16d8:	de bf       	out	0x3e, r29	; 62
    16da:	0f be       	out	0x3f, r0	; 63
    16dc:	cd bf       	out	0x3d, r28	; 61
    16de:	cf 91       	pop	r28
    16e0:	df 91       	pop	r29
    16e2:	08 95       	ret

000016e4 <__prologue_saves__>:
    16e4:	2f 92       	push	r2
    16e6:	3f 92       	push	r3
    16e8:	4f 92       	push	r4
    16ea:	5f 92       	push	r5
    16ec:	6f 92       	push	r6
    16ee:	7f 92       	push	r7
    16f0:	8f 92       	push	r8
    16f2:	9f 92       	push	r9
    16f4:	af 92       	push	r10
    16f6:	bf 92       	push	r11
    16f8:	cf 92       	push	r12
    16fa:	df 92       	push	r13
    16fc:	ef 92       	push	r14
    16fe:	ff 92       	push	r15
    1700:	0f 93       	push	r16
    1702:	1f 93       	push	r17
    1704:	cf 93       	push	r28
    1706:	df 93       	push	r29
    1708:	cd b7       	in	r28, 0x3d	; 61
    170a:	de b7       	in	r29, 0x3e	; 62
    170c:	ca 1b       	sub	r28, r26
    170e:	db 0b       	sbc	r29, r27
    1710:	0f b6       	in	r0, 0x3f	; 63
    1712:	f8 94       	cli
    1714:	de bf       	out	0x3e, r29	; 62
    1716:	0f be       	out	0x3f, r0	; 63
    1718:	cd bf       	out	0x3d, r28	; 61
    171a:	09 94       	ijmp

0000171c <__epilogue_restores__>:
    171c:	2a 88       	ldd	r2, Y+18	; 0x12
    171e:	39 88       	ldd	r3, Y+17	; 0x11
    1720:	48 88       	ldd	r4, Y+16	; 0x10
    1722:	5f 84       	ldd	r5, Y+15	; 0x0f
    1724:	6e 84       	ldd	r6, Y+14	; 0x0e
    1726:	7d 84       	ldd	r7, Y+13	; 0x0d
    1728:	8c 84       	ldd	r8, Y+12	; 0x0c
    172a:	9b 84       	ldd	r9, Y+11	; 0x0b
    172c:	aa 84       	ldd	r10, Y+10	; 0x0a
    172e:	b9 84       	ldd	r11, Y+9	; 0x09
    1730:	c8 84       	ldd	r12, Y+8	; 0x08
    1732:	df 80       	ldd	r13, Y+7	; 0x07
    1734:	ee 80       	ldd	r14, Y+6	; 0x06
    1736:	fd 80       	ldd	r15, Y+5	; 0x05
    1738:	0c 81       	ldd	r16, Y+4	; 0x04
    173a:	1b 81       	ldd	r17, Y+3	; 0x03
    173c:	aa 81       	ldd	r26, Y+2	; 0x02
    173e:	b9 81       	ldd	r27, Y+1	; 0x01
    1740:	ce 0f       	add	r28, r30
    1742:	d1 1d       	adc	r29, r1
    1744:	0f b6       	in	r0, 0x3f	; 63
    1746:	f8 94       	cli
    1748:	de bf       	out	0x3e, r29	; 62
    174a:	0f be       	out	0x3f, r0	; 63
    174c:	cd bf       	out	0x3d, r28	; 61
    174e:	ed 01       	movw	r28, r26
    1750:	08 95       	ret

00001752 <_exit>:
    1752:	f8 94       	cli

00001754 <__stop_program>:
    1754:	ff cf       	rjmp	.-2      	; 0x1754 <__stop_program>
