
Project_2_Smart_Home_Automation_Using_Andriod_App.elf:     file format elf32-avr

Sections:
Idx Name          Size      VMA       LMA       File off  Algn
  0 .text         0000142e  00000000  00000000  00000094  2**1
                  CONTENTS, ALLOC, LOAD, READONLY, CODE
  1 .data         00000008  00800060  0000142e  000014c2  2**0
                  CONTENTS, ALLOC, LOAD, DATA
  2 .bss          00000007  00800068  00800068  000014ca  2**0
                  ALLOC
  3 .stab         000014ac  00000000  00000000  000014cc  2**2
                  CONTENTS, READONLY, DEBUGGING
  4 .stabstr      00000a74  00000000  00000000  00002978  2**0
                  CONTENTS, READONLY, DEBUGGING
  5 .debug_aranges 00000140  00000000  00000000  000033ec  2**0
                  CONTENTS, READONLY, DEBUGGING
  6 .debug_pubnames 00000170  00000000  00000000  0000352c  2**0
                  CONTENTS, READONLY, DEBUGGING
  7 .debug_info   00001c49  00000000  00000000  0000369c  2**0
                  CONTENTS, READONLY, DEBUGGING
  8 .debug_abbrev 00000eeb  00000000  00000000  000052e5  2**0
                  CONTENTS, READONLY, DEBUGGING
  9 .debug_line   00000dad  00000000  00000000  000061d0  2**0
                  CONTENTS, READONLY, DEBUGGING
 10 .debug_frame  00000160  00000000  00000000  00006f80  2**2
                  CONTENTS, READONLY, DEBUGGING
 11 .debug_str    0000028d  00000000  00000000  000070e0  2**0
                  CONTENTS, READONLY, DEBUGGING
 12 .debug_loc    000007ce  00000000  00000000  0000736d  2**0
                  CONTENTS, READONLY, DEBUGGING
 13 .debug_ranges 00000050  00000000  00000000  00007b3b  2**0
                  CONTENTS, READONLY, DEBUGGING

Disassembly of section .text:

00000000 <__vectors>:
       0:	0c 94 2a 00 	jmp	0x54	; 0x54 <__ctors_end>
       4:	0c 94 47 00 	jmp	0x8e	; 0x8e <__bad_interrupt>
       8:	0c 94 47 00 	jmp	0x8e	; 0x8e <__bad_interrupt>
       c:	0c 94 47 00 	jmp	0x8e	; 0x8e <__bad_interrupt>
      10:	0c 94 47 00 	jmp	0x8e	; 0x8e <__bad_interrupt>
      14:	0c 94 47 00 	jmp	0x8e	; 0x8e <__bad_interrupt>
      18:	0c 94 47 00 	jmp	0x8e	; 0x8e <__bad_interrupt>
      1c:	0c 94 47 00 	jmp	0x8e	; 0x8e <__bad_interrupt>
      20:	0c 94 47 00 	jmp	0x8e	; 0x8e <__bad_interrupt>
      24:	0c 94 47 00 	jmp	0x8e	; 0x8e <__bad_interrupt>
      28:	0c 94 47 00 	jmp	0x8e	; 0x8e <__bad_interrupt>
      2c:	0c 94 1b 08 	jmp	0x1036	; 0x1036 <__vector_11>
      30:	0c 94 47 00 	jmp	0x8e	; 0x8e <__bad_interrupt>
      34:	0c 94 47 00 	jmp	0x8e	; 0x8e <__bad_interrupt>
      38:	0c 94 47 00 	jmp	0x8e	; 0x8e <__bad_interrupt>
      3c:	0c 94 47 00 	jmp	0x8e	; 0x8e <__bad_interrupt>
      40:	0c 94 47 00 	jmp	0x8e	; 0x8e <__bad_interrupt>
      44:	0c 94 47 00 	jmp	0x8e	; 0x8e <__bad_interrupt>
      48:	0c 94 47 00 	jmp	0x8e	; 0x8e <__bad_interrupt>
      4c:	0c 94 47 00 	jmp	0x8e	; 0x8e <__bad_interrupt>
      50:	0c 94 47 00 	jmp	0x8e	; 0x8e <__bad_interrupt>

00000054 <__ctors_end>:
      54:	11 24       	eor	r1, r1
      56:	1f be       	out	0x3f, r1	; 63
      58:	cf e5       	ldi	r28, 0x5F	; 95
      5a:	d8 e0       	ldi	r29, 0x08	; 8
      5c:	de bf       	out	0x3e, r29	; 62
      5e:	cd bf       	out	0x3d, r28	; 61

00000060 <__do_clear_bss>:
      60:	10 e0       	ldi	r17, 0x00	; 0
      62:	a8 e6       	ldi	r26, 0x68	; 104
      64:	b0 e0       	ldi	r27, 0x00	; 0
      66:	01 c0       	rjmp	.+2      	; 0x6a <.do_clear_bss_start>

00000068 <.do_clear_bss_loop>:
      68:	1d 92       	st	X+, r1

0000006a <.do_clear_bss_start>:
      6a:	af 36       	cpi	r26, 0x6F	; 111
      6c:	b1 07       	cpc	r27, r17
      6e:	e1 f7       	brne	.-8      	; 0x68 <.do_clear_bss_loop>

00000070 <__do_copy_data>:
      70:	10 e0       	ldi	r17, 0x00	; 0
      72:	a0 e6       	ldi	r26, 0x60	; 96
      74:	b0 e0       	ldi	r27, 0x00	; 0
      76:	ee e2       	ldi	r30, 0x2E	; 46
      78:	f4 e1       	ldi	r31, 0x14	; 20
      7a:	02 c0       	rjmp	.+4      	; 0x80 <.do_copy_data_start>

0000007c <.do_copy_data_loop>:
      7c:	05 90       	lpm	r0, Z+
      7e:	0d 92       	st	X+, r0

00000080 <.do_copy_data_start>:
      80:	a8 36       	cpi	r26, 0x68	; 104
      82:	b1 07       	cpc	r27, r17
      84:	d9 f7       	brne	.-10     	; 0x7c <.do_copy_data_loop>
      86:	0e 94 ec 08 	call	0x11d8	; 0x11d8 <main>
      8a:	0c 94 15 0a 	jmp	0x142a	; 0x142a <_exit>

0000008e <__bad_interrupt>:
      8e:	0c 94 00 00 	jmp	0	; 0x0 <__vectors>

00000092 <__fixunssfsi>:
      92:	ef 92       	push	r14
      94:	ff 92       	push	r15
      96:	0f 93       	push	r16
      98:	1f 93       	push	r17
      9a:	7b 01       	movw	r14, r22
      9c:	8c 01       	movw	r16, r24
      9e:	20 e0       	ldi	r18, 0x00	; 0
      a0:	30 e0       	ldi	r19, 0x00	; 0
      a2:	40 e0       	ldi	r20, 0x00	; 0
      a4:	5f e4       	ldi	r21, 0x4F	; 79
      a6:	0e 94 49 03 	call	0x692	; 0x692 <__gesf2>
      aa:	88 23       	and	r24, r24
      ac:	8c f0       	brlt	.+34     	; 0xd0 <__fixunssfsi+0x3e>
      ae:	c8 01       	movw	r24, r16
      b0:	b7 01       	movw	r22, r14
      b2:	20 e0       	ldi	r18, 0x00	; 0
      b4:	30 e0       	ldi	r19, 0x00	; 0
      b6:	40 e0       	ldi	r20, 0x00	; 0
      b8:	5f e4       	ldi	r21, 0x4F	; 79
      ba:	0e 94 c1 01 	call	0x382	; 0x382 <__subsf3>
      be:	0e 94 a9 03 	call	0x752	; 0x752 <__fixsfsi>
      c2:	9b 01       	movw	r18, r22
      c4:	ac 01       	movw	r20, r24
      c6:	20 50       	subi	r18, 0x00	; 0
      c8:	30 40       	sbci	r19, 0x00	; 0
      ca:	40 40       	sbci	r20, 0x00	; 0
      cc:	50 48       	sbci	r21, 0x80	; 128
      ce:	06 c0       	rjmp	.+12     	; 0xdc <__fixunssfsi+0x4a>
      d0:	c8 01       	movw	r24, r16
      d2:	b7 01       	movw	r22, r14
      d4:	0e 94 a9 03 	call	0x752	; 0x752 <__fixsfsi>
      d8:	9b 01       	movw	r18, r22
      da:	ac 01       	movw	r20, r24
      dc:	b9 01       	movw	r22, r18
      de:	ca 01       	movw	r24, r20
      e0:	1f 91       	pop	r17
      e2:	0f 91       	pop	r16
      e4:	ff 90       	pop	r15
      e6:	ef 90       	pop	r14
      e8:	08 95       	ret

000000ea <_fpadd_parts>:
      ea:	a0 e0       	ldi	r26, 0x00	; 0
      ec:	b0 e0       	ldi	r27, 0x00	; 0
      ee:	eb e7       	ldi	r30, 0x7B	; 123
      f0:	f0 e0       	ldi	r31, 0x00	; 0
      f2:	0c 94 de 09 	jmp	0x13bc	; 0x13bc <__prologue_saves__>
      f6:	dc 01       	movw	r26, r24
      f8:	2b 01       	movw	r4, r22
      fa:	fa 01       	movw	r30, r20
      fc:	9c 91       	ld	r25, X
      fe:	92 30       	cpi	r25, 0x02	; 2
     100:	08 f4       	brcc	.+2      	; 0x104 <_fpadd_parts+0x1a>
     102:	39 c1       	rjmp	.+626    	; 0x376 <_fpadd_parts+0x28c>
     104:	eb 01       	movw	r28, r22
     106:	88 81       	ld	r24, Y
     108:	82 30       	cpi	r24, 0x02	; 2
     10a:	08 f4       	brcc	.+2      	; 0x10e <_fpadd_parts+0x24>
     10c:	33 c1       	rjmp	.+614    	; 0x374 <_fpadd_parts+0x28a>
     10e:	94 30       	cpi	r25, 0x04	; 4
     110:	69 f4       	brne	.+26     	; 0x12c <_fpadd_parts+0x42>
     112:	84 30       	cpi	r24, 0x04	; 4
     114:	09 f0       	breq	.+2      	; 0x118 <_fpadd_parts+0x2e>
     116:	2f c1       	rjmp	.+606    	; 0x376 <_fpadd_parts+0x28c>
     118:	11 96       	adiw	r26, 0x01	; 1
     11a:	9c 91       	ld	r25, X
     11c:	11 97       	sbiw	r26, 0x01	; 1
     11e:	89 81       	ldd	r24, Y+1	; 0x01
     120:	98 17       	cp	r25, r24
     122:	09 f4       	brne	.+2      	; 0x126 <_fpadd_parts+0x3c>
     124:	28 c1       	rjmp	.+592    	; 0x376 <_fpadd_parts+0x28c>
     126:	a0 e6       	ldi	r26, 0x60	; 96
     128:	b0 e0       	ldi	r27, 0x00	; 0
     12a:	25 c1       	rjmp	.+586    	; 0x376 <_fpadd_parts+0x28c>
     12c:	84 30       	cpi	r24, 0x04	; 4
     12e:	09 f4       	brne	.+2      	; 0x132 <_fpadd_parts+0x48>
     130:	21 c1       	rjmp	.+578    	; 0x374 <_fpadd_parts+0x28a>
     132:	82 30       	cpi	r24, 0x02	; 2
     134:	a9 f4       	brne	.+42     	; 0x160 <_fpadd_parts+0x76>
     136:	92 30       	cpi	r25, 0x02	; 2
     138:	09 f0       	breq	.+2      	; 0x13c <_fpadd_parts+0x52>
     13a:	1d c1       	rjmp	.+570    	; 0x376 <_fpadd_parts+0x28c>
     13c:	9a 01       	movw	r18, r20
     13e:	ad 01       	movw	r20, r26
     140:	88 e0       	ldi	r24, 0x08	; 8
     142:	ea 01       	movw	r28, r20
     144:	09 90       	ld	r0, Y+
     146:	ae 01       	movw	r20, r28
     148:	e9 01       	movw	r28, r18
     14a:	09 92       	st	Y+, r0
     14c:	9e 01       	movw	r18, r28
     14e:	81 50       	subi	r24, 0x01	; 1
     150:	c1 f7       	brne	.-16     	; 0x142 <_fpadd_parts+0x58>
     152:	e2 01       	movw	r28, r4
     154:	89 81       	ldd	r24, Y+1	; 0x01
     156:	11 96       	adiw	r26, 0x01	; 1
     158:	9c 91       	ld	r25, X
     15a:	89 23       	and	r24, r25
     15c:	81 83       	std	Z+1, r24	; 0x01
     15e:	08 c1       	rjmp	.+528    	; 0x370 <_fpadd_parts+0x286>
     160:	92 30       	cpi	r25, 0x02	; 2
     162:	09 f4       	brne	.+2      	; 0x166 <_fpadd_parts+0x7c>
     164:	07 c1       	rjmp	.+526    	; 0x374 <_fpadd_parts+0x28a>
     166:	12 96       	adiw	r26, 0x02	; 2
     168:	2d 90       	ld	r2, X+
     16a:	3c 90       	ld	r3, X
     16c:	13 97       	sbiw	r26, 0x03	; 3
     16e:	eb 01       	movw	r28, r22
     170:	8a 81       	ldd	r24, Y+2	; 0x02
     172:	9b 81       	ldd	r25, Y+3	; 0x03
     174:	14 96       	adiw	r26, 0x04	; 4
     176:	ad 90       	ld	r10, X+
     178:	bd 90       	ld	r11, X+
     17a:	cd 90       	ld	r12, X+
     17c:	dc 90       	ld	r13, X
     17e:	17 97       	sbiw	r26, 0x07	; 7
     180:	ec 80       	ldd	r14, Y+4	; 0x04
     182:	fd 80       	ldd	r15, Y+5	; 0x05
     184:	0e 81       	ldd	r16, Y+6	; 0x06
     186:	1f 81       	ldd	r17, Y+7	; 0x07
     188:	91 01       	movw	r18, r2
     18a:	28 1b       	sub	r18, r24
     18c:	39 0b       	sbc	r19, r25
     18e:	b9 01       	movw	r22, r18
     190:	37 ff       	sbrs	r19, 7
     192:	04 c0       	rjmp	.+8      	; 0x19c <_fpadd_parts+0xb2>
     194:	66 27       	eor	r22, r22
     196:	77 27       	eor	r23, r23
     198:	62 1b       	sub	r22, r18
     19a:	73 0b       	sbc	r23, r19
     19c:	60 32       	cpi	r22, 0x20	; 32
     19e:	71 05       	cpc	r23, r1
     1a0:	0c f0       	brlt	.+2      	; 0x1a4 <_fpadd_parts+0xba>
     1a2:	61 c0       	rjmp	.+194    	; 0x266 <_fpadd_parts+0x17c>
     1a4:	12 16       	cp	r1, r18
     1a6:	13 06       	cpc	r1, r19
     1a8:	6c f5       	brge	.+90     	; 0x204 <_fpadd_parts+0x11a>
     1aa:	37 01       	movw	r6, r14
     1ac:	48 01       	movw	r8, r16
     1ae:	06 2e       	mov	r0, r22
     1b0:	04 c0       	rjmp	.+8      	; 0x1ba <_fpadd_parts+0xd0>
     1b2:	96 94       	lsr	r9
     1b4:	87 94       	ror	r8
     1b6:	77 94       	ror	r7
     1b8:	67 94       	ror	r6
     1ba:	0a 94       	dec	r0
     1bc:	d2 f7       	brpl	.-12     	; 0x1b2 <_fpadd_parts+0xc8>
     1be:	21 e0       	ldi	r18, 0x01	; 1
     1c0:	30 e0       	ldi	r19, 0x00	; 0
     1c2:	40 e0       	ldi	r20, 0x00	; 0
     1c4:	50 e0       	ldi	r21, 0x00	; 0
     1c6:	04 c0       	rjmp	.+8      	; 0x1d0 <_fpadd_parts+0xe6>
     1c8:	22 0f       	add	r18, r18
     1ca:	33 1f       	adc	r19, r19
     1cc:	44 1f       	adc	r20, r20
     1ce:	55 1f       	adc	r21, r21
     1d0:	6a 95       	dec	r22
     1d2:	d2 f7       	brpl	.-12     	; 0x1c8 <_fpadd_parts+0xde>
     1d4:	21 50       	subi	r18, 0x01	; 1
     1d6:	30 40       	sbci	r19, 0x00	; 0
     1d8:	40 40       	sbci	r20, 0x00	; 0
     1da:	50 40       	sbci	r21, 0x00	; 0
     1dc:	2e 21       	and	r18, r14
     1de:	3f 21       	and	r19, r15
     1e0:	40 23       	and	r20, r16
     1e2:	51 23       	and	r21, r17
     1e4:	21 15       	cp	r18, r1
     1e6:	31 05       	cpc	r19, r1
     1e8:	41 05       	cpc	r20, r1
     1ea:	51 05       	cpc	r21, r1
     1ec:	21 f0       	breq	.+8      	; 0x1f6 <_fpadd_parts+0x10c>
     1ee:	21 e0       	ldi	r18, 0x01	; 1
     1f0:	30 e0       	ldi	r19, 0x00	; 0
     1f2:	40 e0       	ldi	r20, 0x00	; 0
     1f4:	50 e0       	ldi	r21, 0x00	; 0
     1f6:	79 01       	movw	r14, r18
     1f8:	8a 01       	movw	r16, r20
     1fa:	e6 28       	or	r14, r6
     1fc:	f7 28       	or	r15, r7
     1fe:	08 29       	or	r16, r8
     200:	19 29       	or	r17, r9
     202:	3c c0       	rjmp	.+120    	; 0x27c <_fpadd_parts+0x192>
     204:	23 2b       	or	r18, r19
     206:	d1 f1       	breq	.+116    	; 0x27c <_fpadd_parts+0x192>
     208:	26 0e       	add	r2, r22
     20a:	37 1e       	adc	r3, r23
     20c:	35 01       	movw	r6, r10
     20e:	46 01       	movw	r8, r12
     210:	06 2e       	mov	r0, r22
     212:	04 c0       	rjmp	.+8      	; 0x21c <_fpadd_parts+0x132>
     214:	96 94       	lsr	r9
     216:	87 94       	ror	r8
     218:	77 94       	ror	r7
     21a:	67 94       	ror	r6
     21c:	0a 94       	dec	r0
     21e:	d2 f7       	brpl	.-12     	; 0x214 <_fpadd_parts+0x12a>
     220:	21 e0       	ldi	r18, 0x01	; 1
     222:	30 e0       	ldi	r19, 0x00	; 0
     224:	40 e0       	ldi	r20, 0x00	; 0
     226:	50 e0       	ldi	r21, 0x00	; 0
     228:	04 c0       	rjmp	.+8      	; 0x232 <_fpadd_parts+0x148>
     22a:	22 0f       	add	r18, r18
     22c:	33 1f       	adc	r19, r19
     22e:	44 1f       	adc	r20, r20
     230:	55 1f       	adc	r21, r21
     232:	6a 95       	dec	r22
     234:	d2 f7       	brpl	.-12     	; 0x22a <_fpadd_parts+0x140>
     236:	21 50       	subi	r18, 0x01	; 1
     238:	30 40       	sbci	r19, 0x00	; 0
     23a:	40 40       	sbci	r20, 0x00	; 0
     23c:	50 40       	sbci	r21, 0x00	; 0
     23e:	2a 21       	and	r18, r10
     240:	3b 21       	and	r19, r11
     242:	4c 21       	and	r20, r12
     244:	5d 21       	and	r21, r13
     246:	21 15       	cp	r18, r1
     248:	31 05       	cpc	r19, r1
     24a:	41 05       	cpc	r20, r1
     24c:	51 05       	cpc	r21, r1
     24e:	21 f0       	breq	.+8      	; 0x258 <_fpadd_parts+0x16e>
     250:	21 e0       	ldi	r18, 0x01	; 1
     252:	30 e0       	ldi	r19, 0x00	; 0
     254:	40 e0       	ldi	r20, 0x00	; 0
     256:	50 e0       	ldi	r21, 0x00	; 0
     258:	59 01       	movw	r10, r18
     25a:	6a 01       	movw	r12, r20
     25c:	a6 28       	or	r10, r6
     25e:	b7 28       	or	r11, r7
     260:	c8 28       	or	r12, r8
     262:	d9 28       	or	r13, r9
     264:	0b c0       	rjmp	.+22     	; 0x27c <_fpadd_parts+0x192>
     266:	82 15       	cp	r24, r2
     268:	93 05       	cpc	r25, r3
     26a:	2c f0       	brlt	.+10     	; 0x276 <_fpadd_parts+0x18c>
     26c:	1c 01       	movw	r2, r24
     26e:	aa 24       	eor	r10, r10
     270:	bb 24       	eor	r11, r11
     272:	65 01       	movw	r12, r10
     274:	03 c0       	rjmp	.+6      	; 0x27c <_fpadd_parts+0x192>
     276:	ee 24       	eor	r14, r14
     278:	ff 24       	eor	r15, r15
     27a:	87 01       	movw	r16, r14
     27c:	11 96       	adiw	r26, 0x01	; 1
     27e:	9c 91       	ld	r25, X
     280:	d2 01       	movw	r26, r4
     282:	11 96       	adiw	r26, 0x01	; 1
     284:	8c 91       	ld	r24, X
     286:	98 17       	cp	r25, r24
     288:	09 f4       	brne	.+2      	; 0x28c <_fpadd_parts+0x1a2>
     28a:	45 c0       	rjmp	.+138    	; 0x316 <_fpadd_parts+0x22c>
     28c:	99 23       	and	r25, r25
     28e:	39 f0       	breq	.+14     	; 0x29e <_fpadd_parts+0x1b4>
     290:	a8 01       	movw	r20, r16
     292:	97 01       	movw	r18, r14
     294:	2a 19       	sub	r18, r10
     296:	3b 09       	sbc	r19, r11
     298:	4c 09       	sbc	r20, r12
     29a:	5d 09       	sbc	r21, r13
     29c:	06 c0       	rjmp	.+12     	; 0x2aa <_fpadd_parts+0x1c0>
     29e:	a6 01       	movw	r20, r12
     2a0:	95 01       	movw	r18, r10
     2a2:	2e 19       	sub	r18, r14
     2a4:	3f 09       	sbc	r19, r15
     2a6:	40 0b       	sbc	r20, r16
     2a8:	51 0b       	sbc	r21, r17
     2aa:	57 fd       	sbrc	r21, 7
     2ac:	08 c0       	rjmp	.+16     	; 0x2be <_fpadd_parts+0x1d4>
     2ae:	11 82       	std	Z+1, r1	; 0x01
     2b0:	33 82       	std	Z+3, r3	; 0x03
     2b2:	22 82       	std	Z+2, r2	; 0x02
     2b4:	24 83       	std	Z+4, r18	; 0x04
     2b6:	35 83       	std	Z+5, r19	; 0x05
     2b8:	46 83       	std	Z+6, r20	; 0x06
     2ba:	57 83       	std	Z+7, r21	; 0x07
     2bc:	1d c0       	rjmp	.+58     	; 0x2f8 <_fpadd_parts+0x20e>
     2be:	81 e0       	ldi	r24, 0x01	; 1
     2c0:	81 83       	std	Z+1, r24	; 0x01
     2c2:	33 82       	std	Z+3, r3	; 0x03
     2c4:	22 82       	std	Z+2, r2	; 0x02
     2c6:	88 27       	eor	r24, r24
     2c8:	99 27       	eor	r25, r25
     2ca:	dc 01       	movw	r26, r24
     2cc:	82 1b       	sub	r24, r18
     2ce:	93 0b       	sbc	r25, r19
     2d0:	a4 0b       	sbc	r26, r20
     2d2:	b5 0b       	sbc	r27, r21
     2d4:	84 83       	std	Z+4, r24	; 0x04
     2d6:	95 83       	std	Z+5, r25	; 0x05
     2d8:	a6 83       	std	Z+6, r26	; 0x06
     2da:	b7 83       	std	Z+7, r27	; 0x07
     2dc:	0d c0       	rjmp	.+26     	; 0x2f8 <_fpadd_parts+0x20e>
     2de:	22 0f       	add	r18, r18
     2e0:	33 1f       	adc	r19, r19
     2e2:	44 1f       	adc	r20, r20
     2e4:	55 1f       	adc	r21, r21
     2e6:	24 83       	std	Z+4, r18	; 0x04
     2e8:	35 83       	std	Z+5, r19	; 0x05
     2ea:	46 83       	std	Z+6, r20	; 0x06
     2ec:	57 83       	std	Z+7, r21	; 0x07
     2ee:	82 81       	ldd	r24, Z+2	; 0x02
     2f0:	93 81       	ldd	r25, Z+3	; 0x03
     2f2:	01 97       	sbiw	r24, 0x01	; 1
     2f4:	93 83       	std	Z+3, r25	; 0x03
     2f6:	82 83       	std	Z+2, r24	; 0x02
     2f8:	24 81       	ldd	r18, Z+4	; 0x04
     2fa:	35 81       	ldd	r19, Z+5	; 0x05
     2fc:	46 81       	ldd	r20, Z+6	; 0x06
     2fe:	57 81       	ldd	r21, Z+7	; 0x07
     300:	da 01       	movw	r26, r20
     302:	c9 01       	movw	r24, r18
     304:	01 97       	sbiw	r24, 0x01	; 1
     306:	a1 09       	sbc	r26, r1
     308:	b1 09       	sbc	r27, r1
     30a:	8f 5f       	subi	r24, 0xFF	; 255
     30c:	9f 4f       	sbci	r25, 0xFF	; 255
     30e:	af 4f       	sbci	r26, 0xFF	; 255
     310:	bf 43       	sbci	r27, 0x3F	; 63
     312:	28 f3       	brcs	.-54     	; 0x2de <_fpadd_parts+0x1f4>
     314:	0b c0       	rjmp	.+22     	; 0x32c <_fpadd_parts+0x242>
     316:	91 83       	std	Z+1, r25	; 0x01
     318:	33 82       	std	Z+3, r3	; 0x03
     31a:	22 82       	std	Z+2, r2	; 0x02
     31c:	ea 0c       	add	r14, r10
     31e:	fb 1c       	adc	r15, r11
     320:	0c 1d       	adc	r16, r12
     322:	1d 1d       	adc	r17, r13
     324:	e4 82       	std	Z+4, r14	; 0x04
     326:	f5 82       	std	Z+5, r15	; 0x05
     328:	06 83       	std	Z+6, r16	; 0x06
     32a:	17 83       	std	Z+7, r17	; 0x07
     32c:	83 e0       	ldi	r24, 0x03	; 3
     32e:	80 83       	st	Z, r24
     330:	24 81       	ldd	r18, Z+4	; 0x04
     332:	35 81       	ldd	r19, Z+5	; 0x05
     334:	46 81       	ldd	r20, Z+6	; 0x06
     336:	57 81       	ldd	r21, Z+7	; 0x07
     338:	57 ff       	sbrs	r21, 7
     33a:	1a c0       	rjmp	.+52     	; 0x370 <_fpadd_parts+0x286>
     33c:	c9 01       	movw	r24, r18
     33e:	aa 27       	eor	r26, r26
     340:	97 fd       	sbrc	r25, 7
     342:	a0 95       	com	r26
     344:	ba 2f       	mov	r27, r26
     346:	81 70       	andi	r24, 0x01	; 1
     348:	90 70       	andi	r25, 0x00	; 0
     34a:	a0 70       	andi	r26, 0x00	; 0
     34c:	b0 70       	andi	r27, 0x00	; 0
     34e:	56 95       	lsr	r21
     350:	47 95       	ror	r20
     352:	37 95       	ror	r19
     354:	27 95       	ror	r18
     356:	82 2b       	or	r24, r18
     358:	93 2b       	or	r25, r19
     35a:	a4 2b       	or	r26, r20
     35c:	b5 2b       	or	r27, r21
     35e:	84 83       	std	Z+4, r24	; 0x04
     360:	95 83       	std	Z+5, r25	; 0x05
     362:	a6 83       	std	Z+6, r26	; 0x06
     364:	b7 83       	std	Z+7, r27	; 0x07
     366:	82 81       	ldd	r24, Z+2	; 0x02
     368:	93 81       	ldd	r25, Z+3	; 0x03
     36a:	01 96       	adiw	r24, 0x01	; 1
     36c:	93 83       	std	Z+3, r25	; 0x03
     36e:	82 83       	std	Z+2, r24	; 0x02
     370:	df 01       	movw	r26, r30
     372:	01 c0       	rjmp	.+2      	; 0x376 <_fpadd_parts+0x28c>
     374:	d2 01       	movw	r26, r4
     376:	cd 01       	movw	r24, r26
     378:	cd b7       	in	r28, 0x3d	; 61
     37a:	de b7       	in	r29, 0x3e	; 62
     37c:	e2 e1       	ldi	r30, 0x12	; 18
     37e:	0c 94 fa 09 	jmp	0x13f4	; 0x13f4 <__epilogue_restores__>

00000382 <__subsf3>:
     382:	a0 e2       	ldi	r26, 0x20	; 32
     384:	b0 e0       	ldi	r27, 0x00	; 0
     386:	e7 ec       	ldi	r30, 0xC7	; 199
     388:	f1 e0       	ldi	r31, 0x01	; 1
     38a:	0c 94 ea 09 	jmp	0x13d4	; 0x13d4 <__prologue_saves__+0x18>
     38e:	69 83       	std	Y+1, r22	; 0x01
     390:	7a 83       	std	Y+2, r23	; 0x02
     392:	8b 83       	std	Y+3, r24	; 0x03
     394:	9c 83       	std	Y+4, r25	; 0x04
     396:	2d 83       	std	Y+5, r18	; 0x05
     398:	3e 83       	std	Y+6, r19	; 0x06
     39a:	4f 83       	std	Y+7, r20	; 0x07
     39c:	58 87       	std	Y+8, r21	; 0x08
     39e:	e9 e0       	ldi	r30, 0x09	; 9
     3a0:	ee 2e       	mov	r14, r30
     3a2:	f1 2c       	mov	r15, r1
     3a4:	ec 0e       	add	r14, r28
     3a6:	fd 1e       	adc	r15, r29
     3a8:	ce 01       	movw	r24, r28
     3aa:	01 96       	adiw	r24, 0x01	; 1
     3ac:	b7 01       	movw	r22, r14
     3ae:	0e 94 d2 04 	call	0x9a4	; 0x9a4 <__unpack_f>
     3b2:	8e 01       	movw	r16, r28
     3b4:	0f 5e       	subi	r16, 0xEF	; 239
     3b6:	1f 4f       	sbci	r17, 0xFF	; 255
     3b8:	ce 01       	movw	r24, r28
     3ba:	05 96       	adiw	r24, 0x05	; 5
     3bc:	b8 01       	movw	r22, r16
     3be:	0e 94 d2 04 	call	0x9a4	; 0x9a4 <__unpack_f>
     3c2:	8a 89       	ldd	r24, Y+18	; 0x12
     3c4:	91 e0       	ldi	r25, 0x01	; 1
     3c6:	89 27       	eor	r24, r25
     3c8:	8a 8b       	std	Y+18, r24	; 0x12
     3ca:	c7 01       	movw	r24, r14
     3cc:	b8 01       	movw	r22, r16
     3ce:	ae 01       	movw	r20, r28
     3d0:	47 5e       	subi	r20, 0xE7	; 231
     3d2:	5f 4f       	sbci	r21, 0xFF	; 255
     3d4:	0e 94 75 00 	call	0xea	; 0xea <_fpadd_parts>
     3d8:	0e 94 fd 03 	call	0x7fa	; 0x7fa <__pack_f>
     3dc:	a0 96       	adiw	r28, 0x20	; 32
     3de:	e6 e0       	ldi	r30, 0x06	; 6
     3e0:	0c 94 06 0a 	jmp	0x140c	; 0x140c <__epilogue_restores__+0x18>

000003e4 <__addsf3>:
     3e4:	a0 e2       	ldi	r26, 0x20	; 32
     3e6:	b0 e0       	ldi	r27, 0x00	; 0
     3e8:	e8 ef       	ldi	r30, 0xF8	; 248
     3ea:	f1 e0       	ldi	r31, 0x01	; 1
     3ec:	0c 94 ea 09 	jmp	0x13d4	; 0x13d4 <__prologue_saves__+0x18>
     3f0:	69 83       	std	Y+1, r22	; 0x01
     3f2:	7a 83       	std	Y+2, r23	; 0x02
     3f4:	8b 83       	std	Y+3, r24	; 0x03
     3f6:	9c 83       	std	Y+4, r25	; 0x04
     3f8:	2d 83       	std	Y+5, r18	; 0x05
     3fa:	3e 83       	std	Y+6, r19	; 0x06
     3fc:	4f 83       	std	Y+7, r20	; 0x07
     3fe:	58 87       	std	Y+8, r21	; 0x08
     400:	f9 e0       	ldi	r31, 0x09	; 9
     402:	ef 2e       	mov	r14, r31
     404:	f1 2c       	mov	r15, r1
     406:	ec 0e       	add	r14, r28
     408:	fd 1e       	adc	r15, r29
     40a:	ce 01       	movw	r24, r28
     40c:	01 96       	adiw	r24, 0x01	; 1
     40e:	b7 01       	movw	r22, r14
     410:	0e 94 d2 04 	call	0x9a4	; 0x9a4 <__unpack_f>
     414:	8e 01       	movw	r16, r28
     416:	0f 5e       	subi	r16, 0xEF	; 239
     418:	1f 4f       	sbci	r17, 0xFF	; 255
     41a:	ce 01       	movw	r24, r28
     41c:	05 96       	adiw	r24, 0x05	; 5
     41e:	b8 01       	movw	r22, r16
     420:	0e 94 d2 04 	call	0x9a4	; 0x9a4 <__unpack_f>
     424:	c7 01       	movw	r24, r14
     426:	b8 01       	movw	r22, r16
     428:	ae 01       	movw	r20, r28
     42a:	47 5e       	subi	r20, 0xE7	; 231
     42c:	5f 4f       	sbci	r21, 0xFF	; 255
     42e:	0e 94 75 00 	call	0xea	; 0xea <_fpadd_parts>
     432:	0e 94 fd 03 	call	0x7fa	; 0x7fa <__pack_f>
     436:	a0 96       	adiw	r28, 0x20	; 32
     438:	e6 e0       	ldi	r30, 0x06	; 6
     43a:	0c 94 06 0a 	jmp	0x140c	; 0x140c <__epilogue_restores__+0x18>

0000043e <__mulsf3>:
     43e:	a0 e2       	ldi	r26, 0x20	; 32
     440:	b0 e0       	ldi	r27, 0x00	; 0
     442:	e5 e2       	ldi	r30, 0x25	; 37
     444:	f2 e0       	ldi	r31, 0x02	; 2
     446:	0c 94 de 09 	jmp	0x13bc	; 0x13bc <__prologue_saves__>
     44a:	69 83       	std	Y+1, r22	; 0x01
     44c:	7a 83       	std	Y+2, r23	; 0x02
     44e:	8b 83       	std	Y+3, r24	; 0x03
     450:	9c 83       	std	Y+4, r25	; 0x04
     452:	2d 83       	std	Y+5, r18	; 0x05
     454:	3e 83       	std	Y+6, r19	; 0x06
     456:	4f 83       	std	Y+7, r20	; 0x07
     458:	58 87       	std	Y+8, r21	; 0x08
     45a:	ce 01       	movw	r24, r28
     45c:	01 96       	adiw	r24, 0x01	; 1
     45e:	be 01       	movw	r22, r28
     460:	67 5f       	subi	r22, 0xF7	; 247
     462:	7f 4f       	sbci	r23, 0xFF	; 255
     464:	0e 94 d2 04 	call	0x9a4	; 0x9a4 <__unpack_f>
     468:	ce 01       	movw	r24, r28
     46a:	05 96       	adiw	r24, 0x05	; 5
     46c:	be 01       	movw	r22, r28
     46e:	6f 5e       	subi	r22, 0xEF	; 239
     470:	7f 4f       	sbci	r23, 0xFF	; 255
     472:	0e 94 d2 04 	call	0x9a4	; 0x9a4 <__unpack_f>
     476:	99 85       	ldd	r25, Y+9	; 0x09
     478:	92 30       	cpi	r25, 0x02	; 2
     47a:	88 f0       	brcs	.+34     	; 0x49e <__mulsf3+0x60>
     47c:	89 89       	ldd	r24, Y+17	; 0x11
     47e:	82 30       	cpi	r24, 0x02	; 2
     480:	c8 f0       	brcs	.+50     	; 0x4b4 <__mulsf3+0x76>
     482:	94 30       	cpi	r25, 0x04	; 4
     484:	19 f4       	brne	.+6      	; 0x48c <__mulsf3+0x4e>
     486:	82 30       	cpi	r24, 0x02	; 2
     488:	51 f4       	brne	.+20     	; 0x49e <__mulsf3+0x60>
     48a:	04 c0       	rjmp	.+8      	; 0x494 <__mulsf3+0x56>
     48c:	84 30       	cpi	r24, 0x04	; 4
     48e:	29 f4       	brne	.+10     	; 0x49a <__mulsf3+0x5c>
     490:	92 30       	cpi	r25, 0x02	; 2
     492:	81 f4       	brne	.+32     	; 0x4b4 <__mulsf3+0x76>
     494:	80 e6       	ldi	r24, 0x60	; 96
     496:	90 e0       	ldi	r25, 0x00	; 0
     498:	c6 c0       	rjmp	.+396    	; 0x626 <__mulsf3+0x1e8>
     49a:	92 30       	cpi	r25, 0x02	; 2
     49c:	49 f4       	brne	.+18     	; 0x4b0 <__mulsf3+0x72>
     49e:	20 e0       	ldi	r18, 0x00	; 0
     4a0:	9a 85       	ldd	r25, Y+10	; 0x0a
     4a2:	8a 89       	ldd	r24, Y+18	; 0x12
     4a4:	98 13       	cpse	r25, r24
     4a6:	21 e0       	ldi	r18, 0x01	; 1
     4a8:	2a 87       	std	Y+10, r18	; 0x0a
     4aa:	ce 01       	movw	r24, r28
     4ac:	09 96       	adiw	r24, 0x09	; 9
     4ae:	bb c0       	rjmp	.+374    	; 0x626 <__mulsf3+0x1e8>
     4b0:	82 30       	cpi	r24, 0x02	; 2
     4b2:	49 f4       	brne	.+18     	; 0x4c6 <__mulsf3+0x88>
     4b4:	20 e0       	ldi	r18, 0x00	; 0
     4b6:	9a 85       	ldd	r25, Y+10	; 0x0a
     4b8:	8a 89       	ldd	r24, Y+18	; 0x12
     4ba:	98 13       	cpse	r25, r24
     4bc:	21 e0       	ldi	r18, 0x01	; 1
     4be:	2a 8b       	std	Y+18, r18	; 0x12
     4c0:	ce 01       	movw	r24, r28
     4c2:	41 96       	adiw	r24, 0x11	; 17
     4c4:	b0 c0       	rjmp	.+352    	; 0x626 <__mulsf3+0x1e8>
     4c6:	2d 84       	ldd	r2, Y+13	; 0x0d
     4c8:	3e 84       	ldd	r3, Y+14	; 0x0e
     4ca:	4f 84       	ldd	r4, Y+15	; 0x0f
     4cc:	58 88       	ldd	r5, Y+16	; 0x10
     4ce:	6d 88       	ldd	r6, Y+21	; 0x15
     4d0:	7e 88       	ldd	r7, Y+22	; 0x16
     4d2:	8f 88       	ldd	r8, Y+23	; 0x17
     4d4:	98 8c       	ldd	r9, Y+24	; 0x18
     4d6:	ee 24       	eor	r14, r14
     4d8:	ff 24       	eor	r15, r15
     4da:	87 01       	movw	r16, r14
     4dc:	aa 24       	eor	r10, r10
     4de:	bb 24       	eor	r11, r11
     4e0:	65 01       	movw	r12, r10
     4e2:	40 e0       	ldi	r20, 0x00	; 0
     4e4:	50 e0       	ldi	r21, 0x00	; 0
     4e6:	60 e0       	ldi	r22, 0x00	; 0
     4e8:	70 e0       	ldi	r23, 0x00	; 0
     4ea:	e0 e0       	ldi	r30, 0x00	; 0
     4ec:	f0 e0       	ldi	r31, 0x00	; 0
     4ee:	c1 01       	movw	r24, r2
     4f0:	81 70       	andi	r24, 0x01	; 1
     4f2:	90 70       	andi	r25, 0x00	; 0
     4f4:	89 2b       	or	r24, r25
     4f6:	e9 f0       	breq	.+58     	; 0x532 <__mulsf3+0xf4>
     4f8:	e6 0c       	add	r14, r6
     4fa:	f7 1c       	adc	r15, r7
     4fc:	08 1d       	adc	r16, r8
     4fe:	19 1d       	adc	r17, r9
     500:	9a 01       	movw	r18, r20
     502:	ab 01       	movw	r20, r22
     504:	2a 0d       	add	r18, r10
     506:	3b 1d       	adc	r19, r11
     508:	4c 1d       	adc	r20, r12
     50a:	5d 1d       	adc	r21, r13
     50c:	80 e0       	ldi	r24, 0x00	; 0
     50e:	90 e0       	ldi	r25, 0x00	; 0
     510:	a0 e0       	ldi	r26, 0x00	; 0
     512:	b0 e0       	ldi	r27, 0x00	; 0
     514:	e6 14       	cp	r14, r6
     516:	f7 04       	cpc	r15, r7
     518:	08 05       	cpc	r16, r8
     51a:	19 05       	cpc	r17, r9
     51c:	20 f4       	brcc	.+8      	; 0x526 <__mulsf3+0xe8>
     51e:	81 e0       	ldi	r24, 0x01	; 1
     520:	90 e0       	ldi	r25, 0x00	; 0
     522:	a0 e0       	ldi	r26, 0x00	; 0
     524:	b0 e0       	ldi	r27, 0x00	; 0
     526:	ba 01       	movw	r22, r20
     528:	a9 01       	movw	r20, r18
     52a:	48 0f       	add	r20, r24
     52c:	59 1f       	adc	r21, r25
     52e:	6a 1f       	adc	r22, r26
     530:	7b 1f       	adc	r23, r27
     532:	aa 0c       	add	r10, r10
     534:	bb 1c       	adc	r11, r11
     536:	cc 1c       	adc	r12, r12
     538:	dd 1c       	adc	r13, r13
     53a:	97 fe       	sbrs	r9, 7
     53c:	08 c0       	rjmp	.+16     	; 0x54e <__mulsf3+0x110>
     53e:	81 e0       	ldi	r24, 0x01	; 1
     540:	90 e0       	ldi	r25, 0x00	; 0
     542:	a0 e0       	ldi	r26, 0x00	; 0
     544:	b0 e0       	ldi	r27, 0x00	; 0
     546:	a8 2a       	or	r10, r24
     548:	b9 2a       	or	r11, r25
     54a:	ca 2a       	or	r12, r26
     54c:	db 2a       	or	r13, r27
     54e:	31 96       	adiw	r30, 0x01	; 1
     550:	e0 32       	cpi	r30, 0x20	; 32
     552:	f1 05       	cpc	r31, r1
     554:	49 f0       	breq	.+18     	; 0x568 <__mulsf3+0x12a>
     556:	66 0c       	add	r6, r6
     558:	77 1c       	adc	r7, r7
     55a:	88 1c       	adc	r8, r8
     55c:	99 1c       	adc	r9, r9
     55e:	56 94       	lsr	r5
     560:	47 94       	ror	r4
     562:	37 94       	ror	r3
     564:	27 94       	ror	r2
     566:	c3 cf       	rjmp	.-122    	; 0x4ee <__mulsf3+0xb0>
     568:	fa 85       	ldd	r31, Y+10	; 0x0a
     56a:	ea 89       	ldd	r30, Y+18	; 0x12
     56c:	2b 89       	ldd	r18, Y+19	; 0x13
     56e:	3c 89       	ldd	r19, Y+20	; 0x14
     570:	8b 85       	ldd	r24, Y+11	; 0x0b
     572:	9c 85       	ldd	r25, Y+12	; 0x0c
     574:	28 0f       	add	r18, r24
     576:	39 1f       	adc	r19, r25
     578:	2e 5f       	subi	r18, 0xFE	; 254
     57a:	3f 4f       	sbci	r19, 0xFF	; 255
     57c:	17 c0       	rjmp	.+46     	; 0x5ac <__mulsf3+0x16e>
     57e:	ca 01       	movw	r24, r20
     580:	81 70       	andi	r24, 0x01	; 1
     582:	90 70       	andi	r25, 0x00	; 0
     584:	89 2b       	or	r24, r25
     586:	61 f0       	breq	.+24     	; 0x5a0 <__mulsf3+0x162>
     588:	16 95       	lsr	r17
     58a:	07 95       	ror	r16
     58c:	f7 94       	ror	r15
     58e:	e7 94       	ror	r14
     590:	80 e0       	ldi	r24, 0x00	; 0
     592:	90 e0       	ldi	r25, 0x00	; 0
     594:	a0 e0       	ldi	r26, 0x00	; 0
     596:	b0 e8       	ldi	r27, 0x80	; 128
     598:	e8 2a       	or	r14, r24
     59a:	f9 2a       	or	r15, r25
     59c:	0a 2b       	or	r16, r26
     59e:	1b 2b       	or	r17, r27
     5a0:	76 95       	lsr	r23
     5a2:	67 95       	ror	r22
     5a4:	57 95       	ror	r21
     5a6:	47 95       	ror	r20
     5a8:	2f 5f       	subi	r18, 0xFF	; 255
     5aa:	3f 4f       	sbci	r19, 0xFF	; 255
     5ac:	77 fd       	sbrc	r23, 7
     5ae:	e7 cf       	rjmp	.-50     	; 0x57e <__mulsf3+0x140>
     5b0:	0c c0       	rjmp	.+24     	; 0x5ca <__mulsf3+0x18c>
     5b2:	44 0f       	add	r20, r20
     5b4:	55 1f       	adc	r21, r21
     5b6:	66 1f       	adc	r22, r22
     5b8:	77 1f       	adc	r23, r23
     5ba:	17 fd       	sbrc	r17, 7
     5bc:	41 60       	ori	r20, 0x01	; 1
     5be:	ee 0c       	add	r14, r14
     5c0:	ff 1c       	adc	r15, r15
     5c2:	00 1f       	adc	r16, r16
     5c4:	11 1f       	adc	r17, r17
     5c6:	21 50       	subi	r18, 0x01	; 1
     5c8:	30 40       	sbci	r19, 0x00	; 0
     5ca:	40 30       	cpi	r20, 0x00	; 0
     5cc:	90 e0       	ldi	r25, 0x00	; 0
     5ce:	59 07       	cpc	r21, r25
     5d0:	90 e0       	ldi	r25, 0x00	; 0
     5d2:	69 07       	cpc	r22, r25
     5d4:	90 e4       	ldi	r25, 0x40	; 64
     5d6:	79 07       	cpc	r23, r25
     5d8:	60 f3       	brcs	.-40     	; 0x5b2 <__mulsf3+0x174>
     5da:	2b 8f       	std	Y+27, r18	; 0x1b
     5dc:	3c 8f       	std	Y+28, r19	; 0x1c
     5de:	db 01       	movw	r26, r22
     5e0:	ca 01       	movw	r24, r20
     5e2:	8f 77       	andi	r24, 0x7F	; 127
     5e4:	90 70       	andi	r25, 0x00	; 0
     5e6:	a0 70       	andi	r26, 0x00	; 0
     5e8:	b0 70       	andi	r27, 0x00	; 0
     5ea:	80 34       	cpi	r24, 0x40	; 64
     5ec:	91 05       	cpc	r25, r1
     5ee:	a1 05       	cpc	r26, r1
     5f0:	b1 05       	cpc	r27, r1
     5f2:	61 f4       	brne	.+24     	; 0x60c <__mulsf3+0x1ce>
     5f4:	47 fd       	sbrc	r20, 7
     5f6:	0a c0       	rjmp	.+20     	; 0x60c <__mulsf3+0x1ce>
     5f8:	e1 14       	cp	r14, r1
     5fa:	f1 04       	cpc	r15, r1
     5fc:	01 05       	cpc	r16, r1
     5fe:	11 05       	cpc	r17, r1
     600:	29 f0       	breq	.+10     	; 0x60c <__mulsf3+0x1ce>
     602:	40 5c       	subi	r20, 0xC0	; 192
     604:	5f 4f       	sbci	r21, 0xFF	; 255
     606:	6f 4f       	sbci	r22, 0xFF	; 255
     608:	7f 4f       	sbci	r23, 0xFF	; 255
     60a:	40 78       	andi	r20, 0x80	; 128
     60c:	1a 8e       	std	Y+26, r1	; 0x1a
     60e:	fe 17       	cp	r31, r30
     610:	11 f0       	breq	.+4      	; 0x616 <__mulsf3+0x1d8>
     612:	81 e0       	ldi	r24, 0x01	; 1
     614:	8a 8f       	std	Y+26, r24	; 0x1a
     616:	4d 8f       	std	Y+29, r20	; 0x1d
     618:	5e 8f       	std	Y+30, r21	; 0x1e
     61a:	6f 8f       	std	Y+31, r22	; 0x1f
     61c:	78 a3       	std	Y+32, r23	; 0x20
     61e:	83 e0       	ldi	r24, 0x03	; 3
     620:	89 8f       	std	Y+25, r24	; 0x19
     622:	ce 01       	movw	r24, r28
     624:	49 96       	adiw	r24, 0x19	; 25
     626:	0e 94 fd 03 	call	0x7fa	; 0x7fa <__pack_f>
     62a:	a0 96       	adiw	r28, 0x20	; 32
     62c:	e2 e1       	ldi	r30, 0x12	; 18
     62e:	0c 94 fa 09 	jmp	0x13f4	; 0x13f4 <__epilogue_restores__>

00000632 <__gtsf2>:
     632:	a8 e1       	ldi	r26, 0x18	; 24
     634:	b0 e0       	ldi	r27, 0x00	; 0
     636:	ef e1       	ldi	r30, 0x1F	; 31
     638:	f3 e0       	ldi	r31, 0x03	; 3
     63a:	0c 94 ea 09 	jmp	0x13d4	; 0x13d4 <__prologue_saves__+0x18>
     63e:	69 83       	std	Y+1, r22	; 0x01
     640:	7a 83       	std	Y+2, r23	; 0x02
     642:	8b 83       	std	Y+3, r24	; 0x03
     644:	9c 83       	std	Y+4, r25	; 0x04
     646:	2d 83       	std	Y+5, r18	; 0x05
     648:	3e 83       	std	Y+6, r19	; 0x06
     64a:	4f 83       	std	Y+7, r20	; 0x07
     64c:	58 87       	std	Y+8, r21	; 0x08
     64e:	89 e0       	ldi	r24, 0x09	; 9
     650:	e8 2e       	mov	r14, r24
     652:	f1 2c       	mov	r15, r1
     654:	ec 0e       	add	r14, r28
     656:	fd 1e       	adc	r15, r29
     658:	ce 01       	movw	r24, r28
     65a:	01 96       	adiw	r24, 0x01	; 1
     65c:	b7 01       	movw	r22, r14
     65e:	0e 94 d2 04 	call	0x9a4	; 0x9a4 <__unpack_f>
     662:	8e 01       	movw	r16, r28
     664:	0f 5e       	subi	r16, 0xEF	; 239
     666:	1f 4f       	sbci	r17, 0xFF	; 255
     668:	ce 01       	movw	r24, r28
     66a:	05 96       	adiw	r24, 0x05	; 5
     66c:	b8 01       	movw	r22, r16
     66e:	0e 94 d2 04 	call	0x9a4	; 0x9a4 <__unpack_f>
     672:	89 85       	ldd	r24, Y+9	; 0x09
     674:	82 30       	cpi	r24, 0x02	; 2
     676:	40 f0       	brcs	.+16     	; 0x688 <__gtsf2+0x56>
     678:	89 89       	ldd	r24, Y+17	; 0x11
     67a:	82 30       	cpi	r24, 0x02	; 2
     67c:	28 f0       	brcs	.+10     	; 0x688 <__gtsf2+0x56>
     67e:	c7 01       	movw	r24, r14
     680:	b8 01       	movw	r22, r16
     682:	0e 94 4a 05 	call	0xa94	; 0xa94 <__fpcmp_parts_f>
     686:	01 c0       	rjmp	.+2      	; 0x68a <__gtsf2+0x58>
     688:	8f ef       	ldi	r24, 0xFF	; 255
     68a:	68 96       	adiw	r28, 0x18	; 24
     68c:	e6 e0       	ldi	r30, 0x06	; 6
     68e:	0c 94 06 0a 	jmp	0x140c	; 0x140c <__epilogue_restores__+0x18>

00000692 <__gesf2>:
     692:	a8 e1       	ldi	r26, 0x18	; 24
     694:	b0 e0       	ldi	r27, 0x00	; 0
     696:	ef e4       	ldi	r30, 0x4F	; 79
     698:	f3 e0       	ldi	r31, 0x03	; 3
     69a:	0c 94 ea 09 	jmp	0x13d4	; 0x13d4 <__prologue_saves__+0x18>
     69e:	69 83       	std	Y+1, r22	; 0x01
     6a0:	7a 83       	std	Y+2, r23	; 0x02
     6a2:	8b 83       	std	Y+3, r24	; 0x03
     6a4:	9c 83       	std	Y+4, r25	; 0x04
     6a6:	2d 83       	std	Y+5, r18	; 0x05
     6a8:	3e 83       	std	Y+6, r19	; 0x06
     6aa:	4f 83       	std	Y+7, r20	; 0x07
     6ac:	58 87       	std	Y+8, r21	; 0x08
     6ae:	89 e0       	ldi	r24, 0x09	; 9
     6b0:	e8 2e       	mov	r14, r24
     6b2:	f1 2c       	mov	r15, r1
     6b4:	ec 0e       	add	r14, r28
     6b6:	fd 1e       	adc	r15, r29
     6b8:	ce 01       	movw	r24, r28
     6ba:	01 96       	adiw	r24, 0x01	; 1
     6bc:	b7 01       	movw	r22, r14
     6be:	0e 94 d2 04 	call	0x9a4	; 0x9a4 <__unpack_f>
     6c2:	8e 01       	movw	r16, r28
     6c4:	0f 5e       	subi	r16, 0xEF	; 239
     6c6:	1f 4f       	sbci	r17, 0xFF	; 255
     6c8:	ce 01       	movw	r24, r28
     6ca:	05 96       	adiw	r24, 0x05	; 5
     6cc:	b8 01       	movw	r22, r16
     6ce:	0e 94 d2 04 	call	0x9a4	; 0x9a4 <__unpack_f>
     6d2:	89 85       	ldd	r24, Y+9	; 0x09
     6d4:	82 30       	cpi	r24, 0x02	; 2
     6d6:	40 f0       	brcs	.+16     	; 0x6e8 <__gesf2+0x56>
     6d8:	89 89       	ldd	r24, Y+17	; 0x11
     6da:	82 30       	cpi	r24, 0x02	; 2
     6dc:	28 f0       	brcs	.+10     	; 0x6e8 <__gesf2+0x56>
     6de:	c7 01       	movw	r24, r14
     6e0:	b8 01       	movw	r22, r16
     6e2:	0e 94 4a 05 	call	0xa94	; 0xa94 <__fpcmp_parts_f>
     6e6:	01 c0       	rjmp	.+2      	; 0x6ea <__gesf2+0x58>
     6e8:	8f ef       	ldi	r24, 0xFF	; 255
     6ea:	68 96       	adiw	r28, 0x18	; 24
     6ec:	e6 e0       	ldi	r30, 0x06	; 6
     6ee:	0c 94 06 0a 	jmp	0x140c	; 0x140c <__epilogue_restores__+0x18>

000006f2 <__ltsf2>:
     6f2:	a8 e1       	ldi	r26, 0x18	; 24
     6f4:	b0 e0       	ldi	r27, 0x00	; 0
     6f6:	ef e7       	ldi	r30, 0x7F	; 127
     6f8:	f3 e0       	ldi	r31, 0x03	; 3
     6fa:	0c 94 ea 09 	jmp	0x13d4	; 0x13d4 <__prologue_saves__+0x18>
     6fe:	69 83       	std	Y+1, r22	; 0x01
     700:	7a 83       	std	Y+2, r23	; 0x02
     702:	8b 83       	std	Y+3, r24	; 0x03
     704:	9c 83       	std	Y+4, r25	; 0x04
     706:	2d 83       	std	Y+5, r18	; 0x05
     708:	3e 83       	std	Y+6, r19	; 0x06
     70a:	4f 83       	std	Y+7, r20	; 0x07
     70c:	58 87       	std	Y+8, r21	; 0x08
     70e:	89 e0       	ldi	r24, 0x09	; 9
     710:	e8 2e       	mov	r14, r24
     712:	f1 2c       	mov	r15, r1
     714:	ec 0e       	add	r14, r28
     716:	fd 1e       	adc	r15, r29
     718:	ce 01       	movw	r24, r28
     71a:	01 96       	adiw	r24, 0x01	; 1
     71c:	b7 01       	movw	r22, r14
     71e:	0e 94 d2 04 	call	0x9a4	; 0x9a4 <__unpack_f>
     722:	8e 01       	movw	r16, r28
     724:	0f 5e       	subi	r16, 0xEF	; 239
     726:	1f 4f       	sbci	r17, 0xFF	; 255
     728:	ce 01       	movw	r24, r28
     72a:	05 96       	adiw	r24, 0x05	; 5
     72c:	b8 01       	movw	r22, r16
     72e:	0e 94 d2 04 	call	0x9a4	; 0x9a4 <__unpack_f>
     732:	89 85       	ldd	r24, Y+9	; 0x09
     734:	82 30       	cpi	r24, 0x02	; 2
     736:	40 f0       	brcs	.+16     	; 0x748 <__ltsf2+0x56>
     738:	89 89       	ldd	r24, Y+17	; 0x11
     73a:	82 30       	cpi	r24, 0x02	; 2
     73c:	28 f0       	brcs	.+10     	; 0x748 <__ltsf2+0x56>
     73e:	c7 01       	movw	r24, r14
     740:	b8 01       	movw	r22, r16
     742:	0e 94 4a 05 	call	0xa94	; 0xa94 <__fpcmp_parts_f>
     746:	01 c0       	rjmp	.+2      	; 0x74a <__ltsf2+0x58>
     748:	81 e0       	ldi	r24, 0x01	; 1
     74a:	68 96       	adiw	r28, 0x18	; 24
     74c:	e6 e0       	ldi	r30, 0x06	; 6
     74e:	0c 94 06 0a 	jmp	0x140c	; 0x140c <__epilogue_restores__+0x18>

00000752 <__fixsfsi>:
     752:	ac e0       	ldi	r26, 0x0C	; 12
     754:	b0 e0       	ldi	r27, 0x00	; 0
     756:	ef ea       	ldi	r30, 0xAF	; 175
     758:	f3 e0       	ldi	r31, 0x03	; 3
     75a:	0c 94 ee 09 	jmp	0x13dc	; 0x13dc <__prologue_saves__+0x20>
     75e:	69 83       	std	Y+1, r22	; 0x01
     760:	7a 83       	std	Y+2, r23	; 0x02
     762:	8b 83       	std	Y+3, r24	; 0x03
     764:	9c 83       	std	Y+4, r25	; 0x04
     766:	ce 01       	movw	r24, r28
     768:	01 96       	adiw	r24, 0x01	; 1
     76a:	be 01       	movw	r22, r28
     76c:	6b 5f       	subi	r22, 0xFB	; 251
     76e:	7f 4f       	sbci	r23, 0xFF	; 255
     770:	0e 94 d2 04 	call	0x9a4	; 0x9a4 <__unpack_f>
     774:	8d 81       	ldd	r24, Y+5	; 0x05
     776:	82 30       	cpi	r24, 0x02	; 2
     778:	61 f1       	breq	.+88     	; 0x7d2 <__fixsfsi+0x80>
     77a:	82 30       	cpi	r24, 0x02	; 2
     77c:	50 f1       	brcs	.+84     	; 0x7d2 <__fixsfsi+0x80>
     77e:	84 30       	cpi	r24, 0x04	; 4
     780:	21 f4       	brne	.+8      	; 0x78a <__fixsfsi+0x38>
     782:	8e 81       	ldd	r24, Y+6	; 0x06
     784:	88 23       	and	r24, r24
     786:	51 f1       	breq	.+84     	; 0x7dc <__fixsfsi+0x8a>
     788:	2e c0       	rjmp	.+92     	; 0x7e6 <__fixsfsi+0x94>
     78a:	2f 81       	ldd	r18, Y+7	; 0x07
     78c:	38 85       	ldd	r19, Y+8	; 0x08
     78e:	37 fd       	sbrc	r19, 7
     790:	20 c0       	rjmp	.+64     	; 0x7d2 <__fixsfsi+0x80>
     792:	6e 81       	ldd	r22, Y+6	; 0x06
     794:	2f 31       	cpi	r18, 0x1F	; 31
     796:	31 05       	cpc	r19, r1
     798:	1c f0       	brlt	.+6      	; 0x7a0 <__fixsfsi+0x4e>
     79a:	66 23       	and	r22, r22
     79c:	f9 f0       	breq	.+62     	; 0x7dc <__fixsfsi+0x8a>
     79e:	23 c0       	rjmp	.+70     	; 0x7e6 <__fixsfsi+0x94>
     7a0:	8e e1       	ldi	r24, 0x1E	; 30
     7a2:	90 e0       	ldi	r25, 0x00	; 0
     7a4:	82 1b       	sub	r24, r18
     7a6:	93 0b       	sbc	r25, r19
     7a8:	29 85       	ldd	r18, Y+9	; 0x09
     7aa:	3a 85       	ldd	r19, Y+10	; 0x0a
     7ac:	4b 85       	ldd	r20, Y+11	; 0x0b
     7ae:	5c 85       	ldd	r21, Y+12	; 0x0c
     7b0:	04 c0       	rjmp	.+8      	; 0x7ba <__fixsfsi+0x68>
     7b2:	56 95       	lsr	r21
     7b4:	47 95       	ror	r20
     7b6:	37 95       	ror	r19
     7b8:	27 95       	ror	r18
     7ba:	8a 95       	dec	r24
     7bc:	d2 f7       	brpl	.-12     	; 0x7b2 <__fixsfsi+0x60>
     7be:	66 23       	and	r22, r22
     7c0:	b1 f0       	breq	.+44     	; 0x7ee <__fixsfsi+0x9c>
     7c2:	50 95       	com	r21
     7c4:	40 95       	com	r20
     7c6:	30 95       	com	r19
     7c8:	21 95       	neg	r18
     7ca:	3f 4f       	sbci	r19, 0xFF	; 255
     7cc:	4f 4f       	sbci	r20, 0xFF	; 255
     7ce:	5f 4f       	sbci	r21, 0xFF	; 255
     7d0:	0e c0       	rjmp	.+28     	; 0x7ee <__fixsfsi+0x9c>
     7d2:	20 e0       	ldi	r18, 0x00	; 0
     7d4:	30 e0       	ldi	r19, 0x00	; 0
     7d6:	40 e0       	ldi	r20, 0x00	; 0
     7d8:	50 e0       	ldi	r21, 0x00	; 0
     7da:	09 c0       	rjmp	.+18     	; 0x7ee <__fixsfsi+0x9c>
     7dc:	2f ef       	ldi	r18, 0xFF	; 255
     7de:	3f ef       	ldi	r19, 0xFF	; 255
     7e0:	4f ef       	ldi	r20, 0xFF	; 255
     7e2:	5f e7       	ldi	r21, 0x7F	; 127
     7e4:	04 c0       	rjmp	.+8      	; 0x7ee <__fixsfsi+0x9c>
     7e6:	20 e0       	ldi	r18, 0x00	; 0
     7e8:	30 e0       	ldi	r19, 0x00	; 0
     7ea:	40 e0       	ldi	r20, 0x00	; 0
     7ec:	50 e8       	ldi	r21, 0x80	; 128
     7ee:	b9 01       	movw	r22, r18
     7f0:	ca 01       	movw	r24, r20
     7f2:	2c 96       	adiw	r28, 0x0c	; 12
     7f4:	e2 e0       	ldi	r30, 0x02	; 2
     7f6:	0c 94 0a 0a 	jmp	0x1414	; 0x1414 <__epilogue_restores__+0x20>

000007fa <__pack_f>:
     7fa:	df 92       	push	r13
     7fc:	ef 92       	push	r14
     7fe:	ff 92       	push	r15
     800:	0f 93       	push	r16
     802:	1f 93       	push	r17
     804:	fc 01       	movw	r30, r24
     806:	e4 80       	ldd	r14, Z+4	; 0x04
     808:	f5 80       	ldd	r15, Z+5	; 0x05
     80a:	06 81       	ldd	r16, Z+6	; 0x06
     80c:	17 81       	ldd	r17, Z+7	; 0x07
     80e:	d1 80       	ldd	r13, Z+1	; 0x01
     810:	80 81       	ld	r24, Z
     812:	82 30       	cpi	r24, 0x02	; 2
     814:	48 f4       	brcc	.+18     	; 0x828 <__pack_f+0x2e>
     816:	80 e0       	ldi	r24, 0x00	; 0
     818:	90 e0       	ldi	r25, 0x00	; 0
     81a:	a0 e1       	ldi	r26, 0x10	; 16
     81c:	b0 e0       	ldi	r27, 0x00	; 0
     81e:	e8 2a       	or	r14, r24
     820:	f9 2a       	or	r15, r25
     822:	0a 2b       	or	r16, r26
     824:	1b 2b       	or	r17, r27
     826:	a5 c0       	rjmp	.+330    	; 0x972 <__stack+0x113>
     828:	84 30       	cpi	r24, 0x04	; 4
     82a:	09 f4       	brne	.+2      	; 0x82e <__pack_f+0x34>
     82c:	9f c0       	rjmp	.+318    	; 0x96c <__stack+0x10d>
     82e:	82 30       	cpi	r24, 0x02	; 2
     830:	21 f4       	brne	.+8      	; 0x83a <__pack_f+0x40>
     832:	ee 24       	eor	r14, r14
     834:	ff 24       	eor	r15, r15
     836:	87 01       	movw	r16, r14
     838:	05 c0       	rjmp	.+10     	; 0x844 <__pack_f+0x4a>
     83a:	e1 14       	cp	r14, r1
     83c:	f1 04       	cpc	r15, r1
     83e:	01 05       	cpc	r16, r1
     840:	11 05       	cpc	r17, r1
     842:	19 f4       	brne	.+6      	; 0x84a <__pack_f+0x50>
     844:	e0 e0       	ldi	r30, 0x00	; 0
     846:	f0 e0       	ldi	r31, 0x00	; 0
     848:	96 c0       	rjmp	.+300    	; 0x976 <__stack+0x117>
     84a:	62 81       	ldd	r22, Z+2	; 0x02
     84c:	73 81       	ldd	r23, Z+3	; 0x03
     84e:	9f ef       	ldi	r25, 0xFF	; 255
     850:	62 38       	cpi	r22, 0x82	; 130
     852:	79 07       	cpc	r23, r25
     854:	0c f0       	brlt	.+2      	; 0x858 <__pack_f+0x5e>
     856:	5b c0       	rjmp	.+182    	; 0x90e <__stack+0xaf>
     858:	22 e8       	ldi	r18, 0x82	; 130
     85a:	3f ef       	ldi	r19, 0xFF	; 255
     85c:	26 1b       	sub	r18, r22
     85e:	37 0b       	sbc	r19, r23
     860:	2a 31       	cpi	r18, 0x1A	; 26
     862:	31 05       	cpc	r19, r1
     864:	2c f0       	brlt	.+10     	; 0x870 <__stack+0x11>
     866:	20 e0       	ldi	r18, 0x00	; 0
     868:	30 e0       	ldi	r19, 0x00	; 0
     86a:	40 e0       	ldi	r20, 0x00	; 0
     86c:	50 e0       	ldi	r21, 0x00	; 0
     86e:	2a c0       	rjmp	.+84     	; 0x8c4 <__stack+0x65>
     870:	b8 01       	movw	r22, r16
     872:	a7 01       	movw	r20, r14
     874:	02 2e       	mov	r0, r18
     876:	04 c0       	rjmp	.+8      	; 0x880 <__stack+0x21>
     878:	76 95       	lsr	r23
     87a:	67 95       	ror	r22
     87c:	57 95       	ror	r21
     87e:	47 95       	ror	r20
     880:	0a 94       	dec	r0
     882:	d2 f7       	brpl	.-12     	; 0x878 <__stack+0x19>
     884:	81 e0       	ldi	r24, 0x01	; 1
     886:	90 e0       	ldi	r25, 0x00	; 0
     888:	a0 e0       	ldi	r26, 0x00	; 0
     88a:	b0 e0       	ldi	r27, 0x00	; 0
     88c:	04 c0       	rjmp	.+8      	; 0x896 <__stack+0x37>
     88e:	88 0f       	add	r24, r24
     890:	99 1f       	adc	r25, r25
     892:	aa 1f       	adc	r26, r26
     894:	bb 1f       	adc	r27, r27
     896:	2a 95       	dec	r18
     898:	d2 f7       	brpl	.-12     	; 0x88e <__stack+0x2f>
     89a:	01 97       	sbiw	r24, 0x01	; 1
     89c:	a1 09       	sbc	r26, r1
     89e:	b1 09       	sbc	r27, r1
     8a0:	8e 21       	and	r24, r14
     8a2:	9f 21       	and	r25, r15
     8a4:	a0 23       	and	r26, r16
     8a6:	b1 23       	and	r27, r17
     8a8:	00 97       	sbiw	r24, 0x00	; 0
     8aa:	a1 05       	cpc	r26, r1
     8ac:	b1 05       	cpc	r27, r1
     8ae:	21 f0       	breq	.+8      	; 0x8b8 <__stack+0x59>
     8b0:	81 e0       	ldi	r24, 0x01	; 1
     8b2:	90 e0       	ldi	r25, 0x00	; 0
     8b4:	a0 e0       	ldi	r26, 0x00	; 0
     8b6:	b0 e0       	ldi	r27, 0x00	; 0
     8b8:	9a 01       	movw	r18, r20
     8ba:	ab 01       	movw	r20, r22
     8bc:	28 2b       	or	r18, r24
     8be:	39 2b       	or	r19, r25
     8c0:	4a 2b       	or	r20, r26
     8c2:	5b 2b       	or	r21, r27
     8c4:	da 01       	movw	r26, r20
     8c6:	c9 01       	movw	r24, r18
     8c8:	8f 77       	andi	r24, 0x7F	; 127
     8ca:	90 70       	andi	r25, 0x00	; 0
     8cc:	a0 70       	andi	r26, 0x00	; 0
     8ce:	b0 70       	andi	r27, 0x00	; 0
     8d0:	80 34       	cpi	r24, 0x40	; 64
     8d2:	91 05       	cpc	r25, r1
     8d4:	a1 05       	cpc	r26, r1
     8d6:	b1 05       	cpc	r27, r1
     8d8:	39 f4       	brne	.+14     	; 0x8e8 <__stack+0x89>
     8da:	27 ff       	sbrs	r18, 7
     8dc:	09 c0       	rjmp	.+18     	; 0x8f0 <__stack+0x91>
     8de:	20 5c       	subi	r18, 0xC0	; 192
     8e0:	3f 4f       	sbci	r19, 0xFF	; 255
     8e2:	4f 4f       	sbci	r20, 0xFF	; 255
     8e4:	5f 4f       	sbci	r21, 0xFF	; 255
     8e6:	04 c0       	rjmp	.+8      	; 0x8f0 <__stack+0x91>
     8e8:	21 5c       	subi	r18, 0xC1	; 193
     8ea:	3f 4f       	sbci	r19, 0xFF	; 255
     8ec:	4f 4f       	sbci	r20, 0xFF	; 255
     8ee:	5f 4f       	sbci	r21, 0xFF	; 255
     8f0:	e0 e0       	ldi	r30, 0x00	; 0
     8f2:	f0 e0       	ldi	r31, 0x00	; 0
     8f4:	20 30       	cpi	r18, 0x00	; 0
     8f6:	a0 e0       	ldi	r26, 0x00	; 0
     8f8:	3a 07       	cpc	r19, r26
     8fa:	a0 e0       	ldi	r26, 0x00	; 0
     8fc:	4a 07       	cpc	r20, r26
     8fe:	a0 e4       	ldi	r26, 0x40	; 64
     900:	5a 07       	cpc	r21, r26
     902:	10 f0       	brcs	.+4      	; 0x908 <__stack+0xa9>
     904:	e1 e0       	ldi	r30, 0x01	; 1
     906:	f0 e0       	ldi	r31, 0x00	; 0
     908:	79 01       	movw	r14, r18
     90a:	8a 01       	movw	r16, r20
     90c:	27 c0       	rjmp	.+78     	; 0x95c <__stack+0xfd>
     90e:	60 38       	cpi	r22, 0x80	; 128
     910:	71 05       	cpc	r23, r1
     912:	64 f5       	brge	.+88     	; 0x96c <__stack+0x10d>
     914:	fb 01       	movw	r30, r22
     916:	e1 58       	subi	r30, 0x81	; 129
     918:	ff 4f       	sbci	r31, 0xFF	; 255
     91a:	d8 01       	movw	r26, r16
     91c:	c7 01       	movw	r24, r14
     91e:	8f 77       	andi	r24, 0x7F	; 127
     920:	90 70       	andi	r25, 0x00	; 0
     922:	a0 70       	andi	r26, 0x00	; 0
     924:	b0 70       	andi	r27, 0x00	; 0
     926:	80 34       	cpi	r24, 0x40	; 64
     928:	91 05       	cpc	r25, r1
     92a:	a1 05       	cpc	r26, r1
     92c:	b1 05       	cpc	r27, r1
     92e:	39 f4       	brne	.+14     	; 0x93e <__stack+0xdf>
     930:	e7 fe       	sbrs	r14, 7
     932:	0d c0       	rjmp	.+26     	; 0x94e <__stack+0xef>
     934:	80 e4       	ldi	r24, 0x40	; 64
     936:	90 e0       	ldi	r25, 0x00	; 0
     938:	a0 e0       	ldi	r26, 0x00	; 0
     93a:	b0 e0       	ldi	r27, 0x00	; 0
     93c:	04 c0       	rjmp	.+8      	; 0x946 <__stack+0xe7>
     93e:	8f e3       	ldi	r24, 0x3F	; 63
     940:	90 e0       	ldi	r25, 0x00	; 0
     942:	a0 e0       	ldi	r26, 0x00	; 0
     944:	b0 e0       	ldi	r27, 0x00	; 0
     946:	e8 0e       	add	r14, r24
     948:	f9 1e       	adc	r15, r25
     94a:	0a 1f       	adc	r16, r26
     94c:	1b 1f       	adc	r17, r27
     94e:	17 ff       	sbrs	r17, 7
     950:	05 c0       	rjmp	.+10     	; 0x95c <__stack+0xfd>
     952:	16 95       	lsr	r17
     954:	07 95       	ror	r16
     956:	f7 94       	ror	r15
     958:	e7 94       	ror	r14
     95a:	31 96       	adiw	r30, 0x01	; 1
     95c:	87 e0       	ldi	r24, 0x07	; 7
     95e:	16 95       	lsr	r17
     960:	07 95       	ror	r16
     962:	f7 94       	ror	r15
     964:	e7 94       	ror	r14
     966:	8a 95       	dec	r24
     968:	d1 f7       	brne	.-12     	; 0x95e <__stack+0xff>
     96a:	05 c0       	rjmp	.+10     	; 0x976 <__stack+0x117>
     96c:	ee 24       	eor	r14, r14
     96e:	ff 24       	eor	r15, r15
     970:	87 01       	movw	r16, r14
     972:	ef ef       	ldi	r30, 0xFF	; 255
     974:	f0 e0       	ldi	r31, 0x00	; 0
     976:	6e 2f       	mov	r22, r30
     978:	67 95       	ror	r22
     97a:	66 27       	eor	r22, r22
     97c:	67 95       	ror	r22
     97e:	90 2f       	mov	r25, r16
     980:	9f 77       	andi	r25, 0x7F	; 127
     982:	d7 94       	ror	r13
     984:	dd 24       	eor	r13, r13
     986:	d7 94       	ror	r13
     988:	8e 2f       	mov	r24, r30
     98a:	86 95       	lsr	r24
     98c:	49 2f       	mov	r20, r25
     98e:	46 2b       	or	r20, r22
     990:	58 2f       	mov	r21, r24
     992:	5d 29       	or	r21, r13
     994:	b7 01       	movw	r22, r14
     996:	ca 01       	movw	r24, r20
     998:	1f 91       	pop	r17
     99a:	0f 91       	pop	r16
     99c:	ff 90       	pop	r15
     99e:	ef 90       	pop	r14
     9a0:	df 90       	pop	r13
     9a2:	08 95       	ret

000009a4 <__unpack_f>:
     9a4:	fc 01       	movw	r30, r24
     9a6:	db 01       	movw	r26, r22
     9a8:	40 81       	ld	r20, Z
     9aa:	51 81       	ldd	r21, Z+1	; 0x01
     9ac:	22 81       	ldd	r18, Z+2	; 0x02
     9ae:	62 2f       	mov	r22, r18
     9b0:	6f 77       	andi	r22, 0x7F	; 127
     9b2:	70 e0       	ldi	r23, 0x00	; 0
     9b4:	22 1f       	adc	r18, r18
     9b6:	22 27       	eor	r18, r18
     9b8:	22 1f       	adc	r18, r18
     9ba:	93 81       	ldd	r25, Z+3	; 0x03
     9bc:	89 2f       	mov	r24, r25
     9be:	88 0f       	add	r24, r24
     9c0:	82 2b       	or	r24, r18
     9c2:	28 2f       	mov	r18, r24
     9c4:	30 e0       	ldi	r19, 0x00	; 0
     9c6:	99 1f       	adc	r25, r25
     9c8:	99 27       	eor	r25, r25
     9ca:	99 1f       	adc	r25, r25
     9cc:	11 96       	adiw	r26, 0x01	; 1
     9ce:	9c 93       	st	X, r25
     9d0:	11 97       	sbiw	r26, 0x01	; 1
     9d2:	21 15       	cp	r18, r1
     9d4:	31 05       	cpc	r19, r1
     9d6:	a9 f5       	brne	.+106    	; 0xa42 <__unpack_f+0x9e>
     9d8:	41 15       	cp	r20, r1
     9da:	51 05       	cpc	r21, r1
     9dc:	61 05       	cpc	r22, r1
     9de:	71 05       	cpc	r23, r1
     9e0:	11 f4       	brne	.+4      	; 0x9e6 <__unpack_f+0x42>
     9e2:	82 e0       	ldi	r24, 0x02	; 2
     9e4:	37 c0       	rjmp	.+110    	; 0xa54 <__unpack_f+0xb0>
     9e6:	82 e8       	ldi	r24, 0x82	; 130
     9e8:	9f ef       	ldi	r25, 0xFF	; 255
     9ea:	13 96       	adiw	r26, 0x03	; 3
     9ec:	9c 93       	st	X, r25
     9ee:	8e 93       	st	-X, r24
     9f0:	12 97       	sbiw	r26, 0x02	; 2
     9f2:	9a 01       	movw	r18, r20
     9f4:	ab 01       	movw	r20, r22
     9f6:	67 e0       	ldi	r22, 0x07	; 7
     9f8:	22 0f       	add	r18, r18
     9fa:	33 1f       	adc	r19, r19
     9fc:	44 1f       	adc	r20, r20
     9fe:	55 1f       	adc	r21, r21
     a00:	6a 95       	dec	r22
     a02:	d1 f7       	brne	.-12     	; 0x9f8 <__unpack_f+0x54>
     a04:	83 e0       	ldi	r24, 0x03	; 3
     a06:	8c 93       	st	X, r24
     a08:	0d c0       	rjmp	.+26     	; 0xa24 <__unpack_f+0x80>
     a0a:	22 0f       	add	r18, r18
     a0c:	33 1f       	adc	r19, r19
     a0e:	44 1f       	adc	r20, r20
     a10:	55 1f       	adc	r21, r21
     a12:	12 96       	adiw	r26, 0x02	; 2
     a14:	8d 91       	ld	r24, X+
     a16:	9c 91       	ld	r25, X
     a18:	13 97       	sbiw	r26, 0x03	; 3
     a1a:	01 97       	sbiw	r24, 0x01	; 1
     a1c:	13 96       	adiw	r26, 0x03	; 3
     a1e:	9c 93       	st	X, r25
     a20:	8e 93       	st	-X, r24
     a22:	12 97       	sbiw	r26, 0x02	; 2
     a24:	20 30       	cpi	r18, 0x00	; 0
     a26:	80 e0       	ldi	r24, 0x00	; 0
     a28:	38 07       	cpc	r19, r24
     a2a:	80 e0       	ldi	r24, 0x00	; 0
     a2c:	48 07       	cpc	r20, r24
     a2e:	80 e4       	ldi	r24, 0x40	; 64
     a30:	58 07       	cpc	r21, r24
     a32:	58 f3       	brcs	.-42     	; 0xa0a <__unpack_f+0x66>
     a34:	14 96       	adiw	r26, 0x04	; 4
     a36:	2d 93       	st	X+, r18
     a38:	3d 93       	st	X+, r19
     a3a:	4d 93       	st	X+, r20
     a3c:	5c 93       	st	X, r21
     a3e:	17 97       	sbiw	r26, 0x07	; 7
     a40:	08 95       	ret
     a42:	2f 3f       	cpi	r18, 0xFF	; 255
     a44:	31 05       	cpc	r19, r1
     a46:	79 f4       	brne	.+30     	; 0xa66 <__unpack_f+0xc2>
     a48:	41 15       	cp	r20, r1
     a4a:	51 05       	cpc	r21, r1
     a4c:	61 05       	cpc	r22, r1
     a4e:	71 05       	cpc	r23, r1
     a50:	19 f4       	brne	.+6      	; 0xa58 <__unpack_f+0xb4>
     a52:	84 e0       	ldi	r24, 0x04	; 4
     a54:	8c 93       	st	X, r24
     a56:	08 95       	ret
     a58:	64 ff       	sbrs	r22, 4
     a5a:	03 c0       	rjmp	.+6      	; 0xa62 <__unpack_f+0xbe>
     a5c:	81 e0       	ldi	r24, 0x01	; 1
     a5e:	8c 93       	st	X, r24
     a60:	12 c0       	rjmp	.+36     	; 0xa86 <__unpack_f+0xe2>
     a62:	1c 92       	st	X, r1
     a64:	10 c0       	rjmp	.+32     	; 0xa86 <__unpack_f+0xe2>
     a66:	2f 57       	subi	r18, 0x7F	; 127
     a68:	30 40       	sbci	r19, 0x00	; 0
     a6a:	13 96       	adiw	r26, 0x03	; 3
     a6c:	3c 93       	st	X, r19
     a6e:	2e 93       	st	-X, r18
     a70:	12 97       	sbiw	r26, 0x02	; 2
     a72:	83 e0       	ldi	r24, 0x03	; 3
     a74:	8c 93       	st	X, r24
     a76:	87 e0       	ldi	r24, 0x07	; 7
     a78:	44 0f       	add	r20, r20
     a7a:	55 1f       	adc	r21, r21
     a7c:	66 1f       	adc	r22, r22
     a7e:	77 1f       	adc	r23, r23
     a80:	8a 95       	dec	r24
     a82:	d1 f7       	brne	.-12     	; 0xa78 <__unpack_f+0xd4>
     a84:	70 64       	ori	r23, 0x40	; 64
     a86:	14 96       	adiw	r26, 0x04	; 4
     a88:	4d 93       	st	X+, r20
     a8a:	5d 93       	st	X+, r21
     a8c:	6d 93       	st	X+, r22
     a8e:	7c 93       	st	X, r23
     a90:	17 97       	sbiw	r26, 0x07	; 7
     a92:	08 95       	ret

00000a94 <__fpcmp_parts_f>:
     a94:	1f 93       	push	r17
     a96:	dc 01       	movw	r26, r24
     a98:	fb 01       	movw	r30, r22
     a9a:	9c 91       	ld	r25, X
     a9c:	92 30       	cpi	r25, 0x02	; 2
     a9e:	08 f4       	brcc	.+2      	; 0xaa2 <__fpcmp_parts_f+0xe>
     aa0:	47 c0       	rjmp	.+142    	; 0xb30 <__fpcmp_parts_f+0x9c>
     aa2:	80 81       	ld	r24, Z
     aa4:	82 30       	cpi	r24, 0x02	; 2
     aa6:	08 f4       	brcc	.+2      	; 0xaaa <__fpcmp_parts_f+0x16>
     aa8:	43 c0       	rjmp	.+134    	; 0xb30 <__fpcmp_parts_f+0x9c>
     aaa:	94 30       	cpi	r25, 0x04	; 4
     aac:	51 f4       	brne	.+20     	; 0xac2 <__fpcmp_parts_f+0x2e>
     aae:	11 96       	adiw	r26, 0x01	; 1
     ab0:	1c 91       	ld	r17, X
     ab2:	84 30       	cpi	r24, 0x04	; 4
     ab4:	99 f5       	brne	.+102    	; 0xb1c <__fpcmp_parts_f+0x88>
     ab6:	81 81       	ldd	r24, Z+1	; 0x01
     ab8:	68 2f       	mov	r22, r24
     aba:	70 e0       	ldi	r23, 0x00	; 0
     abc:	61 1b       	sub	r22, r17
     abe:	71 09       	sbc	r23, r1
     ac0:	3f c0       	rjmp	.+126    	; 0xb40 <__fpcmp_parts_f+0xac>
     ac2:	84 30       	cpi	r24, 0x04	; 4
     ac4:	21 f0       	breq	.+8      	; 0xace <__fpcmp_parts_f+0x3a>
     ac6:	92 30       	cpi	r25, 0x02	; 2
     ac8:	31 f4       	brne	.+12     	; 0xad6 <__fpcmp_parts_f+0x42>
     aca:	82 30       	cpi	r24, 0x02	; 2
     acc:	b9 f1       	breq	.+110    	; 0xb3c <__fpcmp_parts_f+0xa8>
     ace:	81 81       	ldd	r24, Z+1	; 0x01
     ad0:	88 23       	and	r24, r24
     ad2:	89 f1       	breq	.+98     	; 0xb36 <__fpcmp_parts_f+0xa2>
     ad4:	2d c0       	rjmp	.+90     	; 0xb30 <__fpcmp_parts_f+0x9c>
     ad6:	11 96       	adiw	r26, 0x01	; 1
     ad8:	1c 91       	ld	r17, X
     ada:	11 97       	sbiw	r26, 0x01	; 1
     adc:	82 30       	cpi	r24, 0x02	; 2
     ade:	f1 f0       	breq	.+60     	; 0xb1c <__fpcmp_parts_f+0x88>
     ae0:	81 81       	ldd	r24, Z+1	; 0x01
     ae2:	18 17       	cp	r17, r24
     ae4:	d9 f4       	brne	.+54     	; 0xb1c <__fpcmp_parts_f+0x88>
     ae6:	12 96       	adiw	r26, 0x02	; 2
     ae8:	2d 91       	ld	r18, X+
     aea:	3c 91       	ld	r19, X
     aec:	13 97       	sbiw	r26, 0x03	; 3
     aee:	82 81       	ldd	r24, Z+2	; 0x02
     af0:	93 81       	ldd	r25, Z+3	; 0x03
     af2:	82 17       	cp	r24, r18
     af4:	93 07       	cpc	r25, r19
     af6:	94 f0       	brlt	.+36     	; 0xb1c <__fpcmp_parts_f+0x88>
     af8:	28 17       	cp	r18, r24
     afa:	39 07       	cpc	r19, r25
     afc:	bc f0       	brlt	.+46     	; 0xb2c <__fpcmp_parts_f+0x98>
     afe:	14 96       	adiw	r26, 0x04	; 4
     b00:	8d 91       	ld	r24, X+
     b02:	9d 91       	ld	r25, X+
     b04:	0d 90       	ld	r0, X+
     b06:	bc 91       	ld	r27, X
     b08:	a0 2d       	mov	r26, r0
     b0a:	24 81       	ldd	r18, Z+4	; 0x04
     b0c:	35 81       	ldd	r19, Z+5	; 0x05
     b0e:	46 81       	ldd	r20, Z+6	; 0x06
     b10:	57 81       	ldd	r21, Z+7	; 0x07
     b12:	28 17       	cp	r18, r24
     b14:	39 07       	cpc	r19, r25
     b16:	4a 07       	cpc	r20, r26
     b18:	5b 07       	cpc	r21, r27
     b1a:	18 f4       	brcc	.+6      	; 0xb22 <__fpcmp_parts_f+0x8e>
     b1c:	11 23       	and	r17, r17
     b1e:	41 f0       	breq	.+16     	; 0xb30 <__fpcmp_parts_f+0x9c>
     b20:	0a c0       	rjmp	.+20     	; 0xb36 <__fpcmp_parts_f+0xa2>
     b22:	82 17       	cp	r24, r18
     b24:	93 07       	cpc	r25, r19
     b26:	a4 07       	cpc	r26, r20
     b28:	b5 07       	cpc	r27, r21
     b2a:	40 f4       	brcc	.+16     	; 0xb3c <__fpcmp_parts_f+0xa8>
     b2c:	11 23       	and	r17, r17
     b2e:	19 f0       	breq	.+6      	; 0xb36 <__fpcmp_parts_f+0xa2>
     b30:	61 e0       	ldi	r22, 0x01	; 1
     b32:	70 e0       	ldi	r23, 0x00	; 0
     b34:	05 c0       	rjmp	.+10     	; 0xb40 <__fpcmp_parts_f+0xac>
     b36:	6f ef       	ldi	r22, 0xFF	; 255
     b38:	7f ef       	ldi	r23, 0xFF	; 255
     b3a:	02 c0       	rjmp	.+4      	; 0xb40 <__fpcmp_parts_f+0xac>
     b3c:	60 e0       	ldi	r22, 0x00	; 0
     b3e:	70 e0       	ldi	r23, 0x00	; 0
     b40:	cb 01       	movw	r24, r22
     b42:	1f 91       	pop	r17
     b44:	08 95       	ret

00000b46 <ADC_Init>:

#include "ADC.h"


extern void ADC_Init(void)
{
     b46:	df 93       	push	r29
     b48:	cf 93       	push	r28
     b4a:	cd b7       	in	r28, 0x3d	; 61
     b4c:	de b7       	in	r29, 0x3e	; 62
	// Enable ADC On AVR
		set_bit(ADCSRA_Reg,7);
     b4e:	a6 e2       	ldi	r26, 0x26	; 38
     b50:	b0 e0       	ldi	r27, 0x00	; 0
     b52:	e6 e2       	ldi	r30, 0x26	; 38
     b54:	f0 e0       	ldi	r31, 0x00	; 0
     b56:	80 81       	ld	r24, Z
     b58:	80 68       	ori	r24, 0x80	; 128
     b5a:	8c 93       	st	X, r24

	// Select Conversion Speed
		set_bit(ADCSRA_Reg,0);
     b5c:	a6 e2       	ldi	r26, 0x26	; 38
     b5e:	b0 e0       	ldi	r27, 0x00	; 0
     b60:	e6 e2       	ldi	r30, 0x26	; 38
     b62:	f0 e0       	ldi	r31, 0x00	; 0
     b64:	80 81       	ld	r24, Z
     b66:	81 60       	ori	r24, 0x01	; 1
     b68:	8c 93       	st	X, r24
		set_bit(ADCSRA_Reg,1);
     b6a:	a6 e2       	ldi	r26, 0x26	; 38
     b6c:	b0 e0       	ldi	r27, 0x00	; 0
     b6e:	e6 e2       	ldi	r30, 0x26	; 38
     b70:	f0 e0       	ldi	r31, 0x00	; 0
     b72:	80 81       	ld	r24, Z
     b74:	82 60       	ori	r24, 0x02	; 2
     b76:	8c 93       	st	X, r24
		set_bit(ADCSRA_Reg,2);
     b78:	a6 e2       	ldi	r26, 0x26	; 38
     b7a:	b0 e0       	ldi	r27, 0x00	; 0
     b7c:	e6 e2       	ldi	r30, 0x26	; 38
     b7e:	f0 e0       	ldi	r31, 0x00	; 0
     b80:	80 81       	ld	r24, Z
     b82:	84 60       	ori	r24, 0x04	; 4
     b84:	8c 93       	st	X, r24


	// ADC Data Rgith Adjustment
		set_bit(ADMUX_Reg,5);
     b86:	a7 e2       	ldi	r26, 0x27	; 39
     b88:	b0 e0       	ldi	r27, 0x00	; 0
     b8a:	e7 e2       	ldi	r30, 0x27	; 39
     b8c:	f0 e0       	ldi	r31, 0x00	; 0
     b8e:	80 81       	ld	r24, Z
     b90:	80 62       	ori	r24, 0x20	; 32
     b92:	8c 93       	st	X, r24
}
     b94:	cf 91       	pop	r28
     b96:	df 91       	pop	r29
     b98:	08 95       	ret

00000b9a <ADC_Read>:


u8 ADC_Read (u8 channel)
{
     b9a:	df 93       	push	r29
     b9c:	cf 93       	push	r28
     b9e:	0f 92       	push	r0
     ba0:	cd b7       	in	r28, 0x3d	; 61
     ba2:	de b7       	in	r29, 0x3e	; 62
     ba4:	89 83       	std	Y+1, r24	; 0x01
	// Select Voltage Reference
	// Select ADC Channel
	ADMUX_Reg = 0x40 | (channel & 0b00000111);
     ba6:	e7 e2       	ldi	r30, 0x27	; 39
     ba8:	f0 e0       	ldi	r31, 0x00	; 0
     baa:	89 81       	ldd	r24, Y+1	; 0x01
     bac:	87 70       	andi	r24, 0x07	; 7
     bae:	80 64       	ori	r24, 0x40	; 64
     bb0:	80 83       	st	Z, r24

	// Start ADC Conversion
	set_bit(ADCSRA_Reg,6);
     bb2:	a6 e2       	ldi	r26, 0x26	; 38
     bb4:	b0 e0       	ldi	r27, 0x00	; 0
     bb6:	e6 e2       	ldi	r30, 0x26	; 38
     bb8:	f0 e0       	ldi	r31, 0x00	; 0
     bba:	80 81       	ld	r24, Z
     bbc:	80 64       	ori	r24, 0x40	; 64
     bbe:	8c 93       	st	X, r24

	//Wait for the conversion
	while(!(ADCSRA_Reg & (1<<4)));
     bc0:	e6 e2       	ldi	r30, 0x26	; 38
     bc2:	f0 e0       	ldi	r31, 0x00	; 0
     bc4:	80 81       	ld	r24, Z
     bc6:	88 2f       	mov	r24, r24
     bc8:	90 e0       	ldi	r25, 0x00	; 0
     bca:	80 71       	andi	r24, 0x10	; 16
     bcc:	90 70       	andi	r25, 0x00	; 0
     bce:	00 97       	sbiw	r24, 0x00	; 0
     bd0:	b9 f3       	breq	.-18     	; 0xbc0 <ADC_Read+0x26>


	set_bit(ADCSRA_Reg,4);
     bd2:	a6 e2       	ldi	r26, 0x26	; 38
     bd4:	b0 e0       	ldi	r27, 0x00	; 0
     bd6:	e6 e2       	ldi	r30, 0x26	; 38
     bd8:	f0 e0       	ldi	r31, 0x00	; 0
     bda:	80 81       	ld	r24, Z
     bdc:	80 61       	ori	r24, 0x10	; 16
     bde:	8c 93       	st	X, r24

	return ADC;
     be0:	e4 e2       	ldi	r30, 0x24	; 36
     be2:	f0 e0       	ldi	r31, 0x00	; 0
     be4:	80 81       	ld	r24, Z
     be6:	91 81       	ldd	r25, Z+1	; 0x01

}
     be8:	0f 90       	pop	r0
     bea:	cf 91       	pop	r28
     bec:	df 91       	pop	r29
     bee:	08 95       	ret

00000bf0 <LDR>:


void LDR(void)
{
     bf0:	df 93       	push	r29
     bf2:	cf 93       	push	r28
     bf4:	00 d0       	rcall	.+0      	; 0xbf6 <LDR+0x6>
     bf6:	00 d0       	rcall	.+0      	; 0xbf8 <LDR+0x8>
     bf8:	cd b7       	in	r28, 0x3d	; 61
     bfa:	de b7       	in	r29, 0x3e	; 62

	int val = ADC_Read(0);
     bfc:	80 e0       	ldi	r24, 0x00	; 0
     bfe:	0e 94 cd 05 	call	0xb9a	; 0xb9a <ADC_Read>
     c02:	88 2f       	mov	r24, r24
     c04:	90 e0       	ldi	r25, 0x00	; 0
     c06:	9c 83       	std	Y+4, r25	; 0x04
     c08:	8b 83       	std	Y+3, r24	; 0x03

	int ADCE = (val * 5)/250;
     c0a:	2b 81       	ldd	r18, Y+3	; 0x03
     c0c:	3c 81       	ldd	r19, Y+4	; 0x04
     c0e:	c9 01       	movw	r24, r18
     c10:	88 0f       	add	r24, r24
     c12:	99 1f       	adc	r25, r25
     c14:	88 0f       	add	r24, r24
     c16:	99 1f       	adc	r25, r25
     c18:	82 0f       	add	r24, r18
     c1a:	93 1f       	adc	r25, r19
     c1c:	2a ef       	ldi	r18, 0xFA	; 250
     c1e:	30 e0       	ldi	r19, 0x00	; 0
     c20:	b9 01       	movw	r22, r18
     c22:	0e 94 b7 09 	call	0x136e	; 0x136e <__divmodhi4>
     c26:	cb 01       	movw	r24, r22
     c28:	9a 83       	std	Y+2, r25	; 0x02
     c2a:	89 83       	std	Y+1, r24	; 0x01

			if ( ADCE > 3 )
     c2c:	89 81       	ldd	r24, Y+1	; 0x01
     c2e:	9a 81       	ldd	r25, Y+2	; 0x02
     c30:	84 30       	cpi	r24, 0x04	; 4
     c32:	91 05       	cpc	r25, r1
     c34:	44 f0       	brlt	.+16     	; 0xc46 <LDR+0x56>
			{
				set_bit(PORTC,0);
     c36:	a5 e3       	ldi	r26, 0x35	; 53
     c38:	b0 e0       	ldi	r27, 0x00	; 0
     c3a:	e5 e3       	ldi	r30, 0x35	; 53
     c3c:	f0 e0       	ldi	r31, 0x00	; 0
     c3e:	80 81       	ld	r24, Z
     c40:	81 60       	ori	r24, 0x01	; 1
     c42:	8c 93       	st	X, r24
     c44:	07 c0       	rjmp	.+14     	; 0xc54 <LDR+0x64>
			}
			else
			{
				clr_bit(PORTC,0);
     c46:	a5 e3       	ldi	r26, 0x35	; 53
     c48:	b0 e0       	ldi	r27, 0x00	; 0
     c4a:	e5 e3       	ldi	r30, 0x35	; 53
     c4c:	f0 e0       	ldi	r31, 0x00	; 0
     c4e:	80 81       	ld	r24, Z
     c50:	8e 7f       	andi	r24, 0xFE	; 254
     c52:	8c 93       	st	X, r24
			}
}
     c54:	0f 90       	pop	r0
     c56:	0f 90       	pop	r0
     c58:	0f 90       	pop	r0
     c5a:	0f 90       	pop	r0
     c5c:	cf 91       	pop	r28
     c5e:	df 91       	pop	r29
     c60:	08 95       	ret

00000c62 <Bluetooth_intial>:
 */

#include "Bluetooth.h"

void Bluetooth_intial (void)
{
     c62:	df 93       	push	r29
     c64:	cf 93       	push	r28
     c66:	cd b7       	in	r28, 0x3d	; 61
     c68:	de b7       	in	r29, 0x3e	; 62
	UCSRB=0b00011000;
     c6a:	ea e2       	ldi	r30, 0x2A	; 42
     c6c:	f0 e0       	ldi	r31, 0x00	; 0
     c6e:	88 e1       	ldi	r24, 0x18	; 24
     c70:	80 83       	st	Z, r24
	UCSRC=0b10000110;
     c72:	e0 e4       	ldi	r30, 0x40	; 64
     c74:	f0 e0       	ldi	r31, 0x00	; 0
     c76:	86 e8       	ldi	r24, 0x86	; 134
     c78:	80 83       	st	Z, r24
	UBRRL=51; //boudrate of bluetooth module required
     c7a:	e9 e2       	ldi	r30, 0x29	; 41
     c7c:	f0 e0       	ldi	r31, 0x00	; 0
     c7e:	83 e3       	ldi	r24, 0x33	; 51
     c80:	80 83       	st	Z, r24
}
     c82:	cf 91       	pop	r28
     c84:	df 91       	pop	r29
     c86:	08 95       	ret

00000c88 <Bluetooth_tx_data>:

void Bluetooth_tx_data (char data)
{
     c88:	df 93       	push	r29
     c8a:	cf 93       	push	r28
     c8c:	0f 92       	push	r0
     c8e:	cd b7       	in	r28, 0x3d	; 61
     c90:	de b7       	in	r29, 0x3e	; 62
     c92:	89 83       	std	Y+1, r24	; 0x01
	while ((UCSRA& (1<<UDRE))==0);
     c94:	eb e2       	ldi	r30, 0x2B	; 43
     c96:	f0 e0       	ldi	r31, 0x00	; 0
     c98:	80 81       	ld	r24, Z
     c9a:	88 2f       	mov	r24, r24
     c9c:	90 e0       	ldi	r25, 0x00	; 0
     c9e:	80 72       	andi	r24, 0x20	; 32
     ca0:	90 70       	andi	r25, 0x00	; 0
     ca2:	00 97       	sbiw	r24, 0x00	; 0
     ca4:	b9 f3       	breq	.-18     	; 0xc94 <Bluetooth_tx_data+0xc>
	UDR=data;
     ca6:	ec e2       	ldi	r30, 0x2C	; 44
     ca8:	f0 e0       	ldi	r31, 0x00	; 0
     caa:	89 81       	ldd	r24, Y+1	; 0x01
     cac:	80 83       	st	Z, r24
}
     cae:	0f 90       	pop	r0
     cb0:	cf 91       	pop	r28
     cb2:	df 91       	pop	r29
     cb4:	08 95       	ret

00000cb6 <Bluetooth_rx_data>:
char Bluetooth_rx_data (void)
{
     cb6:	df 93       	push	r29
     cb8:	cf 93       	push	r28
     cba:	0f 92       	push	r0
     cbc:	cd b7       	in	r28, 0x3d	; 61
     cbe:	de b7       	in	r29, 0x3e	; 62
	char x;
	while ((UCSRA & (1<<RXC))==0);
     cc0:	eb e2       	ldi	r30, 0x2B	; 43
     cc2:	f0 e0       	ldi	r31, 0x00	; 0
     cc4:	80 81       	ld	r24, Z
     cc6:	88 23       	and	r24, r24
     cc8:	dc f7       	brge	.-10     	; 0xcc0 <Bluetooth_rx_data+0xa>
	x=UDR;
     cca:	ec e2       	ldi	r30, 0x2C	; 44
     ccc:	f0 e0       	ldi	r31, 0x00	; 0
     cce:	80 81       	ld	r24, Z
     cd0:	89 83       	std	Y+1, r24	; 0x01
	return x;
     cd2:	89 81       	ldd	r24, Y+1	; 0x01
}
     cd4:	0f 90       	pop	r0
     cd6:	cf 91       	pop	r28
     cd8:	df 91       	pop	r29
     cda:	08 95       	ret

00000cdc <Door_Open>:
 */

#include "Door.h"

void Door_Open(void)
{
     cdc:	df 93       	push	r29
     cde:	cf 93       	push	r28
     ce0:	cd b7       	in	r28, 0x3d	; 61
     ce2:	de b7       	in	r29, 0x3e	; 62
     ce4:	2e 97       	sbiw	r28, 0x0e	; 14
     ce6:	0f b6       	in	r0, 0x3f	; 63
     ce8:	f8 94       	cli
     cea:	de bf       	out	0x3e, r29	; 62
     cec:	0f be       	out	0x3f, r0	; 63
     cee:	cd bf       	out	0x3d, r28	; 61
	set_bit(PORTD,5);
     cf0:	a2 e3       	ldi	r26, 0x32	; 50
     cf2:	b0 e0       	ldi	r27, 0x00	; 0
     cf4:	e2 e3       	ldi	r30, 0x32	; 50
     cf6:	f0 e0       	ldi	r31, 0x00	; 0
     cf8:	80 81       	ld	r24, Z
     cfa:	80 62       	ori	r24, 0x20	; 32
     cfc:	8c 93       	st	X, r24
	clr_bit(PORTD,6);
     cfe:	a2 e3       	ldi	r26, 0x32	; 50
     d00:	b0 e0       	ldi	r27, 0x00	; 0
     d02:	e2 e3       	ldi	r30, 0x32	; 50
     d04:	f0 e0       	ldi	r31, 0x00	; 0
     d06:	80 81       	ld	r24, Z
     d08:	8f 7b       	andi	r24, 0xBF	; 191
     d0a:	8c 93       	st	X, r24
     d0c:	80 e0       	ldi	r24, 0x00	; 0
     d0e:	90 e0       	ldi	r25, 0x00	; 0
     d10:	aa e7       	ldi	r26, 0x7A	; 122
     d12:	b4 e4       	ldi	r27, 0x44	; 68
     d14:	8b 87       	std	Y+11, r24	; 0x0b
     d16:	9c 87       	std	Y+12, r25	; 0x0c
     d18:	ad 87       	std	Y+13, r26	; 0x0d
     d1a:	be 87       	std	Y+14, r27	; 0x0e
 */
void
_delay_ms(double __ms)
{
	uint16_t __ticks;
	double __tmp = ((F_CPU) / 4e3) * __ms;
     d1c:	6b 85       	ldd	r22, Y+11	; 0x0b
     d1e:	7c 85       	ldd	r23, Y+12	; 0x0c
     d20:	8d 85       	ldd	r24, Y+13	; 0x0d
     d22:	9e 85       	ldd	r25, Y+14	; 0x0e
     d24:	20 e0       	ldi	r18, 0x00	; 0
     d26:	30 e0       	ldi	r19, 0x00	; 0
     d28:	4a e7       	ldi	r20, 0x7A	; 122
     d2a:	53 e4       	ldi	r21, 0x43	; 67
     d2c:	0e 94 1f 02 	call	0x43e	; 0x43e <__mulsf3>
     d30:	dc 01       	movw	r26, r24
     d32:	cb 01       	movw	r24, r22
     d34:	8f 83       	std	Y+7, r24	; 0x07
     d36:	98 87       	std	Y+8, r25	; 0x08
     d38:	a9 87       	std	Y+9, r26	; 0x09
     d3a:	ba 87       	std	Y+10, r27	; 0x0a
	if (__tmp < 1.0)
     d3c:	6f 81       	ldd	r22, Y+7	; 0x07
     d3e:	78 85       	ldd	r23, Y+8	; 0x08
     d40:	89 85       	ldd	r24, Y+9	; 0x09
     d42:	9a 85       	ldd	r25, Y+10	; 0x0a
     d44:	20 e0       	ldi	r18, 0x00	; 0
     d46:	30 e0       	ldi	r19, 0x00	; 0
     d48:	40 e8       	ldi	r20, 0x80	; 128
     d4a:	5f e3       	ldi	r21, 0x3F	; 63
     d4c:	0e 94 79 03 	call	0x6f2	; 0x6f2 <__ltsf2>
     d50:	88 23       	and	r24, r24
     d52:	2c f4       	brge	.+10     	; 0xd5e <Door_Open+0x82>
		__ticks = 1;
     d54:	81 e0       	ldi	r24, 0x01	; 1
     d56:	90 e0       	ldi	r25, 0x00	; 0
     d58:	9e 83       	std	Y+6, r25	; 0x06
     d5a:	8d 83       	std	Y+5, r24	; 0x05
     d5c:	3f c0       	rjmp	.+126    	; 0xddc <Door_Open+0x100>
	else if (__tmp > 65535)
     d5e:	6f 81       	ldd	r22, Y+7	; 0x07
     d60:	78 85       	ldd	r23, Y+8	; 0x08
     d62:	89 85       	ldd	r24, Y+9	; 0x09
     d64:	9a 85       	ldd	r25, Y+10	; 0x0a
     d66:	20 e0       	ldi	r18, 0x00	; 0
     d68:	3f ef       	ldi	r19, 0xFF	; 255
     d6a:	4f e7       	ldi	r20, 0x7F	; 127
     d6c:	57 e4       	ldi	r21, 0x47	; 71
     d6e:	0e 94 19 03 	call	0x632	; 0x632 <__gtsf2>
     d72:	18 16       	cp	r1, r24
     d74:	4c f5       	brge	.+82     	; 0xdc8 <Door_Open+0xec>
	{
		//	__ticks = requested delay in 1/10 ms
		__ticks = (uint16_t) (__ms * 10.0);
     d76:	6b 85       	ldd	r22, Y+11	; 0x0b
     d78:	7c 85       	ldd	r23, Y+12	; 0x0c
     d7a:	8d 85       	ldd	r24, Y+13	; 0x0d
     d7c:	9e 85       	ldd	r25, Y+14	; 0x0e
     d7e:	20 e0       	ldi	r18, 0x00	; 0
     d80:	30 e0       	ldi	r19, 0x00	; 0
     d82:	40 e2       	ldi	r20, 0x20	; 32
     d84:	51 e4       	ldi	r21, 0x41	; 65
     d86:	0e 94 1f 02 	call	0x43e	; 0x43e <__mulsf3>
     d8a:	dc 01       	movw	r26, r24
     d8c:	cb 01       	movw	r24, r22
     d8e:	bc 01       	movw	r22, r24
     d90:	cd 01       	movw	r24, r26
     d92:	0e 94 49 00 	call	0x92	; 0x92 <__fixunssfsi>
     d96:	dc 01       	movw	r26, r24
     d98:	cb 01       	movw	r24, r22
     d9a:	9e 83       	std	Y+6, r25	; 0x06
     d9c:	8d 83       	std	Y+5, r24	; 0x05
     d9e:	0f c0       	rjmp	.+30     	; 0xdbe <Door_Open+0xe2>
     da0:	89 e1       	ldi	r24, 0x19	; 25
     da2:	90 e0       	ldi	r25, 0x00	; 0
     da4:	9c 83       	std	Y+4, r25	; 0x04
     da6:	8b 83       	std	Y+3, r24	; 0x03
    milliseconds can be achieved.
 */
void
_delay_loop_2(uint16_t __count)
{
	__asm__ volatile (
     da8:	8b 81       	ldd	r24, Y+3	; 0x03
     daa:	9c 81       	ldd	r25, Y+4	; 0x04
     dac:	01 97       	sbiw	r24, 0x01	; 1
     dae:	f1 f7       	brne	.-4      	; 0xdac <Door_Open+0xd0>
     db0:	9c 83       	std	Y+4, r25	; 0x04
     db2:	8b 83       	std	Y+3, r24	; 0x03
		while(__ticks)
		{
			// wait 1/10 ms
			_delay_loop_2(((F_CPU) / 4e3) / 10);
			__ticks --;
     db4:	8d 81       	ldd	r24, Y+5	; 0x05
     db6:	9e 81       	ldd	r25, Y+6	; 0x06
     db8:	01 97       	sbiw	r24, 0x01	; 1
     dba:	9e 83       	std	Y+6, r25	; 0x06
     dbc:	8d 83       	std	Y+5, r24	; 0x05
		__ticks = 1;
	else if (__tmp > 65535)
	{
		//	__ticks = requested delay in 1/10 ms
		__ticks = (uint16_t) (__ms * 10.0);
		while(__ticks)
     dbe:	8d 81       	ldd	r24, Y+5	; 0x05
     dc0:	9e 81       	ldd	r25, Y+6	; 0x06
     dc2:	00 97       	sbiw	r24, 0x00	; 0
     dc4:	69 f7       	brne	.-38     	; 0xda0 <Door_Open+0xc4>
     dc6:	14 c0       	rjmp	.+40     	; 0xdf0 <Door_Open+0x114>
			__ticks --;
		}
		return;
	}
	else
		__ticks = (uint16_t)__tmp;
     dc8:	6f 81       	ldd	r22, Y+7	; 0x07
     dca:	78 85       	ldd	r23, Y+8	; 0x08
     dcc:	89 85       	ldd	r24, Y+9	; 0x09
     dce:	9a 85       	ldd	r25, Y+10	; 0x0a
     dd0:	0e 94 49 00 	call	0x92	; 0x92 <__fixunssfsi>
     dd4:	dc 01       	movw	r26, r24
     dd6:	cb 01       	movw	r24, r22
     dd8:	9e 83       	std	Y+6, r25	; 0x06
     dda:	8d 83       	std	Y+5, r24	; 0x05
     ddc:	8d 81       	ldd	r24, Y+5	; 0x05
     dde:	9e 81       	ldd	r25, Y+6	; 0x06
     de0:	9a 83       	std	Y+2, r25	; 0x02
     de2:	89 83       	std	Y+1, r24	; 0x01
     de4:	89 81       	ldd	r24, Y+1	; 0x01
     de6:	9a 81       	ldd	r25, Y+2	; 0x02
     de8:	01 97       	sbiw	r24, 0x01	; 1
     dea:	f1 f7       	brne	.-4      	; 0xde8 <Door_Open+0x10c>
     dec:	9a 83       	std	Y+2, r25	; 0x02
     dee:	89 83       	std	Y+1, r24	; 0x01
	_delay_ms(1000); //open the door
	clr_bit(PORTD,5);
     df0:	a2 e3       	ldi	r26, 0x32	; 50
     df2:	b0 e0       	ldi	r27, 0x00	; 0
     df4:	e2 e3       	ldi	r30, 0x32	; 50
     df6:	f0 e0       	ldi	r31, 0x00	; 0
     df8:	80 81       	ld	r24, Z
     dfa:	8f 7d       	andi	r24, 0xDF	; 223
     dfc:	8c 93       	st	X, r24
	clr_bit(PORTD,6);
     dfe:	a2 e3       	ldi	r26, 0x32	; 50
     e00:	b0 e0       	ldi	r27, 0x00	; 0
     e02:	e2 e3       	ldi	r30, 0x32	; 50
     e04:	f0 e0       	ldi	r31, 0x00	; 0
     e06:	80 81       	ld	r24, Z
     e08:	8f 7b       	andi	r24, 0xBF	; 191
     e0a:	8c 93       	st	X, r24
}
     e0c:	2e 96       	adiw	r28, 0x0e	; 14
     e0e:	0f b6       	in	r0, 0x3f	; 63
     e10:	f8 94       	cli
     e12:	de bf       	out	0x3e, r29	; 62
     e14:	0f be       	out	0x3f, r0	; 63
     e16:	cd bf       	out	0x3d, r28	; 61
     e18:	cf 91       	pop	r28
     e1a:	df 91       	pop	r29
     e1c:	08 95       	ret

00000e1e <Door_Close>:

void Door_Close(void)
{
     e1e:	df 93       	push	r29
     e20:	cf 93       	push	r28
     e22:	cd b7       	in	r28, 0x3d	; 61
     e24:	de b7       	in	r29, 0x3e	; 62
     e26:	2e 97       	sbiw	r28, 0x0e	; 14
     e28:	0f b6       	in	r0, 0x3f	; 63
     e2a:	f8 94       	cli
     e2c:	de bf       	out	0x3e, r29	; 62
     e2e:	0f be       	out	0x3f, r0	; 63
     e30:	cd bf       	out	0x3d, r28	; 61
	set_bit(PORTD,6);
     e32:	a2 e3       	ldi	r26, 0x32	; 50
     e34:	b0 e0       	ldi	r27, 0x00	; 0
     e36:	e2 e3       	ldi	r30, 0x32	; 50
     e38:	f0 e0       	ldi	r31, 0x00	; 0
     e3a:	80 81       	ld	r24, Z
     e3c:	80 64       	ori	r24, 0x40	; 64
     e3e:	8c 93       	st	X, r24
	clr_bit(PORTD,5);
     e40:	a2 e3       	ldi	r26, 0x32	; 50
     e42:	b0 e0       	ldi	r27, 0x00	; 0
     e44:	e2 e3       	ldi	r30, 0x32	; 50
     e46:	f0 e0       	ldi	r31, 0x00	; 0
     e48:	80 81       	ld	r24, Z
     e4a:	8f 7d       	andi	r24, 0xDF	; 223
     e4c:	8c 93       	st	X, r24
     e4e:	80 e0       	ldi	r24, 0x00	; 0
     e50:	90 e0       	ldi	r25, 0x00	; 0
     e52:	aa e7       	ldi	r26, 0x7A	; 122
     e54:	b4 e4       	ldi	r27, 0x44	; 68
     e56:	8b 87       	std	Y+11, r24	; 0x0b
     e58:	9c 87       	std	Y+12, r25	; 0x0c
     e5a:	ad 87       	std	Y+13, r26	; 0x0d
     e5c:	be 87       	std	Y+14, r27	; 0x0e
 */
void
_delay_ms(double __ms)
{
	uint16_t __ticks;
	double __tmp = ((F_CPU) / 4e3) * __ms;
     e5e:	6b 85       	ldd	r22, Y+11	; 0x0b
     e60:	7c 85       	ldd	r23, Y+12	; 0x0c
     e62:	8d 85       	ldd	r24, Y+13	; 0x0d
     e64:	9e 85       	ldd	r25, Y+14	; 0x0e
     e66:	20 e0       	ldi	r18, 0x00	; 0
     e68:	30 e0       	ldi	r19, 0x00	; 0
     e6a:	4a e7       	ldi	r20, 0x7A	; 122
     e6c:	53 e4       	ldi	r21, 0x43	; 67
     e6e:	0e 94 1f 02 	call	0x43e	; 0x43e <__mulsf3>
     e72:	dc 01       	movw	r26, r24
     e74:	cb 01       	movw	r24, r22
     e76:	8f 83       	std	Y+7, r24	; 0x07
     e78:	98 87       	std	Y+8, r25	; 0x08
     e7a:	a9 87       	std	Y+9, r26	; 0x09
     e7c:	ba 87       	std	Y+10, r27	; 0x0a
	if (__tmp < 1.0)
     e7e:	6f 81       	ldd	r22, Y+7	; 0x07
     e80:	78 85       	ldd	r23, Y+8	; 0x08
     e82:	89 85       	ldd	r24, Y+9	; 0x09
     e84:	9a 85       	ldd	r25, Y+10	; 0x0a
     e86:	20 e0       	ldi	r18, 0x00	; 0
     e88:	30 e0       	ldi	r19, 0x00	; 0
     e8a:	40 e8       	ldi	r20, 0x80	; 128
     e8c:	5f e3       	ldi	r21, 0x3F	; 63
     e8e:	0e 94 79 03 	call	0x6f2	; 0x6f2 <__ltsf2>
     e92:	88 23       	and	r24, r24
     e94:	2c f4       	brge	.+10     	; 0xea0 <Door_Close+0x82>
		__ticks = 1;
     e96:	81 e0       	ldi	r24, 0x01	; 1
     e98:	90 e0       	ldi	r25, 0x00	; 0
     e9a:	9e 83       	std	Y+6, r25	; 0x06
     e9c:	8d 83       	std	Y+5, r24	; 0x05
     e9e:	3f c0       	rjmp	.+126    	; 0xf1e <Door_Close+0x100>
	else if (__tmp > 65535)
     ea0:	6f 81       	ldd	r22, Y+7	; 0x07
     ea2:	78 85       	ldd	r23, Y+8	; 0x08
     ea4:	89 85       	ldd	r24, Y+9	; 0x09
     ea6:	9a 85       	ldd	r25, Y+10	; 0x0a
     ea8:	20 e0       	ldi	r18, 0x00	; 0
     eaa:	3f ef       	ldi	r19, 0xFF	; 255
     eac:	4f e7       	ldi	r20, 0x7F	; 127
     eae:	57 e4       	ldi	r21, 0x47	; 71
     eb0:	0e 94 19 03 	call	0x632	; 0x632 <__gtsf2>
     eb4:	18 16       	cp	r1, r24
     eb6:	4c f5       	brge	.+82     	; 0xf0a <Door_Close+0xec>
	{
		//	__ticks = requested delay in 1/10 ms
		__ticks = (uint16_t) (__ms * 10.0);
     eb8:	6b 85       	ldd	r22, Y+11	; 0x0b
     eba:	7c 85       	ldd	r23, Y+12	; 0x0c
     ebc:	8d 85       	ldd	r24, Y+13	; 0x0d
     ebe:	9e 85       	ldd	r25, Y+14	; 0x0e
     ec0:	20 e0       	ldi	r18, 0x00	; 0
     ec2:	30 e0       	ldi	r19, 0x00	; 0
     ec4:	40 e2       	ldi	r20, 0x20	; 32
     ec6:	51 e4       	ldi	r21, 0x41	; 65
     ec8:	0e 94 1f 02 	call	0x43e	; 0x43e <__mulsf3>
     ecc:	dc 01       	movw	r26, r24
     ece:	cb 01       	movw	r24, r22
     ed0:	bc 01       	movw	r22, r24
     ed2:	cd 01       	movw	r24, r26
     ed4:	0e 94 49 00 	call	0x92	; 0x92 <__fixunssfsi>
     ed8:	dc 01       	movw	r26, r24
     eda:	cb 01       	movw	r24, r22
     edc:	9e 83       	std	Y+6, r25	; 0x06
     ede:	8d 83       	std	Y+5, r24	; 0x05
     ee0:	0f c0       	rjmp	.+30     	; 0xf00 <Door_Close+0xe2>
     ee2:	89 e1       	ldi	r24, 0x19	; 25
     ee4:	90 e0       	ldi	r25, 0x00	; 0
     ee6:	9c 83       	std	Y+4, r25	; 0x04
     ee8:	8b 83       	std	Y+3, r24	; 0x03
     eea:	8b 81       	ldd	r24, Y+3	; 0x03
     eec:	9c 81       	ldd	r25, Y+4	; 0x04
     eee:	01 97       	sbiw	r24, 0x01	; 1
     ef0:	f1 f7       	brne	.-4      	; 0xeee <Door_Close+0xd0>
     ef2:	9c 83       	std	Y+4, r25	; 0x04
     ef4:	8b 83       	std	Y+3, r24	; 0x03
		while(__ticks)
		{
			// wait 1/10 ms
			_delay_loop_2(((F_CPU) / 4e3) / 10);
			__ticks --;
     ef6:	8d 81       	ldd	r24, Y+5	; 0x05
     ef8:	9e 81       	ldd	r25, Y+6	; 0x06
     efa:	01 97       	sbiw	r24, 0x01	; 1
     efc:	9e 83       	std	Y+6, r25	; 0x06
     efe:	8d 83       	std	Y+5, r24	; 0x05
		__ticks = 1;
	else if (__tmp > 65535)
	{
		//	__ticks = requested delay in 1/10 ms
		__ticks = (uint16_t) (__ms * 10.0);
		while(__ticks)
     f00:	8d 81       	ldd	r24, Y+5	; 0x05
     f02:	9e 81       	ldd	r25, Y+6	; 0x06
     f04:	00 97       	sbiw	r24, 0x00	; 0
     f06:	69 f7       	brne	.-38     	; 0xee2 <Door_Close+0xc4>
     f08:	14 c0       	rjmp	.+40     	; 0xf32 <Door_Close+0x114>
			__ticks --;
		}
		return;
	}
	else
		__ticks = (uint16_t)__tmp;
     f0a:	6f 81       	ldd	r22, Y+7	; 0x07
     f0c:	78 85       	ldd	r23, Y+8	; 0x08
     f0e:	89 85       	ldd	r24, Y+9	; 0x09
     f10:	9a 85       	ldd	r25, Y+10	; 0x0a
     f12:	0e 94 49 00 	call	0x92	; 0x92 <__fixunssfsi>
     f16:	dc 01       	movw	r26, r24
     f18:	cb 01       	movw	r24, r22
     f1a:	9e 83       	std	Y+6, r25	; 0x06
     f1c:	8d 83       	std	Y+5, r24	; 0x05
     f1e:	8d 81       	ldd	r24, Y+5	; 0x05
     f20:	9e 81       	ldd	r25, Y+6	; 0x06
     f22:	9a 83       	std	Y+2, r25	; 0x02
     f24:	89 83       	std	Y+1, r24	; 0x01
     f26:	89 81       	ldd	r24, Y+1	; 0x01
     f28:	9a 81       	ldd	r25, Y+2	; 0x02
     f2a:	01 97       	sbiw	r24, 0x01	; 1
     f2c:	f1 f7       	brne	.-4      	; 0xf2a <Door_Close+0x10c>
     f2e:	9a 83       	std	Y+2, r25	; 0x02
     f30:	89 83       	std	Y+1, r24	; 0x01
	_delay_ms(1000);//close the door
	clr_bit(PORTD,6);
     f32:	a2 e3       	ldi	r26, 0x32	; 50
     f34:	b0 e0       	ldi	r27, 0x00	; 0
     f36:	e2 e3       	ldi	r30, 0x32	; 50
     f38:	f0 e0       	ldi	r31, 0x00	; 0
     f3a:	80 81       	ld	r24, Z
     f3c:	8f 7b       	andi	r24, 0xBF	; 191
     f3e:	8c 93       	st	X, r24
	clr_bit(PORTD,5);
     f40:	a2 e3       	ldi	r26, 0x32	; 50
     f42:	b0 e0       	ldi	r27, 0x00	; 0
     f44:	e2 e3       	ldi	r30, 0x32	; 50
     f46:	f0 e0       	ldi	r31, 0x00	; 0
     f48:	80 81       	ld	r24, Z
     f4a:	8f 7d       	andi	r24, 0xDF	; 223
     f4c:	8c 93       	st	X, r24
}
     f4e:	2e 96       	adiw	r28, 0x0e	; 14
     f50:	0f b6       	in	r0, 0x3f	; 63
     f52:	f8 94       	cli
     f54:	de bf       	out	0x3e, r29	; 62
     f56:	0f be       	out	0x3f, r0	; 63
     f58:	cd bf       	out	0x3d, r28	; 61
     f5a:	cf 91       	pop	r28
     f5c:	df 91       	pop	r29
     f5e:	08 95       	ret

00000f60 <Toogle_Led>:
 */

#include "Led_Intensity.h"

void Toogle_Led(void)
{
     f60:	df 93       	push	r29
     f62:	cf 93       	push	r28
     f64:	cd b7       	in	r28, 0x3d	; 61
     f66:	de b7       	in	r29, 0x3e	; 62
	toggle_bit(PORTC,7);
     f68:	a5 e3       	ldi	r26, 0x35	; 53
     f6a:	b0 e0       	ldi	r27, 0x00	; 0
     f6c:	e5 e3       	ldi	r30, 0x35	; 53
     f6e:	f0 e0       	ldi	r31, 0x00	; 0
     f70:	90 81       	ld	r25, Z
     f72:	80 e8       	ldi	r24, 0x80	; 128
     f74:	89 27       	eor	r24, r25
     f76:	8c 93       	st	X, r24
}
     f78:	cf 91       	pop	r28
     f7a:	df 91       	pop	r29
     f7c:	08 95       	ret

00000f7e <Led_25_Intensity>:

void Led_25_Intensity(void)
{
     f7e:	df 93       	push	r29
     f80:	cf 93       	push	r28
     f82:	cd b7       	in	r28, 0x3d	; 61
     f84:	de b7       	in	r29, 0x3e	; 62
	PORTB=0xff;
     f86:	e8 e3       	ldi	r30, 0x38	; 56
     f88:	f0 e0       	ldi	r31, 0x00	; 0
     f8a:	8f ef       	ldi	r24, 0xFF	; 255
     f8c:	80 83       	st	Z, r24
	TCCR0=0b01101001;
     f8e:	e3 e5       	ldi	r30, 0x53	; 83
     f90:	f0 e0       	ldi	r31, 0x00	; 0
     f92:	89 e6       	ldi	r24, 0x69	; 105
     f94:	80 83       	st	Z, r24
	TIMSK=0b00000010;
     f96:	e9 e5       	ldi	r30, 0x59	; 89
     f98:	f0 e0       	ldi	r31, 0x00	; 0
     f9a:	82 e0       	ldi	r24, 0x02	; 2
     f9c:	80 83       	st	Z, r24
	OCR0=0;//duty cycle
     f9e:	ec e5       	ldi	r30, 0x5C	; 92
     fa0:	f0 e0       	ldi	r31, 0x00	; 0
     fa2:	10 82       	st	Z, r1
}
     fa4:	cf 91       	pop	r28
     fa6:	df 91       	pop	r29
     fa8:	08 95       	ret

00000faa <Led_50_Intensity>:

void Led_50_Intensity(void)
{
     faa:	df 93       	push	r29
     fac:	cf 93       	push	r28
     fae:	cd b7       	in	r28, 0x3d	; 61
     fb0:	de b7       	in	r29, 0x3e	; 62
	PORTB=0xff;
     fb2:	e8 e3       	ldi	r30, 0x38	; 56
     fb4:	f0 e0       	ldi	r31, 0x00	; 0
     fb6:	8f ef       	ldi	r24, 0xFF	; 255
     fb8:	80 83       	st	Z, r24
	TCCR0=0b01101001;
     fba:	e3 e5       	ldi	r30, 0x53	; 83
     fbc:	f0 e0       	ldi	r31, 0x00	; 0
     fbe:	89 e6       	ldi	r24, 0x69	; 105
     fc0:	80 83       	st	Z, r24
	TIMSK=0b00000010;
     fc2:	e9 e5       	ldi	r30, 0x59	; 89
     fc4:	f0 e0       	ldi	r31, 0x00	; 0
     fc6:	82 e0       	ldi	r24, 0x02	; 2
     fc8:	80 83       	st	Z, r24
	OCR0=64;
     fca:	ec e5       	ldi	r30, 0x5C	; 92
     fcc:	f0 e0       	ldi	r31, 0x00	; 0
     fce:	80 e4       	ldi	r24, 0x40	; 64
     fd0:	80 83       	st	Z, r24
}
     fd2:	cf 91       	pop	r28
     fd4:	df 91       	pop	r29
     fd6:	08 95       	ret

00000fd8 <Led_100_Intensity>:

void Led_100_Intensity(void)
{
     fd8:	df 93       	push	r29
     fda:	cf 93       	push	r28
     fdc:	cd b7       	in	r28, 0x3d	; 61
     fde:	de b7       	in	r29, 0x3e	; 62
	PORTB=0xff;
     fe0:	e8 e3       	ldi	r30, 0x38	; 56
     fe2:	f0 e0       	ldi	r31, 0x00	; 0
     fe4:	8f ef       	ldi	r24, 0xFF	; 255
     fe6:	80 83       	st	Z, r24
	TCCR0=0b01101001;
     fe8:	e3 e5       	ldi	r30, 0x53	; 83
     fea:	f0 e0       	ldi	r31, 0x00	; 0
     fec:	89 e6       	ldi	r24, 0x69	; 105
     fee:	80 83       	st	Z, r24
	TIMSK=0b00000010;
     ff0:	e9 e5       	ldi	r30, 0x59	; 89
     ff2:	f0 e0       	ldi	r31, 0x00	; 0
     ff4:	82 e0       	ldi	r24, 0x02	; 2
     ff6:	80 83       	st	Z, r24
	OCR0=128;
     ff8:	ec e5       	ldi	r30, 0x5C	; 92
     ffa:	f0 e0       	ldi	r31, 0x00	; 0
     ffc:	80 e8       	ldi	r24, 0x80	; 128
     ffe:	80 83       	st	Z, r24
}
    1000:	cf 91       	pop	r28
    1002:	df 91       	pop	r29
    1004:	08 95       	ret

00001006 <Smarthome_Init>:
 */

#include "Smarthome.h"

void Smarthome_Init(void)
{
    1006:	df 93       	push	r29
    1008:	cf 93       	push	r28
    100a:	cd b7       	in	r28, 0x3d	; 61
    100c:	de b7       	in	r29, 0x3e	; 62
	DDRA=0x00;
    100e:	ea e3       	ldi	r30, 0x3A	; 58
    1010:	f0 e0       	ldi	r31, 0x00	; 0
    1012:	10 82       	st	Z, r1
	DDRB=0xff;
    1014:	e7 e3       	ldi	r30, 0x37	; 55
    1016:	f0 e0       	ldi	r31, 0x00	; 0
    1018:	8f ef       	ldi	r24, 0xFF	; 255
    101a:	80 83       	st	Z, r24
	DDRC=0xff;
    101c:	e4 e3       	ldi	r30, 0x34	; 52
    101e:	f0 e0       	ldi	r31, 0x00	; 0
    1020:	8f ef       	ldi	r24, 0xFF	; 255
    1022:	80 83       	st	Z, r24
	DDRD=0b11100000;
    1024:	e1 e3       	ldi	r30, 0x31	; 49
    1026:	f0 e0       	ldi	r31, 0x00	; 0
    1028:	80 ee       	ldi	r24, 0xE0	; 224
    102a:	80 83       	st	Z, r24
	Bluetooth_intial();
    102c:	0e 94 31 06 	call	0xc62	; 0xc62 <Bluetooth_intial>
}
    1030:	cf 91       	pop	r28
    1032:	df 91       	pop	r29
    1034:	08 95       	ret

00001036 <__vector_11>:

char res; //Received Data
char o,m,f;

ISR(TIMER0_OVF_vect)
{static int counter=0;
    1036:	1f 92       	push	r1
    1038:	0f 92       	push	r0
    103a:	0f b6       	in	r0, 0x3f	; 63
    103c:	0f 92       	push	r0
    103e:	11 24       	eor	r1, r1
    1040:	2f 93       	push	r18
    1042:	3f 93       	push	r19
    1044:	4f 93       	push	r20
    1046:	5f 93       	push	r21
    1048:	6f 93       	push	r22
    104a:	7f 93       	push	r23
    104c:	8f 93       	push	r24
    104e:	9f 93       	push	r25
    1050:	af 93       	push	r26
    1052:	bf 93       	push	r27
    1054:	ef 93       	push	r30
    1056:	ff 93       	push	r31
    1058:	df 93       	push	r29
    105a:	cf 93       	push	r28
    105c:	00 d0       	rcall	.+0      	; 0x105e <__vector_11+0x28>
    105e:	cd b7       	in	r28, 0x3d	; 61
    1060:	de b7       	in	r29, 0x3e	; 62
TCNT0=156;
    1062:	e2 e5       	ldi	r30, 0x52	; 82
    1064:	f0 e0       	ldi	r31, 0x00	; 0
    1066:	8c e9       	ldi	r24, 0x9C	; 156
    1068:	80 83       	st	Z, r24
counter++;
    106a:	80 91 68 00 	lds	r24, 0x0068
    106e:	90 91 69 00 	lds	r25, 0x0069
    1072:	01 96       	adiw	r24, 0x01	; 1
    1074:	90 93 69 00 	sts	0x0069, r25
    1078:	80 93 68 00 	sts	0x0068, r24
switch (res)
    107c:	80 91 6d 00 	lds	r24, 0x006D
    1080:	28 2f       	mov	r18, r24
    1082:	30 e0       	ldi	r19, 0x00	; 0
    1084:	3a 83       	std	Y+2, r19	; 0x02
    1086:	29 83       	std	Y+1, r18	; 0x01
    1088:	89 81       	ldd	r24, Y+1	; 0x01
    108a:	9a 81       	ldd	r25, Y+2	; 0x02
    108c:	8d 36       	cpi	r24, 0x6D	; 109
    108e:	91 05       	cpc	r25, r1
    1090:	09 f4       	brne	.+2      	; 0x1094 <__vector_11+0x5e>
    1092:	50 c0       	rjmp	.+160    	; 0x1134 <__vector_11+0xfe>
    1094:	29 81       	ldd	r18, Y+1	; 0x01
    1096:	3a 81       	ldd	r19, Y+2	; 0x02
    1098:	2f 36       	cpi	r18, 0x6F	; 111
    109a:	31 05       	cpc	r19, r1
    109c:	31 f0       	breq	.+12     	; 0x10aa <__vector_11+0x74>
    109e:	89 81       	ldd	r24, Y+1	; 0x01
    10a0:	9a 81       	ldd	r25, Y+2	; 0x02
    10a2:	86 36       	cpi	r24, 0x66	; 102
    10a4:	91 05       	cpc	r25, r1
    10a6:	21 f1       	breq	.+72     	; 0x10f0 <__vector_11+0xba>
    10a8:	6e c0       	rjmp	.+220    	; 0x1186 <__vector_11+0x150>
{
case 'o':
	if(counter==20)
    10aa:	80 91 68 00 	lds	r24, 0x0068
    10ae:	90 91 69 00 	lds	r25, 0x0069
    10b2:	84 31       	cpi	r24, 0x14	; 20
    10b4:	91 05       	cpc	r25, r1
    10b6:	41 f4       	brne	.+16     	; 0x10c8 <__vector_11+0x92>
	{
		clr_bit(PORTD,7);
    10b8:	a2 e3       	ldi	r26, 0x32	; 50
    10ba:	b0 e0       	ldi	r27, 0x00	; 0
    10bc:	e2 e3       	ldi	r30, 0x32	; 50
    10be:	f0 e0       	ldi	r31, 0x00	; 0
    10c0:	80 81       	ld	r24, Z
    10c2:	8f 77       	andi	r24, 0x7F	; 127
    10c4:	8c 93       	st	X, r24
    10c6:	5f c0       	rjmp	.+190    	; 0x1186 <__vector_11+0x150>
	}
	else if(counter==200)
    10c8:	80 91 68 00 	lds	r24, 0x0068
    10cc:	90 91 69 00 	lds	r25, 0x0069
    10d0:	88 3c       	cpi	r24, 0xC8	; 200
    10d2:	91 05       	cpc	r25, r1
    10d4:	09 f0       	breq	.+2      	; 0x10d8 <__vector_11+0xa2>
    10d6:	57 c0       	rjmp	.+174    	; 0x1186 <__vector_11+0x150>
	{
		set_bit(PORTD,7);
    10d8:	a2 e3       	ldi	r26, 0x32	; 50
    10da:	b0 e0       	ldi	r27, 0x00	; 0
    10dc:	e2 e3       	ldi	r30, 0x32	; 50
    10de:	f0 e0       	ldi	r31, 0x00	; 0
    10e0:	80 81       	ld	r24, Z
    10e2:	80 68       	ori	r24, 0x80	; 128
    10e4:	8c 93       	st	X, r24
		counter=0;
    10e6:	10 92 69 00 	sts	0x0069, r1
    10ea:	10 92 68 00 	sts	0x0068, r1
    10ee:	4b c0       	rjmp	.+150    	; 0x1186 <__vector_11+0x150>
	}
	break;
case 'f':
	if(counter==10)
    10f0:	80 91 68 00 	lds	r24, 0x0068
    10f4:	90 91 69 00 	lds	r25, 0x0069
    10f8:	8a 30       	cpi	r24, 0x0A	; 10
    10fa:	91 05       	cpc	r25, r1
    10fc:	41 f4       	brne	.+16     	; 0x110e <__vector_11+0xd8>
	{
		clr_bit(PORTD,7);
    10fe:	a2 e3       	ldi	r26, 0x32	; 50
    1100:	b0 e0       	ldi	r27, 0x00	; 0
    1102:	e2 e3       	ldi	r30, 0x32	; 50
    1104:	f0 e0       	ldi	r31, 0x00	; 0
    1106:	80 81       	ld	r24, Z
    1108:	8f 77       	andi	r24, 0x7F	; 127
    110a:	8c 93       	st	X, r24
    110c:	3c c0       	rjmp	.+120    	; 0x1186 <__vector_11+0x150>
	}
	else if(counter==100)
    110e:	80 91 68 00 	lds	r24, 0x0068
    1112:	90 91 69 00 	lds	r25, 0x0069
    1116:	84 36       	cpi	r24, 0x64	; 100
    1118:	91 05       	cpc	r25, r1
    111a:	a9 f5       	brne	.+106    	; 0x1186 <__vector_11+0x150>
	{
		set_bit(PORTD,7);
    111c:	a2 e3       	ldi	r26, 0x32	; 50
    111e:	b0 e0       	ldi	r27, 0x00	; 0
    1120:	e2 e3       	ldi	r30, 0x32	; 50
    1122:	f0 e0       	ldi	r31, 0x00	; 0
    1124:	80 81       	ld	r24, Z
    1126:	80 68       	ori	r24, 0x80	; 128
    1128:	8c 93       	st	X, r24
		counter=0;
    112a:	10 92 69 00 	sts	0x0069, r1
    112e:	10 92 68 00 	sts	0x0068, r1
    1132:	29 c0       	rjmp	.+82     	; 0x1186 <__vector_11+0x150>
	}
	break;
case 'm':
	res=Bluetooth_rx_data(); //resived command
    1134:	0e 94 5b 06 	call	0xcb6	; 0xcb6 <Bluetooth_rx_data>
    1138:	80 93 6d 00 	sts	0x006D, r24
	if(counter==res)
    113c:	80 91 6d 00 	lds	r24, 0x006D
    1140:	28 2f       	mov	r18, r24
    1142:	30 e0       	ldi	r19, 0x00	; 0
    1144:	80 91 68 00 	lds	r24, 0x0068
    1148:	90 91 69 00 	lds	r25, 0x0069
    114c:	28 17       	cp	r18, r24
    114e:	39 07       	cpc	r19, r25
    1150:	41 f4       	brne	.+16     	; 0x1162 <__vector_11+0x12c>
	{
		clr_bit(PORTD,7);
    1152:	a2 e3       	ldi	r26, 0x32	; 50
    1154:	b0 e0       	ldi	r27, 0x00	; 0
    1156:	e2 e3       	ldi	r30, 0x32	; 50
    1158:	f0 e0       	ldi	r31, 0x00	; 0
    115a:	80 81       	ld	r24, Z
    115c:	8f 77       	andi	r24, 0x7F	; 127
    115e:	8c 93       	st	X, r24
    1160:	12 c0       	rjmp	.+36     	; 0x1186 <__vector_11+0x150>
	}
	else if(counter==200)
    1162:	80 91 68 00 	lds	r24, 0x0068
    1166:	90 91 69 00 	lds	r25, 0x0069
    116a:	88 3c       	cpi	r24, 0xC8	; 200
    116c:	91 05       	cpc	r25, r1
    116e:	59 f4       	brne	.+22     	; 0x1186 <__vector_11+0x150>
	{
		set_bit(PORTD,7);
    1170:	a2 e3       	ldi	r26, 0x32	; 50
    1172:	b0 e0       	ldi	r27, 0x00	; 0
    1174:	e2 e3       	ldi	r30, 0x32	; 50
    1176:	f0 e0       	ldi	r31, 0x00	; 0
    1178:	80 81       	ld	r24, Z
    117a:	80 68       	ori	r24, 0x80	; 128
    117c:	8c 93       	st	X, r24
		counter=0;
    117e:	10 92 69 00 	sts	0x0069, r1
    1182:	10 92 68 00 	sts	0x0068, r1
	}
	break;
}}
    1186:	0f 90       	pop	r0
    1188:	0f 90       	pop	r0
    118a:	cf 91       	pop	r28
    118c:	df 91       	pop	r29
    118e:	ff 91       	pop	r31
    1190:	ef 91       	pop	r30
    1192:	bf 91       	pop	r27
    1194:	af 91       	pop	r26
    1196:	9f 91       	pop	r25
    1198:	8f 91       	pop	r24
    119a:	7f 91       	pop	r23
    119c:	6f 91       	pop	r22
    119e:	5f 91       	pop	r21
    11a0:	4f 91       	pop	r20
    11a2:	3f 91       	pop	r19
    11a4:	2f 91       	pop	r18
    11a6:	0f 90       	pop	r0
    11a8:	0f be       	out	0x3f, r0	; 63
    11aa:	0f 90       	pop	r0
    11ac:	1f 90       	pop	r1
    11ae:	18 95       	reti

000011b0 <Window_Init>:

void Window_Init(void)
{
    11b0:	df 93       	push	r29
    11b2:	cf 93       	push	r28
    11b4:	cd b7       	in	r28, 0x3d	; 61
    11b6:	de b7       	in	r29, 0x3e	; 62
TCCR0=0b00000010;
    11b8:	e3 e5       	ldi	r30, 0x53	; 83
    11ba:	f0 e0       	ldi	r31, 0x00	; 0
    11bc:	82 e0       	ldi	r24, 0x02	; 2
    11be:	80 83       	st	Z, r24
PORTD=0b10000000;
    11c0:	e2 e3       	ldi	r30, 0x32	; 50
    11c2:	f0 e0       	ldi	r31, 0x00	; 0
    11c4:	80 e8       	ldi	r24, 0x80	; 128
    11c6:	80 83       	st	Z, r24
TIMSK=0b00000001;
    11c8:	e9 e5       	ldi	r30, 0x59	; 89
    11ca:	f0 e0       	ldi	r31, 0x00	; 0
    11cc:	81 e0       	ldi	r24, 0x01	; 1
    11ce:	80 83       	st	Z, r24
sei();
    11d0:	78 94       	sei
}
    11d2:	cf 91       	pop	r28
    11d4:	df 91       	pop	r29
    11d6:	08 95       	ret

000011d8 <main>:
char o,m,f;



int main (void)
{
    11d8:	df 93       	push	r29
    11da:	cf 93       	push	r28
    11dc:	cd b7       	in	r28, 0x3d	; 61
    11de:	de b7       	in	r29, 0x3e	; 62
    11e0:	60 97       	sbiw	r28, 0x10	; 16
    11e2:	0f b6       	in	r0, 0x3f	; 63
    11e4:	f8 94       	cli
    11e6:	de bf       	out	0x3e, r29	; 62
    11e8:	0f be       	out	0x3f, r0	; 63
    11ea:	cd bf       	out	0x3d, r28	; 61
	ADC_Init();
    11ec:	0e 94 a3 05 	call	0xb46	; 0xb46 <ADC_Init>
	Smarthome_Init();
    11f0:	0e 94 03 08 	call	0x1006	; 0x1006 <Smarthome_Init>
	while (1)
	{
		LDR();
    11f4:	0e 94 f8 05 	call	0xbf0	; 0xbf0 <LDR>
    11f8:	80 e0       	ldi	r24, 0x00	; 0
    11fa:	90 e0       	ldi	r25, 0x00	; 0
    11fc:	a8 e4       	ldi	r26, 0x48	; 72
    11fe:	b2 e4       	ldi	r27, 0x42	; 66
    1200:	8b 87       	std	Y+11, r24	; 0x0b
    1202:	9c 87       	std	Y+12, r25	; 0x0c
    1204:	ad 87       	std	Y+13, r26	; 0x0d
    1206:	be 87       	std	Y+14, r27	; 0x0e
 */
void
_delay_ms(double __ms)
{
	uint16_t __ticks;
	double __tmp = ((F_CPU) / 4e3) * __ms;
    1208:	6b 85       	ldd	r22, Y+11	; 0x0b
    120a:	7c 85       	ldd	r23, Y+12	; 0x0c
    120c:	8d 85       	ldd	r24, Y+13	; 0x0d
    120e:	9e 85       	ldd	r25, Y+14	; 0x0e
    1210:	20 e0       	ldi	r18, 0x00	; 0
    1212:	30 e0       	ldi	r19, 0x00	; 0
    1214:	4a e7       	ldi	r20, 0x7A	; 122
    1216:	53 e4       	ldi	r21, 0x43	; 67
    1218:	0e 94 1f 02 	call	0x43e	; 0x43e <__mulsf3>
    121c:	dc 01       	movw	r26, r24
    121e:	cb 01       	movw	r24, r22
    1220:	8f 83       	std	Y+7, r24	; 0x07
    1222:	98 87       	std	Y+8, r25	; 0x08
    1224:	a9 87       	std	Y+9, r26	; 0x09
    1226:	ba 87       	std	Y+10, r27	; 0x0a
	if (__tmp < 1.0)
    1228:	6f 81       	ldd	r22, Y+7	; 0x07
    122a:	78 85       	ldd	r23, Y+8	; 0x08
    122c:	89 85       	ldd	r24, Y+9	; 0x09
    122e:	9a 85       	ldd	r25, Y+10	; 0x0a
    1230:	20 e0       	ldi	r18, 0x00	; 0
    1232:	30 e0       	ldi	r19, 0x00	; 0
    1234:	40 e8       	ldi	r20, 0x80	; 128
    1236:	5f e3       	ldi	r21, 0x3F	; 63
    1238:	0e 94 79 03 	call	0x6f2	; 0x6f2 <__ltsf2>
    123c:	88 23       	and	r24, r24
    123e:	2c f4       	brge	.+10     	; 0x124a <main+0x72>
		__ticks = 1;
    1240:	81 e0       	ldi	r24, 0x01	; 1
    1242:	90 e0       	ldi	r25, 0x00	; 0
    1244:	9e 83       	std	Y+6, r25	; 0x06
    1246:	8d 83       	std	Y+5, r24	; 0x05
    1248:	3f c0       	rjmp	.+126    	; 0x12c8 <main+0xf0>
	else if (__tmp > 65535)
    124a:	6f 81       	ldd	r22, Y+7	; 0x07
    124c:	78 85       	ldd	r23, Y+8	; 0x08
    124e:	89 85       	ldd	r24, Y+9	; 0x09
    1250:	9a 85       	ldd	r25, Y+10	; 0x0a
    1252:	20 e0       	ldi	r18, 0x00	; 0
    1254:	3f ef       	ldi	r19, 0xFF	; 255
    1256:	4f e7       	ldi	r20, 0x7F	; 127
    1258:	57 e4       	ldi	r21, 0x47	; 71
    125a:	0e 94 19 03 	call	0x632	; 0x632 <__gtsf2>
    125e:	18 16       	cp	r1, r24
    1260:	4c f5       	brge	.+82     	; 0x12b4 <main+0xdc>
	{
		//	__ticks = requested delay in 1/10 ms
		__ticks = (uint16_t) (__ms * 10.0);
    1262:	6b 85       	ldd	r22, Y+11	; 0x0b
    1264:	7c 85       	ldd	r23, Y+12	; 0x0c
    1266:	8d 85       	ldd	r24, Y+13	; 0x0d
    1268:	9e 85       	ldd	r25, Y+14	; 0x0e
    126a:	20 e0       	ldi	r18, 0x00	; 0
    126c:	30 e0       	ldi	r19, 0x00	; 0
    126e:	40 e2       	ldi	r20, 0x20	; 32
    1270:	51 e4       	ldi	r21, 0x41	; 65
    1272:	0e 94 1f 02 	call	0x43e	; 0x43e <__mulsf3>
    1276:	dc 01       	movw	r26, r24
    1278:	cb 01       	movw	r24, r22
    127a:	bc 01       	movw	r22, r24
    127c:	cd 01       	movw	r24, r26
    127e:	0e 94 49 00 	call	0x92	; 0x92 <__fixunssfsi>
    1282:	dc 01       	movw	r26, r24
    1284:	cb 01       	movw	r24, r22
    1286:	9e 83       	std	Y+6, r25	; 0x06
    1288:	8d 83       	std	Y+5, r24	; 0x05
    128a:	0f c0       	rjmp	.+30     	; 0x12aa <main+0xd2>
    128c:	89 e1       	ldi	r24, 0x19	; 25
    128e:	90 e0       	ldi	r25, 0x00	; 0
    1290:	9c 83       	std	Y+4, r25	; 0x04
    1292:	8b 83       	std	Y+3, r24	; 0x03
    1294:	8b 81       	ldd	r24, Y+3	; 0x03
    1296:	9c 81       	ldd	r25, Y+4	; 0x04
    1298:	01 97       	sbiw	r24, 0x01	; 1
    129a:	f1 f7       	brne	.-4      	; 0x1298 <main+0xc0>
    129c:	9c 83       	std	Y+4, r25	; 0x04
    129e:	8b 83       	std	Y+3, r24	; 0x03
		while(__ticks)
		{
			// wait 1/10 ms
			_delay_loop_2(((F_CPU) / 4e3) / 10);
			__ticks --;
    12a0:	8d 81       	ldd	r24, Y+5	; 0x05
    12a2:	9e 81       	ldd	r25, Y+6	; 0x06
    12a4:	01 97       	sbiw	r24, 0x01	; 1
    12a6:	9e 83       	std	Y+6, r25	; 0x06
    12a8:	8d 83       	std	Y+5, r24	; 0x05
		__ticks = 1;
	else if (__tmp > 65535)
	{
		//	__ticks = requested delay in 1/10 ms
		__ticks = (uint16_t) (__ms * 10.0);
		while(__ticks)
    12aa:	8d 81       	ldd	r24, Y+5	; 0x05
    12ac:	9e 81       	ldd	r25, Y+6	; 0x06
    12ae:	00 97       	sbiw	r24, 0x00	; 0
    12b0:	69 f7       	brne	.-38     	; 0x128c <main+0xb4>
    12b2:	14 c0       	rjmp	.+40     	; 0x12dc <main+0x104>
			__ticks --;
		}
		return;
	}
	else
		__ticks = (uint16_t)__tmp;
    12b4:	6f 81       	ldd	r22, Y+7	; 0x07
    12b6:	78 85       	ldd	r23, Y+8	; 0x08
    12b8:	89 85       	ldd	r24, Y+9	; 0x09
    12ba:	9a 85       	ldd	r25, Y+10	; 0x0a
    12bc:	0e 94 49 00 	call	0x92	; 0x92 <__fixunssfsi>
    12c0:	dc 01       	movw	r26, r24
    12c2:	cb 01       	movw	r24, r22
    12c4:	9e 83       	std	Y+6, r25	; 0x06
    12c6:	8d 83       	std	Y+5, r24	; 0x05
    12c8:	8d 81       	ldd	r24, Y+5	; 0x05
    12ca:	9e 81       	ldd	r25, Y+6	; 0x06
    12cc:	9a 83       	std	Y+2, r25	; 0x02
    12ce:	89 83       	std	Y+1, r24	; 0x01
    12d0:	89 81       	ldd	r24, Y+1	; 0x01
    12d2:	9a 81       	ldd	r25, Y+2	; 0x02
    12d4:	01 97       	sbiw	r24, 0x01	; 1
    12d6:	f1 f7       	brne	.-4      	; 0x12d4 <main+0xfc>
    12d8:	9a 83       	std	Y+2, r25	; 0x02
    12da:	89 83       	std	Y+1, r24	; 0x01
		_delay_ms(50);
		res=Bluetooth_rx_data(); //received command
    12dc:	0e 94 5b 06 	call	0xcb6	; 0xcb6 <Bluetooth_rx_data>
    12e0:	80 93 6d 00 	sts	0x006D, r24
		switch (res)
    12e4:	80 91 6d 00 	lds	r24, 0x006D
    12e8:	28 2f       	mov	r18, r24
    12ea:	30 e0       	ldi	r19, 0x00	; 0
    12ec:	38 8b       	std	Y+16, r19	; 0x10
    12ee:	2f 87       	std	Y+15, r18	; 0x0f
    12f0:	8f 85       	ldd	r24, Y+15	; 0x0f
    12f2:	98 89       	ldd	r25, Y+16	; 0x10
    12f4:	84 33       	cpi	r24, 0x34	; 52
    12f6:	91 05       	cpc	r25, r1
    12f8:	71 f1       	breq	.+92     	; 0x1356 <main+0x17e>
    12fa:	2f 85       	ldd	r18, Y+15	; 0x0f
    12fc:	38 89       	ldd	r19, Y+16	; 0x10
    12fe:	25 33       	cpi	r18, 0x35	; 53
    1300:	31 05       	cpc	r19, r1
    1302:	84 f4       	brge	.+32     	; 0x1324 <main+0x14c>
    1304:	8f 85       	ldd	r24, Y+15	; 0x0f
    1306:	98 89       	ldd	r25, Y+16	; 0x10
    1308:	82 33       	cpi	r24, 0x32	; 50
    130a:	91 05       	cpc	r25, r1
    130c:	f1 f0       	breq	.+60     	; 0x134a <main+0x172>
    130e:	2f 85       	ldd	r18, Y+15	; 0x0f
    1310:	38 89       	ldd	r19, Y+16	; 0x10
    1312:	23 33       	cpi	r18, 0x33	; 51
    1314:	31 05       	cpc	r19, r1
    1316:	e4 f4       	brge	.+56     	; 0x1350 <main+0x178>
    1318:	8f 85       	ldd	r24, Y+15	; 0x0f
    131a:	98 89       	ldd	r25, Y+16	; 0x10
    131c:	81 33       	cpi	r24, 0x31	; 49
    131e:	91 05       	cpc	r25, r1
    1320:	89 f0       	breq	.+34     	; 0x1344 <main+0x16c>
    1322:	68 cf       	rjmp	.-304    	; 0x11f4 <main+0x1c>
    1324:	2f 85       	ldd	r18, Y+15	; 0x0f
    1326:	38 89       	ldd	r19, Y+16	; 0x10
    1328:	26 33       	cpi	r18, 0x36	; 54
    132a:	31 05       	cpc	r19, r1
    132c:	d1 f0       	breq	.+52     	; 0x1362 <main+0x18a>
    132e:	8f 85       	ldd	r24, Y+15	; 0x0f
    1330:	98 89       	ldd	r25, Y+16	; 0x10
    1332:	86 33       	cpi	r24, 0x36	; 54
    1334:	91 05       	cpc	r25, r1
    1336:	94 f0       	brlt	.+36     	; 0x135c <main+0x184>
    1338:	2f 85       	ldd	r18, Y+15	; 0x0f
    133a:	38 89       	ldd	r19, Y+16	; 0x10
    133c:	27 33       	cpi	r18, 0x37	; 55
    133e:	31 05       	cpc	r19, r1
    1340:	99 f0       	breq	.+38     	; 0x1368 <main+0x190>
    1342:	58 cf       	rjmp	.-336    	; 0x11f4 <main+0x1c>
		{
		case '1':
			Toogle_Led();
    1344:	0e 94 b0 07 	call	0xf60	; 0xf60 <Toogle_Led>
    1348:	55 cf       	rjmp	.-342    	; 0x11f4 <main+0x1c>
			break;
		case '2': //led intensity change
			Led_25_Intensity();
    134a:	0e 94 bf 07 	call	0xf7e	; 0xf7e <Led_25_Intensity>
    134e:	52 cf       	rjmp	.-348    	; 0x11f4 <main+0x1c>
			break;
		case '3':
			Led_50_Intensity();
    1350:	0e 94 d5 07 	call	0xfaa	; 0xfaa <Led_50_Intensity>
    1354:	4f cf       	rjmp	.-354    	; 0x11f4 <main+0x1c>
			break;
		case '4':
			Led_100_Intensity();
    1356:	0e 94 ec 07 	call	0xfd8	; 0xfd8 <Led_100_Intensity>
    135a:	4c cf       	rjmp	.-360    	; 0x11f4 <main+0x1c>
			break;
		case '5': //door dc motor
			Door_Open();
    135c:	0e 94 6e 06 	call	0xcdc	; 0xcdc <Door_Open>
    1360:	49 cf       	rjmp	.-366    	; 0x11f4 <main+0x1c>
			break;
		case '6':
			Door_Close();
    1362:	0e 94 0f 07 	call	0xe1e	; 0xe1e <Door_Close>
    1366:	46 cf       	rjmp	.-372    	; 0x11f4 <main+0x1c>
			break;
		case '7':  //servo window
			Window_Init();
    1368:	0e 94 d8 08 	call	0x11b0	; 0x11b0 <Window_Init>
    136c:	43 cf       	rjmp	.-378    	; 0x11f4 <main+0x1c>

0000136e <__divmodhi4>:
    136e:	97 fb       	bst	r25, 7
    1370:	09 2e       	mov	r0, r25
    1372:	07 26       	eor	r0, r23
    1374:	0a d0       	rcall	.+20     	; 0x138a <__divmodhi4_neg1>
    1376:	77 fd       	sbrc	r23, 7
    1378:	04 d0       	rcall	.+8      	; 0x1382 <__divmodhi4_neg2>
    137a:	0c d0       	rcall	.+24     	; 0x1394 <__udivmodhi4>
    137c:	06 d0       	rcall	.+12     	; 0x138a <__divmodhi4_neg1>
    137e:	00 20       	and	r0, r0
    1380:	1a f4       	brpl	.+6      	; 0x1388 <__divmodhi4_exit>

00001382 <__divmodhi4_neg2>:
    1382:	70 95       	com	r23
    1384:	61 95       	neg	r22
    1386:	7f 4f       	sbci	r23, 0xFF	; 255

00001388 <__divmodhi4_exit>:
    1388:	08 95       	ret

0000138a <__divmodhi4_neg1>:
    138a:	f6 f7       	brtc	.-4      	; 0x1388 <__divmodhi4_exit>
    138c:	90 95       	com	r25
    138e:	81 95       	neg	r24
    1390:	9f 4f       	sbci	r25, 0xFF	; 255
    1392:	08 95       	ret

00001394 <__udivmodhi4>:
    1394:	aa 1b       	sub	r26, r26
    1396:	bb 1b       	sub	r27, r27
    1398:	51 e1       	ldi	r21, 0x11	; 17
    139a:	07 c0       	rjmp	.+14     	; 0x13aa <__udivmodhi4_ep>

0000139c <__udivmodhi4_loop>:
    139c:	aa 1f       	adc	r26, r26
    139e:	bb 1f       	adc	r27, r27
    13a0:	a6 17       	cp	r26, r22
    13a2:	b7 07       	cpc	r27, r23
    13a4:	10 f0       	brcs	.+4      	; 0x13aa <__udivmodhi4_ep>
    13a6:	a6 1b       	sub	r26, r22
    13a8:	b7 0b       	sbc	r27, r23

000013aa <__udivmodhi4_ep>:
    13aa:	88 1f       	adc	r24, r24
    13ac:	99 1f       	adc	r25, r25
    13ae:	5a 95       	dec	r21
    13b0:	a9 f7       	brne	.-22     	; 0x139c <__udivmodhi4_loop>
    13b2:	80 95       	com	r24
    13b4:	90 95       	com	r25
    13b6:	bc 01       	movw	r22, r24
    13b8:	cd 01       	movw	r24, r26
    13ba:	08 95       	ret

000013bc <__prologue_saves__>:
    13bc:	2f 92       	push	r2
    13be:	3f 92       	push	r3
    13c0:	4f 92       	push	r4
    13c2:	5f 92       	push	r5
    13c4:	6f 92       	push	r6
    13c6:	7f 92       	push	r7
    13c8:	8f 92       	push	r8
    13ca:	9f 92       	push	r9
    13cc:	af 92       	push	r10
    13ce:	bf 92       	push	r11
    13d0:	cf 92       	push	r12
    13d2:	df 92       	push	r13
    13d4:	ef 92       	push	r14
    13d6:	ff 92       	push	r15
    13d8:	0f 93       	push	r16
    13da:	1f 93       	push	r17
    13dc:	cf 93       	push	r28
    13de:	df 93       	push	r29
    13e0:	cd b7       	in	r28, 0x3d	; 61
    13e2:	de b7       	in	r29, 0x3e	; 62
    13e4:	ca 1b       	sub	r28, r26
    13e6:	db 0b       	sbc	r29, r27
    13e8:	0f b6       	in	r0, 0x3f	; 63
    13ea:	f8 94       	cli
    13ec:	de bf       	out	0x3e, r29	; 62
    13ee:	0f be       	out	0x3f, r0	; 63
    13f0:	cd bf       	out	0x3d, r28	; 61
    13f2:	09 94       	ijmp

000013f4 <__epilogue_restores__>:
    13f4:	2a 88       	ldd	r2, Y+18	; 0x12
    13f6:	39 88       	ldd	r3, Y+17	; 0x11
    13f8:	48 88       	ldd	r4, Y+16	; 0x10
    13fa:	5f 84       	ldd	r5, Y+15	; 0x0f
    13fc:	6e 84       	ldd	r6, Y+14	; 0x0e
    13fe:	7d 84       	ldd	r7, Y+13	; 0x0d
    1400:	8c 84       	ldd	r8, Y+12	; 0x0c
    1402:	9b 84       	ldd	r9, Y+11	; 0x0b
    1404:	aa 84       	ldd	r10, Y+10	; 0x0a
    1406:	b9 84       	ldd	r11, Y+9	; 0x09
    1408:	c8 84       	ldd	r12, Y+8	; 0x08
    140a:	df 80       	ldd	r13, Y+7	; 0x07
    140c:	ee 80       	ldd	r14, Y+6	; 0x06
    140e:	fd 80       	ldd	r15, Y+5	; 0x05
    1410:	0c 81       	ldd	r16, Y+4	; 0x04
    1412:	1b 81       	ldd	r17, Y+3	; 0x03
    1414:	aa 81       	ldd	r26, Y+2	; 0x02
    1416:	b9 81       	ldd	r27, Y+1	; 0x01
    1418:	ce 0f       	add	r28, r30
    141a:	d1 1d       	adc	r29, r1
    141c:	0f b6       	in	r0, 0x3f	; 63
    141e:	f8 94       	cli
    1420:	de bf       	out	0x3e, r29	; 62
    1422:	0f be       	out	0x3f, r0	; 63
    1424:	cd bf       	out	0x3d, r28	; 61
    1426:	ed 01       	movw	r28, r26
    1428:	08 95       	ret

0000142a <_exit>:
    142a:	f8 94       	cli

0000142c <__stop_program>:
    142c:	ff cf       	rjmp	.-2      	; 0x142c <__stop_program>
