
Project_4_Bluetooth_Controlled_Mobile_Robot.elf:     file format elf32-avr

Sections:
Idx Name          Size      VMA       LMA       File off  Algn
  0 .text         000031de  00000000  00000000  00000094  2**1
                  CONTENTS, ALLOC, LOAD, READONLY, CODE
  1 .data         0000011e  00800060  000031de  00003272  2**0
                  CONTENTS, ALLOC, LOAD, DATA
  2 .bss          0000000f  0080017e  0080017e  00003390  2**0
                  ALLOC
  3 .stab         000027f0  00000000  00000000  00003390  2**2
                  CONTENTS, READONLY, DEBUGGING
  4 .stabstr      00000dd5  00000000  00000000  00005b80  2**0
                  CONTENTS, READONLY, DEBUGGING
  5 .debug_aranges 000001a0  00000000  00000000  00006955  2**0
                  CONTENTS, READONLY, DEBUGGING
  6 .debug_pubnames 000001f0  00000000  00000000  00006af5  2**0
                  CONTENTS, READONLY, DEBUGGING
  7 .debug_info   0000240c  00000000  00000000  00006ce5  2**0
                  CONTENTS, READONLY, DEBUGGING
  8 .debug_abbrev 00001377  00000000  00000000  000090f1  2**0
                  CONTENTS, READONLY, DEBUGGING
  9 .debug_line   000011d8  00000000  00000000  0000a468  2**0
                  CONTENTS, READONLY, DEBUGGING
 10 .debug_frame  000001c0  00000000  00000000  0000b640  2**2
                  CONTENTS, READONLY, DEBUGGING
 11 .debug_str    000002f3  00000000  00000000  0000b800  2**0
                  CONTENTS, READONLY, DEBUGGING
 12 .debug_loc    000009ce  00000000  00000000  0000baf3  2**0
                  CONTENTS, READONLY, DEBUGGING
 13 .debug_ranges 00000050  00000000  00000000  0000c4c1  2**0
                  CONTENTS, READONLY, DEBUGGING

Disassembly of section .text:

00000000 <__vectors>:
       0:	0c 94 2a 00 	jmp	0x54	; 0x54 <__ctors_end>
       4:	0c 94 47 00 	jmp	0x8e	; 0x8e <__bad_interrupt>
       8:	0c 94 47 00 	jmp	0x8e	; 0x8e <__bad_interrupt>
       c:	0c 94 47 00 	jmp	0x8e	; 0x8e <__bad_interrupt>
      10:	0c 94 47 00 	jmp	0x8e	; 0x8e <__bad_interrupt>
      14:	0c 94 47 00 	jmp	0x8e	; 0x8e <__bad_interrupt>
      18:	0c 94 47 00 	jmp	0x8e	; 0x8e <__bad_interrupt>
      1c:	0c 94 47 00 	jmp	0x8e	; 0x8e <__bad_interrupt>
      20:	0c 94 47 00 	jmp	0x8e	; 0x8e <__bad_interrupt>
      24:	0c 94 47 00 	jmp	0x8e	; 0x8e <__bad_interrupt>
      28:	0c 94 47 00 	jmp	0x8e	; 0x8e <__bad_interrupt>
      2c:	0c 94 47 00 	jmp	0x8e	; 0x8e <__bad_interrupt>
      30:	0c 94 47 00 	jmp	0x8e	; 0x8e <__bad_interrupt>
      34:	0c 94 47 00 	jmp	0x8e	; 0x8e <__bad_interrupt>
      38:	0c 94 47 00 	jmp	0x8e	; 0x8e <__bad_interrupt>
      3c:	0c 94 47 00 	jmp	0x8e	; 0x8e <__bad_interrupt>
      40:	0c 94 47 00 	jmp	0x8e	; 0x8e <__bad_interrupt>
      44:	0c 94 47 00 	jmp	0x8e	; 0x8e <__bad_interrupt>
      48:	0c 94 47 00 	jmp	0x8e	; 0x8e <__bad_interrupt>
      4c:	0c 94 47 00 	jmp	0x8e	; 0x8e <__bad_interrupt>
      50:	0c 94 47 00 	jmp	0x8e	; 0x8e <__bad_interrupt>

00000054 <__ctors_end>:
      54:	11 24       	eor	r1, r1
      56:	1f be       	out	0x3f, r1	; 63
      58:	cf e5       	ldi	r28, 0x5F	; 95
      5a:	d8 e0       	ldi	r29, 0x08	; 8
      5c:	de bf       	out	0x3e, r29	; 62
      5e:	cd bf       	out	0x3d, r28	; 61

00000060 <__do_copy_data>:
      60:	11 e0       	ldi	r17, 0x01	; 1
      62:	a0 e6       	ldi	r26, 0x60	; 96
      64:	b0 e0       	ldi	r27, 0x00	; 0
      66:	ee ed       	ldi	r30, 0xDE	; 222
      68:	f1 e3       	ldi	r31, 0x31	; 49
      6a:	02 c0       	rjmp	.+4      	; 0x70 <.do_copy_data_start>

0000006c <.do_copy_data_loop>:
      6c:	05 90       	lpm	r0, Z+
      6e:	0d 92       	st	X+, r0

00000070 <.do_copy_data_start>:
      70:	ae 37       	cpi	r26, 0x7E	; 126
      72:	b1 07       	cpc	r27, r17
      74:	d9 f7       	brne	.-10     	; 0x6c <.do_copy_data_loop>

00000076 <__do_clear_bss>:
      76:	11 e0       	ldi	r17, 0x01	; 1
      78:	ae e7       	ldi	r26, 0x7E	; 126
      7a:	b1 e0       	ldi	r27, 0x01	; 1
      7c:	01 c0       	rjmp	.+2      	; 0x80 <.do_clear_bss_start>

0000007e <.do_clear_bss_loop>:
      7e:	1d 92       	st	X+, r1

00000080 <.do_clear_bss_start>:
      80:	ad 38       	cpi	r26, 0x8D	; 141
      82:	b1 07       	cpc	r27, r17
      84:	e1 f7       	brne	.-8      	; 0x7e <.do_clear_bss_loop>
      86:	0e 94 49 18 	call	0x3092	; 0x3092 <main>
      8a:	0c 94 ed 18 	jmp	0x31da	; 0x31da <_exit>

0000008e <__bad_interrupt>:
      8e:	0c 94 00 00 	jmp	0	; 0x0 <__vectors>

00000092 <__fixunssfsi>:
      92:	ef 92       	push	r14
      94:	ff 92       	push	r15
      96:	0f 93       	push	r16
      98:	1f 93       	push	r17
      9a:	7b 01       	movw	r14, r22
      9c:	8c 01       	movw	r16, r24
      9e:	20 e0       	ldi	r18, 0x00	; 0
      a0:	30 e0       	ldi	r19, 0x00	; 0
      a2:	40 e0       	ldi	r20, 0x00	; 0
      a4:	5f e4       	ldi	r21, 0x4F	; 79
      a6:	0e 94 f5 03 	call	0x7ea	; 0x7ea <__gesf2>
      aa:	88 23       	and	r24, r24
      ac:	8c f0       	brlt	.+34     	; 0xd0 <__fixunssfsi+0x3e>
      ae:	c8 01       	movw	r24, r16
      b0:	b7 01       	movw	r22, r14
      b2:	20 e0       	ldi	r18, 0x00	; 0
      b4:	30 e0       	ldi	r19, 0x00	; 0
      b6:	40 e0       	ldi	r20, 0x00	; 0
      b8:	5f e4       	ldi	r21, 0x4F	; 79
      ba:	0e 94 c1 01 	call	0x382	; 0x382 <__subsf3>
      be:	0e 94 b3 04 	call	0x966	; 0x966 <__fixsfsi>
      c2:	9b 01       	movw	r18, r22
      c4:	ac 01       	movw	r20, r24
      c6:	20 50       	subi	r18, 0x00	; 0
      c8:	30 40       	sbci	r19, 0x00	; 0
      ca:	40 40       	sbci	r20, 0x00	; 0
      cc:	50 48       	sbci	r21, 0x80	; 128
      ce:	06 c0       	rjmp	.+12     	; 0xdc <__fixunssfsi+0x4a>
      d0:	c8 01       	movw	r24, r16
      d2:	b7 01       	movw	r22, r14
      d4:	0e 94 b3 04 	call	0x966	; 0x966 <__fixsfsi>
      d8:	9b 01       	movw	r18, r22
      da:	ac 01       	movw	r20, r24
      dc:	b9 01       	movw	r22, r18
      de:	ca 01       	movw	r24, r20
      e0:	1f 91       	pop	r17
      e2:	0f 91       	pop	r16
      e4:	ff 90       	pop	r15
      e6:	ef 90       	pop	r14
      e8:	08 95       	ret

000000ea <_fpadd_parts>:
      ea:	a0 e0       	ldi	r26, 0x00	; 0
      ec:	b0 e0       	ldi	r27, 0x00	; 0
      ee:	eb e7       	ldi	r30, 0x7B	; 123
      f0:	f0 e0       	ldi	r31, 0x00	; 0
      f2:	0c 94 b6 18 	jmp	0x316c	; 0x316c <__prologue_saves__>
      f6:	dc 01       	movw	r26, r24
      f8:	2b 01       	movw	r4, r22
      fa:	fa 01       	movw	r30, r20
      fc:	9c 91       	ld	r25, X
      fe:	92 30       	cpi	r25, 0x02	; 2
     100:	08 f4       	brcc	.+2      	; 0x104 <_fpadd_parts+0x1a>
     102:	39 c1       	rjmp	.+626    	; 0x376 <_fpadd_parts+0x28c>
     104:	eb 01       	movw	r28, r22
     106:	88 81       	ld	r24, Y
     108:	82 30       	cpi	r24, 0x02	; 2
     10a:	08 f4       	brcc	.+2      	; 0x10e <_fpadd_parts+0x24>
     10c:	33 c1       	rjmp	.+614    	; 0x374 <_fpadd_parts+0x28a>
     10e:	94 30       	cpi	r25, 0x04	; 4
     110:	69 f4       	brne	.+26     	; 0x12c <_fpadd_parts+0x42>
     112:	84 30       	cpi	r24, 0x04	; 4
     114:	09 f0       	breq	.+2      	; 0x118 <_fpadd_parts+0x2e>
     116:	2f c1       	rjmp	.+606    	; 0x376 <_fpadd_parts+0x28c>
     118:	11 96       	adiw	r26, 0x01	; 1
     11a:	9c 91       	ld	r25, X
     11c:	11 97       	sbiw	r26, 0x01	; 1
     11e:	89 81       	ldd	r24, Y+1	; 0x01
     120:	98 17       	cp	r25, r24
     122:	09 f4       	brne	.+2      	; 0x126 <_fpadd_parts+0x3c>
     124:	28 c1       	rjmp	.+592    	; 0x376 <_fpadd_parts+0x28c>
     126:	a5 e7       	ldi	r26, 0x75	; 117
     128:	b0 e0       	ldi	r27, 0x00	; 0
     12a:	25 c1       	rjmp	.+586    	; 0x376 <_fpadd_parts+0x28c>
     12c:	84 30       	cpi	r24, 0x04	; 4
     12e:	09 f4       	brne	.+2      	; 0x132 <_fpadd_parts+0x48>
     130:	21 c1       	rjmp	.+578    	; 0x374 <_fpadd_parts+0x28a>
     132:	82 30       	cpi	r24, 0x02	; 2
     134:	a9 f4       	brne	.+42     	; 0x160 <_fpadd_parts+0x76>
     136:	92 30       	cpi	r25, 0x02	; 2
     138:	09 f0       	breq	.+2      	; 0x13c <_fpadd_parts+0x52>
     13a:	1d c1       	rjmp	.+570    	; 0x376 <_fpadd_parts+0x28c>
     13c:	9a 01       	movw	r18, r20
     13e:	ad 01       	movw	r20, r26
     140:	88 e0       	ldi	r24, 0x08	; 8
     142:	ea 01       	movw	r28, r20
     144:	09 90       	ld	r0, Y+
     146:	ae 01       	movw	r20, r28
     148:	e9 01       	movw	r28, r18
     14a:	09 92       	st	Y+, r0
     14c:	9e 01       	movw	r18, r28
     14e:	81 50       	subi	r24, 0x01	; 1
     150:	c1 f7       	brne	.-16     	; 0x142 <_fpadd_parts+0x58>
     152:	e2 01       	movw	r28, r4
     154:	89 81       	ldd	r24, Y+1	; 0x01
     156:	11 96       	adiw	r26, 0x01	; 1
     158:	9c 91       	ld	r25, X
     15a:	89 23       	and	r24, r25
     15c:	81 83       	std	Z+1, r24	; 0x01
     15e:	08 c1       	rjmp	.+528    	; 0x370 <_fpadd_parts+0x286>
     160:	92 30       	cpi	r25, 0x02	; 2
     162:	09 f4       	brne	.+2      	; 0x166 <_fpadd_parts+0x7c>
     164:	07 c1       	rjmp	.+526    	; 0x374 <_fpadd_parts+0x28a>
     166:	12 96       	adiw	r26, 0x02	; 2
     168:	2d 90       	ld	r2, X+
     16a:	3c 90       	ld	r3, X
     16c:	13 97       	sbiw	r26, 0x03	; 3
     16e:	eb 01       	movw	r28, r22
     170:	8a 81       	ldd	r24, Y+2	; 0x02
     172:	9b 81       	ldd	r25, Y+3	; 0x03
     174:	14 96       	adiw	r26, 0x04	; 4
     176:	ad 90       	ld	r10, X+
     178:	bd 90       	ld	r11, X+
     17a:	cd 90       	ld	r12, X+
     17c:	dc 90       	ld	r13, X
     17e:	17 97       	sbiw	r26, 0x07	; 7
     180:	ec 80       	ldd	r14, Y+4	; 0x04
     182:	fd 80       	ldd	r15, Y+5	; 0x05
     184:	0e 81       	ldd	r16, Y+6	; 0x06
     186:	1f 81       	ldd	r17, Y+7	; 0x07
     188:	91 01       	movw	r18, r2
     18a:	28 1b       	sub	r18, r24
     18c:	39 0b       	sbc	r19, r25
     18e:	b9 01       	movw	r22, r18
     190:	37 ff       	sbrs	r19, 7
     192:	04 c0       	rjmp	.+8      	; 0x19c <_fpadd_parts+0xb2>
     194:	66 27       	eor	r22, r22
     196:	77 27       	eor	r23, r23
     198:	62 1b       	sub	r22, r18
     19a:	73 0b       	sbc	r23, r19
     19c:	60 32       	cpi	r22, 0x20	; 32
     19e:	71 05       	cpc	r23, r1
     1a0:	0c f0       	brlt	.+2      	; 0x1a4 <_fpadd_parts+0xba>
     1a2:	61 c0       	rjmp	.+194    	; 0x266 <_fpadd_parts+0x17c>
     1a4:	12 16       	cp	r1, r18
     1a6:	13 06       	cpc	r1, r19
     1a8:	6c f5       	brge	.+90     	; 0x204 <_fpadd_parts+0x11a>
     1aa:	37 01       	movw	r6, r14
     1ac:	48 01       	movw	r8, r16
     1ae:	06 2e       	mov	r0, r22
     1b0:	04 c0       	rjmp	.+8      	; 0x1ba <_fpadd_parts+0xd0>
     1b2:	96 94       	lsr	r9
     1b4:	87 94       	ror	r8
     1b6:	77 94       	ror	r7
     1b8:	67 94       	ror	r6
     1ba:	0a 94       	dec	r0
     1bc:	d2 f7       	brpl	.-12     	; 0x1b2 <_fpadd_parts+0xc8>
     1be:	21 e0       	ldi	r18, 0x01	; 1
     1c0:	30 e0       	ldi	r19, 0x00	; 0
     1c2:	40 e0       	ldi	r20, 0x00	; 0
     1c4:	50 e0       	ldi	r21, 0x00	; 0
     1c6:	04 c0       	rjmp	.+8      	; 0x1d0 <_fpadd_parts+0xe6>
     1c8:	22 0f       	add	r18, r18
     1ca:	33 1f       	adc	r19, r19
     1cc:	44 1f       	adc	r20, r20
     1ce:	55 1f       	adc	r21, r21
     1d0:	6a 95       	dec	r22
     1d2:	d2 f7       	brpl	.-12     	; 0x1c8 <_fpadd_parts+0xde>
     1d4:	21 50       	subi	r18, 0x01	; 1
     1d6:	30 40       	sbci	r19, 0x00	; 0
     1d8:	40 40       	sbci	r20, 0x00	; 0
     1da:	50 40       	sbci	r21, 0x00	; 0
     1dc:	2e 21       	and	r18, r14
     1de:	3f 21       	and	r19, r15
     1e0:	40 23       	and	r20, r16
     1e2:	51 23       	and	r21, r17
     1e4:	21 15       	cp	r18, r1
     1e6:	31 05       	cpc	r19, r1
     1e8:	41 05       	cpc	r20, r1
     1ea:	51 05       	cpc	r21, r1
     1ec:	21 f0       	breq	.+8      	; 0x1f6 <_fpadd_parts+0x10c>
     1ee:	21 e0       	ldi	r18, 0x01	; 1
     1f0:	30 e0       	ldi	r19, 0x00	; 0
     1f2:	40 e0       	ldi	r20, 0x00	; 0
     1f4:	50 e0       	ldi	r21, 0x00	; 0
     1f6:	79 01       	movw	r14, r18
     1f8:	8a 01       	movw	r16, r20
     1fa:	e6 28       	or	r14, r6
     1fc:	f7 28       	or	r15, r7
     1fe:	08 29       	or	r16, r8
     200:	19 29       	or	r17, r9
     202:	3c c0       	rjmp	.+120    	; 0x27c <_fpadd_parts+0x192>
     204:	23 2b       	or	r18, r19
     206:	d1 f1       	breq	.+116    	; 0x27c <_fpadd_parts+0x192>
     208:	26 0e       	add	r2, r22
     20a:	37 1e       	adc	r3, r23
     20c:	35 01       	movw	r6, r10
     20e:	46 01       	movw	r8, r12
     210:	06 2e       	mov	r0, r22
     212:	04 c0       	rjmp	.+8      	; 0x21c <_fpadd_parts+0x132>
     214:	96 94       	lsr	r9
     216:	87 94       	ror	r8
     218:	77 94       	ror	r7
     21a:	67 94       	ror	r6
     21c:	0a 94       	dec	r0
     21e:	d2 f7       	brpl	.-12     	; 0x214 <_fpadd_parts+0x12a>
     220:	21 e0       	ldi	r18, 0x01	; 1
     222:	30 e0       	ldi	r19, 0x00	; 0
     224:	40 e0       	ldi	r20, 0x00	; 0
     226:	50 e0       	ldi	r21, 0x00	; 0
     228:	04 c0       	rjmp	.+8      	; 0x232 <_fpadd_parts+0x148>
     22a:	22 0f       	add	r18, r18
     22c:	33 1f       	adc	r19, r19
     22e:	44 1f       	adc	r20, r20
     230:	55 1f       	adc	r21, r21
     232:	6a 95       	dec	r22
     234:	d2 f7       	brpl	.-12     	; 0x22a <_fpadd_parts+0x140>
     236:	21 50       	subi	r18, 0x01	; 1
     238:	30 40       	sbci	r19, 0x00	; 0
     23a:	40 40       	sbci	r20, 0x00	; 0
     23c:	50 40       	sbci	r21, 0x00	; 0
     23e:	2a 21       	and	r18, r10
     240:	3b 21       	and	r19, r11
     242:	4c 21       	and	r20, r12
     244:	5d 21       	and	r21, r13
     246:	21 15       	cp	r18, r1
     248:	31 05       	cpc	r19, r1
     24a:	41 05       	cpc	r20, r1
     24c:	51 05       	cpc	r21, r1
     24e:	21 f0       	breq	.+8      	; 0x258 <_fpadd_parts+0x16e>
     250:	21 e0       	ldi	r18, 0x01	; 1
     252:	30 e0       	ldi	r19, 0x00	; 0
     254:	40 e0       	ldi	r20, 0x00	; 0
     256:	50 e0       	ldi	r21, 0x00	; 0
     258:	59 01       	movw	r10, r18
     25a:	6a 01       	movw	r12, r20
     25c:	a6 28       	or	r10, r6
     25e:	b7 28       	or	r11, r7
     260:	c8 28       	or	r12, r8
     262:	d9 28       	or	r13, r9
     264:	0b c0       	rjmp	.+22     	; 0x27c <_fpadd_parts+0x192>
     266:	82 15       	cp	r24, r2
     268:	93 05       	cpc	r25, r3
     26a:	2c f0       	brlt	.+10     	; 0x276 <_fpadd_parts+0x18c>
     26c:	1c 01       	movw	r2, r24
     26e:	aa 24       	eor	r10, r10
     270:	bb 24       	eor	r11, r11
     272:	65 01       	movw	r12, r10
     274:	03 c0       	rjmp	.+6      	; 0x27c <_fpadd_parts+0x192>
     276:	ee 24       	eor	r14, r14
     278:	ff 24       	eor	r15, r15
     27a:	87 01       	movw	r16, r14
     27c:	11 96       	adiw	r26, 0x01	; 1
     27e:	9c 91       	ld	r25, X
     280:	d2 01       	movw	r26, r4
     282:	11 96       	adiw	r26, 0x01	; 1
     284:	8c 91       	ld	r24, X
     286:	98 17       	cp	r25, r24
     288:	09 f4       	brne	.+2      	; 0x28c <_fpadd_parts+0x1a2>
     28a:	45 c0       	rjmp	.+138    	; 0x316 <_fpadd_parts+0x22c>
     28c:	99 23       	and	r25, r25
     28e:	39 f0       	breq	.+14     	; 0x29e <_fpadd_parts+0x1b4>
     290:	a8 01       	movw	r20, r16
     292:	97 01       	movw	r18, r14
     294:	2a 19       	sub	r18, r10
     296:	3b 09       	sbc	r19, r11
     298:	4c 09       	sbc	r20, r12
     29a:	5d 09       	sbc	r21, r13
     29c:	06 c0       	rjmp	.+12     	; 0x2aa <_fpadd_parts+0x1c0>
     29e:	a6 01       	movw	r20, r12
     2a0:	95 01       	movw	r18, r10
     2a2:	2e 19       	sub	r18, r14
     2a4:	3f 09       	sbc	r19, r15
     2a6:	40 0b       	sbc	r20, r16
     2a8:	51 0b       	sbc	r21, r17
     2aa:	57 fd       	sbrc	r21, 7
     2ac:	08 c0       	rjmp	.+16     	; 0x2be <_fpadd_parts+0x1d4>
     2ae:	11 82       	std	Z+1, r1	; 0x01
     2b0:	33 82       	std	Z+3, r3	; 0x03
     2b2:	22 82       	std	Z+2, r2	; 0x02
     2b4:	24 83       	std	Z+4, r18	; 0x04
     2b6:	35 83       	std	Z+5, r19	; 0x05
     2b8:	46 83       	std	Z+6, r20	; 0x06
     2ba:	57 83       	std	Z+7, r21	; 0x07
     2bc:	1d c0       	rjmp	.+58     	; 0x2f8 <_fpadd_parts+0x20e>
     2be:	81 e0       	ldi	r24, 0x01	; 1
     2c0:	81 83       	std	Z+1, r24	; 0x01
     2c2:	33 82       	std	Z+3, r3	; 0x03
     2c4:	22 82       	std	Z+2, r2	; 0x02
     2c6:	88 27       	eor	r24, r24
     2c8:	99 27       	eor	r25, r25
     2ca:	dc 01       	movw	r26, r24
     2cc:	82 1b       	sub	r24, r18
     2ce:	93 0b       	sbc	r25, r19
     2d0:	a4 0b       	sbc	r26, r20
     2d2:	b5 0b       	sbc	r27, r21
     2d4:	84 83       	std	Z+4, r24	; 0x04
     2d6:	95 83       	std	Z+5, r25	; 0x05
     2d8:	a6 83       	std	Z+6, r26	; 0x06
     2da:	b7 83       	std	Z+7, r27	; 0x07
     2dc:	0d c0       	rjmp	.+26     	; 0x2f8 <_fpadd_parts+0x20e>
     2de:	22 0f       	add	r18, r18
     2e0:	33 1f       	adc	r19, r19
     2e2:	44 1f       	adc	r20, r20
     2e4:	55 1f       	adc	r21, r21
     2e6:	24 83       	std	Z+4, r18	; 0x04
     2e8:	35 83       	std	Z+5, r19	; 0x05
     2ea:	46 83       	std	Z+6, r20	; 0x06
     2ec:	57 83       	std	Z+7, r21	; 0x07
     2ee:	82 81       	ldd	r24, Z+2	; 0x02
     2f0:	93 81       	ldd	r25, Z+3	; 0x03
     2f2:	01 97       	sbiw	r24, 0x01	; 1
     2f4:	93 83       	std	Z+3, r25	; 0x03
     2f6:	82 83       	std	Z+2, r24	; 0x02
     2f8:	24 81       	ldd	r18, Z+4	; 0x04
     2fa:	35 81       	ldd	r19, Z+5	; 0x05
     2fc:	46 81       	ldd	r20, Z+6	; 0x06
     2fe:	57 81       	ldd	r21, Z+7	; 0x07
     300:	da 01       	movw	r26, r20
     302:	c9 01       	movw	r24, r18
     304:	01 97       	sbiw	r24, 0x01	; 1
     306:	a1 09       	sbc	r26, r1
     308:	b1 09       	sbc	r27, r1
     30a:	8f 5f       	subi	r24, 0xFF	; 255
     30c:	9f 4f       	sbci	r25, 0xFF	; 255
     30e:	af 4f       	sbci	r26, 0xFF	; 255
     310:	bf 43       	sbci	r27, 0x3F	; 63
     312:	28 f3       	brcs	.-54     	; 0x2de <_fpadd_parts+0x1f4>
     314:	0b c0       	rjmp	.+22     	; 0x32c <_fpadd_parts+0x242>
     316:	91 83       	std	Z+1, r25	; 0x01
     318:	33 82       	std	Z+3, r3	; 0x03
     31a:	22 82       	std	Z+2, r2	; 0x02
     31c:	ea 0c       	add	r14, r10
     31e:	fb 1c       	adc	r15, r11
     320:	0c 1d       	adc	r16, r12
     322:	1d 1d       	adc	r17, r13
     324:	e4 82       	std	Z+4, r14	; 0x04
     326:	f5 82       	std	Z+5, r15	; 0x05
     328:	06 83       	std	Z+6, r16	; 0x06
     32a:	17 83       	std	Z+7, r17	; 0x07
     32c:	83 e0       	ldi	r24, 0x03	; 3
     32e:	80 83       	st	Z, r24
     330:	24 81       	ldd	r18, Z+4	; 0x04
     332:	35 81       	ldd	r19, Z+5	; 0x05
     334:	46 81       	ldd	r20, Z+6	; 0x06
     336:	57 81       	ldd	r21, Z+7	; 0x07
     338:	57 ff       	sbrs	r21, 7
     33a:	1a c0       	rjmp	.+52     	; 0x370 <_fpadd_parts+0x286>
     33c:	c9 01       	movw	r24, r18
     33e:	aa 27       	eor	r26, r26
     340:	97 fd       	sbrc	r25, 7
     342:	a0 95       	com	r26
     344:	ba 2f       	mov	r27, r26
     346:	81 70       	andi	r24, 0x01	; 1
     348:	90 70       	andi	r25, 0x00	; 0
     34a:	a0 70       	andi	r26, 0x00	; 0
     34c:	b0 70       	andi	r27, 0x00	; 0
     34e:	56 95       	lsr	r21
     350:	47 95       	ror	r20
     352:	37 95       	ror	r19
     354:	27 95       	ror	r18
     356:	82 2b       	or	r24, r18
     358:	93 2b       	or	r25, r19
     35a:	a4 2b       	or	r26, r20
     35c:	b5 2b       	or	r27, r21
     35e:	84 83       	std	Z+4, r24	; 0x04
     360:	95 83       	std	Z+5, r25	; 0x05
     362:	a6 83       	std	Z+6, r26	; 0x06
     364:	b7 83       	std	Z+7, r27	; 0x07
     366:	82 81       	ldd	r24, Z+2	; 0x02
     368:	93 81       	ldd	r25, Z+3	; 0x03
     36a:	01 96       	adiw	r24, 0x01	; 1
     36c:	93 83       	std	Z+3, r25	; 0x03
     36e:	82 83       	std	Z+2, r24	; 0x02
     370:	df 01       	movw	r26, r30
     372:	01 c0       	rjmp	.+2      	; 0x376 <_fpadd_parts+0x28c>
     374:	d2 01       	movw	r26, r4
     376:	cd 01       	movw	r24, r26
     378:	cd b7       	in	r28, 0x3d	; 61
     37a:	de b7       	in	r29, 0x3e	; 62
     37c:	e2 e1       	ldi	r30, 0x12	; 18
     37e:	0c 94 d2 18 	jmp	0x31a4	; 0x31a4 <__epilogue_restores__>

00000382 <__subsf3>:
     382:	a0 e2       	ldi	r26, 0x20	; 32
     384:	b0 e0       	ldi	r27, 0x00	; 0
     386:	e7 ec       	ldi	r30, 0xC7	; 199
     388:	f1 e0       	ldi	r31, 0x01	; 1
     38a:	0c 94 c2 18 	jmp	0x3184	; 0x3184 <__prologue_saves__+0x18>
     38e:	69 83       	std	Y+1, r22	; 0x01
     390:	7a 83       	std	Y+2, r23	; 0x02
     392:	8b 83       	std	Y+3, r24	; 0x03
     394:	9c 83       	std	Y+4, r25	; 0x04
     396:	2d 83       	std	Y+5, r18	; 0x05
     398:	3e 83       	std	Y+6, r19	; 0x06
     39a:	4f 83       	std	Y+7, r20	; 0x07
     39c:	58 87       	std	Y+8, r21	; 0x08
     39e:	e9 e0       	ldi	r30, 0x09	; 9
     3a0:	ee 2e       	mov	r14, r30
     3a2:	f1 2c       	mov	r15, r1
     3a4:	ec 0e       	add	r14, r28
     3a6:	fd 1e       	adc	r15, r29
     3a8:	ce 01       	movw	r24, r28
     3aa:	01 96       	adiw	r24, 0x01	; 1
     3ac:	b7 01       	movw	r22, r14
     3ae:	0e 94 2b 06 	call	0xc56	; 0xc56 <__unpack_f>
     3b2:	8e 01       	movw	r16, r28
     3b4:	0f 5e       	subi	r16, 0xEF	; 239
     3b6:	1f 4f       	sbci	r17, 0xFF	; 255
     3b8:	ce 01       	movw	r24, r28
     3ba:	05 96       	adiw	r24, 0x05	; 5
     3bc:	b8 01       	movw	r22, r16
     3be:	0e 94 2b 06 	call	0xc56	; 0xc56 <__unpack_f>
     3c2:	8a 89       	ldd	r24, Y+18	; 0x12
     3c4:	91 e0       	ldi	r25, 0x01	; 1
     3c6:	89 27       	eor	r24, r25
     3c8:	8a 8b       	std	Y+18, r24	; 0x12
     3ca:	c7 01       	movw	r24, r14
     3cc:	b8 01       	movw	r22, r16
     3ce:	ae 01       	movw	r20, r28
     3d0:	47 5e       	subi	r20, 0xE7	; 231
     3d2:	5f 4f       	sbci	r21, 0xFF	; 255
     3d4:	0e 94 75 00 	call	0xea	; 0xea <_fpadd_parts>
     3d8:	0e 94 56 05 	call	0xaac	; 0xaac <__pack_f>
     3dc:	a0 96       	adiw	r28, 0x20	; 32
     3de:	e6 e0       	ldi	r30, 0x06	; 6
     3e0:	0c 94 de 18 	jmp	0x31bc	; 0x31bc <__epilogue_restores__+0x18>

000003e4 <__addsf3>:
     3e4:	a0 e2       	ldi	r26, 0x20	; 32
     3e6:	b0 e0       	ldi	r27, 0x00	; 0
     3e8:	e8 ef       	ldi	r30, 0xF8	; 248
     3ea:	f1 e0       	ldi	r31, 0x01	; 1
     3ec:	0c 94 c2 18 	jmp	0x3184	; 0x3184 <__prologue_saves__+0x18>
     3f0:	69 83       	std	Y+1, r22	; 0x01
     3f2:	7a 83       	std	Y+2, r23	; 0x02
     3f4:	8b 83       	std	Y+3, r24	; 0x03
     3f6:	9c 83       	std	Y+4, r25	; 0x04
     3f8:	2d 83       	std	Y+5, r18	; 0x05
     3fa:	3e 83       	std	Y+6, r19	; 0x06
     3fc:	4f 83       	std	Y+7, r20	; 0x07
     3fe:	58 87       	std	Y+8, r21	; 0x08
     400:	f9 e0       	ldi	r31, 0x09	; 9
     402:	ef 2e       	mov	r14, r31
     404:	f1 2c       	mov	r15, r1
     406:	ec 0e       	add	r14, r28
     408:	fd 1e       	adc	r15, r29
     40a:	ce 01       	movw	r24, r28
     40c:	01 96       	adiw	r24, 0x01	; 1
     40e:	b7 01       	movw	r22, r14
     410:	0e 94 2b 06 	call	0xc56	; 0xc56 <__unpack_f>
     414:	8e 01       	movw	r16, r28
     416:	0f 5e       	subi	r16, 0xEF	; 239
     418:	1f 4f       	sbci	r17, 0xFF	; 255
     41a:	ce 01       	movw	r24, r28
     41c:	05 96       	adiw	r24, 0x05	; 5
     41e:	b8 01       	movw	r22, r16
     420:	0e 94 2b 06 	call	0xc56	; 0xc56 <__unpack_f>
     424:	c7 01       	movw	r24, r14
     426:	b8 01       	movw	r22, r16
     428:	ae 01       	movw	r20, r28
     42a:	47 5e       	subi	r20, 0xE7	; 231
     42c:	5f 4f       	sbci	r21, 0xFF	; 255
     42e:	0e 94 75 00 	call	0xea	; 0xea <_fpadd_parts>
     432:	0e 94 56 05 	call	0xaac	; 0xaac <__pack_f>
     436:	a0 96       	adiw	r28, 0x20	; 32
     438:	e6 e0       	ldi	r30, 0x06	; 6
     43a:	0c 94 de 18 	jmp	0x31bc	; 0x31bc <__epilogue_restores__+0x18>

0000043e <__mulsf3>:
     43e:	a0 e2       	ldi	r26, 0x20	; 32
     440:	b0 e0       	ldi	r27, 0x00	; 0
     442:	e5 e2       	ldi	r30, 0x25	; 37
     444:	f2 e0       	ldi	r31, 0x02	; 2
     446:	0c 94 b6 18 	jmp	0x316c	; 0x316c <__prologue_saves__>
     44a:	69 83       	std	Y+1, r22	; 0x01
     44c:	7a 83       	std	Y+2, r23	; 0x02
     44e:	8b 83       	std	Y+3, r24	; 0x03
     450:	9c 83       	std	Y+4, r25	; 0x04
     452:	2d 83       	std	Y+5, r18	; 0x05
     454:	3e 83       	std	Y+6, r19	; 0x06
     456:	4f 83       	std	Y+7, r20	; 0x07
     458:	58 87       	std	Y+8, r21	; 0x08
     45a:	ce 01       	movw	r24, r28
     45c:	01 96       	adiw	r24, 0x01	; 1
     45e:	be 01       	movw	r22, r28
     460:	67 5f       	subi	r22, 0xF7	; 247
     462:	7f 4f       	sbci	r23, 0xFF	; 255
     464:	0e 94 2b 06 	call	0xc56	; 0xc56 <__unpack_f>
     468:	ce 01       	movw	r24, r28
     46a:	05 96       	adiw	r24, 0x05	; 5
     46c:	be 01       	movw	r22, r28
     46e:	6f 5e       	subi	r22, 0xEF	; 239
     470:	7f 4f       	sbci	r23, 0xFF	; 255
     472:	0e 94 2b 06 	call	0xc56	; 0xc56 <__unpack_f>
     476:	99 85       	ldd	r25, Y+9	; 0x09
     478:	92 30       	cpi	r25, 0x02	; 2
     47a:	88 f0       	brcs	.+34     	; 0x49e <__mulsf3+0x60>
     47c:	89 89       	ldd	r24, Y+17	; 0x11
     47e:	82 30       	cpi	r24, 0x02	; 2
     480:	c8 f0       	brcs	.+50     	; 0x4b4 <__mulsf3+0x76>
     482:	94 30       	cpi	r25, 0x04	; 4
     484:	19 f4       	brne	.+6      	; 0x48c <__mulsf3+0x4e>
     486:	82 30       	cpi	r24, 0x02	; 2
     488:	51 f4       	brne	.+20     	; 0x49e <__mulsf3+0x60>
     48a:	04 c0       	rjmp	.+8      	; 0x494 <__mulsf3+0x56>
     48c:	84 30       	cpi	r24, 0x04	; 4
     48e:	29 f4       	brne	.+10     	; 0x49a <__mulsf3+0x5c>
     490:	92 30       	cpi	r25, 0x02	; 2
     492:	81 f4       	brne	.+32     	; 0x4b4 <__mulsf3+0x76>
     494:	85 e7       	ldi	r24, 0x75	; 117
     496:	90 e0       	ldi	r25, 0x00	; 0
     498:	c6 c0       	rjmp	.+396    	; 0x626 <__mulsf3+0x1e8>
     49a:	92 30       	cpi	r25, 0x02	; 2
     49c:	49 f4       	brne	.+18     	; 0x4b0 <__mulsf3+0x72>
     49e:	20 e0       	ldi	r18, 0x00	; 0
     4a0:	9a 85       	ldd	r25, Y+10	; 0x0a
     4a2:	8a 89       	ldd	r24, Y+18	; 0x12
     4a4:	98 13       	cpse	r25, r24
     4a6:	21 e0       	ldi	r18, 0x01	; 1
     4a8:	2a 87       	std	Y+10, r18	; 0x0a
     4aa:	ce 01       	movw	r24, r28
     4ac:	09 96       	adiw	r24, 0x09	; 9
     4ae:	bb c0       	rjmp	.+374    	; 0x626 <__mulsf3+0x1e8>
     4b0:	82 30       	cpi	r24, 0x02	; 2
     4b2:	49 f4       	brne	.+18     	; 0x4c6 <__mulsf3+0x88>
     4b4:	20 e0       	ldi	r18, 0x00	; 0
     4b6:	9a 85       	ldd	r25, Y+10	; 0x0a
     4b8:	8a 89       	ldd	r24, Y+18	; 0x12
     4ba:	98 13       	cpse	r25, r24
     4bc:	21 e0       	ldi	r18, 0x01	; 1
     4be:	2a 8b       	std	Y+18, r18	; 0x12
     4c0:	ce 01       	movw	r24, r28
     4c2:	41 96       	adiw	r24, 0x11	; 17
     4c4:	b0 c0       	rjmp	.+352    	; 0x626 <__mulsf3+0x1e8>
     4c6:	2d 84       	ldd	r2, Y+13	; 0x0d
     4c8:	3e 84       	ldd	r3, Y+14	; 0x0e
     4ca:	4f 84       	ldd	r4, Y+15	; 0x0f
     4cc:	58 88       	ldd	r5, Y+16	; 0x10
     4ce:	6d 88       	ldd	r6, Y+21	; 0x15
     4d0:	7e 88       	ldd	r7, Y+22	; 0x16
     4d2:	8f 88       	ldd	r8, Y+23	; 0x17
     4d4:	98 8c       	ldd	r9, Y+24	; 0x18
     4d6:	ee 24       	eor	r14, r14
     4d8:	ff 24       	eor	r15, r15
     4da:	87 01       	movw	r16, r14
     4dc:	aa 24       	eor	r10, r10
     4de:	bb 24       	eor	r11, r11
     4e0:	65 01       	movw	r12, r10
     4e2:	40 e0       	ldi	r20, 0x00	; 0
     4e4:	50 e0       	ldi	r21, 0x00	; 0
     4e6:	60 e0       	ldi	r22, 0x00	; 0
     4e8:	70 e0       	ldi	r23, 0x00	; 0
     4ea:	e0 e0       	ldi	r30, 0x00	; 0
     4ec:	f0 e0       	ldi	r31, 0x00	; 0
     4ee:	c1 01       	movw	r24, r2
     4f0:	81 70       	andi	r24, 0x01	; 1
     4f2:	90 70       	andi	r25, 0x00	; 0
     4f4:	89 2b       	or	r24, r25
     4f6:	e9 f0       	breq	.+58     	; 0x532 <__mulsf3+0xf4>
     4f8:	e6 0c       	add	r14, r6
     4fa:	f7 1c       	adc	r15, r7
     4fc:	08 1d       	adc	r16, r8
     4fe:	19 1d       	adc	r17, r9
     500:	9a 01       	movw	r18, r20
     502:	ab 01       	movw	r20, r22
     504:	2a 0d       	add	r18, r10
     506:	3b 1d       	adc	r19, r11
     508:	4c 1d       	adc	r20, r12
     50a:	5d 1d       	adc	r21, r13
     50c:	80 e0       	ldi	r24, 0x00	; 0
     50e:	90 e0       	ldi	r25, 0x00	; 0
     510:	a0 e0       	ldi	r26, 0x00	; 0
     512:	b0 e0       	ldi	r27, 0x00	; 0
     514:	e6 14       	cp	r14, r6
     516:	f7 04       	cpc	r15, r7
     518:	08 05       	cpc	r16, r8
     51a:	19 05       	cpc	r17, r9
     51c:	20 f4       	brcc	.+8      	; 0x526 <__mulsf3+0xe8>
     51e:	81 e0       	ldi	r24, 0x01	; 1
     520:	90 e0       	ldi	r25, 0x00	; 0
     522:	a0 e0       	ldi	r26, 0x00	; 0
     524:	b0 e0       	ldi	r27, 0x00	; 0
     526:	ba 01       	movw	r22, r20
     528:	a9 01       	movw	r20, r18
     52a:	48 0f       	add	r20, r24
     52c:	59 1f       	adc	r21, r25
     52e:	6a 1f       	adc	r22, r26
     530:	7b 1f       	adc	r23, r27
     532:	aa 0c       	add	r10, r10
     534:	bb 1c       	adc	r11, r11
     536:	cc 1c       	adc	r12, r12
     538:	dd 1c       	adc	r13, r13
     53a:	97 fe       	sbrs	r9, 7
     53c:	08 c0       	rjmp	.+16     	; 0x54e <__mulsf3+0x110>
     53e:	81 e0       	ldi	r24, 0x01	; 1
     540:	90 e0       	ldi	r25, 0x00	; 0
     542:	a0 e0       	ldi	r26, 0x00	; 0
     544:	b0 e0       	ldi	r27, 0x00	; 0
     546:	a8 2a       	or	r10, r24
     548:	b9 2a       	or	r11, r25
     54a:	ca 2a       	or	r12, r26
     54c:	db 2a       	or	r13, r27
     54e:	31 96       	adiw	r30, 0x01	; 1
     550:	e0 32       	cpi	r30, 0x20	; 32
     552:	f1 05       	cpc	r31, r1
     554:	49 f0       	breq	.+18     	; 0x568 <__mulsf3+0x12a>
     556:	66 0c       	add	r6, r6
     558:	77 1c       	adc	r7, r7
     55a:	88 1c       	adc	r8, r8
     55c:	99 1c       	adc	r9, r9
     55e:	56 94       	lsr	r5
     560:	47 94       	ror	r4
     562:	37 94       	ror	r3
     564:	27 94       	ror	r2
     566:	c3 cf       	rjmp	.-122    	; 0x4ee <__mulsf3+0xb0>
     568:	fa 85       	ldd	r31, Y+10	; 0x0a
     56a:	ea 89       	ldd	r30, Y+18	; 0x12
     56c:	2b 89       	ldd	r18, Y+19	; 0x13
     56e:	3c 89       	ldd	r19, Y+20	; 0x14
     570:	8b 85       	ldd	r24, Y+11	; 0x0b
     572:	9c 85       	ldd	r25, Y+12	; 0x0c
     574:	28 0f       	add	r18, r24
     576:	39 1f       	adc	r19, r25
     578:	2e 5f       	subi	r18, 0xFE	; 254
     57a:	3f 4f       	sbci	r19, 0xFF	; 255
     57c:	17 c0       	rjmp	.+46     	; 0x5ac <__mulsf3+0x16e>
     57e:	ca 01       	movw	r24, r20
     580:	81 70       	andi	r24, 0x01	; 1
     582:	90 70       	andi	r25, 0x00	; 0
     584:	89 2b       	or	r24, r25
     586:	61 f0       	breq	.+24     	; 0x5a0 <__mulsf3+0x162>
     588:	16 95       	lsr	r17
     58a:	07 95       	ror	r16
     58c:	f7 94       	ror	r15
     58e:	e7 94       	ror	r14
     590:	80 e0       	ldi	r24, 0x00	; 0
     592:	90 e0       	ldi	r25, 0x00	; 0
     594:	a0 e0       	ldi	r26, 0x00	; 0
     596:	b0 e8       	ldi	r27, 0x80	; 128
     598:	e8 2a       	or	r14, r24
     59a:	f9 2a       	or	r15, r25
     59c:	0a 2b       	or	r16, r26
     59e:	1b 2b       	or	r17, r27
     5a0:	76 95       	lsr	r23
     5a2:	67 95       	ror	r22
     5a4:	57 95       	ror	r21
     5a6:	47 95       	ror	r20
     5a8:	2f 5f       	subi	r18, 0xFF	; 255
     5aa:	3f 4f       	sbci	r19, 0xFF	; 255
     5ac:	77 fd       	sbrc	r23, 7
     5ae:	e7 cf       	rjmp	.-50     	; 0x57e <__mulsf3+0x140>
     5b0:	0c c0       	rjmp	.+24     	; 0x5ca <__mulsf3+0x18c>
     5b2:	44 0f       	add	r20, r20
     5b4:	55 1f       	adc	r21, r21
     5b6:	66 1f       	adc	r22, r22
     5b8:	77 1f       	adc	r23, r23
     5ba:	17 fd       	sbrc	r17, 7
     5bc:	41 60       	ori	r20, 0x01	; 1
     5be:	ee 0c       	add	r14, r14
     5c0:	ff 1c       	adc	r15, r15
     5c2:	00 1f       	adc	r16, r16
     5c4:	11 1f       	adc	r17, r17
     5c6:	21 50       	subi	r18, 0x01	; 1
     5c8:	30 40       	sbci	r19, 0x00	; 0
     5ca:	40 30       	cpi	r20, 0x00	; 0
     5cc:	90 e0       	ldi	r25, 0x00	; 0
     5ce:	59 07       	cpc	r21, r25
     5d0:	90 e0       	ldi	r25, 0x00	; 0
     5d2:	69 07       	cpc	r22, r25
     5d4:	90 e4       	ldi	r25, 0x40	; 64
     5d6:	79 07       	cpc	r23, r25
     5d8:	60 f3       	brcs	.-40     	; 0x5b2 <__mulsf3+0x174>
     5da:	2b 8f       	std	Y+27, r18	; 0x1b
     5dc:	3c 8f       	std	Y+28, r19	; 0x1c
     5de:	db 01       	movw	r26, r22
     5e0:	ca 01       	movw	r24, r20
     5e2:	8f 77       	andi	r24, 0x7F	; 127
     5e4:	90 70       	andi	r25, 0x00	; 0
     5e6:	a0 70       	andi	r26, 0x00	; 0
     5e8:	b0 70       	andi	r27, 0x00	; 0
     5ea:	80 34       	cpi	r24, 0x40	; 64
     5ec:	91 05       	cpc	r25, r1
     5ee:	a1 05       	cpc	r26, r1
     5f0:	b1 05       	cpc	r27, r1
     5f2:	61 f4       	brne	.+24     	; 0x60c <__mulsf3+0x1ce>
     5f4:	47 fd       	sbrc	r20, 7
     5f6:	0a c0       	rjmp	.+20     	; 0x60c <__mulsf3+0x1ce>
     5f8:	e1 14       	cp	r14, r1
     5fa:	f1 04       	cpc	r15, r1
     5fc:	01 05       	cpc	r16, r1
     5fe:	11 05       	cpc	r17, r1
     600:	29 f0       	breq	.+10     	; 0x60c <__mulsf3+0x1ce>
     602:	40 5c       	subi	r20, 0xC0	; 192
     604:	5f 4f       	sbci	r21, 0xFF	; 255
     606:	6f 4f       	sbci	r22, 0xFF	; 255
     608:	7f 4f       	sbci	r23, 0xFF	; 255
     60a:	40 78       	andi	r20, 0x80	; 128
     60c:	1a 8e       	std	Y+26, r1	; 0x1a
     60e:	fe 17       	cp	r31, r30
     610:	11 f0       	breq	.+4      	; 0x616 <__mulsf3+0x1d8>
     612:	81 e0       	ldi	r24, 0x01	; 1
     614:	8a 8f       	std	Y+26, r24	; 0x1a
     616:	4d 8f       	std	Y+29, r20	; 0x1d
     618:	5e 8f       	std	Y+30, r21	; 0x1e
     61a:	6f 8f       	std	Y+31, r22	; 0x1f
     61c:	78 a3       	std	Y+32, r23	; 0x20
     61e:	83 e0       	ldi	r24, 0x03	; 3
     620:	89 8f       	std	Y+25, r24	; 0x19
     622:	ce 01       	movw	r24, r28
     624:	49 96       	adiw	r24, 0x19	; 25
     626:	0e 94 56 05 	call	0xaac	; 0xaac <__pack_f>
     62a:	a0 96       	adiw	r28, 0x20	; 32
     62c:	e2 e1       	ldi	r30, 0x12	; 18
     62e:	0c 94 d2 18 	jmp	0x31a4	; 0x31a4 <__epilogue_restores__>

00000632 <__divsf3>:
     632:	a8 e1       	ldi	r26, 0x18	; 24
     634:	b0 e0       	ldi	r27, 0x00	; 0
     636:	ef e1       	ldi	r30, 0x1F	; 31
     638:	f3 e0       	ldi	r31, 0x03	; 3
     63a:	0c 94 be 18 	jmp	0x317c	; 0x317c <__prologue_saves__+0x10>
     63e:	69 83       	std	Y+1, r22	; 0x01
     640:	7a 83       	std	Y+2, r23	; 0x02
     642:	8b 83       	std	Y+3, r24	; 0x03
     644:	9c 83       	std	Y+4, r25	; 0x04
     646:	2d 83       	std	Y+5, r18	; 0x05
     648:	3e 83       	std	Y+6, r19	; 0x06
     64a:	4f 83       	std	Y+7, r20	; 0x07
     64c:	58 87       	std	Y+8, r21	; 0x08
     64e:	b9 e0       	ldi	r27, 0x09	; 9
     650:	eb 2e       	mov	r14, r27
     652:	f1 2c       	mov	r15, r1
     654:	ec 0e       	add	r14, r28
     656:	fd 1e       	adc	r15, r29
     658:	ce 01       	movw	r24, r28
     65a:	01 96       	adiw	r24, 0x01	; 1
     65c:	b7 01       	movw	r22, r14
     65e:	0e 94 2b 06 	call	0xc56	; 0xc56 <__unpack_f>
     662:	8e 01       	movw	r16, r28
     664:	0f 5e       	subi	r16, 0xEF	; 239
     666:	1f 4f       	sbci	r17, 0xFF	; 255
     668:	ce 01       	movw	r24, r28
     66a:	05 96       	adiw	r24, 0x05	; 5
     66c:	b8 01       	movw	r22, r16
     66e:	0e 94 2b 06 	call	0xc56	; 0xc56 <__unpack_f>
     672:	29 85       	ldd	r18, Y+9	; 0x09
     674:	22 30       	cpi	r18, 0x02	; 2
     676:	08 f4       	brcc	.+2      	; 0x67a <__divsf3+0x48>
     678:	7e c0       	rjmp	.+252    	; 0x776 <__divsf3+0x144>
     67a:	39 89       	ldd	r19, Y+17	; 0x11
     67c:	32 30       	cpi	r19, 0x02	; 2
     67e:	10 f4       	brcc	.+4      	; 0x684 <__divsf3+0x52>
     680:	b8 01       	movw	r22, r16
     682:	7c c0       	rjmp	.+248    	; 0x77c <__divsf3+0x14a>
     684:	8a 85       	ldd	r24, Y+10	; 0x0a
     686:	9a 89       	ldd	r25, Y+18	; 0x12
     688:	89 27       	eor	r24, r25
     68a:	8a 87       	std	Y+10, r24	; 0x0a
     68c:	24 30       	cpi	r18, 0x04	; 4
     68e:	11 f0       	breq	.+4      	; 0x694 <__divsf3+0x62>
     690:	22 30       	cpi	r18, 0x02	; 2
     692:	31 f4       	brne	.+12     	; 0x6a0 <__divsf3+0x6e>
     694:	23 17       	cp	r18, r19
     696:	09 f0       	breq	.+2      	; 0x69a <__divsf3+0x68>
     698:	6e c0       	rjmp	.+220    	; 0x776 <__divsf3+0x144>
     69a:	65 e7       	ldi	r22, 0x75	; 117
     69c:	70 e0       	ldi	r23, 0x00	; 0
     69e:	6e c0       	rjmp	.+220    	; 0x77c <__divsf3+0x14a>
     6a0:	34 30       	cpi	r19, 0x04	; 4
     6a2:	39 f4       	brne	.+14     	; 0x6b2 <__divsf3+0x80>
     6a4:	1d 86       	std	Y+13, r1	; 0x0d
     6a6:	1e 86       	std	Y+14, r1	; 0x0e
     6a8:	1f 86       	std	Y+15, r1	; 0x0f
     6aa:	18 8a       	std	Y+16, r1	; 0x10
     6ac:	1c 86       	std	Y+12, r1	; 0x0c
     6ae:	1b 86       	std	Y+11, r1	; 0x0b
     6b0:	04 c0       	rjmp	.+8      	; 0x6ba <__divsf3+0x88>
     6b2:	32 30       	cpi	r19, 0x02	; 2
     6b4:	21 f4       	brne	.+8      	; 0x6be <__divsf3+0x8c>
     6b6:	84 e0       	ldi	r24, 0x04	; 4
     6b8:	89 87       	std	Y+9, r24	; 0x09
     6ba:	b7 01       	movw	r22, r14
     6bc:	5f c0       	rjmp	.+190    	; 0x77c <__divsf3+0x14a>
     6be:	2b 85       	ldd	r18, Y+11	; 0x0b
     6c0:	3c 85       	ldd	r19, Y+12	; 0x0c
     6c2:	8b 89       	ldd	r24, Y+19	; 0x13
     6c4:	9c 89       	ldd	r25, Y+20	; 0x14
     6c6:	28 1b       	sub	r18, r24
     6c8:	39 0b       	sbc	r19, r25
     6ca:	3c 87       	std	Y+12, r19	; 0x0c
     6cc:	2b 87       	std	Y+11, r18	; 0x0b
     6ce:	ed 84       	ldd	r14, Y+13	; 0x0d
     6d0:	fe 84       	ldd	r15, Y+14	; 0x0e
     6d2:	0f 85       	ldd	r16, Y+15	; 0x0f
     6d4:	18 89       	ldd	r17, Y+16	; 0x10
     6d6:	ad 88       	ldd	r10, Y+21	; 0x15
     6d8:	be 88       	ldd	r11, Y+22	; 0x16
     6da:	cf 88       	ldd	r12, Y+23	; 0x17
     6dc:	d8 8c       	ldd	r13, Y+24	; 0x18
     6de:	ea 14       	cp	r14, r10
     6e0:	fb 04       	cpc	r15, r11
     6e2:	0c 05       	cpc	r16, r12
     6e4:	1d 05       	cpc	r17, r13
     6e6:	40 f4       	brcc	.+16     	; 0x6f8 <__divsf3+0xc6>
     6e8:	ee 0c       	add	r14, r14
     6ea:	ff 1c       	adc	r15, r15
     6ec:	00 1f       	adc	r16, r16
     6ee:	11 1f       	adc	r17, r17
     6f0:	21 50       	subi	r18, 0x01	; 1
     6f2:	30 40       	sbci	r19, 0x00	; 0
     6f4:	3c 87       	std	Y+12, r19	; 0x0c
     6f6:	2b 87       	std	Y+11, r18	; 0x0b
     6f8:	20 e0       	ldi	r18, 0x00	; 0
     6fa:	30 e0       	ldi	r19, 0x00	; 0
     6fc:	40 e0       	ldi	r20, 0x00	; 0
     6fe:	50 e0       	ldi	r21, 0x00	; 0
     700:	80 e0       	ldi	r24, 0x00	; 0
     702:	90 e0       	ldi	r25, 0x00	; 0
     704:	a0 e0       	ldi	r26, 0x00	; 0
     706:	b0 e4       	ldi	r27, 0x40	; 64
     708:	60 e0       	ldi	r22, 0x00	; 0
     70a:	70 e0       	ldi	r23, 0x00	; 0
     70c:	ea 14       	cp	r14, r10
     70e:	fb 04       	cpc	r15, r11
     710:	0c 05       	cpc	r16, r12
     712:	1d 05       	cpc	r17, r13
     714:	40 f0       	brcs	.+16     	; 0x726 <__divsf3+0xf4>
     716:	28 2b       	or	r18, r24
     718:	39 2b       	or	r19, r25
     71a:	4a 2b       	or	r20, r26
     71c:	5b 2b       	or	r21, r27
     71e:	ea 18       	sub	r14, r10
     720:	fb 08       	sbc	r15, r11
     722:	0c 09       	sbc	r16, r12
     724:	1d 09       	sbc	r17, r13
     726:	b6 95       	lsr	r27
     728:	a7 95       	ror	r26
     72a:	97 95       	ror	r25
     72c:	87 95       	ror	r24
     72e:	ee 0c       	add	r14, r14
     730:	ff 1c       	adc	r15, r15
     732:	00 1f       	adc	r16, r16
     734:	11 1f       	adc	r17, r17
     736:	6f 5f       	subi	r22, 0xFF	; 255
     738:	7f 4f       	sbci	r23, 0xFF	; 255
     73a:	6f 31       	cpi	r22, 0x1F	; 31
     73c:	71 05       	cpc	r23, r1
     73e:	31 f7       	brne	.-52     	; 0x70c <__divsf3+0xda>
     740:	da 01       	movw	r26, r20
     742:	c9 01       	movw	r24, r18
     744:	8f 77       	andi	r24, 0x7F	; 127
     746:	90 70       	andi	r25, 0x00	; 0
     748:	a0 70       	andi	r26, 0x00	; 0
     74a:	b0 70       	andi	r27, 0x00	; 0
     74c:	80 34       	cpi	r24, 0x40	; 64
     74e:	91 05       	cpc	r25, r1
     750:	a1 05       	cpc	r26, r1
     752:	b1 05       	cpc	r27, r1
     754:	61 f4       	brne	.+24     	; 0x76e <__divsf3+0x13c>
     756:	27 fd       	sbrc	r18, 7
     758:	0a c0       	rjmp	.+20     	; 0x76e <__divsf3+0x13c>
     75a:	e1 14       	cp	r14, r1
     75c:	f1 04       	cpc	r15, r1
     75e:	01 05       	cpc	r16, r1
     760:	11 05       	cpc	r17, r1
     762:	29 f0       	breq	.+10     	; 0x76e <__divsf3+0x13c>
     764:	20 5c       	subi	r18, 0xC0	; 192
     766:	3f 4f       	sbci	r19, 0xFF	; 255
     768:	4f 4f       	sbci	r20, 0xFF	; 255
     76a:	5f 4f       	sbci	r21, 0xFF	; 255
     76c:	20 78       	andi	r18, 0x80	; 128
     76e:	2d 87       	std	Y+13, r18	; 0x0d
     770:	3e 87       	std	Y+14, r19	; 0x0e
     772:	4f 87       	std	Y+15, r20	; 0x0f
     774:	58 8b       	std	Y+16, r21	; 0x10
     776:	be 01       	movw	r22, r28
     778:	67 5f       	subi	r22, 0xF7	; 247
     77a:	7f 4f       	sbci	r23, 0xFF	; 255
     77c:	cb 01       	movw	r24, r22
     77e:	0e 94 56 05 	call	0xaac	; 0xaac <__pack_f>
     782:	68 96       	adiw	r28, 0x18	; 24
     784:	ea e0       	ldi	r30, 0x0A	; 10
     786:	0c 94 da 18 	jmp	0x31b4	; 0x31b4 <__epilogue_restores__+0x10>

0000078a <__gtsf2>:
     78a:	a8 e1       	ldi	r26, 0x18	; 24
     78c:	b0 e0       	ldi	r27, 0x00	; 0
     78e:	eb ec       	ldi	r30, 0xCB	; 203
     790:	f3 e0       	ldi	r31, 0x03	; 3
     792:	0c 94 c2 18 	jmp	0x3184	; 0x3184 <__prologue_saves__+0x18>
     796:	69 83       	std	Y+1, r22	; 0x01
     798:	7a 83       	std	Y+2, r23	; 0x02
     79a:	8b 83       	std	Y+3, r24	; 0x03
     79c:	9c 83       	std	Y+4, r25	; 0x04
     79e:	2d 83       	std	Y+5, r18	; 0x05
     7a0:	3e 83       	std	Y+6, r19	; 0x06
     7a2:	4f 83       	std	Y+7, r20	; 0x07
     7a4:	58 87       	std	Y+8, r21	; 0x08
     7a6:	89 e0       	ldi	r24, 0x09	; 9
     7a8:	e8 2e       	mov	r14, r24
     7aa:	f1 2c       	mov	r15, r1
     7ac:	ec 0e       	add	r14, r28
     7ae:	fd 1e       	adc	r15, r29
     7b0:	ce 01       	movw	r24, r28
     7b2:	01 96       	adiw	r24, 0x01	; 1
     7b4:	b7 01       	movw	r22, r14
     7b6:	0e 94 2b 06 	call	0xc56	; 0xc56 <__unpack_f>
     7ba:	8e 01       	movw	r16, r28
     7bc:	0f 5e       	subi	r16, 0xEF	; 239
     7be:	1f 4f       	sbci	r17, 0xFF	; 255
     7c0:	ce 01       	movw	r24, r28
     7c2:	05 96       	adiw	r24, 0x05	; 5
     7c4:	b8 01       	movw	r22, r16
     7c6:	0e 94 2b 06 	call	0xc56	; 0xc56 <__unpack_f>
     7ca:	89 85       	ldd	r24, Y+9	; 0x09
     7cc:	82 30       	cpi	r24, 0x02	; 2
     7ce:	40 f0       	brcs	.+16     	; 0x7e0 <__gtsf2+0x56>
     7d0:	89 89       	ldd	r24, Y+17	; 0x11
     7d2:	82 30       	cpi	r24, 0x02	; 2
     7d4:	28 f0       	brcs	.+10     	; 0x7e0 <__gtsf2+0x56>
     7d6:	c7 01       	movw	r24, r14
     7d8:	b8 01       	movw	r22, r16
     7da:	0e 94 a3 06 	call	0xd46	; 0xd46 <__fpcmp_parts_f>
     7de:	01 c0       	rjmp	.+2      	; 0x7e2 <__gtsf2+0x58>
     7e0:	8f ef       	ldi	r24, 0xFF	; 255
     7e2:	68 96       	adiw	r28, 0x18	; 24
     7e4:	e6 e0       	ldi	r30, 0x06	; 6
     7e6:	0c 94 de 18 	jmp	0x31bc	; 0x31bc <__epilogue_restores__+0x18>

000007ea <__gesf2>:
     7ea:	a8 e1       	ldi	r26, 0x18	; 24
     7ec:	b0 e0       	ldi	r27, 0x00	; 0
     7ee:	eb ef       	ldi	r30, 0xFB	; 251
     7f0:	f3 e0       	ldi	r31, 0x03	; 3
     7f2:	0c 94 c2 18 	jmp	0x3184	; 0x3184 <__prologue_saves__+0x18>
     7f6:	69 83       	std	Y+1, r22	; 0x01
     7f8:	7a 83       	std	Y+2, r23	; 0x02
     7fa:	8b 83       	std	Y+3, r24	; 0x03
     7fc:	9c 83       	std	Y+4, r25	; 0x04
     7fe:	2d 83       	std	Y+5, r18	; 0x05
     800:	3e 83       	std	Y+6, r19	; 0x06
     802:	4f 83       	std	Y+7, r20	; 0x07
     804:	58 87       	std	Y+8, r21	; 0x08
     806:	89 e0       	ldi	r24, 0x09	; 9
     808:	e8 2e       	mov	r14, r24
     80a:	f1 2c       	mov	r15, r1
     80c:	ec 0e       	add	r14, r28
     80e:	fd 1e       	adc	r15, r29
     810:	ce 01       	movw	r24, r28
     812:	01 96       	adiw	r24, 0x01	; 1
     814:	b7 01       	movw	r22, r14
     816:	0e 94 2b 06 	call	0xc56	; 0xc56 <__unpack_f>
     81a:	8e 01       	movw	r16, r28
     81c:	0f 5e       	subi	r16, 0xEF	; 239
     81e:	1f 4f       	sbci	r17, 0xFF	; 255
     820:	ce 01       	movw	r24, r28
     822:	05 96       	adiw	r24, 0x05	; 5
     824:	b8 01       	movw	r22, r16
     826:	0e 94 2b 06 	call	0xc56	; 0xc56 <__unpack_f>
     82a:	89 85       	ldd	r24, Y+9	; 0x09
     82c:	82 30       	cpi	r24, 0x02	; 2
     82e:	40 f0       	brcs	.+16     	; 0x840 <__gesf2+0x56>
     830:	89 89       	ldd	r24, Y+17	; 0x11
     832:	82 30       	cpi	r24, 0x02	; 2
     834:	28 f0       	brcs	.+10     	; 0x840 <__gesf2+0x56>
     836:	c7 01       	movw	r24, r14
     838:	b8 01       	movw	r22, r16
     83a:	0e 94 a3 06 	call	0xd46	; 0xd46 <__fpcmp_parts_f>
     83e:	01 c0       	rjmp	.+2      	; 0x842 <__gesf2+0x58>
     840:	8f ef       	ldi	r24, 0xFF	; 255
     842:	68 96       	adiw	r28, 0x18	; 24
     844:	e6 e0       	ldi	r30, 0x06	; 6
     846:	0c 94 de 18 	jmp	0x31bc	; 0x31bc <__epilogue_restores__+0x18>

0000084a <__ltsf2>:
     84a:	a8 e1       	ldi	r26, 0x18	; 24
     84c:	b0 e0       	ldi	r27, 0x00	; 0
     84e:	eb e2       	ldi	r30, 0x2B	; 43
     850:	f4 e0       	ldi	r31, 0x04	; 4
     852:	0c 94 c2 18 	jmp	0x3184	; 0x3184 <__prologue_saves__+0x18>
     856:	69 83       	std	Y+1, r22	; 0x01
     858:	7a 83       	std	Y+2, r23	; 0x02
     85a:	8b 83       	std	Y+3, r24	; 0x03
     85c:	9c 83       	std	Y+4, r25	; 0x04
     85e:	2d 83       	std	Y+5, r18	; 0x05
     860:	3e 83       	std	Y+6, r19	; 0x06
     862:	4f 83       	std	Y+7, r20	; 0x07
     864:	58 87       	std	Y+8, r21	; 0x08
     866:	89 e0       	ldi	r24, 0x09	; 9
     868:	e8 2e       	mov	r14, r24
     86a:	f1 2c       	mov	r15, r1
     86c:	ec 0e       	add	r14, r28
     86e:	fd 1e       	adc	r15, r29
     870:	ce 01       	movw	r24, r28
     872:	01 96       	adiw	r24, 0x01	; 1
     874:	b7 01       	movw	r22, r14
     876:	0e 94 2b 06 	call	0xc56	; 0xc56 <__unpack_f>
     87a:	8e 01       	movw	r16, r28
     87c:	0f 5e       	subi	r16, 0xEF	; 239
     87e:	1f 4f       	sbci	r17, 0xFF	; 255
     880:	ce 01       	movw	r24, r28
     882:	05 96       	adiw	r24, 0x05	; 5
     884:	b8 01       	movw	r22, r16
     886:	0e 94 2b 06 	call	0xc56	; 0xc56 <__unpack_f>
     88a:	89 85       	ldd	r24, Y+9	; 0x09
     88c:	82 30       	cpi	r24, 0x02	; 2
     88e:	40 f0       	brcs	.+16     	; 0x8a0 <__stack+0x41>
     890:	89 89       	ldd	r24, Y+17	; 0x11
     892:	82 30       	cpi	r24, 0x02	; 2
     894:	28 f0       	brcs	.+10     	; 0x8a0 <__stack+0x41>
     896:	c7 01       	movw	r24, r14
     898:	b8 01       	movw	r22, r16
     89a:	0e 94 a3 06 	call	0xd46	; 0xd46 <__fpcmp_parts_f>
     89e:	01 c0       	rjmp	.+2      	; 0x8a2 <__stack+0x43>
     8a0:	81 e0       	ldi	r24, 0x01	; 1
     8a2:	68 96       	adiw	r28, 0x18	; 24
     8a4:	e6 e0       	ldi	r30, 0x06	; 6
     8a6:	0c 94 de 18 	jmp	0x31bc	; 0x31bc <__epilogue_restores__+0x18>

000008aa <__floatsisf>:
     8aa:	a8 e0       	ldi	r26, 0x08	; 8
     8ac:	b0 e0       	ldi	r27, 0x00	; 0
     8ae:	eb e5       	ldi	r30, 0x5B	; 91
     8b0:	f4 e0       	ldi	r31, 0x04	; 4
     8b2:	0c 94 bf 18 	jmp	0x317e	; 0x317e <__prologue_saves__+0x12>
     8b6:	9b 01       	movw	r18, r22
     8b8:	ac 01       	movw	r20, r24
     8ba:	83 e0       	ldi	r24, 0x03	; 3
     8bc:	89 83       	std	Y+1, r24	; 0x01
     8be:	da 01       	movw	r26, r20
     8c0:	c9 01       	movw	r24, r18
     8c2:	88 27       	eor	r24, r24
     8c4:	b7 fd       	sbrc	r27, 7
     8c6:	83 95       	inc	r24
     8c8:	99 27       	eor	r25, r25
     8ca:	aa 27       	eor	r26, r26
     8cc:	bb 27       	eor	r27, r27
     8ce:	b8 2e       	mov	r11, r24
     8d0:	21 15       	cp	r18, r1
     8d2:	31 05       	cpc	r19, r1
     8d4:	41 05       	cpc	r20, r1
     8d6:	51 05       	cpc	r21, r1
     8d8:	19 f4       	brne	.+6      	; 0x8e0 <__floatsisf+0x36>
     8da:	82 e0       	ldi	r24, 0x02	; 2
     8dc:	89 83       	std	Y+1, r24	; 0x01
     8de:	3a c0       	rjmp	.+116    	; 0x954 <__floatsisf+0xaa>
     8e0:	88 23       	and	r24, r24
     8e2:	a9 f0       	breq	.+42     	; 0x90e <__floatsisf+0x64>
     8e4:	20 30       	cpi	r18, 0x00	; 0
     8e6:	80 e0       	ldi	r24, 0x00	; 0
     8e8:	38 07       	cpc	r19, r24
     8ea:	80 e0       	ldi	r24, 0x00	; 0
     8ec:	48 07       	cpc	r20, r24
     8ee:	80 e8       	ldi	r24, 0x80	; 128
     8f0:	58 07       	cpc	r21, r24
     8f2:	29 f4       	brne	.+10     	; 0x8fe <__floatsisf+0x54>
     8f4:	60 e0       	ldi	r22, 0x00	; 0
     8f6:	70 e0       	ldi	r23, 0x00	; 0
     8f8:	80 e0       	ldi	r24, 0x00	; 0
     8fa:	9f ec       	ldi	r25, 0xCF	; 207
     8fc:	30 c0       	rjmp	.+96     	; 0x95e <__floatsisf+0xb4>
     8fe:	ee 24       	eor	r14, r14
     900:	ff 24       	eor	r15, r15
     902:	87 01       	movw	r16, r14
     904:	e2 1a       	sub	r14, r18
     906:	f3 0a       	sbc	r15, r19
     908:	04 0b       	sbc	r16, r20
     90a:	15 0b       	sbc	r17, r21
     90c:	02 c0       	rjmp	.+4      	; 0x912 <__floatsisf+0x68>
     90e:	79 01       	movw	r14, r18
     910:	8a 01       	movw	r16, r20
     912:	8e e1       	ldi	r24, 0x1E	; 30
     914:	c8 2e       	mov	r12, r24
     916:	d1 2c       	mov	r13, r1
     918:	dc 82       	std	Y+4, r13	; 0x04
     91a:	cb 82       	std	Y+3, r12	; 0x03
     91c:	ed 82       	std	Y+5, r14	; 0x05
     91e:	fe 82       	std	Y+6, r15	; 0x06
     920:	0f 83       	std	Y+7, r16	; 0x07
     922:	18 87       	std	Y+8, r17	; 0x08
     924:	c8 01       	movw	r24, r16
     926:	b7 01       	movw	r22, r14
     928:	0e 94 07 05 	call	0xa0e	; 0xa0e <__clzsi2>
     92c:	01 97       	sbiw	r24, 0x01	; 1
     92e:	18 16       	cp	r1, r24
     930:	19 06       	cpc	r1, r25
     932:	84 f4       	brge	.+32     	; 0x954 <__floatsisf+0xaa>
     934:	08 2e       	mov	r0, r24
     936:	04 c0       	rjmp	.+8      	; 0x940 <__floatsisf+0x96>
     938:	ee 0c       	add	r14, r14
     93a:	ff 1c       	adc	r15, r15
     93c:	00 1f       	adc	r16, r16
     93e:	11 1f       	adc	r17, r17
     940:	0a 94       	dec	r0
     942:	d2 f7       	brpl	.-12     	; 0x938 <__floatsisf+0x8e>
     944:	ed 82       	std	Y+5, r14	; 0x05
     946:	fe 82       	std	Y+6, r15	; 0x06
     948:	0f 83       	std	Y+7, r16	; 0x07
     94a:	18 87       	std	Y+8, r17	; 0x08
     94c:	c8 1a       	sub	r12, r24
     94e:	d9 0a       	sbc	r13, r25
     950:	dc 82       	std	Y+4, r13	; 0x04
     952:	cb 82       	std	Y+3, r12	; 0x03
     954:	ba 82       	std	Y+2, r11	; 0x02
     956:	ce 01       	movw	r24, r28
     958:	01 96       	adiw	r24, 0x01	; 1
     95a:	0e 94 56 05 	call	0xaac	; 0xaac <__pack_f>
     95e:	28 96       	adiw	r28, 0x08	; 8
     960:	e9 e0       	ldi	r30, 0x09	; 9
     962:	0c 94 db 18 	jmp	0x31b6	; 0x31b6 <__epilogue_restores__+0x12>

00000966 <__fixsfsi>:
     966:	ac e0       	ldi	r26, 0x0C	; 12
     968:	b0 e0       	ldi	r27, 0x00	; 0
     96a:	e9 eb       	ldi	r30, 0xB9	; 185
     96c:	f4 e0       	ldi	r31, 0x04	; 4
     96e:	0c 94 c6 18 	jmp	0x318c	; 0x318c <__prologue_saves__+0x20>
     972:	69 83       	std	Y+1, r22	; 0x01
     974:	7a 83       	std	Y+2, r23	; 0x02
     976:	8b 83       	std	Y+3, r24	; 0x03
     978:	9c 83       	std	Y+4, r25	; 0x04
     97a:	ce 01       	movw	r24, r28
     97c:	01 96       	adiw	r24, 0x01	; 1
     97e:	be 01       	movw	r22, r28
     980:	6b 5f       	subi	r22, 0xFB	; 251
     982:	7f 4f       	sbci	r23, 0xFF	; 255
     984:	0e 94 2b 06 	call	0xc56	; 0xc56 <__unpack_f>
     988:	8d 81       	ldd	r24, Y+5	; 0x05
     98a:	82 30       	cpi	r24, 0x02	; 2
     98c:	61 f1       	breq	.+88     	; 0x9e6 <__fixsfsi+0x80>
     98e:	82 30       	cpi	r24, 0x02	; 2
     990:	50 f1       	brcs	.+84     	; 0x9e6 <__fixsfsi+0x80>
     992:	84 30       	cpi	r24, 0x04	; 4
     994:	21 f4       	brne	.+8      	; 0x99e <__fixsfsi+0x38>
     996:	8e 81       	ldd	r24, Y+6	; 0x06
     998:	88 23       	and	r24, r24
     99a:	51 f1       	breq	.+84     	; 0x9f0 <__fixsfsi+0x8a>
     99c:	2e c0       	rjmp	.+92     	; 0x9fa <__fixsfsi+0x94>
     99e:	2f 81       	ldd	r18, Y+7	; 0x07
     9a0:	38 85       	ldd	r19, Y+8	; 0x08
     9a2:	37 fd       	sbrc	r19, 7
     9a4:	20 c0       	rjmp	.+64     	; 0x9e6 <__fixsfsi+0x80>
     9a6:	6e 81       	ldd	r22, Y+6	; 0x06
     9a8:	2f 31       	cpi	r18, 0x1F	; 31
     9aa:	31 05       	cpc	r19, r1
     9ac:	1c f0       	brlt	.+6      	; 0x9b4 <__fixsfsi+0x4e>
     9ae:	66 23       	and	r22, r22
     9b0:	f9 f0       	breq	.+62     	; 0x9f0 <__fixsfsi+0x8a>
     9b2:	23 c0       	rjmp	.+70     	; 0x9fa <__fixsfsi+0x94>
     9b4:	8e e1       	ldi	r24, 0x1E	; 30
     9b6:	90 e0       	ldi	r25, 0x00	; 0
     9b8:	82 1b       	sub	r24, r18
     9ba:	93 0b       	sbc	r25, r19
     9bc:	29 85       	ldd	r18, Y+9	; 0x09
     9be:	3a 85       	ldd	r19, Y+10	; 0x0a
     9c0:	4b 85       	ldd	r20, Y+11	; 0x0b
     9c2:	5c 85       	ldd	r21, Y+12	; 0x0c
     9c4:	04 c0       	rjmp	.+8      	; 0x9ce <__fixsfsi+0x68>
     9c6:	56 95       	lsr	r21
     9c8:	47 95       	ror	r20
     9ca:	37 95       	ror	r19
     9cc:	27 95       	ror	r18
     9ce:	8a 95       	dec	r24
     9d0:	d2 f7       	brpl	.-12     	; 0x9c6 <__fixsfsi+0x60>
     9d2:	66 23       	and	r22, r22
     9d4:	b1 f0       	breq	.+44     	; 0xa02 <__fixsfsi+0x9c>
     9d6:	50 95       	com	r21
     9d8:	40 95       	com	r20
     9da:	30 95       	com	r19
     9dc:	21 95       	neg	r18
     9de:	3f 4f       	sbci	r19, 0xFF	; 255
     9e0:	4f 4f       	sbci	r20, 0xFF	; 255
     9e2:	5f 4f       	sbci	r21, 0xFF	; 255
     9e4:	0e c0       	rjmp	.+28     	; 0xa02 <__fixsfsi+0x9c>
     9e6:	20 e0       	ldi	r18, 0x00	; 0
     9e8:	30 e0       	ldi	r19, 0x00	; 0
     9ea:	40 e0       	ldi	r20, 0x00	; 0
     9ec:	50 e0       	ldi	r21, 0x00	; 0
     9ee:	09 c0       	rjmp	.+18     	; 0xa02 <__fixsfsi+0x9c>
     9f0:	2f ef       	ldi	r18, 0xFF	; 255
     9f2:	3f ef       	ldi	r19, 0xFF	; 255
     9f4:	4f ef       	ldi	r20, 0xFF	; 255
     9f6:	5f e7       	ldi	r21, 0x7F	; 127
     9f8:	04 c0       	rjmp	.+8      	; 0xa02 <__fixsfsi+0x9c>
     9fa:	20 e0       	ldi	r18, 0x00	; 0
     9fc:	30 e0       	ldi	r19, 0x00	; 0
     9fe:	40 e0       	ldi	r20, 0x00	; 0
     a00:	50 e8       	ldi	r21, 0x80	; 128
     a02:	b9 01       	movw	r22, r18
     a04:	ca 01       	movw	r24, r20
     a06:	2c 96       	adiw	r28, 0x0c	; 12
     a08:	e2 e0       	ldi	r30, 0x02	; 2
     a0a:	0c 94 e2 18 	jmp	0x31c4	; 0x31c4 <__epilogue_restores__+0x20>

00000a0e <__clzsi2>:
     a0e:	ef 92       	push	r14
     a10:	ff 92       	push	r15
     a12:	0f 93       	push	r16
     a14:	1f 93       	push	r17
     a16:	7b 01       	movw	r14, r22
     a18:	8c 01       	movw	r16, r24
     a1a:	80 e0       	ldi	r24, 0x00	; 0
     a1c:	e8 16       	cp	r14, r24
     a1e:	80 e0       	ldi	r24, 0x00	; 0
     a20:	f8 06       	cpc	r15, r24
     a22:	81 e0       	ldi	r24, 0x01	; 1
     a24:	08 07       	cpc	r16, r24
     a26:	80 e0       	ldi	r24, 0x00	; 0
     a28:	18 07       	cpc	r17, r24
     a2a:	88 f4       	brcc	.+34     	; 0xa4e <__clzsi2+0x40>
     a2c:	8f ef       	ldi	r24, 0xFF	; 255
     a2e:	e8 16       	cp	r14, r24
     a30:	f1 04       	cpc	r15, r1
     a32:	01 05       	cpc	r16, r1
     a34:	11 05       	cpc	r17, r1
     a36:	31 f0       	breq	.+12     	; 0xa44 <__clzsi2+0x36>
     a38:	28 f0       	brcs	.+10     	; 0xa44 <__clzsi2+0x36>
     a3a:	88 e0       	ldi	r24, 0x08	; 8
     a3c:	90 e0       	ldi	r25, 0x00	; 0
     a3e:	a0 e0       	ldi	r26, 0x00	; 0
     a40:	b0 e0       	ldi	r27, 0x00	; 0
     a42:	17 c0       	rjmp	.+46     	; 0xa72 <__clzsi2+0x64>
     a44:	80 e0       	ldi	r24, 0x00	; 0
     a46:	90 e0       	ldi	r25, 0x00	; 0
     a48:	a0 e0       	ldi	r26, 0x00	; 0
     a4a:	b0 e0       	ldi	r27, 0x00	; 0
     a4c:	12 c0       	rjmp	.+36     	; 0xa72 <__clzsi2+0x64>
     a4e:	80 e0       	ldi	r24, 0x00	; 0
     a50:	e8 16       	cp	r14, r24
     a52:	80 e0       	ldi	r24, 0x00	; 0
     a54:	f8 06       	cpc	r15, r24
     a56:	80 e0       	ldi	r24, 0x00	; 0
     a58:	08 07       	cpc	r16, r24
     a5a:	81 e0       	ldi	r24, 0x01	; 1
     a5c:	18 07       	cpc	r17, r24
     a5e:	28 f0       	brcs	.+10     	; 0xa6a <__clzsi2+0x5c>
     a60:	88 e1       	ldi	r24, 0x18	; 24
     a62:	90 e0       	ldi	r25, 0x00	; 0
     a64:	a0 e0       	ldi	r26, 0x00	; 0
     a66:	b0 e0       	ldi	r27, 0x00	; 0
     a68:	04 c0       	rjmp	.+8      	; 0xa72 <__clzsi2+0x64>
     a6a:	80 e1       	ldi	r24, 0x10	; 16
     a6c:	90 e0       	ldi	r25, 0x00	; 0
     a6e:	a0 e0       	ldi	r26, 0x00	; 0
     a70:	b0 e0       	ldi	r27, 0x00	; 0
     a72:	20 e2       	ldi	r18, 0x20	; 32
     a74:	30 e0       	ldi	r19, 0x00	; 0
     a76:	40 e0       	ldi	r20, 0x00	; 0
     a78:	50 e0       	ldi	r21, 0x00	; 0
     a7a:	28 1b       	sub	r18, r24
     a7c:	39 0b       	sbc	r19, r25
     a7e:	4a 0b       	sbc	r20, r26
     a80:	5b 0b       	sbc	r21, r27
     a82:	04 c0       	rjmp	.+8      	; 0xa8c <__clzsi2+0x7e>
     a84:	16 95       	lsr	r17
     a86:	07 95       	ror	r16
     a88:	f7 94       	ror	r15
     a8a:	e7 94       	ror	r14
     a8c:	8a 95       	dec	r24
     a8e:	d2 f7       	brpl	.-12     	; 0xa84 <__clzsi2+0x76>
     a90:	f7 01       	movw	r30, r14
     a92:	e3 58       	subi	r30, 0x83	; 131
     a94:	ff 4f       	sbci	r31, 0xFF	; 255
     a96:	80 81       	ld	r24, Z
     a98:	28 1b       	sub	r18, r24
     a9a:	31 09       	sbc	r19, r1
     a9c:	41 09       	sbc	r20, r1
     a9e:	51 09       	sbc	r21, r1
     aa0:	c9 01       	movw	r24, r18
     aa2:	1f 91       	pop	r17
     aa4:	0f 91       	pop	r16
     aa6:	ff 90       	pop	r15
     aa8:	ef 90       	pop	r14
     aaa:	08 95       	ret

00000aac <__pack_f>:
     aac:	df 92       	push	r13
     aae:	ef 92       	push	r14
     ab0:	ff 92       	push	r15
     ab2:	0f 93       	push	r16
     ab4:	1f 93       	push	r17
     ab6:	fc 01       	movw	r30, r24
     ab8:	e4 80       	ldd	r14, Z+4	; 0x04
     aba:	f5 80       	ldd	r15, Z+5	; 0x05
     abc:	06 81       	ldd	r16, Z+6	; 0x06
     abe:	17 81       	ldd	r17, Z+7	; 0x07
     ac0:	d1 80       	ldd	r13, Z+1	; 0x01
     ac2:	80 81       	ld	r24, Z
     ac4:	82 30       	cpi	r24, 0x02	; 2
     ac6:	48 f4       	brcc	.+18     	; 0xada <__pack_f+0x2e>
     ac8:	80 e0       	ldi	r24, 0x00	; 0
     aca:	90 e0       	ldi	r25, 0x00	; 0
     acc:	a0 e1       	ldi	r26, 0x10	; 16
     ace:	b0 e0       	ldi	r27, 0x00	; 0
     ad0:	e8 2a       	or	r14, r24
     ad2:	f9 2a       	or	r15, r25
     ad4:	0a 2b       	or	r16, r26
     ad6:	1b 2b       	or	r17, r27
     ad8:	a5 c0       	rjmp	.+330    	; 0xc24 <__pack_f+0x178>
     ada:	84 30       	cpi	r24, 0x04	; 4
     adc:	09 f4       	brne	.+2      	; 0xae0 <__pack_f+0x34>
     ade:	9f c0       	rjmp	.+318    	; 0xc1e <__pack_f+0x172>
     ae0:	82 30       	cpi	r24, 0x02	; 2
     ae2:	21 f4       	brne	.+8      	; 0xaec <__pack_f+0x40>
     ae4:	ee 24       	eor	r14, r14
     ae6:	ff 24       	eor	r15, r15
     ae8:	87 01       	movw	r16, r14
     aea:	05 c0       	rjmp	.+10     	; 0xaf6 <__pack_f+0x4a>
     aec:	e1 14       	cp	r14, r1
     aee:	f1 04       	cpc	r15, r1
     af0:	01 05       	cpc	r16, r1
     af2:	11 05       	cpc	r17, r1
     af4:	19 f4       	brne	.+6      	; 0xafc <__pack_f+0x50>
     af6:	e0 e0       	ldi	r30, 0x00	; 0
     af8:	f0 e0       	ldi	r31, 0x00	; 0
     afa:	96 c0       	rjmp	.+300    	; 0xc28 <__pack_f+0x17c>
     afc:	62 81       	ldd	r22, Z+2	; 0x02
     afe:	73 81       	ldd	r23, Z+3	; 0x03
     b00:	9f ef       	ldi	r25, 0xFF	; 255
     b02:	62 38       	cpi	r22, 0x82	; 130
     b04:	79 07       	cpc	r23, r25
     b06:	0c f0       	brlt	.+2      	; 0xb0a <__pack_f+0x5e>
     b08:	5b c0       	rjmp	.+182    	; 0xbc0 <__pack_f+0x114>
     b0a:	22 e8       	ldi	r18, 0x82	; 130
     b0c:	3f ef       	ldi	r19, 0xFF	; 255
     b0e:	26 1b       	sub	r18, r22
     b10:	37 0b       	sbc	r19, r23
     b12:	2a 31       	cpi	r18, 0x1A	; 26
     b14:	31 05       	cpc	r19, r1
     b16:	2c f0       	brlt	.+10     	; 0xb22 <__pack_f+0x76>
     b18:	20 e0       	ldi	r18, 0x00	; 0
     b1a:	30 e0       	ldi	r19, 0x00	; 0
     b1c:	40 e0       	ldi	r20, 0x00	; 0
     b1e:	50 e0       	ldi	r21, 0x00	; 0
     b20:	2a c0       	rjmp	.+84     	; 0xb76 <__pack_f+0xca>
     b22:	b8 01       	movw	r22, r16
     b24:	a7 01       	movw	r20, r14
     b26:	02 2e       	mov	r0, r18
     b28:	04 c0       	rjmp	.+8      	; 0xb32 <__pack_f+0x86>
     b2a:	76 95       	lsr	r23
     b2c:	67 95       	ror	r22
     b2e:	57 95       	ror	r21
     b30:	47 95       	ror	r20
     b32:	0a 94       	dec	r0
     b34:	d2 f7       	brpl	.-12     	; 0xb2a <__pack_f+0x7e>
     b36:	81 e0       	ldi	r24, 0x01	; 1
     b38:	90 e0       	ldi	r25, 0x00	; 0
     b3a:	a0 e0       	ldi	r26, 0x00	; 0
     b3c:	b0 e0       	ldi	r27, 0x00	; 0
     b3e:	04 c0       	rjmp	.+8      	; 0xb48 <__pack_f+0x9c>
     b40:	88 0f       	add	r24, r24
     b42:	99 1f       	adc	r25, r25
     b44:	aa 1f       	adc	r26, r26
     b46:	bb 1f       	adc	r27, r27
     b48:	2a 95       	dec	r18
     b4a:	d2 f7       	brpl	.-12     	; 0xb40 <__pack_f+0x94>
     b4c:	01 97       	sbiw	r24, 0x01	; 1
     b4e:	a1 09       	sbc	r26, r1
     b50:	b1 09       	sbc	r27, r1
     b52:	8e 21       	and	r24, r14
     b54:	9f 21       	and	r25, r15
     b56:	a0 23       	and	r26, r16
     b58:	b1 23       	and	r27, r17
     b5a:	00 97       	sbiw	r24, 0x00	; 0
     b5c:	a1 05       	cpc	r26, r1
     b5e:	b1 05       	cpc	r27, r1
     b60:	21 f0       	breq	.+8      	; 0xb6a <__pack_f+0xbe>
     b62:	81 e0       	ldi	r24, 0x01	; 1
     b64:	90 e0       	ldi	r25, 0x00	; 0
     b66:	a0 e0       	ldi	r26, 0x00	; 0
     b68:	b0 e0       	ldi	r27, 0x00	; 0
     b6a:	9a 01       	movw	r18, r20
     b6c:	ab 01       	movw	r20, r22
     b6e:	28 2b       	or	r18, r24
     b70:	39 2b       	or	r19, r25
     b72:	4a 2b       	or	r20, r26
     b74:	5b 2b       	or	r21, r27
     b76:	da 01       	movw	r26, r20
     b78:	c9 01       	movw	r24, r18
     b7a:	8f 77       	andi	r24, 0x7F	; 127
     b7c:	90 70       	andi	r25, 0x00	; 0
     b7e:	a0 70       	andi	r26, 0x00	; 0
     b80:	b0 70       	andi	r27, 0x00	; 0
     b82:	80 34       	cpi	r24, 0x40	; 64
     b84:	91 05       	cpc	r25, r1
     b86:	a1 05       	cpc	r26, r1
     b88:	b1 05       	cpc	r27, r1
     b8a:	39 f4       	brne	.+14     	; 0xb9a <__pack_f+0xee>
     b8c:	27 ff       	sbrs	r18, 7
     b8e:	09 c0       	rjmp	.+18     	; 0xba2 <__pack_f+0xf6>
     b90:	20 5c       	subi	r18, 0xC0	; 192
     b92:	3f 4f       	sbci	r19, 0xFF	; 255
     b94:	4f 4f       	sbci	r20, 0xFF	; 255
     b96:	5f 4f       	sbci	r21, 0xFF	; 255
     b98:	04 c0       	rjmp	.+8      	; 0xba2 <__pack_f+0xf6>
     b9a:	21 5c       	subi	r18, 0xC1	; 193
     b9c:	3f 4f       	sbci	r19, 0xFF	; 255
     b9e:	4f 4f       	sbci	r20, 0xFF	; 255
     ba0:	5f 4f       	sbci	r21, 0xFF	; 255
     ba2:	e0 e0       	ldi	r30, 0x00	; 0
     ba4:	f0 e0       	ldi	r31, 0x00	; 0
     ba6:	20 30       	cpi	r18, 0x00	; 0
     ba8:	a0 e0       	ldi	r26, 0x00	; 0
     baa:	3a 07       	cpc	r19, r26
     bac:	a0 e0       	ldi	r26, 0x00	; 0
     bae:	4a 07       	cpc	r20, r26
     bb0:	a0 e4       	ldi	r26, 0x40	; 64
     bb2:	5a 07       	cpc	r21, r26
     bb4:	10 f0       	brcs	.+4      	; 0xbba <__pack_f+0x10e>
     bb6:	e1 e0       	ldi	r30, 0x01	; 1
     bb8:	f0 e0       	ldi	r31, 0x00	; 0
     bba:	79 01       	movw	r14, r18
     bbc:	8a 01       	movw	r16, r20
     bbe:	27 c0       	rjmp	.+78     	; 0xc0e <__pack_f+0x162>
     bc0:	60 38       	cpi	r22, 0x80	; 128
     bc2:	71 05       	cpc	r23, r1
     bc4:	64 f5       	brge	.+88     	; 0xc1e <__pack_f+0x172>
     bc6:	fb 01       	movw	r30, r22
     bc8:	e1 58       	subi	r30, 0x81	; 129
     bca:	ff 4f       	sbci	r31, 0xFF	; 255
     bcc:	d8 01       	movw	r26, r16
     bce:	c7 01       	movw	r24, r14
     bd0:	8f 77       	andi	r24, 0x7F	; 127
     bd2:	90 70       	andi	r25, 0x00	; 0
     bd4:	a0 70       	andi	r26, 0x00	; 0
     bd6:	b0 70       	andi	r27, 0x00	; 0
     bd8:	80 34       	cpi	r24, 0x40	; 64
     bda:	91 05       	cpc	r25, r1
     bdc:	a1 05       	cpc	r26, r1
     bde:	b1 05       	cpc	r27, r1
     be0:	39 f4       	brne	.+14     	; 0xbf0 <__pack_f+0x144>
     be2:	e7 fe       	sbrs	r14, 7
     be4:	0d c0       	rjmp	.+26     	; 0xc00 <__pack_f+0x154>
     be6:	80 e4       	ldi	r24, 0x40	; 64
     be8:	90 e0       	ldi	r25, 0x00	; 0
     bea:	a0 e0       	ldi	r26, 0x00	; 0
     bec:	b0 e0       	ldi	r27, 0x00	; 0
     bee:	04 c0       	rjmp	.+8      	; 0xbf8 <__pack_f+0x14c>
     bf0:	8f e3       	ldi	r24, 0x3F	; 63
     bf2:	90 e0       	ldi	r25, 0x00	; 0
     bf4:	a0 e0       	ldi	r26, 0x00	; 0
     bf6:	b0 e0       	ldi	r27, 0x00	; 0
     bf8:	e8 0e       	add	r14, r24
     bfa:	f9 1e       	adc	r15, r25
     bfc:	0a 1f       	adc	r16, r26
     bfe:	1b 1f       	adc	r17, r27
     c00:	17 ff       	sbrs	r17, 7
     c02:	05 c0       	rjmp	.+10     	; 0xc0e <__pack_f+0x162>
     c04:	16 95       	lsr	r17
     c06:	07 95       	ror	r16
     c08:	f7 94       	ror	r15
     c0a:	e7 94       	ror	r14
     c0c:	31 96       	adiw	r30, 0x01	; 1
     c0e:	87 e0       	ldi	r24, 0x07	; 7
     c10:	16 95       	lsr	r17
     c12:	07 95       	ror	r16
     c14:	f7 94       	ror	r15
     c16:	e7 94       	ror	r14
     c18:	8a 95       	dec	r24
     c1a:	d1 f7       	brne	.-12     	; 0xc10 <__pack_f+0x164>
     c1c:	05 c0       	rjmp	.+10     	; 0xc28 <__pack_f+0x17c>
     c1e:	ee 24       	eor	r14, r14
     c20:	ff 24       	eor	r15, r15
     c22:	87 01       	movw	r16, r14
     c24:	ef ef       	ldi	r30, 0xFF	; 255
     c26:	f0 e0       	ldi	r31, 0x00	; 0
     c28:	6e 2f       	mov	r22, r30
     c2a:	67 95       	ror	r22
     c2c:	66 27       	eor	r22, r22
     c2e:	67 95       	ror	r22
     c30:	90 2f       	mov	r25, r16
     c32:	9f 77       	andi	r25, 0x7F	; 127
     c34:	d7 94       	ror	r13
     c36:	dd 24       	eor	r13, r13
     c38:	d7 94       	ror	r13
     c3a:	8e 2f       	mov	r24, r30
     c3c:	86 95       	lsr	r24
     c3e:	49 2f       	mov	r20, r25
     c40:	46 2b       	or	r20, r22
     c42:	58 2f       	mov	r21, r24
     c44:	5d 29       	or	r21, r13
     c46:	b7 01       	movw	r22, r14
     c48:	ca 01       	movw	r24, r20
     c4a:	1f 91       	pop	r17
     c4c:	0f 91       	pop	r16
     c4e:	ff 90       	pop	r15
     c50:	ef 90       	pop	r14
     c52:	df 90       	pop	r13
     c54:	08 95       	ret

00000c56 <__unpack_f>:
     c56:	fc 01       	movw	r30, r24
     c58:	db 01       	movw	r26, r22
     c5a:	40 81       	ld	r20, Z
     c5c:	51 81       	ldd	r21, Z+1	; 0x01
     c5e:	22 81       	ldd	r18, Z+2	; 0x02
     c60:	62 2f       	mov	r22, r18
     c62:	6f 77       	andi	r22, 0x7F	; 127
     c64:	70 e0       	ldi	r23, 0x00	; 0
     c66:	22 1f       	adc	r18, r18
     c68:	22 27       	eor	r18, r18
     c6a:	22 1f       	adc	r18, r18
     c6c:	93 81       	ldd	r25, Z+3	; 0x03
     c6e:	89 2f       	mov	r24, r25
     c70:	88 0f       	add	r24, r24
     c72:	82 2b       	or	r24, r18
     c74:	28 2f       	mov	r18, r24
     c76:	30 e0       	ldi	r19, 0x00	; 0
     c78:	99 1f       	adc	r25, r25
     c7a:	99 27       	eor	r25, r25
     c7c:	99 1f       	adc	r25, r25
     c7e:	11 96       	adiw	r26, 0x01	; 1
     c80:	9c 93       	st	X, r25
     c82:	11 97       	sbiw	r26, 0x01	; 1
     c84:	21 15       	cp	r18, r1
     c86:	31 05       	cpc	r19, r1
     c88:	a9 f5       	brne	.+106    	; 0xcf4 <__unpack_f+0x9e>
     c8a:	41 15       	cp	r20, r1
     c8c:	51 05       	cpc	r21, r1
     c8e:	61 05       	cpc	r22, r1
     c90:	71 05       	cpc	r23, r1
     c92:	11 f4       	brne	.+4      	; 0xc98 <__unpack_f+0x42>
     c94:	82 e0       	ldi	r24, 0x02	; 2
     c96:	37 c0       	rjmp	.+110    	; 0xd06 <__unpack_f+0xb0>
     c98:	82 e8       	ldi	r24, 0x82	; 130
     c9a:	9f ef       	ldi	r25, 0xFF	; 255
     c9c:	13 96       	adiw	r26, 0x03	; 3
     c9e:	9c 93       	st	X, r25
     ca0:	8e 93       	st	-X, r24
     ca2:	12 97       	sbiw	r26, 0x02	; 2
     ca4:	9a 01       	movw	r18, r20
     ca6:	ab 01       	movw	r20, r22
     ca8:	67 e0       	ldi	r22, 0x07	; 7
     caa:	22 0f       	add	r18, r18
     cac:	33 1f       	adc	r19, r19
     cae:	44 1f       	adc	r20, r20
     cb0:	55 1f       	adc	r21, r21
     cb2:	6a 95       	dec	r22
     cb4:	d1 f7       	brne	.-12     	; 0xcaa <__unpack_f+0x54>
     cb6:	83 e0       	ldi	r24, 0x03	; 3
     cb8:	8c 93       	st	X, r24
     cba:	0d c0       	rjmp	.+26     	; 0xcd6 <__unpack_f+0x80>
     cbc:	22 0f       	add	r18, r18
     cbe:	33 1f       	adc	r19, r19
     cc0:	44 1f       	adc	r20, r20
     cc2:	55 1f       	adc	r21, r21
     cc4:	12 96       	adiw	r26, 0x02	; 2
     cc6:	8d 91       	ld	r24, X+
     cc8:	9c 91       	ld	r25, X
     cca:	13 97       	sbiw	r26, 0x03	; 3
     ccc:	01 97       	sbiw	r24, 0x01	; 1
     cce:	13 96       	adiw	r26, 0x03	; 3
     cd0:	9c 93       	st	X, r25
     cd2:	8e 93       	st	-X, r24
     cd4:	12 97       	sbiw	r26, 0x02	; 2
     cd6:	20 30       	cpi	r18, 0x00	; 0
     cd8:	80 e0       	ldi	r24, 0x00	; 0
     cda:	38 07       	cpc	r19, r24
     cdc:	80 e0       	ldi	r24, 0x00	; 0
     cde:	48 07       	cpc	r20, r24
     ce0:	80 e4       	ldi	r24, 0x40	; 64
     ce2:	58 07       	cpc	r21, r24
     ce4:	58 f3       	brcs	.-42     	; 0xcbc <__unpack_f+0x66>
     ce6:	14 96       	adiw	r26, 0x04	; 4
     ce8:	2d 93       	st	X+, r18
     cea:	3d 93       	st	X+, r19
     cec:	4d 93       	st	X+, r20
     cee:	5c 93       	st	X, r21
     cf0:	17 97       	sbiw	r26, 0x07	; 7
     cf2:	08 95       	ret
     cf4:	2f 3f       	cpi	r18, 0xFF	; 255
     cf6:	31 05       	cpc	r19, r1
     cf8:	79 f4       	brne	.+30     	; 0xd18 <__unpack_f+0xc2>
     cfa:	41 15       	cp	r20, r1
     cfc:	51 05       	cpc	r21, r1
     cfe:	61 05       	cpc	r22, r1
     d00:	71 05       	cpc	r23, r1
     d02:	19 f4       	brne	.+6      	; 0xd0a <__unpack_f+0xb4>
     d04:	84 e0       	ldi	r24, 0x04	; 4
     d06:	8c 93       	st	X, r24
     d08:	08 95       	ret
     d0a:	64 ff       	sbrs	r22, 4
     d0c:	03 c0       	rjmp	.+6      	; 0xd14 <__unpack_f+0xbe>
     d0e:	81 e0       	ldi	r24, 0x01	; 1
     d10:	8c 93       	st	X, r24
     d12:	12 c0       	rjmp	.+36     	; 0xd38 <__unpack_f+0xe2>
     d14:	1c 92       	st	X, r1
     d16:	10 c0       	rjmp	.+32     	; 0xd38 <__unpack_f+0xe2>
     d18:	2f 57       	subi	r18, 0x7F	; 127
     d1a:	30 40       	sbci	r19, 0x00	; 0
     d1c:	13 96       	adiw	r26, 0x03	; 3
     d1e:	3c 93       	st	X, r19
     d20:	2e 93       	st	-X, r18
     d22:	12 97       	sbiw	r26, 0x02	; 2
     d24:	83 e0       	ldi	r24, 0x03	; 3
     d26:	8c 93       	st	X, r24
     d28:	87 e0       	ldi	r24, 0x07	; 7
     d2a:	44 0f       	add	r20, r20
     d2c:	55 1f       	adc	r21, r21
     d2e:	66 1f       	adc	r22, r22
     d30:	77 1f       	adc	r23, r23
     d32:	8a 95       	dec	r24
     d34:	d1 f7       	brne	.-12     	; 0xd2a <__unpack_f+0xd4>
     d36:	70 64       	ori	r23, 0x40	; 64
     d38:	14 96       	adiw	r26, 0x04	; 4
     d3a:	4d 93       	st	X+, r20
     d3c:	5d 93       	st	X+, r21
     d3e:	6d 93       	st	X+, r22
     d40:	7c 93       	st	X, r23
     d42:	17 97       	sbiw	r26, 0x07	; 7
     d44:	08 95       	ret

00000d46 <__fpcmp_parts_f>:
     d46:	1f 93       	push	r17
     d48:	dc 01       	movw	r26, r24
     d4a:	fb 01       	movw	r30, r22
     d4c:	9c 91       	ld	r25, X
     d4e:	92 30       	cpi	r25, 0x02	; 2
     d50:	08 f4       	brcc	.+2      	; 0xd54 <__fpcmp_parts_f+0xe>
     d52:	47 c0       	rjmp	.+142    	; 0xde2 <__fpcmp_parts_f+0x9c>
     d54:	80 81       	ld	r24, Z
     d56:	82 30       	cpi	r24, 0x02	; 2
     d58:	08 f4       	brcc	.+2      	; 0xd5c <__fpcmp_parts_f+0x16>
     d5a:	43 c0       	rjmp	.+134    	; 0xde2 <__fpcmp_parts_f+0x9c>
     d5c:	94 30       	cpi	r25, 0x04	; 4
     d5e:	51 f4       	brne	.+20     	; 0xd74 <__fpcmp_parts_f+0x2e>
     d60:	11 96       	adiw	r26, 0x01	; 1
     d62:	1c 91       	ld	r17, X
     d64:	84 30       	cpi	r24, 0x04	; 4
     d66:	99 f5       	brne	.+102    	; 0xdce <__fpcmp_parts_f+0x88>
     d68:	81 81       	ldd	r24, Z+1	; 0x01
     d6a:	68 2f       	mov	r22, r24
     d6c:	70 e0       	ldi	r23, 0x00	; 0
     d6e:	61 1b       	sub	r22, r17
     d70:	71 09       	sbc	r23, r1
     d72:	3f c0       	rjmp	.+126    	; 0xdf2 <__fpcmp_parts_f+0xac>
     d74:	84 30       	cpi	r24, 0x04	; 4
     d76:	21 f0       	breq	.+8      	; 0xd80 <__fpcmp_parts_f+0x3a>
     d78:	92 30       	cpi	r25, 0x02	; 2
     d7a:	31 f4       	brne	.+12     	; 0xd88 <__fpcmp_parts_f+0x42>
     d7c:	82 30       	cpi	r24, 0x02	; 2
     d7e:	b9 f1       	breq	.+110    	; 0xdee <__fpcmp_parts_f+0xa8>
     d80:	81 81       	ldd	r24, Z+1	; 0x01
     d82:	88 23       	and	r24, r24
     d84:	89 f1       	breq	.+98     	; 0xde8 <__fpcmp_parts_f+0xa2>
     d86:	2d c0       	rjmp	.+90     	; 0xde2 <__fpcmp_parts_f+0x9c>
     d88:	11 96       	adiw	r26, 0x01	; 1
     d8a:	1c 91       	ld	r17, X
     d8c:	11 97       	sbiw	r26, 0x01	; 1
     d8e:	82 30       	cpi	r24, 0x02	; 2
     d90:	f1 f0       	breq	.+60     	; 0xdce <__fpcmp_parts_f+0x88>
     d92:	81 81       	ldd	r24, Z+1	; 0x01
     d94:	18 17       	cp	r17, r24
     d96:	d9 f4       	brne	.+54     	; 0xdce <__fpcmp_parts_f+0x88>
     d98:	12 96       	adiw	r26, 0x02	; 2
     d9a:	2d 91       	ld	r18, X+
     d9c:	3c 91       	ld	r19, X
     d9e:	13 97       	sbiw	r26, 0x03	; 3
     da0:	82 81       	ldd	r24, Z+2	; 0x02
     da2:	93 81       	ldd	r25, Z+3	; 0x03
     da4:	82 17       	cp	r24, r18
     da6:	93 07       	cpc	r25, r19
     da8:	94 f0       	brlt	.+36     	; 0xdce <__fpcmp_parts_f+0x88>
     daa:	28 17       	cp	r18, r24
     dac:	39 07       	cpc	r19, r25
     dae:	bc f0       	brlt	.+46     	; 0xdde <__fpcmp_parts_f+0x98>
     db0:	14 96       	adiw	r26, 0x04	; 4
     db2:	8d 91       	ld	r24, X+
     db4:	9d 91       	ld	r25, X+
     db6:	0d 90       	ld	r0, X+
     db8:	bc 91       	ld	r27, X
     dba:	a0 2d       	mov	r26, r0
     dbc:	24 81       	ldd	r18, Z+4	; 0x04
     dbe:	35 81       	ldd	r19, Z+5	; 0x05
     dc0:	46 81       	ldd	r20, Z+6	; 0x06
     dc2:	57 81       	ldd	r21, Z+7	; 0x07
     dc4:	28 17       	cp	r18, r24
     dc6:	39 07       	cpc	r19, r25
     dc8:	4a 07       	cpc	r20, r26
     dca:	5b 07       	cpc	r21, r27
     dcc:	18 f4       	brcc	.+6      	; 0xdd4 <__fpcmp_parts_f+0x8e>
     dce:	11 23       	and	r17, r17
     dd0:	41 f0       	breq	.+16     	; 0xde2 <__fpcmp_parts_f+0x9c>
     dd2:	0a c0       	rjmp	.+20     	; 0xde8 <__fpcmp_parts_f+0xa2>
     dd4:	82 17       	cp	r24, r18
     dd6:	93 07       	cpc	r25, r19
     dd8:	a4 07       	cpc	r26, r20
     dda:	b5 07       	cpc	r27, r21
     ddc:	40 f4       	brcc	.+16     	; 0xdee <__fpcmp_parts_f+0xa8>
     dde:	11 23       	and	r17, r17
     de0:	19 f0       	breq	.+6      	; 0xde8 <__fpcmp_parts_f+0xa2>
     de2:	61 e0       	ldi	r22, 0x01	; 1
     de4:	70 e0       	ldi	r23, 0x00	; 0
     de6:	05 c0       	rjmp	.+10     	; 0xdf2 <__fpcmp_parts_f+0xac>
     de8:	6f ef       	ldi	r22, 0xFF	; 255
     dea:	7f ef       	ldi	r23, 0xFF	; 255
     dec:	02 c0       	rjmp	.+4      	; 0xdf2 <__fpcmp_parts_f+0xac>
     dee:	60 e0       	ldi	r22, 0x00	; 0
     df0:	70 e0       	ldi	r23, 0x00	; 0
     df2:	cb 01       	movw	r24, r22
     df4:	1f 91       	pop	r17
     df6:	08 95       	ret

00000df8 <ADC_Init>:

volatile u16 Sensor_Readings_Tx[3];
float PPM;
float celsius;

extern void ADC_Init(void) {
     df8:	df 93       	push	r29
     dfa:	cf 93       	push	r28
     dfc:	cd b7       	in	r28, 0x3d	; 61
     dfe:	de b7       	in	r29, 0x3e	; 62
	// Enable ADC On AVR
	SET_BIT(ADCSRA_Reg, 7);
     e00:	a6 e2       	ldi	r26, 0x26	; 38
     e02:	b0 e0       	ldi	r27, 0x00	; 0
     e04:	e6 e2       	ldi	r30, 0x26	; 38
     e06:	f0 e0       	ldi	r31, 0x00	; 0
     e08:	80 81       	ld	r24, Z
     e0a:	80 68       	ori	r24, 0x80	; 128
     e0c:	8c 93       	st	X, r24

	// Select Conversion Speed
	SET_BIT(ADCSRA_Reg, 0);
     e0e:	a6 e2       	ldi	r26, 0x26	; 38
     e10:	b0 e0       	ldi	r27, 0x00	; 0
     e12:	e6 e2       	ldi	r30, 0x26	; 38
     e14:	f0 e0       	ldi	r31, 0x00	; 0
     e16:	80 81       	ld	r24, Z
     e18:	81 60       	ori	r24, 0x01	; 1
     e1a:	8c 93       	st	X, r24
	SET_BIT(ADCSRA_Reg, 1);
     e1c:	a6 e2       	ldi	r26, 0x26	; 38
     e1e:	b0 e0       	ldi	r27, 0x00	; 0
     e20:	e6 e2       	ldi	r30, 0x26	; 38
     e22:	f0 e0       	ldi	r31, 0x00	; 0
     e24:	80 81       	ld	r24, Z
     e26:	82 60       	ori	r24, 0x02	; 2
     e28:	8c 93       	st	X, r24
	SET_BIT(ADCSRA_Reg, 2);
     e2a:	a6 e2       	ldi	r26, 0x26	; 38
     e2c:	b0 e0       	ldi	r27, 0x00	; 0
     e2e:	e6 e2       	ldi	r30, 0x26	; 38
     e30:	f0 e0       	ldi	r31, 0x00	; 0
     e32:	80 81       	ld	r24, Z
     e34:	84 60       	ori	r24, 0x04	; 4
     e36:	8c 93       	st	X, r24

	// ADC Data Rgith Adjustment
	SET_BIT(ADMUX_Reg, 5);
     e38:	a7 e2       	ldi	r26, 0x27	; 39
     e3a:	b0 e0       	ldi	r27, 0x00	; 0
     e3c:	e7 e2       	ldi	r30, 0x27	; 39
     e3e:	f0 e0       	ldi	r31, 0x00	; 0
     e40:	80 81       	ld	r24, Z
     e42:	80 62       	ori	r24, 0x20	; 32
     e44:	8c 93       	st	X, r24
}
     e46:	cf 91       	pop	r28
     e48:	df 91       	pop	r29
     e4a:	08 95       	ret

00000e4c <ADC_Read>:

u8 ADC_Read(u8 channel) {
     e4c:	df 93       	push	r29
     e4e:	cf 93       	push	r28
     e50:	0f 92       	push	r0
     e52:	cd b7       	in	r28, 0x3d	; 61
     e54:	de b7       	in	r29, 0x3e	; 62
     e56:	89 83       	std	Y+1, r24	; 0x01

	// Select Voltage Reference
	// Select ADC Channel
	ADMUX_Reg = 0x40 | (channel & 0b00000111);
     e58:	e7 e2       	ldi	r30, 0x27	; 39
     e5a:	f0 e0       	ldi	r31, 0x00	; 0
     e5c:	89 81       	ldd	r24, Y+1	; 0x01
     e5e:	87 70       	andi	r24, 0x07	; 7
     e60:	80 64       	ori	r24, 0x40	; 64
     e62:	80 83       	st	Z, r24

	// Start ADC Conversion
	SET_BIT(ADCSRA_Reg, 6);
     e64:	a6 e2       	ldi	r26, 0x26	; 38
     e66:	b0 e0       	ldi	r27, 0x00	; 0
     e68:	e6 e2       	ldi	r30, 0x26	; 38
     e6a:	f0 e0       	ldi	r31, 0x00	; 0
     e6c:	80 81       	ld	r24, Z
     e6e:	80 64       	ori	r24, 0x40	; 64
     e70:	8c 93       	st	X, r24

	//Wait for the conversion
	while (!(ADCSRA_Reg & (1 << 4)))
     e72:	e6 e2       	ldi	r30, 0x26	; 38
     e74:	f0 e0       	ldi	r31, 0x00	; 0
     e76:	80 81       	ld	r24, Z
     e78:	88 2f       	mov	r24, r24
     e7a:	90 e0       	ldi	r25, 0x00	; 0
     e7c:	80 71       	andi	r24, 0x10	; 16
     e7e:	90 70       	andi	r25, 0x00	; 0
     e80:	00 97       	sbiw	r24, 0x00	; 0
     e82:	b9 f3       	breq	.-18     	; 0xe72 <ADC_Read+0x26>
		;

	SET_BIT(ADCSRA_Reg, 4);
     e84:	a6 e2       	ldi	r26, 0x26	; 38
     e86:	b0 e0       	ldi	r27, 0x00	; 0
     e88:	e6 e2       	ldi	r30, 0x26	; 38
     e8a:	f0 e0       	ldi	r31, 0x00	; 0
     e8c:	80 81       	ld	r24, Z
     e8e:	80 61       	ori	r24, 0x10	; 16
     e90:	8c 93       	st	X, r24

	return ADC;
     e92:	e4 e2       	ldi	r30, 0x24	; 36
     e94:	f0 e0       	ldi	r31, 0x00	; 0
     e96:	80 81       	ld	r24, Z
     e98:	91 81       	ldd	r25, Z+1	; 0x01

}
     e9a:	0f 90       	pop	r0
     e9c:	cf 91       	pop	r28
     e9e:	df 91       	pop	r29
     ea0:	08 95       	ret

00000ea2 <LM35>:

void LM35(void) {
     ea2:	df 93       	push	r29
     ea4:	cf 93       	push	r28
     ea6:	cd b7       	in	r28, 0x3d	; 61
     ea8:	de b7       	in	r29, 0x3e	; 62
     eaa:	64 97       	sbiw	r28, 0x14	; 20
     eac:	0f b6       	in	r0, 0x3f	; 63
     eae:	f8 94       	cli
     eb0:	de bf       	out	0x3e, r29	; 62
     eb2:	0f be       	out	0x3f, r0	; 63
     eb4:	cd bf       	out	0x3d, r28	; 61

	u8 Temp[6] = { 'T', 'e', 'm', 'p', ':' };
     eb6:	86 e0       	ldi	r24, 0x06	; 6
     eb8:	fe 01       	movw	r30, r28
     eba:	3f 96       	adiw	r30, 0x0f	; 15
     ebc:	df 01       	movw	r26, r30
     ebe:	98 2f       	mov	r25, r24
     ec0:	1d 92       	st	X+, r1
     ec2:	9a 95       	dec	r25
     ec4:	e9 f7       	brne	.-6      	; 0xec0 <LM35+0x1e>
     ec6:	84 e5       	ldi	r24, 0x54	; 84
     ec8:	8f 87       	std	Y+15, r24	; 0x0f
     eca:	85 e6       	ldi	r24, 0x65	; 101
     ecc:	88 8b       	std	Y+16, r24	; 0x10
     ece:	8d e6       	ldi	r24, 0x6D	; 109
     ed0:	89 8b       	std	Y+17, r24	; 0x11
     ed2:	80 e7       	ldi	r24, 0x70	; 112
     ed4:	8a 8b       	std	Y+18, r24	; 0x12
     ed6:	8a e3       	ldi	r24, 0x3A	; 58
     ed8:	8b 8b       	std	Y+19, r24	; 0x13

	celsius = (ADC_Read(0) * 4.88);
     eda:	80 e0       	ldi	r24, 0x00	; 0
     edc:	0e 94 26 07 	call	0xe4c	; 0xe4c <ADC_Read>
     ee0:	88 2f       	mov	r24, r24
     ee2:	90 e0       	ldi	r25, 0x00	; 0
     ee4:	aa 27       	eor	r26, r26
     ee6:	97 fd       	sbrc	r25, 7
     ee8:	a0 95       	com	r26
     eea:	ba 2f       	mov	r27, r26
     eec:	bc 01       	movw	r22, r24
     eee:	cd 01       	movw	r24, r26
     ef0:	0e 94 55 04 	call	0x8aa	; 0x8aa <__floatsisf>
     ef4:	dc 01       	movw	r26, r24
     ef6:	cb 01       	movw	r24, r22
     ef8:	bc 01       	movw	r22, r24
     efa:	cd 01       	movw	r24, r26
     efc:	26 ef       	ldi	r18, 0xF6	; 246
     efe:	38 e2       	ldi	r19, 0x28	; 40
     f00:	4c e9       	ldi	r20, 0x9C	; 156
     f02:	50 e4       	ldi	r21, 0x40	; 64
     f04:	0e 94 1f 02 	call	0x43e	; 0x43e <__mulsf3>
     f08:	dc 01       	movw	r26, r24
     f0a:	cb 01       	movw	r24, r22
     f0c:	80 93 88 01 	sts	0x0188, r24
     f10:	90 93 89 01 	sts	0x0189, r25
     f14:	a0 93 8a 01 	sts	0x018A, r26
     f18:	b0 93 8b 01 	sts	0x018B, r27

	celsius = (celsius / 10.00);
     f1c:	80 91 88 01 	lds	r24, 0x0188
     f20:	90 91 89 01 	lds	r25, 0x0189
     f24:	a0 91 8a 01 	lds	r26, 0x018A
     f28:	b0 91 8b 01 	lds	r27, 0x018B
     f2c:	bc 01       	movw	r22, r24
     f2e:	cd 01       	movw	r24, r26
     f30:	20 e0       	ldi	r18, 0x00	; 0
     f32:	30 e0       	ldi	r19, 0x00	; 0
     f34:	40 e2       	ldi	r20, 0x20	; 32
     f36:	51 e4       	ldi	r21, 0x41	; 65
     f38:	0e 94 19 03 	call	0x632	; 0x632 <__divsf3>
     f3c:	dc 01       	movw	r26, r24
     f3e:	cb 01       	movw	r24, r22
     f40:	80 93 88 01 	sts	0x0188, r24
     f44:	90 93 89 01 	sts	0x0189, r25
     f48:	a0 93 8a 01 	sts	0x018A, r26
     f4c:	b0 93 8b 01 	sts	0x018B, r27

	Sensor_Readings_Tx[0] = celsius;
     f50:	80 91 88 01 	lds	r24, 0x0188
     f54:	90 91 89 01 	lds	r25, 0x0189
     f58:	a0 91 8a 01 	lds	r26, 0x018A
     f5c:	b0 91 8b 01 	lds	r27, 0x018B
     f60:	bc 01       	movw	r22, r24
     f62:	cd 01       	movw	r24, r26
     f64:	0e 94 49 00 	call	0x92	; 0x92 <__fixunssfsi>
     f68:	dc 01       	movw	r26, r24
     f6a:	cb 01       	movw	r24, r22
     f6c:	90 93 7f 01 	sts	0x017F, r25
     f70:	80 93 7e 01 	sts	0x017E, r24

	Gotoxy(1, 0);
     f74:	81 e0       	ldi	r24, 0x01	; 1
     f76:	60 e0       	ldi	r22, 0x00	; 0
     f78:	0e 94 15 16 	call	0x2c2a	; 0x2c2a <Gotoxy>

	LCD_String(Temp);
     f7c:	ce 01       	movw	r24, r28
     f7e:	0f 96       	adiw	r24, 0x0f	; 15
     f80:	0e 94 30 15 	call	0x2a60	; 0x2a60 <LCD_String>

	Gotoxy(1, 6);
     f84:	81 e0       	ldi	r24, 0x01	; 1
     f86:	66 e0       	ldi	r22, 0x06	; 6
     f88:	0e 94 15 16 	call	0x2c2a	; 0x2c2a <Gotoxy>

	lcd_writenumber(celsius);
     f8c:	80 91 88 01 	lds	r24, 0x0188
     f90:	90 91 89 01 	lds	r25, 0x0189
     f94:	a0 91 8a 01 	lds	r26, 0x018A
     f98:	b0 91 8b 01 	lds	r27, 0x018B
     f9c:	bc 01       	movw	r22, r24
     f9e:	cd 01       	movw	r24, r26
     fa0:	0e 94 b3 04 	call	0x966	; 0x966 <__fixsfsi>
     fa4:	dc 01       	movw	r26, r24
     fa6:	cb 01       	movw	r24, r22
     fa8:	0e 94 43 16 	call	0x2c86	; 0x2c86 <lcd_writenumber>
     fac:	80 e0       	ldi	r24, 0x00	; 0
     fae:	90 e0       	ldi	r25, 0x00	; 0
     fb0:	aa e7       	ldi	r26, 0x7A	; 122
     fb2:	b4 e4       	ldi	r27, 0x44	; 68
     fb4:	8b 87       	std	Y+11, r24	; 0x0b
     fb6:	9c 87       	std	Y+12, r25	; 0x0c
     fb8:	ad 87       	std	Y+13, r26	; 0x0d
     fba:	be 87       	std	Y+14, r27	; 0x0e
 */
void
_delay_ms(double __ms)
{
	uint16_t __ticks;
	double __tmp = ((F_CPU) / 4e3) * __ms;
     fbc:	6b 85       	ldd	r22, Y+11	; 0x0b
     fbe:	7c 85       	ldd	r23, Y+12	; 0x0c
     fc0:	8d 85       	ldd	r24, Y+13	; 0x0d
     fc2:	9e 85       	ldd	r25, Y+14	; 0x0e
     fc4:	20 e0       	ldi	r18, 0x00	; 0
     fc6:	30 e0       	ldi	r19, 0x00	; 0
     fc8:	4a ef       	ldi	r20, 0xFA	; 250
     fca:	54 e4       	ldi	r21, 0x44	; 68
     fcc:	0e 94 1f 02 	call	0x43e	; 0x43e <__mulsf3>
     fd0:	dc 01       	movw	r26, r24
     fd2:	cb 01       	movw	r24, r22
     fd4:	8f 83       	std	Y+7, r24	; 0x07
     fd6:	98 87       	std	Y+8, r25	; 0x08
     fd8:	a9 87       	std	Y+9, r26	; 0x09
     fda:	ba 87       	std	Y+10, r27	; 0x0a
	if (__tmp < 1.0)
     fdc:	6f 81       	ldd	r22, Y+7	; 0x07
     fde:	78 85       	ldd	r23, Y+8	; 0x08
     fe0:	89 85       	ldd	r24, Y+9	; 0x09
     fe2:	9a 85       	ldd	r25, Y+10	; 0x0a
     fe4:	20 e0       	ldi	r18, 0x00	; 0
     fe6:	30 e0       	ldi	r19, 0x00	; 0
     fe8:	40 e8       	ldi	r20, 0x80	; 128
     fea:	5f e3       	ldi	r21, 0x3F	; 63
     fec:	0e 94 25 04 	call	0x84a	; 0x84a <__ltsf2>
     ff0:	88 23       	and	r24, r24
     ff2:	2c f4       	brge	.+10     	; 0xffe <LM35+0x15c>
		__ticks = 1;
     ff4:	81 e0       	ldi	r24, 0x01	; 1
     ff6:	90 e0       	ldi	r25, 0x00	; 0
     ff8:	9e 83       	std	Y+6, r25	; 0x06
     ffa:	8d 83       	std	Y+5, r24	; 0x05
     ffc:	3f c0       	rjmp	.+126    	; 0x107c <LM35+0x1da>
	else if (__tmp > 65535)
     ffe:	6f 81       	ldd	r22, Y+7	; 0x07
    1000:	78 85       	ldd	r23, Y+8	; 0x08
    1002:	89 85       	ldd	r24, Y+9	; 0x09
    1004:	9a 85       	ldd	r25, Y+10	; 0x0a
    1006:	20 e0       	ldi	r18, 0x00	; 0
    1008:	3f ef       	ldi	r19, 0xFF	; 255
    100a:	4f e7       	ldi	r20, 0x7F	; 127
    100c:	57 e4       	ldi	r21, 0x47	; 71
    100e:	0e 94 c5 03 	call	0x78a	; 0x78a <__gtsf2>
    1012:	18 16       	cp	r1, r24
    1014:	4c f5       	brge	.+82     	; 0x1068 <LM35+0x1c6>
	{
		//	__ticks = requested delay in 1/10 ms
		__ticks = (uint16_t) (__ms * 10.0);
    1016:	6b 85       	ldd	r22, Y+11	; 0x0b
    1018:	7c 85       	ldd	r23, Y+12	; 0x0c
    101a:	8d 85       	ldd	r24, Y+13	; 0x0d
    101c:	9e 85       	ldd	r25, Y+14	; 0x0e
    101e:	20 e0       	ldi	r18, 0x00	; 0
    1020:	30 e0       	ldi	r19, 0x00	; 0
    1022:	40 e2       	ldi	r20, 0x20	; 32
    1024:	51 e4       	ldi	r21, 0x41	; 65
    1026:	0e 94 1f 02 	call	0x43e	; 0x43e <__mulsf3>
    102a:	dc 01       	movw	r26, r24
    102c:	cb 01       	movw	r24, r22
    102e:	bc 01       	movw	r22, r24
    1030:	cd 01       	movw	r24, r26
    1032:	0e 94 49 00 	call	0x92	; 0x92 <__fixunssfsi>
    1036:	dc 01       	movw	r26, r24
    1038:	cb 01       	movw	r24, r22
    103a:	9e 83       	std	Y+6, r25	; 0x06
    103c:	8d 83       	std	Y+5, r24	; 0x05
    103e:	0f c0       	rjmp	.+30     	; 0x105e <LM35+0x1bc>
    1040:	88 ec       	ldi	r24, 0xC8	; 200
    1042:	90 e0       	ldi	r25, 0x00	; 0
    1044:	9c 83       	std	Y+4, r25	; 0x04
    1046:	8b 83       	std	Y+3, r24	; 0x03
    milliseconds can be achieved.
 */
void
_delay_loop_2(uint16_t __count)
{
	__asm__ volatile (
    1048:	8b 81       	ldd	r24, Y+3	; 0x03
    104a:	9c 81       	ldd	r25, Y+4	; 0x04
    104c:	01 97       	sbiw	r24, 0x01	; 1
    104e:	f1 f7       	brne	.-4      	; 0x104c <LM35+0x1aa>
    1050:	9c 83       	std	Y+4, r25	; 0x04
    1052:	8b 83       	std	Y+3, r24	; 0x03
		while(__ticks)
		{
			// wait 1/10 ms
			_delay_loop_2(((F_CPU) / 4e3) / 10);
			__ticks --;
    1054:	8d 81       	ldd	r24, Y+5	; 0x05
    1056:	9e 81       	ldd	r25, Y+6	; 0x06
    1058:	01 97       	sbiw	r24, 0x01	; 1
    105a:	9e 83       	std	Y+6, r25	; 0x06
    105c:	8d 83       	std	Y+5, r24	; 0x05
		__ticks = 1;
	else if (__tmp > 65535)
	{
		//	__ticks = requested delay in 1/10 ms
		__ticks = (uint16_t) (__ms * 10.0);
		while(__ticks)
    105e:	8d 81       	ldd	r24, Y+5	; 0x05
    1060:	9e 81       	ldd	r25, Y+6	; 0x06
    1062:	00 97       	sbiw	r24, 0x00	; 0
    1064:	69 f7       	brne	.-38     	; 0x1040 <LM35+0x19e>
    1066:	14 c0       	rjmp	.+40     	; 0x1090 <LM35+0x1ee>
			__ticks --;
		}
		return;
	}
	else
		__ticks = (uint16_t)__tmp;
    1068:	6f 81       	ldd	r22, Y+7	; 0x07
    106a:	78 85       	ldd	r23, Y+8	; 0x08
    106c:	89 85       	ldd	r24, Y+9	; 0x09
    106e:	9a 85       	ldd	r25, Y+10	; 0x0a
    1070:	0e 94 49 00 	call	0x92	; 0x92 <__fixunssfsi>
    1074:	dc 01       	movw	r26, r24
    1076:	cb 01       	movw	r24, r22
    1078:	9e 83       	std	Y+6, r25	; 0x06
    107a:	8d 83       	std	Y+5, r24	; 0x05
    107c:	8d 81       	ldd	r24, Y+5	; 0x05
    107e:	9e 81       	ldd	r25, Y+6	; 0x06
    1080:	9a 83       	std	Y+2, r25	; 0x02
    1082:	89 83       	std	Y+1, r24	; 0x01
    1084:	89 81       	ldd	r24, Y+1	; 0x01
    1086:	9a 81       	ldd	r25, Y+2	; 0x02
    1088:	01 97       	sbiw	r24, 0x01	; 1
    108a:	f1 f7       	brne	.-4      	; 0x1088 <LM35+0x1e6>
    108c:	9a 83       	std	Y+2, r25	; 0x02
    108e:	89 83       	std	Y+1, r24	; 0x01

	_delay_ms(1000);

	LCD_vidSendCommand(0x01);
    1090:	81 e0       	ldi	r24, 0x01	; 1
    1092:	0e 94 e0 12 	call	0x25c0	; 0x25c0 <LCD_vidSendCommand>

}
    1096:	64 96       	adiw	r28, 0x14	; 20
    1098:	0f b6       	in	r0, 0x3f	; 63
    109a:	f8 94       	cli
    109c:	de bf       	out	0x3e, r29	; 62
    109e:	0f be       	out	0x3f, r0	; 63
    10a0:	cd bf       	out	0x3d, r28	; 61
    10a2:	cf 91       	pop	r28
    10a4:	df 91       	pop	r29
    10a6:	08 95       	ret

000010a8 <Gas_Sensor>:

void Gas_Sensor(void) {
    10a8:	df 93       	push	r29
    10aa:	cf 93       	push	r28
    10ac:	cd b7       	in	r28, 0x3d	; 61
    10ae:	de b7       	in	r29, 0x3e	; 62
    10b0:	6f 97       	sbiw	r28, 0x1f	; 31
    10b2:	0f b6       	in	r0, 0x3f	; 63
    10b4:	f8 94       	cli
    10b6:	de bf       	out	0x3e, r29	; 62
    10b8:	0f be       	out	0x3f, r0	; 63
    10ba:	cd bf       	out	0x3d, r28	; 61

	u8 Detect[12] = { 'G', 'a', 's', ' ', 'L', 'e', 'a', 'k', 'a', 'g', 'e' };
    10bc:	8c e0       	ldi	r24, 0x0C	; 12
    10be:	fe 01       	movw	r30, r28
    10c0:	3f 96       	adiw	r30, 0x0f	; 15
    10c2:	df 01       	movw	r26, r30
    10c4:	98 2f       	mov	r25, r24
    10c6:	1d 92       	st	X+, r1
    10c8:	9a 95       	dec	r25
    10ca:	e9 f7       	brne	.-6      	; 0x10c6 <Gas_Sensor+0x1e>
    10cc:	87 e4       	ldi	r24, 0x47	; 71
    10ce:	8f 87       	std	Y+15, r24	; 0x0f
    10d0:	81 e6       	ldi	r24, 0x61	; 97
    10d2:	88 8b       	std	Y+16, r24	; 0x10
    10d4:	83 e7       	ldi	r24, 0x73	; 115
    10d6:	89 8b       	std	Y+17, r24	; 0x11
    10d8:	80 e2       	ldi	r24, 0x20	; 32
    10da:	8a 8b       	std	Y+18, r24	; 0x12
    10dc:	8c e4       	ldi	r24, 0x4C	; 76
    10de:	8b 8b       	std	Y+19, r24	; 0x13
    10e0:	85 e6       	ldi	r24, 0x65	; 101
    10e2:	8c 8b       	std	Y+20, r24	; 0x14
    10e4:	81 e6       	ldi	r24, 0x61	; 97
    10e6:	8d 8b       	std	Y+21, r24	; 0x15
    10e8:	8b e6       	ldi	r24, 0x6B	; 107
    10ea:	8e 8b       	std	Y+22, r24	; 0x16
    10ec:	81 e6       	ldi	r24, 0x61	; 97
    10ee:	8f 8b       	std	Y+23, r24	; 0x17
    10f0:	87 e6       	ldi	r24, 0x67	; 103
    10f2:	88 8f       	std	Y+24, r24	; 0x18
    10f4:	85 e6       	ldi	r24, 0x65	; 101
    10f6:	89 8f       	std	Y+25, r24	; 0x19
	u8 Ppm[5] = { 'P', 'P', 'M', ':' };
    10f8:	85 e0       	ldi	r24, 0x05	; 5
    10fa:	fe 01       	movw	r30, r28
    10fc:	7b 96       	adiw	r30, 0x1b	; 27
    10fe:	df 01       	movw	r26, r30
    1100:	98 2f       	mov	r25, r24
    1102:	1d 92       	st	X+, r1
    1104:	9a 95       	dec	r25
    1106:	e9 f7       	brne	.-6      	; 0x1102 <Gas_Sensor+0x5a>
    1108:	80 e5       	ldi	r24, 0x50	; 80
    110a:	8b 8f       	std	Y+27, r24	; 0x1b
    110c:	80 e5       	ldi	r24, 0x50	; 80
    110e:	8c 8f       	std	Y+28, r24	; 0x1c
    1110:	8d e4       	ldi	r24, 0x4D	; 77
    1112:	8d 8f       	std	Y+29, r24	; 0x1d
    1114:	8a e3       	ldi	r24, 0x3A	; 58
    1116:	8e 8f       	std	Y+30, r24	; 0x1e

	PPM = (ADC_Read(1) * 4.88);
    1118:	81 e0       	ldi	r24, 0x01	; 1
    111a:	0e 94 26 07 	call	0xe4c	; 0xe4c <ADC_Read>
    111e:	88 2f       	mov	r24, r24
    1120:	90 e0       	ldi	r25, 0x00	; 0
    1122:	aa 27       	eor	r26, r26
    1124:	97 fd       	sbrc	r25, 7
    1126:	a0 95       	com	r26
    1128:	ba 2f       	mov	r27, r26
    112a:	bc 01       	movw	r22, r24
    112c:	cd 01       	movw	r24, r26
    112e:	0e 94 55 04 	call	0x8aa	; 0x8aa <__floatsisf>
    1132:	dc 01       	movw	r26, r24
    1134:	cb 01       	movw	r24, r22
    1136:	bc 01       	movw	r22, r24
    1138:	cd 01       	movw	r24, r26
    113a:	26 ef       	ldi	r18, 0xF6	; 246
    113c:	38 e2       	ldi	r19, 0x28	; 40
    113e:	4c e9       	ldi	r20, 0x9C	; 156
    1140:	50 e4       	ldi	r21, 0x40	; 64
    1142:	0e 94 1f 02 	call	0x43e	; 0x43e <__mulsf3>
    1146:	dc 01       	movw	r26, r24
    1148:	cb 01       	movw	r24, r22
    114a:	80 93 84 01 	sts	0x0184, r24
    114e:	90 93 85 01 	sts	0x0185, r25
    1152:	a0 93 86 01 	sts	0x0186, r26
    1156:	b0 93 87 01 	sts	0x0187, r27

	PPM = (PPM / 10.00);
    115a:	80 91 84 01 	lds	r24, 0x0184
    115e:	90 91 85 01 	lds	r25, 0x0185
    1162:	a0 91 86 01 	lds	r26, 0x0186
    1166:	b0 91 87 01 	lds	r27, 0x0187
    116a:	bc 01       	movw	r22, r24
    116c:	cd 01       	movw	r24, r26
    116e:	20 e0       	ldi	r18, 0x00	; 0
    1170:	30 e0       	ldi	r19, 0x00	; 0
    1172:	40 e2       	ldi	r20, 0x20	; 32
    1174:	51 e4       	ldi	r21, 0x41	; 65
    1176:	0e 94 19 03 	call	0x632	; 0x632 <__divsf3>
    117a:	dc 01       	movw	r26, r24
    117c:	cb 01       	movw	r24, r22
    117e:	80 93 84 01 	sts	0x0184, r24
    1182:	90 93 85 01 	sts	0x0185, r25
    1186:	a0 93 86 01 	sts	0x0186, r26
    118a:	b0 93 87 01 	sts	0x0187, r27

	Gotoxy(1, 0);
    118e:	81 e0       	ldi	r24, 0x01	; 1
    1190:	60 e0       	ldi	r22, 0x00	; 0
    1192:	0e 94 15 16 	call	0x2c2a	; 0x2c2a <Gotoxy>

	LCD_String(Ppm);
    1196:	ce 01       	movw	r24, r28
    1198:	4b 96       	adiw	r24, 0x1b	; 27
    119a:	0e 94 30 15 	call	0x2a60	; 0x2a60 <LCD_String>

	Gotoxy(1, 5);
    119e:	81 e0       	ldi	r24, 0x01	; 1
    11a0:	65 e0       	ldi	r22, 0x05	; 5
    11a2:	0e 94 15 16 	call	0x2c2a	; 0x2c2a <Gotoxy>

	lcd_writenumber(PPM);
    11a6:	80 91 84 01 	lds	r24, 0x0184
    11aa:	90 91 85 01 	lds	r25, 0x0185
    11ae:	a0 91 86 01 	lds	r26, 0x0186
    11b2:	b0 91 87 01 	lds	r27, 0x0187
    11b6:	bc 01       	movw	r22, r24
    11b8:	cd 01       	movw	r24, r26
    11ba:	0e 94 b3 04 	call	0x966	; 0x966 <__fixsfsi>
    11be:	dc 01       	movw	r26, r24
    11c0:	cb 01       	movw	r24, r22
    11c2:	0e 94 43 16 	call	0x2c86	; 0x2c86 <lcd_writenumber>

	if (PPM >= 100) {
    11c6:	80 91 84 01 	lds	r24, 0x0184
    11ca:	90 91 85 01 	lds	r25, 0x0185
    11ce:	a0 91 86 01 	lds	r26, 0x0186
    11d2:	b0 91 87 01 	lds	r27, 0x0187
    11d6:	bc 01       	movw	r22, r24
    11d8:	cd 01       	movw	r24, r26
    11da:	20 e0       	ldi	r18, 0x00	; 0
    11dc:	30 e0       	ldi	r19, 0x00	; 0
    11de:	48 ec       	ldi	r20, 0xC8	; 200
    11e0:	52 e4       	ldi	r21, 0x42	; 66
    11e2:	0e 94 f5 03 	call	0x7ea	; 0x7ea <__gesf2>
    11e6:	88 23       	and	r24, r24
    11e8:	a4 f0       	brlt	.+40     	; 0x1212 <Gas_Sensor+0x16a>
		LCD_String_xy(2, 0, Detect);
    11ea:	9e 01       	movw	r18, r28
    11ec:	21 5f       	subi	r18, 0xF1	; 241
    11ee:	3f 4f       	sbci	r19, 0xFF	; 255
    11f0:	82 e0       	ldi	r24, 0x02	; 2
    11f2:	60 e0       	ldi	r22, 0x00	; 0
    11f4:	a9 01       	movw	r20, r18
    11f6:	0e 94 0a 15 	call	0x2a14	; 0x2a14 <LCD_String_xy>
		DIO_SetPinValue(PORTD, PIN4, HIGH);	//Set Buzzer On
    11fa:	83 e0       	ldi	r24, 0x03	; 3
    11fc:	64 e0       	ldi	r22, 0x04	; 4
    11fe:	41 e0       	ldi	r20, 0x01	; 1
    1200:	0e 94 a2 0c 	call	0x1944	; 0x1944 <DIO_SetPinValue>
		Sensor_Readings_Tx[1] = 'O'; //indicate of Gas Leakage
    1204:	8f e4       	ldi	r24, 0x4F	; 79
    1206:	90 e0       	ldi	r25, 0x00	; 0
    1208:	90 93 81 01 	sts	0x0181, r25
    120c:	80 93 80 01 	sts	0x0180, r24
    1210:	0b c0       	rjmp	.+22     	; 0x1228 <Gas_Sensor+0x180>

	} else {
		DIO_SetPinValue(PORTD, PIN4, LOW); //Set Buzzer Off
    1212:	83 e0       	ldi	r24, 0x03	; 3
    1214:	64 e0       	ldi	r22, 0x04	; 4
    1216:	40 e0       	ldi	r20, 0x00	; 0
    1218:	0e 94 a2 0c 	call	0x1944	; 0x1944 <DIO_SetPinValue>
		Sensor_Readings_Tx[1] = 'F'; //indicate of Gas not Leakage
    121c:	86 e4       	ldi	r24, 0x46	; 70
    121e:	90 e0       	ldi	r25, 0x00	; 0
    1220:	90 93 81 01 	sts	0x0181, r25
    1224:	80 93 80 01 	sts	0x0180, r24
    1228:	80 e0       	ldi	r24, 0x00	; 0
    122a:	90 e0       	ldi	r25, 0x00	; 0
    122c:	aa e7       	ldi	r26, 0x7A	; 122
    122e:	b4 e4       	ldi	r27, 0x44	; 68
    1230:	8b 87       	std	Y+11, r24	; 0x0b
    1232:	9c 87       	std	Y+12, r25	; 0x0c
    1234:	ad 87       	std	Y+13, r26	; 0x0d
    1236:	be 87       	std	Y+14, r27	; 0x0e
 */
void
_delay_ms(double __ms)
{
	uint16_t __ticks;
	double __tmp = ((F_CPU) / 4e3) * __ms;
    1238:	6b 85       	ldd	r22, Y+11	; 0x0b
    123a:	7c 85       	ldd	r23, Y+12	; 0x0c
    123c:	8d 85       	ldd	r24, Y+13	; 0x0d
    123e:	9e 85       	ldd	r25, Y+14	; 0x0e
    1240:	20 e0       	ldi	r18, 0x00	; 0
    1242:	30 e0       	ldi	r19, 0x00	; 0
    1244:	4a ef       	ldi	r20, 0xFA	; 250
    1246:	54 e4       	ldi	r21, 0x44	; 68
    1248:	0e 94 1f 02 	call	0x43e	; 0x43e <__mulsf3>
    124c:	dc 01       	movw	r26, r24
    124e:	cb 01       	movw	r24, r22
    1250:	8f 83       	std	Y+7, r24	; 0x07
    1252:	98 87       	std	Y+8, r25	; 0x08
    1254:	a9 87       	std	Y+9, r26	; 0x09
    1256:	ba 87       	std	Y+10, r27	; 0x0a
	if (__tmp < 1.0)
    1258:	6f 81       	ldd	r22, Y+7	; 0x07
    125a:	78 85       	ldd	r23, Y+8	; 0x08
    125c:	89 85       	ldd	r24, Y+9	; 0x09
    125e:	9a 85       	ldd	r25, Y+10	; 0x0a
    1260:	20 e0       	ldi	r18, 0x00	; 0
    1262:	30 e0       	ldi	r19, 0x00	; 0
    1264:	40 e8       	ldi	r20, 0x80	; 128
    1266:	5f e3       	ldi	r21, 0x3F	; 63
    1268:	0e 94 25 04 	call	0x84a	; 0x84a <__ltsf2>
    126c:	88 23       	and	r24, r24
    126e:	2c f4       	brge	.+10     	; 0x127a <Gas_Sensor+0x1d2>
		__ticks = 1;
    1270:	81 e0       	ldi	r24, 0x01	; 1
    1272:	90 e0       	ldi	r25, 0x00	; 0
    1274:	9e 83       	std	Y+6, r25	; 0x06
    1276:	8d 83       	std	Y+5, r24	; 0x05
    1278:	3f c0       	rjmp	.+126    	; 0x12f8 <Gas_Sensor+0x250>
	else if (__tmp > 65535)
    127a:	6f 81       	ldd	r22, Y+7	; 0x07
    127c:	78 85       	ldd	r23, Y+8	; 0x08
    127e:	89 85       	ldd	r24, Y+9	; 0x09
    1280:	9a 85       	ldd	r25, Y+10	; 0x0a
    1282:	20 e0       	ldi	r18, 0x00	; 0
    1284:	3f ef       	ldi	r19, 0xFF	; 255
    1286:	4f e7       	ldi	r20, 0x7F	; 127
    1288:	57 e4       	ldi	r21, 0x47	; 71
    128a:	0e 94 c5 03 	call	0x78a	; 0x78a <__gtsf2>
    128e:	18 16       	cp	r1, r24
    1290:	4c f5       	brge	.+82     	; 0x12e4 <Gas_Sensor+0x23c>
	{
		//	__ticks = requested delay in 1/10 ms
		__ticks = (uint16_t) (__ms * 10.0);
    1292:	6b 85       	ldd	r22, Y+11	; 0x0b
    1294:	7c 85       	ldd	r23, Y+12	; 0x0c
    1296:	8d 85       	ldd	r24, Y+13	; 0x0d
    1298:	9e 85       	ldd	r25, Y+14	; 0x0e
    129a:	20 e0       	ldi	r18, 0x00	; 0
    129c:	30 e0       	ldi	r19, 0x00	; 0
    129e:	40 e2       	ldi	r20, 0x20	; 32
    12a0:	51 e4       	ldi	r21, 0x41	; 65
    12a2:	0e 94 1f 02 	call	0x43e	; 0x43e <__mulsf3>
    12a6:	dc 01       	movw	r26, r24
    12a8:	cb 01       	movw	r24, r22
    12aa:	bc 01       	movw	r22, r24
    12ac:	cd 01       	movw	r24, r26
    12ae:	0e 94 49 00 	call	0x92	; 0x92 <__fixunssfsi>
    12b2:	dc 01       	movw	r26, r24
    12b4:	cb 01       	movw	r24, r22
    12b6:	9e 83       	std	Y+6, r25	; 0x06
    12b8:	8d 83       	std	Y+5, r24	; 0x05
    12ba:	0f c0       	rjmp	.+30     	; 0x12da <Gas_Sensor+0x232>
    12bc:	88 ec       	ldi	r24, 0xC8	; 200
    12be:	90 e0       	ldi	r25, 0x00	; 0
    12c0:	9c 83       	std	Y+4, r25	; 0x04
    12c2:	8b 83       	std	Y+3, r24	; 0x03
    12c4:	8b 81       	ldd	r24, Y+3	; 0x03
    12c6:	9c 81       	ldd	r25, Y+4	; 0x04
    12c8:	01 97       	sbiw	r24, 0x01	; 1
    12ca:	f1 f7       	brne	.-4      	; 0x12c8 <Gas_Sensor+0x220>
    12cc:	9c 83       	std	Y+4, r25	; 0x04
    12ce:	8b 83       	std	Y+3, r24	; 0x03
		while(__ticks)
		{
			// wait 1/10 ms
			_delay_loop_2(((F_CPU) / 4e3) / 10);
			__ticks --;
    12d0:	8d 81       	ldd	r24, Y+5	; 0x05
    12d2:	9e 81       	ldd	r25, Y+6	; 0x06
    12d4:	01 97       	sbiw	r24, 0x01	; 1
    12d6:	9e 83       	std	Y+6, r25	; 0x06
    12d8:	8d 83       	std	Y+5, r24	; 0x05
		__ticks = 1;
	else if (__tmp > 65535)
	{
		//	__ticks = requested delay in 1/10 ms
		__ticks = (uint16_t) (__ms * 10.0);
		while(__ticks)
    12da:	8d 81       	ldd	r24, Y+5	; 0x05
    12dc:	9e 81       	ldd	r25, Y+6	; 0x06
    12de:	00 97       	sbiw	r24, 0x00	; 0
    12e0:	69 f7       	brne	.-38     	; 0x12bc <Gas_Sensor+0x214>
    12e2:	14 c0       	rjmp	.+40     	; 0x130c <Gas_Sensor+0x264>
			__ticks --;
		}
		return;
	}
	else
		__ticks = (uint16_t)__tmp;
    12e4:	6f 81       	ldd	r22, Y+7	; 0x07
    12e6:	78 85       	ldd	r23, Y+8	; 0x08
    12e8:	89 85       	ldd	r24, Y+9	; 0x09
    12ea:	9a 85       	ldd	r25, Y+10	; 0x0a
    12ec:	0e 94 49 00 	call	0x92	; 0x92 <__fixunssfsi>
    12f0:	dc 01       	movw	r26, r24
    12f2:	cb 01       	movw	r24, r22
    12f4:	9e 83       	std	Y+6, r25	; 0x06
    12f6:	8d 83       	std	Y+5, r24	; 0x05
    12f8:	8d 81       	ldd	r24, Y+5	; 0x05
    12fa:	9e 81       	ldd	r25, Y+6	; 0x06
    12fc:	9a 83       	std	Y+2, r25	; 0x02
    12fe:	89 83       	std	Y+1, r24	; 0x01
    1300:	89 81       	ldd	r24, Y+1	; 0x01
    1302:	9a 81       	ldd	r25, Y+2	; 0x02
    1304:	01 97       	sbiw	r24, 0x01	; 1
    1306:	f1 f7       	brne	.-4      	; 0x1304 <Gas_Sensor+0x25c>
    1308:	9a 83       	std	Y+2, r25	; 0x02
    130a:	89 83       	std	Y+1, r24	; 0x01
	}

	_delay_ms(1000);

	LCD_vidSendCommand(0x01);
    130c:	81 e0       	ldi	r24, 0x01	; 1
    130e:	0e 94 e0 12 	call	0x25c0	; 0x25c0 <LCD_vidSendCommand>

}
    1312:	6f 96       	adiw	r28, 0x1f	; 31
    1314:	0f b6       	in	r0, 0x3f	; 63
    1316:	f8 94       	cli
    1318:	de bf       	out	0x3e, r29	; 62
    131a:	0f be       	out	0x3f, r0	; 63
    131c:	cd bf       	out	0x3d, r28	; 61
    131e:	cf 91       	pop	r28
    1320:	df 91       	pop	r29
    1322:	08 95       	ret

00001324 <LDR>:

void LDR(void) {
    1324:	df 93       	push	r29
    1326:	cf 93       	push	r28
    1328:	cd b7       	in	r28, 0x3d	; 61
    132a:	de b7       	in	r29, 0x3e	; 62
    132c:	ef 97       	sbiw	r28, 0x3f	; 63
    132e:	0f b6       	in	r0, 0x3f	; 63
    1330:	f8 94       	cli
    1332:	de bf       	out	0x3e, r29	; 62
    1334:	0f be       	out	0x3f, r0	; 63
    1336:	cd bf       	out	0x3d, r28	; 61
	u8 Name_Test_English[3] = "on";
    1338:	ce 01       	movw	r24, r28
    133a:	81 96       	adiw	r24, 0x21	; 33
    133c:	9f ab       	std	Y+55, r25	; 0x37
    133e:	8e ab       	std	Y+54, r24	; 0x36
    1340:	e0 e6       	ldi	r30, 0x60	; 96
    1342:	f0 e0       	ldi	r31, 0x00	; 0
    1344:	f9 af       	std	Y+57, r31	; 0x39
    1346:	e8 af       	std	Y+56, r30	; 0x38
    1348:	f3 e0       	ldi	r31, 0x03	; 3
    134a:	fa af       	std	Y+58, r31	; 0x3a
    134c:	e8 ad       	ldd	r30, Y+56	; 0x38
    134e:	f9 ad       	ldd	r31, Y+57	; 0x39
    1350:	00 80       	ld	r0, Z
    1352:	88 ad       	ldd	r24, Y+56	; 0x38
    1354:	99 ad       	ldd	r25, Y+57	; 0x39
    1356:	01 96       	adiw	r24, 0x01	; 1
    1358:	99 af       	std	Y+57, r25	; 0x39
    135a:	88 af       	std	Y+56, r24	; 0x38
    135c:	ee a9       	ldd	r30, Y+54	; 0x36
    135e:	ff a9       	ldd	r31, Y+55	; 0x37
    1360:	00 82       	st	Z, r0
    1362:	8e a9       	ldd	r24, Y+54	; 0x36
    1364:	9f a9       	ldd	r25, Y+55	; 0x37
    1366:	01 96       	adiw	r24, 0x01	; 1
    1368:	9f ab       	std	Y+55, r25	; 0x37
    136a:	8e ab       	std	Y+54, r24	; 0x36
    136c:	9a ad       	ldd	r25, Y+58	; 0x3a
    136e:	91 50       	subi	r25, 0x01	; 1
    1370:	9a af       	std	Y+58, r25	; 0x3a
    1372:	ea ad       	ldd	r30, Y+58	; 0x3a
    1374:	ee 23       	and	r30, r30
    1376:	51 f7       	brne	.-44     	; 0x134c <LDR+0x28>
	u8 Namei_Test_English[4] = "off";
    1378:	80 91 63 00 	lds	r24, 0x0063
    137c:	90 91 64 00 	lds	r25, 0x0064
    1380:	a0 91 65 00 	lds	r26, 0x0065
    1384:	b0 91 66 00 	lds	r27, 0x0066
    1388:	8c a3       	std	Y+36, r24	; 0x24
    138a:	9d a3       	std	Y+37, r25	; 0x25
    138c:	ae a3       	std	Y+38, r26	; 0x26
    138e:	bf a3       	std	Y+39, r27	; 0x27
	u8 Light[14] = "Light Status:";
    1390:	ce 01       	movw	r24, r28
    1392:	88 96       	adiw	r24, 0x28	; 40
    1394:	9c af       	std	Y+60, r25	; 0x3c
    1396:	8b af       	std	Y+59, r24	; 0x3b
    1398:	e7 e6       	ldi	r30, 0x67	; 103
    139a:	f0 e0       	ldi	r31, 0x00	; 0
    139c:	fe af       	std	Y+62, r31	; 0x3e
    139e:	ed af       	std	Y+61, r30	; 0x3d
    13a0:	fe e0       	ldi	r31, 0x0E	; 14
    13a2:	ff af       	std	Y+63, r31	; 0x3f
    13a4:	ed ad       	ldd	r30, Y+61	; 0x3d
    13a6:	fe ad       	ldd	r31, Y+62	; 0x3e
    13a8:	00 80       	ld	r0, Z
    13aa:	8d ad       	ldd	r24, Y+61	; 0x3d
    13ac:	9e ad       	ldd	r25, Y+62	; 0x3e
    13ae:	01 96       	adiw	r24, 0x01	; 1
    13b0:	9e af       	std	Y+62, r25	; 0x3e
    13b2:	8d af       	std	Y+61, r24	; 0x3d
    13b4:	eb ad       	ldd	r30, Y+59	; 0x3b
    13b6:	fc ad       	ldd	r31, Y+60	; 0x3c
    13b8:	00 82       	st	Z, r0
    13ba:	8b ad       	ldd	r24, Y+59	; 0x3b
    13bc:	9c ad       	ldd	r25, Y+60	; 0x3c
    13be:	01 96       	adiw	r24, 0x01	; 1
    13c0:	9c af       	std	Y+60, r25	; 0x3c
    13c2:	8b af       	std	Y+59, r24	; 0x3b
    13c4:	9f ad       	ldd	r25, Y+63	; 0x3f
    13c6:	91 50       	subi	r25, 0x01	; 1
    13c8:	9f af       	std	Y+63, r25	; 0x3f
    13ca:	ef ad       	ldd	r30, Y+63	; 0x3f
    13cc:	ee 23       	and	r30, r30
    13ce:	51 f7       	brne	.-44     	; 0x13a4 <LDR+0x80>

	int vale;
	int ADCe;

	vale = (ADC_Read(2));
    13d0:	82 e0       	ldi	r24, 0x02	; 2
    13d2:	0e 94 26 07 	call	0xe4c	; 0xe4c <ADC_Read>
    13d6:	88 2f       	mov	r24, r24
    13d8:	90 e0       	ldi	r25, 0x00	; 0
    13da:	98 a3       	std	Y+32, r25	; 0x20
    13dc:	8f 8f       	std	Y+31, r24	; 0x1f
	ADCe = (vale * 5) / 250;
    13de:	2f 8d       	ldd	r18, Y+31	; 0x1f
    13e0:	38 a1       	ldd	r19, Y+32	; 0x20
    13e2:	c9 01       	movw	r24, r18
    13e4:	88 0f       	add	r24, r24
    13e6:	99 1f       	adc	r25, r25
    13e8:	88 0f       	add	r24, r24
    13ea:	99 1f       	adc	r25, r25
    13ec:	82 0f       	add	r24, r18
    13ee:	93 1f       	adc	r25, r19
    13f0:	2a ef       	ldi	r18, 0xFA	; 250
    13f2:	30 e0       	ldi	r19, 0x00	; 0
    13f4:	b9 01       	movw	r22, r18
    13f6:	0e 94 8f 18 	call	0x311e	; 0x311e <__divmodhi4>
    13fa:	cb 01       	movw	r24, r22
    13fc:	9e 8f       	std	Y+30, r25	; 0x1e
    13fe:	8d 8f       	std	Y+29, r24	; 0x1d

	if (ADCe > 3) {
    1400:	8d 8d       	ldd	r24, Y+29	; 0x1d
    1402:	9e 8d       	ldd	r25, Y+30	; 0x1e
    1404:	84 30       	cpi	r24, 0x04	; 4
    1406:	91 05       	cpc	r25, r1
    1408:	0c f4       	brge	.+2      	; 0x140c <LDR+0xe8>
    140a:	91 c0       	rjmp	.+290    	; 0x152e <LDR+0x20a>
		LCD_String_xy(1, 0, Light);
    140c:	9e 01       	movw	r18, r28
    140e:	28 5d       	subi	r18, 0xD8	; 216
    1410:	3f 4f       	sbci	r19, 0xFF	; 255
    1412:	81 e0       	ldi	r24, 0x01	; 1
    1414:	60 e0       	ldi	r22, 0x00	; 0
    1416:	a9 01       	movw	r20, r18
    1418:	0e 94 0a 15 	call	0x2a14	; 0x2a14 <LCD_String_xy>
		LCD_String_xy(2, 0, Namei_Test_English);
    141c:	9e 01       	movw	r18, r28
    141e:	2c 5d       	subi	r18, 0xDC	; 220
    1420:	3f 4f       	sbci	r19, 0xFF	; 255
    1422:	82 e0       	ldi	r24, 0x02	; 2
    1424:	60 e0       	ldi	r22, 0x00	; 0
    1426:	a9 01       	movw	r20, r18
    1428:	0e 94 0a 15 	call	0x2a14	; 0x2a14 <LCD_String_xy>
		Sensor_Readings_Tx[2] = 'F'; //indicate of Light off
    142c:	86 e4       	ldi	r24, 0x46	; 70
    142e:	90 e0       	ldi	r25, 0x00	; 0
    1430:	90 93 83 01 	sts	0x0183, r25
    1434:	80 93 82 01 	sts	0x0182, r24
		DIO_SetPinValue(PORTD, PIN5, LOW);
    1438:	83 e0       	ldi	r24, 0x03	; 3
    143a:	65 e0       	ldi	r22, 0x05	; 5
    143c:	40 e0       	ldi	r20, 0x00	; 0
    143e:	0e 94 a2 0c 	call	0x1944	; 0x1944 <DIO_SetPinValue>
    1442:	80 e0       	ldi	r24, 0x00	; 0
    1444:	90 e0       	ldi	r25, 0x00	; 0
    1446:	aa e7       	ldi	r26, 0x7A	; 122
    1448:	b4 e4       	ldi	r27, 0x44	; 68
    144a:	89 8f       	std	Y+25, r24	; 0x19
    144c:	9a 8f       	std	Y+26, r25	; 0x1a
    144e:	ab 8f       	std	Y+27, r26	; 0x1b
    1450:	bc 8f       	std	Y+28, r27	; 0x1c
 */
void
_delay_ms(double __ms)
{
	uint16_t __ticks;
	double __tmp = ((F_CPU) / 4e3) * __ms;
    1452:	69 8d       	ldd	r22, Y+25	; 0x19
    1454:	7a 8d       	ldd	r23, Y+26	; 0x1a
    1456:	8b 8d       	ldd	r24, Y+27	; 0x1b
    1458:	9c 8d       	ldd	r25, Y+28	; 0x1c
    145a:	20 e0       	ldi	r18, 0x00	; 0
    145c:	30 e0       	ldi	r19, 0x00	; 0
    145e:	4a ef       	ldi	r20, 0xFA	; 250
    1460:	54 e4       	ldi	r21, 0x44	; 68
    1462:	0e 94 1f 02 	call	0x43e	; 0x43e <__mulsf3>
    1466:	dc 01       	movw	r26, r24
    1468:	cb 01       	movw	r24, r22
    146a:	8d 8b       	std	Y+21, r24	; 0x15
    146c:	9e 8b       	std	Y+22, r25	; 0x16
    146e:	af 8b       	std	Y+23, r26	; 0x17
    1470:	b8 8f       	std	Y+24, r27	; 0x18
	if (__tmp < 1.0)
    1472:	6d 89       	ldd	r22, Y+21	; 0x15
    1474:	7e 89       	ldd	r23, Y+22	; 0x16
    1476:	8f 89       	ldd	r24, Y+23	; 0x17
    1478:	98 8d       	ldd	r25, Y+24	; 0x18
    147a:	20 e0       	ldi	r18, 0x00	; 0
    147c:	30 e0       	ldi	r19, 0x00	; 0
    147e:	40 e8       	ldi	r20, 0x80	; 128
    1480:	5f e3       	ldi	r21, 0x3F	; 63
    1482:	0e 94 25 04 	call	0x84a	; 0x84a <__ltsf2>
    1486:	88 23       	and	r24, r24
    1488:	2c f4       	brge	.+10     	; 0x1494 <LDR+0x170>
		__ticks = 1;
    148a:	81 e0       	ldi	r24, 0x01	; 1
    148c:	90 e0       	ldi	r25, 0x00	; 0
    148e:	9c 8b       	std	Y+20, r25	; 0x14
    1490:	8b 8b       	std	Y+19, r24	; 0x13
    1492:	3f c0       	rjmp	.+126    	; 0x1512 <LDR+0x1ee>
	else if (__tmp > 65535)
    1494:	6d 89       	ldd	r22, Y+21	; 0x15
    1496:	7e 89       	ldd	r23, Y+22	; 0x16
    1498:	8f 89       	ldd	r24, Y+23	; 0x17
    149a:	98 8d       	ldd	r25, Y+24	; 0x18
    149c:	20 e0       	ldi	r18, 0x00	; 0
    149e:	3f ef       	ldi	r19, 0xFF	; 255
    14a0:	4f e7       	ldi	r20, 0x7F	; 127
    14a2:	57 e4       	ldi	r21, 0x47	; 71
    14a4:	0e 94 c5 03 	call	0x78a	; 0x78a <__gtsf2>
    14a8:	18 16       	cp	r1, r24
    14aa:	4c f5       	brge	.+82     	; 0x14fe <LDR+0x1da>
	{
		//	__ticks = requested delay in 1/10 ms
		__ticks = (uint16_t) (__ms * 10.0);
    14ac:	69 8d       	ldd	r22, Y+25	; 0x19
    14ae:	7a 8d       	ldd	r23, Y+26	; 0x1a
    14b0:	8b 8d       	ldd	r24, Y+27	; 0x1b
    14b2:	9c 8d       	ldd	r25, Y+28	; 0x1c
    14b4:	20 e0       	ldi	r18, 0x00	; 0
    14b6:	30 e0       	ldi	r19, 0x00	; 0
    14b8:	40 e2       	ldi	r20, 0x20	; 32
    14ba:	51 e4       	ldi	r21, 0x41	; 65
    14bc:	0e 94 1f 02 	call	0x43e	; 0x43e <__mulsf3>
    14c0:	dc 01       	movw	r26, r24
    14c2:	cb 01       	movw	r24, r22
    14c4:	bc 01       	movw	r22, r24
    14c6:	cd 01       	movw	r24, r26
    14c8:	0e 94 49 00 	call	0x92	; 0x92 <__fixunssfsi>
    14cc:	dc 01       	movw	r26, r24
    14ce:	cb 01       	movw	r24, r22
    14d0:	9c 8b       	std	Y+20, r25	; 0x14
    14d2:	8b 8b       	std	Y+19, r24	; 0x13
    14d4:	0f c0       	rjmp	.+30     	; 0x14f4 <LDR+0x1d0>
    14d6:	88 ec       	ldi	r24, 0xC8	; 200
    14d8:	90 e0       	ldi	r25, 0x00	; 0
    14da:	9a 8b       	std	Y+18, r25	; 0x12
    14dc:	89 8b       	std	Y+17, r24	; 0x11
    14de:	89 89       	ldd	r24, Y+17	; 0x11
    14e0:	9a 89       	ldd	r25, Y+18	; 0x12
    14e2:	01 97       	sbiw	r24, 0x01	; 1
    14e4:	f1 f7       	brne	.-4      	; 0x14e2 <LDR+0x1be>
    14e6:	9a 8b       	std	Y+18, r25	; 0x12
    14e8:	89 8b       	std	Y+17, r24	; 0x11
		while(__ticks)
		{
			// wait 1/10 ms
			_delay_loop_2(((F_CPU) / 4e3) / 10);
			__ticks --;
    14ea:	8b 89       	ldd	r24, Y+19	; 0x13
    14ec:	9c 89       	ldd	r25, Y+20	; 0x14
    14ee:	01 97       	sbiw	r24, 0x01	; 1
    14f0:	9c 8b       	std	Y+20, r25	; 0x14
    14f2:	8b 8b       	std	Y+19, r24	; 0x13
		__ticks = 1;
	else if (__tmp > 65535)
	{
		//	__ticks = requested delay in 1/10 ms
		__ticks = (uint16_t) (__ms * 10.0);
		while(__ticks)
    14f4:	8b 89       	ldd	r24, Y+19	; 0x13
    14f6:	9c 89       	ldd	r25, Y+20	; 0x14
    14f8:	00 97       	sbiw	r24, 0x00	; 0
    14fa:	69 f7       	brne	.-38     	; 0x14d6 <LDR+0x1b2>
    14fc:	14 c0       	rjmp	.+40     	; 0x1526 <LDR+0x202>
			__ticks --;
		}
		return;
	}
	else
		__ticks = (uint16_t)__tmp;
    14fe:	6d 89       	ldd	r22, Y+21	; 0x15
    1500:	7e 89       	ldd	r23, Y+22	; 0x16
    1502:	8f 89       	ldd	r24, Y+23	; 0x17
    1504:	98 8d       	ldd	r25, Y+24	; 0x18
    1506:	0e 94 49 00 	call	0x92	; 0x92 <__fixunssfsi>
    150a:	dc 01       	movw	r26, r24
    150c:	cb 01       	movw	r24, r22
    150e:	9c 8b       	std	Y+20, r25	; 0x14
    1510:	8b 8b       	std	Y+19, r24	; 0x13
    1512:	8b 89       	ldd	r24, Y+19	; 0x13
    1514:	9c 89       	ldd	r25, Y+20	; 0x14
    1516:	98 8b       	std	Y+16, r25	; 0x10
    1518:	8f 87       	std	Y+15, r24	; 0x0f
    151a:	8f 85       	ldd	r24, Y+15	; 0x0f
    151c:	98 89       	ldd	r25, Y+16	; 0x10
    151e:	01 97       	sbiw	r24, 0x01	; 1
    1520:	f1 f7       	brne	.-4      	; 0x151e <LDR+0x1fa>
    1522:	98 8b       	std	Y+16, r25	; 0x10
    1524:	8f 87       	std	Y+15, r24	; 0x0f
		_delay_ms(1000);
		LCD_vidSendCommand(0x01);
    1526:	81 e0       	ldi	r24, 0x01	; 1
    1528:	0e 94 e0 12 	call	0x25c0	; 0x25c0 <LCD_vidSendCommand>
    152c:	90 c0       	rjmp	.+288    	; 0x164e <LDR+0x32a>

	} else {
		LCD_String_xy(1, 0, Light);
    152e:	9e 01       	movw	r18, r28
    1530:	28 5d       	subi	r18, 0xD8	; 216
    1532:	3f 4f       	sbci	r19, 0xFF	; 255
    1534:	81 e0       	ldi	r24, 0x01	; 1
    1536:	60 e0       	ldi	r22, 0x00	; 0
    1538:	a9 01       	movw	r20, r18
    153a:	0e 94 0a 15 	call	0x2a14	; 0x2a14 <LCD_String_xy>
		LCD_String_xy(2, 0, Name_Test_English);
    153e:	9e 01       	movw	r18, r28
    1540:	2f 5d       	subi	r18, 0xDF	; 223
    1542:	3f 4f       	sbci	r19, 0xFF	; 255
    1544:	82 e0       	ldi	r24, 0x02	; 2
    1546:	60 e0       	ldi	r22, 0x00	; 0
    1548:	a9 01       	movw	r20, r18
    154a:	0e 94 0a 15 	call	0x2a14	; 0x2a14 <LCD_String_xy>
		Sensor_Readings_Tx[2] = 'O'; //indicate of Light off
    154e:	8f e4       	ldi	r24, 0x4F	; 79
    1550:	90 e0       	ldi	r25, 0x00	; 0
    1552:	90 93 83 01 	sts	0x0183, r25
    1556:	80 93 82 01 	sts	0x0182, r24
		DIO_SetPinValue(PORTD, PIN5, HIGH);
    155a:	83 e0       	ldi	r24, 0x03	; 3
    155c:	65 e0       	ldi	r22, 0x05	; 5
    155e:	41 e0       	ldi	r20, 0x01	; 1
    1560:	0e 94 a2 0c 	call	0x1944	; 0x1944 <DIO_SetPinValue>
    1564:	80 e0       	ldi	r24, 0x00	; 0
    1566:	90 e0       	ldi	r25, 0x00	; 0
    1568:	aa e7       	ldi	r26, 0x7A	; 122
    156a:	b4 e4       	ldi	r27, 0x44	; 68
    156c:	8b 87       	std	Y+11, r24	; 0x0b
    156e:	9c 87       	std	Y+12, r25	; 0x0c
    1570:	ad 87       	std	Y+13, r26	; 0x0d
    1572:	be 87       	std	Y+14, r27	; 0x0e
 */
void
_delay_ms(double __ms)
{
	uint16_t __ticks;
	double __tmp = ((F_CPU) / 4e3) * __ms;
    1574:	6b 85       	ldd	r22, Y+11	; 0x0b
    1576:	7c 85       	ldd	r23, Y+12	; 0x0c
    1578:	8d 85       	ldd	r24, Y+13	; 0x0d
    157a:	9e 85       	ldd	r25, Y+14	; 0x0e
    157c:	20 e0       	ldi	r18, 0x00	; 0
    157e:	30 e0       	ldi	r19, 0x00	; 0
    1580:	4a ef       	ldi	r20, 0xFA	; 250
    1582:	54 e4       	ldi	r21, 0x44	; 68
    1584:	0e 94 1f 02 	call	0x43e	; 0x43e <__mulsf3>
    1588:	dc 01       	movw	r26, r24
    158a:	cb 01       	movw	r24, r22
    158c:	8f 83       	std	Y+7, r24	; 0x07
    158e:	98 87       	std	Y+8, r25	; 0x08
    1590:	a9 87       	std	Y+9, r26	; 0x09
    1592:	ba 87       	std	Y+10, r27	; 0x0a
	if (__tmp < 1.0)
    1594:	6f 81       	ldd	r22, Y+7	; 0x07
    1596:	78 85       	ldd	r23, Y+8	; 0x08
    1598:	89 85       	ldd	r24, Y+9	; 0x09
    159a:	9a 85       	ldd	r25, Y+10	; 0x0a
    159c:	20 e0       	ldi	r18, 0x00	; 0
    159e:	30 e0       	ldi	r19, 0x00	; 0
    15a0:	40 e8       	ldi	r20, 0x80	; 128
    15a2:	5f e3       	ldi	r21, 0x3F	; 63
    15a4:	0e 94 25 04 	call	0x84a	; 0x84a <__ltsf2>
    15a8:	88 23       	and	r24, r24
    15aa:	2c f4       	brge	.+10     	; 0x15b6 <LDR+0x292>
		__ticks = 1;
    15ac:	81 e0       	ldi	r24, 0x01	; 1
    15ae:	90 e0       	ldi	r25, 0x00	; 0
    15b0:	9e 83       	std	Y+6, r25	; 0x06
    15b2:	8d 83       	std	Y+5, r24	; 0x05
    15b4:	3f c0       	rjmp	.+126    	; 0x1634 <LDR+0x310>
	else if (__tmp > 65535)
    15b6:	6f 81       	ldd	r22, Y+7	; 0x07
    15b8:	78 85       	ldd	r23, Y+8	; 0x08
    15ba:	89 85       	ldd	r24, Y+9	; 0x09
    15bc:	9a 85       	ldd	r25, Y+10	; 0x0a
    15be:	20 e0       	ldi	r18, 0x00	; 0
    15c0:	3f ef       	ldi	r19, 0xFF	; 255
    15c2:	4f e7       	ldi	r20, 0x7F	; 127
    15c4:	57 e4       	ldi	r21, 0x47	; 71
    15c6:	0e 94 c5 03 	call	0x78a	; 0x78a <__gtsf2>
    15ca:	18 16       	cp	r1, r24
    15cc:	4c f5       	brge	.+82     	; 0x1620 <LDR+0x2fc>
	{
		//	__ticks = requested delay in 1/10 ms
		__ticks = (uint16_t) (__ms * 10.0);
    15ce:	6b 85       	ldd	r22, Y+11	; 0x0b
    15d0:	7c 85       	ldd	r23, Y+12	; 0x0c
    15d2:	8d 85       	ldd	r24, Y+13	; 0x0d
    15d4:	9e 85       	ldd	r25, Y+14	; 0x0e
    15d6:	20 e0       	ldi	r18, 0x00	; 0
    15d8:	30 e0       	ldi	r19, 0x00	; 0
    15da:	40 e2       	ldi	r20, 0x20	; 32
    15dc:	51 e4       	ldi	r21, 0x41	; 65
    15de:	0e 94 1f 02 	call	0x43e	; 0x43e <__mulsf3>
    15e2:	dc 01       	movw	r26, r24
    15e4:	cb 01       	movw	r24, r22
    15e6:	bc 01       	movw	r22, r24
    15e8:	cd 01       	movw	r24, r26
    15ea:	0e 94 49 00 	call	0x92	; 0x92 <__fixunssfsi>
    15ee:	dc 01       	movw	r26, r24
    15f0:	cb 01       	movw	r24, r22
    15f2:	9e 83       	std	Y+6, r25	; 0x06
    15f4:	8d 83       	std	Y+5, r24	; 0x05
    15f6:	0f c0       	rjmp	.+30     	; 0x1616 <LDR+0x2f2>
    15f8:	88 ec       	ldi	r24, 0xC8	; 200
    15fa:	90 e0       	ldi	r25, 0x00	; 0
    15fc:	9c 83       	std	Y+4, r25	; 0x04
    15fe:	8b 83       	std	Y+3, r24	; 0x03
    1600:	8b 81       	ldd	r24, Y+3	; 0x03
    1602:	9c 81       	ldd	r25, Y+4	; 0x04
    1604:	01 97       	sbiw	r24, 0x01	; 1
    1606:	f1 f7       	brne	.-4      	; 0x1604 <LDR+0x2e0>
    1608:	9c 83       	std	Y+4, r25	; 0x04
    160a:	8b 83       	std	Y+3, r24	; 0x03
		while(__ticks)
		{
			// wait 1/10 ms
			_delay_loop_2(((F_CPU) / 4e3) / 10);
			__ticks --;
    160c:	8d 81       	ldd	r24, Y+5	; 0x05
    160e:	9e 81       	ldd	r25, Y+6	; 0x06
    1610:	01 97       	sbiw	r24, 0x01	; 1
    1612:	9e 83       	std	Y+6, r25	; 0x06
    1614:	8d 83       	std	Y+5, r24	; 0x05
		__ticks = 1;
	else if (__tmp > 65535)
	{
		//	__ticks = requested delay in 1/10 ms
		__ticks = (uint16_t) (__ms * 10.0);
		while(__ticks)
    1616:	8d 81       	ldd	r24, Y+5	; 0x05
    1618:	9e 81       	ldd	r25, Y+6	; 0x06
    161a:	00 97       	sbiw	r24, 0x00	; 0
    161c:	69 f7       	brne	.-38     	; 0x15f8 <LDR+0x2d4>
    161e:	14 c0       	rjmp	.+40     	; 0x1648 <LDR+0x324>
			__ticks --;
		}
		return;
	}
	else
		__ticks = (uint16_t)__tmp;
    1620:	6f 81       	ldd	r22, Y+7	; 0x07
    1622:	78 85       	ldd	r23, Y+8	; 0x08
    1624:	89 85       	ldd	r24, Y+9	; 0x09
    1626:	9a 85       	ldd	r25, Y+10	; 0x0a
    1628:	0e 94 49 00 	call	0x92	; 0x92 <__fixunssfsi>
    162c:	dc 01       	movw	r26, r24
    162e:	cb 01       	movw	r24, r22
    1630:	9e 83       	std	Y+6, r25	; 0x06
    1632:	8d 83       	std	Y+5, r24	; 0x05
    1634:	8d 81       	ldd	r24, Y+5	; 0x05
    1636:	9e 81       	ldd	r25, Y+6	; 0x06
    1638:	9a 83       	std	Y+2, r25	; 0x02
    163a:	89 83       	std	Y+1, r24	; 0x01
    163c:	89 81       	ldd	r24, Y+1	; 0x01
    163e:	9a 81       	ldd	r25, Y+2	; 0x02
    1640:	01 97       	sbiw	r24, 0x01	; 1
    1642:	f1 f7       	brne	.-4      	; 0x1640 <LDR+0x31c>
    1644:	9a 83       	std	Y+2, r25	; 0x02
    1646:	89 83       	std	Y+1, r24	; 0x01
		_delay_ms(1000);
		LCD_vidSendCommand(0x01);
    1648:	81 e0       	ldi	r24, 0x01	; 1
    164a:	0e 94 e0 12 	call	0x25c0	; 0x25c0 <LCD_vidSendCommand>
	}
	LCD_vidSendCommand(0x01);
    164e:	81 e0       	ldi	r24, 0x01	; 1
    1650:	0e 94 e0 12 	call	0x25c0	; 0x25c0 <LCD_vidSendCommand>
}
    1654:	ef 96       	adiw	r28, 0x3f	; 63
    1656:	0f b6       	in	r0, 0x3f	; 63
    1658:	f8 94       	cli
    165a:	de bf       	out	0x3e, r29	; 62
    165c:	0f be       	out	0x3f, r0	; 63
    165e:	cd bf       	out	0x3d, r28	; 61
    1660:	cf 91       	pop	r28
    1662:	df 91       	pop	r29
    1664:	08 95       	ret

00001666 <LCD_ADC>:

void LCD_ADC(void) {
    1666:	df 93       	push	r29
    1668:	cf 93       	push	r28
    166a:	cd b7       	in	r28, 0x3d	; 61
    166c:	de b7       	in	r29, 0x3e	; 62
    166e:	aa 97       	sbiw	r28, 0x2a	; 42
    1670:	0f b6       	in	r0, 0x3f	; 63
    1672:	f8 94       	cli
    1674:	de bf       	out	0x3e, r29	; 62
    1676:	0f be       	out	0x3f, r0	; 63
    1678:	cd bf       	out	0x3d, r28	; 61

	LM35();
    167a:	0e 94 51 07 	call	0xea2	; 0xea2 <LM35>
    167e:	80 e0       	ldi	r24, 0x00	; 0
    1680:	90 e0       	ldi	r25, 0x00	; 0
    1682:	a8 ec       	ldi	r26, 0xC8	; 200
    1684:	b2 e4       	ldi	r27, 0x42	; 66
    1686:	8f a3       	std	Y+39, r24	; 0x27
    1688:	98 a7       	std	Y+40, r25	; 0x28
    168a:	a9 a7       	std	Y+41, r26	; 0x29
    168c:	ba a7       	std	Y+42, r27	; 0x2a
 */
void
_delay_ms(double __ms)
{
	uint16_t __ticks;
	double __tmp = ((F_CPU) / 4e3) * __ms;
    168e:	6f a1       	ldd	r22, Y+39	; 0x27
    1690:	78 a5       	ldd	r23, Y+40	; 0x28
    1692:	89 a5       	ldd	r24, Y+41	; 0x29
    1694:	9a a5       	ldd	r25, Y+42	; 0x2a
    1696:	20 e0       	ldi	r18, 0x00	; 0
    1698:	30 e0       	ldi	r19, 0x00	; 0
    169a:	4a ef       	ldi	r20, 0xFA	; 250
    169c:	54 e4       	ldi	r21, 0x44	; 68
    169e:	0e 94 1f 02 	call	0x43e	; 0x43e <__mulsf3>
    16a2:	dc 01       	movw	r26, r24
    16a4:	cb 01       	movw	r24, r22
    16a6:	8b a3       	std	Y+35, r24	; 0x23
    16a8:	9c a3       	std	Y+36, r25	; 0x24
    16aa:	ad a3       	std	Y+37, r26	; 0x25
    16ac:	be a3       	std	Y+38, r27	; 0x26
	if (__tmp < 1.0)
    16ae:	6b a1       	ldd	r22, Y+35	; 0x23
    16b0:	7c a1       	ldd	r23, Y+36	; 0x24
    16b2:	8d a1       	ldd	r24, Y+37	; 0x25
    16b4:	9e a1       	ldd	r25, Y+38	; 0x26
    16b6:	20 e0       	ldi	r18, 0x00	; 0
    16b8:	30 e0       	ldi	r19, 0x00	; 0
    16ba:	40 e8       	ldi	r20, 0x80	; 128
    16bc:	5f e3       	ldi	r21, 0x3F	; 63
    16be:	0e 94 25 04 	call	0x84a	; 0x84a <__ltsf2>
    16c2:	88 23       	and	r24, r24
    16c4:	2c f4       	brge	.+10     	; 0x16d0 <LCD_ADC+0x6a>
		__ticks = 1;
    16c6:	81 e0       	ldi	r24, 0x01	; 1
    16c8:	90 e0       	ldi	r25, 0x00	; 0
    16ca:	9a a3       	std	Y+34, r25	; 0x22
    16cc:	89 a3       	std	Y+33, r24	; 0x21
    16ce:	3f c0       	rjmp	.+126    	; 0x174e <LCD_ADC+0xe8>
	else if (__tmp > 65535)
    16d0:	6b a1       	ldd	r22, Y+35	; 0x23
    16d2:	7c a1       	ldd	r23, Y+36	; 0x24
    16d4:	8d a1       	ldd	r24, Y+37	; 0x25
    16d6:	9e a1       	ldd	r25, Y+38	; 0x26
    16d8:	20 e0       	ldi	r18, 0x00	; 0
    16da:	3f ef       	ldi	r19, 0xFF	; 255
    16dc:	4f e7       	ldi	r20, 0x7F	; 127
    16de:	57 e4       	ldi	r21, 0x47	; 71
    16e0:	0e 94 c5 03 	call	0x78a	; 0x78a <__gtsf2>
    16e4:	18 16       	cp	r1, r24
    16e6:	4c f5       	brge	.+82     	; 0x173a <LCD_ADC+0xd4>
	{
		//	__ticks = requested delay in 1/10 ms
		__ticks = (uint16_t) (__ms * 10.0);
    16e8:	6f a1       	ldd	r22, Y+39	; 0x27
    16ea:	78 a5       	ldd	r23, Y+40	; 0x28
    16ec:	89 a5       	ldd	r24, Y+41	; 0x29
    16ee:	9a a5       	ldd	r25, Y+42	; 0x2a
    16f0:	20 e0       	ldi	r18, 0x00	; 0
    16f2:	30 e0       	ldi	r19, 0x00	; 0
    16f4:	40 e2       	ldi	r20, 0x20	; 32
    16f6:	51 e4       	ldi	r21, 0x41	; 65
    16f8:	0e 94 1f 02 	call	0x43e	; 0x43e <__mulsf3>
    16fc:	dc 01       	movw	r26, r24
    16fe:	cb 01       	movw	r24, r22
    1700:	bc 01       	movw	r22, r24
    1702:	cd 01       	movw	r24, r26
    1704:	0e 94 49 00 	call	0x92	; 0x92 <__fixunssfsi>
    1708:	dc 01       	movw	r26, r24
    170a:	cb 01       	movw	r24, r22
    170c:	9a a3       	std	Y+34, r25	; 0x22
    170e:	89 a3       	std	Y+33, r24	; 0x21
    1710:	0f c0       	rjmp	.+30     	; 0x1730 <LCD_ADC+0xca>
    1712:	88 ec       	ldi	r24, 0xC8	; 200
    1714:	90 e0       	ldi	r25, 0x00	; 0
    1716:	98 a3       	std	Y+32, r25	; 0x20
    1718:	8f 8f       	std	Y+31, r24	; 0x1f
    171a:	8f 8d       	ldd	r24, Y+31	; 0x1f
    171c:	98 a1       	ldd	r25, Y+32	; 0x20
    171e:	01 97       	sbiw	r24, 0x01	; 1
    1720:	f1 f7       	brne	.-4      	; 0x171e <LCD_ADC+0xb8>
    1722:	98 a3       	std	Y+32, r25	; 0x20
    1724:	8f 8f       	std	Y+31, r24	; 0x1f
		while(__ticks)
		{
			// wait 1/10 ms
			_delay_loop_2(((F_CPU) / 4e3) / 10);
			__ticks --;
    1726:	89 a1       	ldd	r24, Y+33	; 0x21
    1728:	9a a1       	ldd	r25, Y+34	; 0x22
    172a:	01 97       	sbiw	r24, 0x01	; 1
    172c:	9a a3       	std	Y+34, r25	; 0x22
    172e:	89 a3       	std	Y+33, r24	; 0x21
		__ticks = 1;
	else if (__tmp > 65535)
	{
		//	__ticks = requested delay in 1/10 ms
		__ticks = (uint16_t) (__ms * 10.0);
		while(__ticks)
    1730:	89 a1       	ldd	r24, Y+33	; 0x21
    1732:	9a a1       	ldd	r25, Y+34	; 0x22
    1734:	00 97       	sbiw	r24, 0x00	; 0
    1736:	69 f7       	brne	.-38     	; 0x1712 <LCD_ADC+0xac>
    1738:	14 c0       	rjmp	.+40     	; 0x1762 <LCD_ADC+0xfc>
			__ticks --;
		}
		return;
	}
	else
		__ticks = (uint16_t)__tmp;
    173a:	6b a1       	ldd	r22, Y+35	; 0x23
    173c:	7c a1       	ldd	r23, Y+36	; 0x24
    173e:	8d a1       	ldd	r24, Y+37	; 0x25
    1740:	9e a1       	ldd	r25, Y+38	; 0x26
    1742:	0e 94 49 00 	call	0x92	; 0x92 <__fixunssfsi>
    1746:	dc 01       	movw	r26, r24
    1748:	cb 01       	movw	r24, r22
    174a:	9a a3       	std	Y+34, r25	; 0x22
    174c:	89 a3       	std	Y+33, r24	; 0x21
    174e:	89 a1       	ldd	r24, Y+33	; 0x21
    1750:	9a a1       	ldd	r25, Y+34	; 0x22
    1752:	9e 8f       	std	Y+30, r25	; 0x1e
    1754:	8d 8f       	std	Y+29, r24	; 0x1d
    1756:	8d 8d       	ldd	r24, Y+29	; 0x1d
    1758:	9e 8d       	ldd	r25, Y+30	; 0x1e
    175a:	01 97       	sbiw	r24, 0x01	; 1
    175c:	f1 f7       	brne	.-4      	; 0x175a <LCD_ADC+0xf4>
    175e:	9e 8f       	std	Y+30, r25	; 0x1e
    1760:	8d 8f       	std	Y+29, r24	; 0x1d
	_delay_ms(100);
	Gas_Sensor();
    1762:	0e 94 54 08 	call	0x10a8	; 0x10a8 <Gas_Sensor>
    1766:	80 e0       	ldi	r24, 0x00	; 0
    1768:	90 e0       	ldi	r25, 0x00	; 0
    176a:	a8 ec       	ldi	r26, 0xC8	; 200
    176c:	b2 e4       	ldi	r27, 0x42	; 66
    176e:	89 8f       	std	Y+25, r24	; 0x19
    1770:	9a 8f       	std	Y+26, r25	; 0x1a
    1772:	ab 8f       	std	Y+27, r26	; 0x1b
    1774:	bc 8f       	std	Y+28, r27	; 0x1c
 */
void
_delay_ms(double __ms)
{
	uint16_t __ticks;
	double __tmp = ((F_CPU) / 4e3) * __ms;
    1776:	69 8d       	ldd	r22, Y+25	; 0x19
    1778:	7a 8d       	ldd	r23, Y+26	; 0x1a
    177a:	8b 8d       	ldd	r24, Y+27	; 0x1b
    177c:	9c 8d       	ldd	r25, Y+28	; 0x1c
    177e:	20 e0       	ldi	r18, 0x00	; 0
    1780:	30 e0       	ldi	r19, 0x00	; 0
    1782:	4a ef       	ldi	r20, 0xFA	; 250
    1784:	54 e4       	ldi	r21, 0x44	; 68
    1786:	0e 94 1f 02 	call	0x43e	; 0x43e <__mulsf3>
    178a:	dc 01       	movw	r26, r24
    178c:	cb 01       	movw	r24, r22
    178e:	8d 8b       	std	Y+21, r24	; 0x15
    1790:	9e 8b       	std	Y+22, r25	; 0x16
    1792:	af 8b       	std	Y+23, r26	; 0x17
    1794:	b8 8f       	std	Y+24, r27	; 0x18
	if (__tmp < 1.0)
    1796:	6d 89       	ldd	r22, Y+21	; 0x15
    1798:	7e 89       	ldd	r23, Y+22	; 0x16
    179a:	8f 89       	ldd	r24, Y+23	; 0x17
    179c:	98 8d       	ldd	r25, Y+24	; 0x18
    179e:	20 e0       	ldi	r18, 0x00	; 0
    17a0:	30 e0       	ldi	r19, 0x00	; 0
    17a2:	40 e8       	ldi	r20, 0x80	; 128
    17a4:	5f e3       	ldi	r21, 0x3F	; 63
    17a6:	0e 94 25 04 	call	0x84a	; 0x84a <__ltsf2>
    17aa:	88 23       	and	r24, r24
    17ac:	2c f4       	brge	.+10     	; 0x17b8 <LCD_ADC+0x152>
		__ticks = 1;
    17ae:	81 e0       	ldi	r24, 0x01	; 1
    17b0:	90 e0       	ldi	r25, 0x00	; 0
    17b2:	9c 8b       	std	Y+20, r25	; 0x14
    17b4:	8b 8b       	std	Y+19, r24	; 0x13
    17b6:	3f c0       	rjmp	.+126    	; 0x1836 <LCD_ADC+0x1d0>
	else if (__tmp > 65535)
    17b8:	6d 89       	ldd	r22, Y+21	; 0x15
    17ba:	7e 89       	ldd	r23, Y+22	; 0x16
    17bc:	8f 89       	ldd	r24, Y+23	; 0x17
    17be:	98 8d       	ldd	r25, Y+24	; 0x18
    17c0:	20 e0       	ldi	r18, 0x00	; 0
    17c2:	3f ef       	ldi	r19, 0xFF	; 255
    17c4:	4f e7       	ldi	r20, 0x7F	; 127
    17c6:	57 e4       	ldi	r21, 0x47	; 71
    17c8:	0e 94 c5 03 	call	0x78a	; 0x78a <__gtsf2>
    17cc:	18 16       	cp	r1, r24
    17ce:	4c f5       	brge	.+82     	; 0x1822 <LCD_ADC+0x1bc>
	{
		//	__ticks = requested delay in 1/10 ms
		__ticks = (uint16_t) (__ms * 10.0);
    17d0:	69 8d       	ldd	r22, Y+25	; 0x19
    17d2:	7a 8d       	ldd	r23, Y+26	; 0x1a
    17d4:	8b 8d       	ldd	r24, Y+27	; 0x1b
    17d6:	9c 8d       	ldd	r25, Y+28	; 0x1c
    17d8:	20 e0       	ldi	r18, 0x00	; 0
    17da:	30 e0       	ldi	r19, 0x00	; 0
    17dc:	40 e2       	ldi	r20, 0x20	; 32
    17de:	51 e4       	ldi	r21, 0x41	; 65
    17e0:	0e 94 1f 02 	call	0x43e	; 0x43e <__mulsf3>
    17e4:	dc 01       	movw	r26, r24
    17e6:	cb 01       	movw	r24, r22
    17e8:	bc 01       	movw	r22, r24
    17ea:	cd 01       	movw	r24, r26
    17ec:	0e 94 49 00 	call	0x92	; 0x92 <__fixunssfsi>
    17f0:	dc 01       	movw	r26, r24
    17f2:	cb 01       	movw	r24, r22
    17f4:	9c 8b       	std	Y+20, r25	; 0x14
    17f6:	8b 8b       	std	Y+19, r24	; 0x13
    17f8:	0f c0       	rjmp	.+30     	; 0x1818 <LCD_ADC+0x1b2>
    17fa:	88 ec       	ldi	r24, 0xC8	; 200
    17fc:	90 e0       	ldi	r25, 0x00	; 0
    17fe:	9a 8b       	std	Y+18, r25	; 0x12
    1800:	89 8b       	std	Y+17, r24	; 0x11
    1802:	89 89       	ldd	r24, Y+17	; 0x11
    1804:	9a 89       	ldd	r25, Y+18	; 0x12
    1806:	01 97       	sbiw	r24, 0x01	; 1
    1808:	f1 f7       	brne	.-4      	; 0x1806 <LCD_ADC+0x1a0>
    180a:	9a 8b       	std	Y+18, r25	; 0x12
    180c:	89 8b       	std	Y+17, r24	; 0x11
		while(__ticks)
		{
			// wait 1/10 ms
			_delay_loop_2(((F_CPU) / 4e3) / 10);
			__ticks --;
    180e:	8b 89       	ldd	r24, Y+19	; 0x13
    1810:	9c 89       	ldd	r25, Y+20	; 0x14
    1812:	01 97       	sbiw	r24, 0x01	; 1
    1814:	9c 8b       	std	Y+20, r25	; 0x14
    1816:	8b 8b       	std	Y+19, r24	; 0x13
		__ticks = 1;
	else if (__tmp > 65535)
	{
		//	__ticks = requested delay in 1/10 ms
		__ticks = (uint16_t) (__ms * 10.0);
		while(__ticks)
    1818:	8b 89       	ldd	r24, Y+19	; 0x13
    181a:	9c 89       	ldd	r25, Y+20	; 0x14
    181c:	00 97       	sbiw	r24, 0x00	; 0
    181e:	69 f7       	brne	.-38     	; 0x17fa <LCD_ADC+0x194>
    1820:	14 c0       	rjmp	.+40     	; 0x184a <LCD_ADC+0x1e4>
			__ticks --;
		}
		return;
	}
	else
		__ticks = (uint16_t)__tmp;
    1822:	6d 89       	ldd	r22, Y+21	; 0x15
    1824:	7e 89       	ldd	r23, Y+22	; 0x16
    1826:	8f 89       	ldd	r24, Y+23	; 0x17
    1828:	98 8d       	ldd	r25, Y+24	; 0x18
    182a:	0e 94 49 00 	call	0x92	; 0x92 <__fixunssfsi>
    182e:	dc 01       	movw	r26, r24
    1830:	cb 01       	movw	r24, r22
    1832:	9c 8b       	std	Y+20, r25	; 0x14
    1834:	8b 8b       	std	Y+19, r24	; 0x13
    1836:	8b 89       	ldd	r24, Y+19	; 0x13
    1838:	9c 89       	ldd	r25, Y+20	; 0x14
    183a:	98 8b       	std	Y+16, r25	; 0x10
    183c:	8f 87       	std	Y+15, r24	; 0x0f
    183e:	8f 85       	ldd	r24, Y+15	; 0x0f
    1840:	98 89       	ldd	r25, Y+16	; 0x10
    1842:	01 97       	sbiw	r24, 0x01	; 1
    1844:	f1 f7       	brne	.-4      	; 0x1842 <LCD_ADC+0x1dc>
    1846:	98 8b       	std	Y+16, r25	; 0x10
    1848:	8f 87       	std	Y+15, r24	; 0x0f
	_delay_ms(100);
	LDR();
    184a:	0e 94 92 09 	call	0x1324	; 0x1324 <LDR>
    184e:	80 e0       	ldi	r24, 0x00	; 0
    1850:	90 e0       	ldi	r25, 0x00	; 0
    1852:	a8 ec       	ldi	r26, 0xC8	; 200
    1854:	b2 e4       	ldi	r27, 0x42	; 66
    1856:	8b 87       	std	Y+11, r24	; 0x0b
    1858:	9c 87       	std	Y+12, r25	; 0x0c
    185a:	ad 87       	std	Y+13, r26	; 0x0d
    185c:	be 87       	std	Y+14, r27	; 0x0e
 */
void
_delay_ms(double __ms)
{
	uint16_t __ticks;
	double __tmp = ((F_CPU) / 4e3) * __ms;
    185e:	6b 85       	ldd	r22, Y+11	; 0x0b
    1860:	7c 85       	ldd	r23, Y+12	; 0x0c
    1862:	8d 85       	ldd	r24, Y+13	; 0x0d
    1864:	9e 85       	ldd	r25, Y+14	; 0x0e
    1866:	20 e0       	ldi	r18, 0x00	; 0
    1868:	30 e0       	ldi	r19, 0x00	; 0
    186a:	4a ef       	ldi	r20, 0xFA	; 250
    186c:	54 e4       	ldi	r21, 0x44	; 68
    186e:	0e 94 1f 02 	call	0x43e	; 0x43e <__mulsf3>
    1872:	dc 01       	movw	r26, r24
    1874:	cb 01       	movw	r24, r22
    1876:	8f 83       	std	Y+7, r24	; 0x07
    1878:	98 87       	std	Y+8, r25	; 0x08
    187a:	a9 87       	std	Y+9, r26	; 0x09
    187c:	ba 87       	std	Y+10, r27	; 0x0a
	if (__tmp < 1.0)
    187e:	6f 81       	ldd	r22, Y+7	; 0x07
    1880:	78 85       	ldd	r23, Y+8	; 0x08
    1882:	89 85       	ldd	r24, Y+9	; 0x09
    1884:	9a 85       	ldd	r25, Y+10	; 0x0a
    1886:	20 e0       	ldi	r18, 0x00	; 0
    1888:	30 e0       	ldi	r19, 0x00	; 0
    188a:	40 e8       	ldi	r20, 0x80	; 128
    188c:	5f e3       	ldi	r21, 0x3F	; 63
    188e:	0e 94 25 04 	call	0x84a	; 0x84a <__ltsf2>
    1892:	88 23       	and	r24, r24
    1894:	2c f4       	brge	.+10     	; 0x18a0 <LCD_ADC+0x23a>
		__ticks = 1;
    1896:	81 e0       	ldi	r24, 0x01	; 1
    1898:	90 e0       	ldi	r25, 0x00	; 0
    189a:	9e 83       	std	Y+6, r25	; 0x06
    189c:	8d 83       	std	Y+5, r24	; 0x05
    189e:	3f c0       	rjmp	.+126    	; 0x191e <LCD_ADC+0x2b8>
	else if (__tmp > 65535)
    18a0:	6f 81       	ldd	r22, Y+7	; 0x07
    18a2:	78 85       	ldd	r23, Y+8	; 0x08
    18a4:	89 85       	ldd	r24, Y+9	; 0x09
    18a6:	9a 85       	ldd	r25, Y+10	; 0x0a
    18a8:	20 e0       	ldi	r18, 0x00	; 0
    18aa:	3f ef       	ldi	r19, 0xFF	; 255
    18ac:	4f e7       	ldi	r20, 0x7F	; 127
    18ae:	57 e4       	ldi	r21, 0x47	; 71
    18b0:	0e 94 c5 03 	call	0x78a	; 0x78a <__gtsf2>
    18b4:	18 16       	cp	r1, r24
    18b6:	4c f5       	brge	.+82     	; 0x190a <LCD_ADC+0x2a4>
	{
		//	__ticks = requested delay in 1/10 ms
		__ticks = (uint16_t) (__ms * 10.0);
    18b8:	6b 85       	ldd	r22, Y+11	; 0x0b
    18ba:	7c 85       	ldd	r23, Y+12	; 0x0c
    18bc:	8d 85       	ldd	r24, Y+13	; 0x0d
    18be:	9e 85       	ldd	r25, Y+14	; 0x0e
    18c0:	20 e0       	ldi	r18, 0x00	; 0
    18c2:	30 e0       	ldi	r19, 0x00	; 0
    18c4:	40 e2       	ldi	r20, 0x20	; 32
    18c6:	51 e4       	ldi	r21, 0x41	; 65
    18c8:	0e 94 1f 02 	call	0x43e	; 0x43e <__mulsf3>
    18cc:	dc 01       	movw	r26, r24
    18ce:	cb 01       	movw	r24, r22
    18d0:	bc 01       	movw	r22, r24
    18d2:	cd 01       	movw	r24, r26
    18d4:	0e 94 49 00 	call	0x92	; 0x92 <__fixunssfsi>
    18d8:	dc 01       	movw	r26, r24
    18da:	cb 01       	movw	r24, r22
    18dc:	9e 83       	std	Y+6, r25	; 0x06
    18de:	8d 83       	std	Y+5, r24	; 0x05
    18e0:	0f c0       	rjmp	.+30     	; 0x1900 <LCD_ADC+0x29a>
    18e2:	88 ec       	ldi	r24, 0xC8	; 200
    18e4:	90 e0       	ldi	r25, 0x00	; 0
    18e6:	9c 83       	std	Y+4, r25	; 0x04
    18e8:	8b 83       	std	Y+3, r24	; 0x03
    18ea:	8b 81       	ldd	r24, Y+3	; 0x03
    18ec:	9c 81       	ldd	r25, Y+4	; 0x04
    18ee:	01 97       	sbiw	r24, 0x01	; 1
    18f0:	f1 f7       	brne	.-4      	; 0x18ee <LCD_ADC+0x288>
    18f2:	9c 83       	std	Y+4, r25	; 0x04
    18f4:	8b 83       	std	Y+3, r24	; 0x03
		while(__ticks)
		{
			// wait 1/10 ms
			_delay_loop_2(((F_CPU) / 4e3) / 10);
			__ticks --;
    18f6:	8d 81       	ldd	r24, Y+5	; 0x05
    18f8:	9e 81       	ldd	r25, Y+6	; 0x06
    18fa:	01 97       	sbiw	r24, 0x01	; 1
    18fc:	9e 83       	std	Y+6, r25	; 0x06
    18fe:	8d 83       	std	Y+5, r24	; 0x05
		__ticks = 1;
	else if (__tmp > 65535)
	{
		//	__ticks = requested delay in 1/10 ms
		__ticks = (uint16_t) (__ms * 10.0);
		while(__ticks)
    1900:	8d 81       	ldd	r24, Y+5	; 0x05
    1902:	9e 81       	ldd	r25, Y+6	; 0x06
    1904:	00 97       	sbiw	r24, 0x00	; 0
    1906:	69 f7       	brne	.-38     	; 0x18e2 <LCD_ADC+0x27c>
    1908:	14 c0       	rjmp	.+40     	; 0x1932 <LCD_ADC+0x2cc>
			__ticks --;
		}
		return;
	}
	else
		__ticks = (uint16_t)__tmp;
    190a:	6f 81       	ldd	r22, Y+7	; 0x07
    190c:	78 85       	ldd	r23, Y+8	; 0x08
    190e:	89 85       	ldd	r24, Y+9	; 0x09
    1910:	9a 85       	ldd	r25, Y+10	; 0x0a
    1912:	0e 94 49 00 	call	0x92	; 0x92 <__fixunssfsi>
    1916:	dc 01       	movw	r26, r24
    1918:	cb 01       	movw	r24, r22
    191a:	9e 83       	std	Y+6, r25	; 0x06
    191c:	8d 83       	std	Y+5, r24	; 0x05
    191e:	8d 81       	ldd	r24, Y+5	; 0x05
    1920:	9e 81       	ldd	r25, Y+6	; 0x06
    1922:	9a 83       	std	Y+2, r25	; 0x02
    1924:	89 83       	std	Y+1, r24	; 0x01
    1926:	89 81       	ldd	r24, Y+1	; 0x01
    1928:	9a 81       	ldd	r25, Y+2	; 0x02
    192a:	01 97       	sbiw	r24, 0x01	; 1
    192c:	f1 f7       	brne	.-4      	; 0x192a <LCD_ADC+0x2c4>
    192e:	9a 83       	std	Y+2, r25	; 0x02
    1930:	89 83       	std	Y+1, r24	; 0x01
	_delay_ms(100);

}
    1932:	aa 96       	adiw	r28, 0x2a	; 42
    1934:	0f b6       	in	r0, 0x3f	; 63
    1936:	f8 94       	cli
    1938:	de bf       	out	0x3e, r29	; 62
    193a:	0f be       	out	0x3f, r0	; 63
    193c:	cd bf       	out	0x3d, r28	; 61
    193e:	cf 91       	pop	r28
    1940:	df 91       	pop	r29
    1942:	08 95       	ret

00001944 <DIO_SetPinValue>:
#include "DIO_int.h"
#include "DIO_reg.h"

/* IO Pins */
void DIO_SetPinValue(u8 u8PortIdCopy , u8 u8PinIdCopy, u8 u8PinValCopy)
{
    1944:	df 93       	push	r29
    1946:	cf 93       	push	r28
    1948:	cd b7       	in	r28, 0x3d	; 61
    194a:	de b7       	in	r29, 0x3e	; 62
    194c:	27 97       	sbiw	r28, 0x07	; 7
    194e:	0f b6       	in	r0, 0x3f	; 63
    1950:	f8 94       	cli
    1952:	de bf       	out	0x3e, r29	; 62
    1954:	0f be       	out	0x3f, r0	; 63
    1956:	cd bf       	out	0x3d, r28	; 61
    1958:	89 83       	std	Y+1, r24	; 0x01
    195a:	6a 83       	std	Y+2, r22	; 0x02
    195c:	4b 83       	std	Y+3, r20	; 0x03
	/* Make sure that the Port ID and Pin ID are in the valid range */
	if ((u8PortIdCopy <= PORTD) && (u8PinIdCopy <= PIN7))
    195e:	89 81       	ldd	r24, Y+1	; 0x01
    1960:	84 30       	cpi	r24, 0x04	; 4
    1962:	08 f0       	brcs	.+2      	; 0x1966 <DIO_SetPinValue+0x22>
    1964:	ee c0       	rjmp	.+476    	; 0x1b42 <DIO_SetPinValue+0x1fe>
    1966:	8a 81       	ldd	r24, Y+2	; 0x02
    1968:	88 30       	cpi	r24, 0x08	; 8
    196a:	08 f0       	brcs	.+2      	; 0x196e <DIO_SetPinValue+0x2a>
    196c:	ea c0       	rjmp	.+468    	; 0x1b42 <DIO_SetPinValue+0x1fe>
	{
		if (u8PinValCopy == HIGH)
    196e:	8b 81       	ldd	r24, Y+3	; 0x03
    1970:	81 30       	cpi	r24, 0x01	; 1
    1972:	09 f0       	breq	.+2      	; 0x1976 <DIO_SetPinValue+0x32>
    1974:	6f c0       	rjmp	.+222    	; 0x1a54 <DIO_SetPinValue+0x110>
		{
			/* Check on the Required PORT Number */
			switch (u8PortIdCopy)
    1976:	89 81       	ldd	r24, Y+1	; 0x01
    1978:	28 2f       	mov	r18, r24
    197a:	30 e0       	ldi	r19, 0x00	; 0
    197c:	3f 83       	std	Y+7, r19	; 0x07
    197e:	2e 83       	std	Y+6, r18	; 0x06
    1980:	8e 81       	ldd	r24, Y+6	; 0x06
    1982:	9f 81       	ldd	r25, Y+7	; 0x07
    1984:	81 30       	cpi	r24, 0x01	; 1
    1986:	91 05       	cpc	r25, r1
    1988:	49 f1       	breq	.+82     	; 0x19dc <DIO_SetPinValue+0x98>
    198a:	2e 81       	ldd	r18, Y+6	; 0x06
    198c:	3f 81       	ldd	r19, Y+7	; 0x07
    198e:	22 30       	cpi	r18, 0x02	; 2
    1990:	31 05       	cpc	r19, r1
    1992:	2c f4       	brge	.+10     	; 0x199e <DIO_SetPinValue+0x5a>
    1994:	8e 81       	ldd	r24, Y+6	; 0x06
    1996:	9f 81       	ldd	r25, Y+7	; 0x07
    1998:	00 97       	sbiw	r24, 0x00	; 0
    199a:	61 f0       	breq	.+24     	; 0x19b4 <DIO_SetPinValue+0x70>
    199c:	d2 c0       	rjmp	.+420    	; 0x1b42 <DIO_SetPinValue+0x1fe>
    199e:	2e 81       	ldd	r18, Y+6	; 0x06
    19a0:	3f 81       	ldd	r19, Y+7	; 0x07
    19a2:	22 30       	cpi	r18, 0x02	; 2
    19a4:	31 05       	cpc	r19, r1
    19a6:	71 f1       	breq	.+92     	; 0x1a04 <DIO_SetPinValue+0xc0>
    19a8:	8e 81       	ldd	r24, Y+6	; 0x06
    19aa:	9f 81       	ldd	r25, Y+7	; 0x07
    19ac:	83 30       	cpi	r24, 0x03	; 3
    19ae:	91 05       	cpc	r25, r1
    19b0:	e9 f1       	breq	.+122    	; 0x1a2c <DIO_SetPinValue+0xe8>
    19b2:	c7 c0       	rjmp	.+398    	; 0x1b42 <DIO_SetPinValue+0x1fe>
			{
				case PORTA: SET_BIT(PORTA_Register,u8PinIdCopy); break;
    19b4:	ab e3       	ldi	r26, 0x3B	; 59
    19b6:	b0 e0       	ldi	r27, 0x00	; 0
    19b8:	eb e3       	ldi	r30, 0x3B	; 59
    19ba:	f0 e0       	ldi	r31, 0x00	; 0
    19bc:	80 81       	ld	r24, Z
    19be:	48 2f       	mov	r20, r24
    19c0:	8a 81       	ldd	r24, Y+2	; 0x02
    19c2:	28 2f       	mov	r18, r24
    19c4:	30 e0       	ldi	r19, 0x00	; 0
    19c6:	81 e0       	ldi	r24, 0x01	; 1
    19c8:	90 e0       	ldi	r25, 0x00	; 0
    19ca:	02 2e       	mov	r0, r18
    19cc:	02 c0       	rjmp	.+4      	; 0x19d2 <DIO_SetPinValue+0x8e>
    19ce:	88 0f       	add	r24, r24
    19d0:	99 1f       	adc	r25, r25
    19d2:	0a 94       	dec	r0
    19d4:	e2 f7       	brpl	.-8      	; 0x19ce <DIO_SetPinValue+0x8a>
    19d6:	84 2b       	or	r24, r20
    19d8:	8c 93       	st	X, r24
    19da:	b3 c0       	rjmp	.+358    	; 0x1b42 <DIO_SetPinValue+0x1fe>
				case PORTB: SET_BIT(PORTB_Register,u8PinIdCopy); break;
    19dc:	a8 e3       	ldi	r26, 0x38	; 56
    19de:	b0 e0       	ldi	r27, 0x00	; 0
    19e0:	e8 e3       	ldi	r30, 0x38	; 56
    19e2:	f0 e0       	ldi	r31, 0x00	; 0
    19e4:	80 81       	ld	r24, Z
    19e6:	48 2f       	mov	r20, r24
    19e8:	8a 81       	ldd	r24, Y+2	; 0x02
    19ea:	28 2f       	mov	r18, r24
    19ec:	30 e0       	ldi	r19, 0x00	; 0
    19ee:	81 e0       	ldi	r24, 0x01	; 1
    19f0:	90 e0       	ldi	r25, 0x00	; 0
    19f2:	02 2e       	mov	r0, r18
    19f4:	02 c0       	rjmp	.+4      	; 0x19fa <DIO_SetPinValue+0xb6>
    19f6:	88 0f       	add	r24, r24
    19f8:	99 1f       	adc	r25, r25
    19fa:	0a 94       	dec	r0
    19fc:	e2 f7       	brpl	.-8      	; 0x19f6 <DIO_SetPinValue+0xb2>
    19fe:	84 2b       	or	r24, r20
    1a00:	8c 93       	st	X, r24
    1a02:	9f c0       	rjmp	.+318    	; 0x1b42 <DIO_SetPinValue+0x1fe>
				case PORTC: SET_BIT(PORTC_Register,u8PinIdCopy); break;
    1a04:	a5 e3       	ldi	r26, 0x35	; 53
    1a06:	b0 e0       	ldi	r27, 0x00	; 0
    1a08:	e5 e3       	ldi	r30, 0x35	; 53
    1a0a:	f0 e0       	ldi	r31, 0x00	; 0
    1a0c:	80 81       	ld	r24, Z
    1a0e:	48 2f       	mov	r20, r24
    1a10:	8a 81       	ldd	r24, Y+2	; 0x02
    1a12:	28 2f       	mov	r18, r24
    1a14:	30 e0       	ldi	r19, 0x00	; 0
    1a16:	81 e0       	ldi	r24, 0x01	; 1
    1a18:	90 e0       	ldi	r25, 0x00	; 0
    1a1a:	02 2e       	mov	r0, r18
    1a1c:	02 c0       	rjmp	.+4      	; 0x1a22 <DIO_SetPinValue+0xde>
    1a1e:	88 0f       	add	r24, r24
    1a20:	99 1f       	adc	r25, r25
    1a22:	0a 94       	dec	r0
    1a24:	e2 f7       	brpl	.-8      	; 0x1a1e <DIO_SetPinValue+0xda>
    1a26:	84 2b       	or	r24, r20
    1a28:	8c 93       	st	X, r24
    1a2a:	8b c0       	rjmp	.+278    	; 0x1b42 <DIO_SetPinValue+0x1fe>
				case PORTD: SET_BIT(PORTD_Register,u8PinIdCopy); break;
    1a2c:	a2 e3       	ldi	r26, 0x32	; 50
    1a2e:	b0 e0       	ldi	r27, 0x00	; 0
    1a30:	e2 e3       	ldi	r30, 0x32	; 50
    1a32:	f0 e0       	ldi	r31, 0x00	; 0
    1a34:	80 81       	ld	r24, Z
    1a36:	48 2f       	mov	r20, r24
    1a38:	8a 81       	ldd	r24, Y+2	; 0x02
    1a3a:	28 2f       	mov	r18, r24
    1a3c:	30 e0       	ldi	r19, 0x00	; 0
    1a3e:	81 e0       	ldi	r24, 0x01	; 1
    1a40:	90 e0       	ldi	r25, 0x00	; 0
    1a42:	02 2e       	mov	r0, r18
    1a44:	02 c0       	rjmp	.+4      	; 0x1a4a <DIO_SetPinValue+0x106>
    1a46:	88 0f       	add	r24, r24
    1a48:	99 1f       	adc	r25, r25
    1a4a:	0a 94       	dec	r0
    1a4c:	e2 f7       	brpl	.-8      	; 0x1a46 <DIO_SetPinValue+0x102>
    1a4e:	84 2b       	or	r24, r20
    1a50:	8c 93       	st	X, r24
    1a52:	77 c0       	rjmp	.+238    	; 0x1b42 <DIO_SetPinValue+0x1fe>
			}

		}

		else if (u8PinValCopy == LOW)
    1a54:	8b 81       	ldd	r24, Y+3	; 0x03
    1a56:	88 23       	and	r24, r24
    1a58:	09 f0       	breq	.+2      	; 0x1a5c <DIO_SetPinValue+0x118>
    1a5a:	73 c0       	rjmp	.+230    	; 0x1b42 <DIO_SetPinValue+0x1fe>
		{
			/* Check on the Required PORT Number */
			switch (u8PortIdCopy)
    1a5c:	89 81       	ldd	r24, Y+1	; 0x01
    1a5e:	28 2f       	mov	r18, r24
    1a60:	30 e0       	ldi	r19, 0x00	; 0
    1a62:	3d 83       	std	Y+5, r19	; 0x05
    1a64:	2c 83       	std	Y+4, r18	; 0x04
    1a66:	8c 81       	ldd	r24, Y+4	; 0x04
    1a68:	9d 81       	ldd	r25, Y+5	; 0x05
    1a6a:	81 30       	cpi	r24, 0x01	; 1
    1a6c:	91 05       	cpc	r25, r1
    1a6e:	59 f1       	breq	.+86     	; 0x1ac6 <DIO_SetPinValue+0x182>
    1a70:	2c 81       	ldd	r18, Y+4	; 0x04
    1a72:	3d 81       	ldd	r19, Y+5	; 0x05
    1a74:	22 30       	cpi	r18, 0x02	; 2
    1a76:	31 05       	cpc	r19, r1
    1a78:	2c f4       	brge	.+10     	; 0x1a84 <DIO_SetPinValue+0x140>
    1a7a:	8c 81       	ldd	r24, Y+4	; 0x04
    1a7c:	9d 81       	ldd	r25, Y+5	; 0x05
    1a7e:	00 97       	sbiw	r24, 0x00	; 0
    1a80:	69 f0       	breq	.+26     	; 0x1a9c <DIO_SetPinValue+0x158>
    1a82:	5f c0       	rjmp	.+190    	; 0x1b42 <DIO_SetPinValue+0x1fe>
    1a84:	2c 81       	ldd	r18, Y+4	; 0x04
    1a86:	3d 81       	ldd	r19, Y+5	; 0x05
    1a88:	22 30       	cpi	r18, 0x02	; 2
    1a8a:	31 05       	cpc	r19, r1
    1a8c:	89 f1       	breq	.+98     	; 0x1af0 <DIO_SetPinValue+0x1ac>
    1a8e:	8c 81       	ldd	r24, Y+4	; 0x04
    1a90:	9d 81       	ldd	r25, Y+5	; 0x05
    1a92:	83 30       	cpi	r24, 0x03	; 3
    1a94:	91 05       	cpc	r25, r1
    1a96:	09 f4       	brne	.+2      	; 0x1a9a <DIO_SetPinValue+0x156>
    1a98:	40 c0       	rjmp	.+128    	; 0x1b1a <DIO_SetPinValue+0x1d6>
    1a9a:	53 c0       	rjmp	.+166    	; 0x1b42 <DIO_SetPinValue+0x1fe>
			{
				case PORTA: CLR_BIT(PORTA_Register,u8PinIdCopy); break;
    1a9c:	ab e3       	ldi	r26, 0x3B	; 59
    1a9e:	b0 e0       	ldi	r27, 0x00	; 0
    1aa0:	eb e3       	ldi	r30, 0x3B	; 59
    1aa2:	f0 e0       	ldi	r31, 0x00	; 0
    1aa4:	80 81       	ld	r24, Z
    1aa6:	48 2f       	mov	r20, r24
    1aa8:	8a 81       	ldd	r24, Y+2	; 0x02
    1aaa:	28 2f       	mov	r18, r24
    1aac:	30 e0       	ldi	r19, 0x00	; 0
    1aae:	81 e0       	ldi	r24, 0x01	; 1
    1ab0:	90 e0       	ldi	r25, 0x00	; 0
    1ab2:	02 2e       	mov	r0, r18
    1ab4:	02 c0       	rjmp	.+4      	; 0x1aba <DIO_SetPinValue+0x176>
    1ab6:	88 0f       	add	r24, r24
    1ab8:	99 1f       	adc	r25, r25
    1aba:	0a 94       	dec	r0
    1abc:	e2 f7       	brpl	.-8      	; 0x1ab6 <DIO_SetPinValue+0x172>
    1abe:	80 95       	com	r24
    1ac0:	84 23       	and	r24, r20
    1ac2:	8c 93       	st	X, r24
    1ac4:	3e c0       	rjmp	.+124    	; 0x1b42 <DIO_SetPinValue+0x1fe>
				case PORTB: CLR_BIT(PORTB_Register,u8PinIdCopy); break;
    1ac6:	a8 e3       	ldi	r26, 0x38	; 56
    1ac8:	b0 e0       	ldi	r27, 0x00	; 0
    1aca:	e8 e3       	ldi	r30, 0x38	; 56
    1acc:	f0 e0       	ldi	r31, 0x00	; 0
    1ace:	80 81       	ld	r24, Z
    1ad0:	48 2f       	mov	r20, r24
    1ad2:	8a 81       	ldd	r24, Y+2	; 0x02
    1ad4:	28 2f       	mov	r18, r24
    1ad6:	30 e0       	ldi	r19, 0x00	; 0
    1ad8:	81 e0       	ldi	r24, 0x01	; 1
    1ada:	90 e0       	ldi	r25, 0x00	; 0
    1adc:	02 2e       	mov	r0, r18
    1ade:	02 c0       	rjmp	.+4      	; 0x1ae4 <DIO_SetPinValue+0x1a0>
    1ae0:	88 0f       	add	r24, r24
    1ae2:	99 1f       	adc	r25, r25
    1ae4:	0a 94       	dec	r0
    1ae6:	e2 f7       	brpl	.-8      	; 0x1ae0 <DIO_SetPinValue+0x19c>
    1ae8:	80 95       	com	r24
    1aea:	84 23       	and	r24, r20
    1aec:	8c 93       	st	X, r24
    1aee:	29 c0       	rjmp	.+82     	; 0x1b42 <DIO_SetPinValue+0x1fe>
				case PORTC: CLR_BIT(PORTC_Register,u8PinIdCopy); break;
    1af0:	a5 e3       	ldi	r26, 0x35	; 53
    1af2:	b0 e0       	ldi	r27, 0x00	; 0
    1af4:	e5 e3       	ldi	r30, 0x35	; 53
    1af6:	f0 e0       	ldi	r31, 0x00	; 0
    1af8:	80 81       	ld	r24, Z
    1afa:	48 2f       	mov	r20, r24
    1afc:	8a 81       	ldd	r24, Y+2	; 0x02
    1afe:	28 2f       	mov	r18, r24
    1b00:	30 e0       	ldi	r19, 0x00	; 0
    1b02:	81 e0       	ldi	r24, 0x01	; 1
    1b04:	90 e0       	ldi	r25, 0x00	; 0
    1b06:	02 2e       	mov	r0, r18
    1b08:	02 c0       	rjmp	.+4      	; 0x1b0e <DIO_SetPinValue+0x1ca>
    1b0a:	88 0f       	add	r24, r24
    1b0c:	99 1f       	adc	r25, r25
    1b0e:	0a 94       	dec	r0
    1b10:	e2 f7       	brpl	.-8      	; 0x1b0a <DIO_SetPinValue+0x1c6>
    1b12:	80 95       	com	r24
    1b14:	84 23       	and	r24, r20
    1b16:	8c 93       	st	X, r24
    1b18:	14 c0       	rjmp	.+40     	; 0x1b42 <DIO_SetPinValue+0x1fe>
				case PORTD: CLR_BIT(PORTD_Register,u8PinIdCopy); break;
    1b1a:	a2 e3       	ldi	r26, 0x32	; 50
    1b1c:	b0 e0       	ldi	r27, 0x00	; 0
    1b1e:	e2 e3       	ldi	r30, 0x32	; 50
    1b20:	f0 e0       	ldi	r31, 0x00	; 0
    1b22:	80 81       	ld	r24, Z
    1b24:	48 2f       	mov	r20, r24
    1b26:	8a 81       	ldd	r24, Y+2	; 0x02
    1b28:	28 2f       	mov	r18, r24
    1b2a:	30 e0       	ldi	r19, 0x00	; 0
    1b2c:	81 e0       	ldi	r24, 0x01	; 1
    1b2e:	90 e0       	ldi	r25, 0x00	; 0
    1b30:	02 2e       	mov	r0, r18
    1b32:	02 c0       	rjmp	.+4      	; 0x1b38 <DIO_SetPinValue+0x1f4>
    1b34:	88 0f       	add	r24, r24
    1b36:	99 1f       	adc	r25, r25
    1b38:	0a 94       	dec	r0
    1b3a:	e2 f7       	brpl	.-8      	; 0x1b34 <DIO_SetPinValue+0x1f0>
    1b3c:	80 95       	com	r24
    1b3e:	84 23       	and	r24, r20
    1b40:	8c 93       	st	X, r24

	else
	{
		/* Do nothing, Error in the Pin ID or PORT ID */
	}
}
    1b42:	27 96       	adiw	r28, 0x07	; 7
    1b44:	0f b6       	in	r0, 0x3f	; 63
    1b46:	f8 94       	cli
    1b48:	de bf       	out	0x3e, r29	; 62
    1b4a:	0f be       	out	0x3f, r0	; 63
    1b4c:	cd bf       	out	0x3d, r28	; 61
    1b4e:	cf 91       	pop	r28
    1b50:	df 91       	pop	r29
    1b52:	08 95       	ret

00001b54 <DIO_GetPinValue>:

u8 DIO_GetPinValue(u8 u8PortIdCopy, u8 u8PinIdCopy)
{
    1b54:	df 93       	push	r29
    1b56:	cf 93       	push	r28
    1b58:	00 d0       	rcall	.+0      	; 0x1b5a <DIO_GetPinValue+0x6>
    1b5a:	00 d0       	rcall	.+0      	; 0x1b5c <DIO_GetPinValue+0x8>
    1b5c:	0f 92       	push	r0
    1b5e:	cd b7       	in	r28, 0x3d	; 61
    1b60:	de b7       	in	r29, 0x3e	; 62
    1b62:	8a 83       	std	Y+2, r24	; 0x02
    1b64:	6b 83       	std	Y+3, r22	; 0x03
	/* Define Local Variable to get the BIT Value */
	u8 u8ResultLocal;
	/* Make sure that the Port ID and Pin ID are in the valid range */
	if ((u8PortIdCopy <= PORTD) && (u8PinIdCopy <= PIN7))
    1b66:	8a 81       	ldd	r24, Y+2	; 0x02
    1b68:	84 30       	cpi	r24, 0x04	; 4
    1b6a:	08 f0       	brcs	.+2      	; 0x1b6e <DIO_GetPinValue+0x1a>
    1b6c:	6c c0       	rjmp	.+216    	; 0x1c46 <DIO_GetPinValue+0xf2>
    1b6e:	8b 81       	ldd	r24, Y+3	; 0x03
    1b70:	88 30       	cpi	r24, 0x08	; 8
    1b72:	08 f0       	brcs	.+2      	; 0x1b76 <DIO_GetPinValue+0x22>
    1b74:	68 c0       	rjmp	.+208    	; 0x1c46 <DIO_GetPinValue+0xf2>
	{
		/* Check on the Required PORT Number */
		switch (u8PortIdCopy)
    1b76:	8a 81       	ldd	r24, Y+2	; 0x02
    1b78:	28 2f       	mov	r18, r24
    1b7a:	30 e0       	ldi	r19, 0x00	; 0
    1b7c:	3d 83       	std	Y+5, r19	; 0x05
    1b7e:	2c 83       	std	Y+4, r18	; 0x04
    1b80:	4c 81       	ldd	r20, Y+4	; 0x04
    1b82:	5d 81       	ldd	r21, Y+5	; 0x05
    1b84:	41 30       	cpi	r20, 0x01	; 1
    1b86:	51 05       	cpc	r21, r1
    1b88:	41 f1       	breq	.+80     	; 0x1bda <DIO_GetPinValue+0x86>
    1b8a:	8c 81       	ldd	r24, Y+4	; 0x04
    1b8c:	9d 81       	ldd	r25, Y+5	; 0x05
    1b8e:	82 30       	cpi	r24, 0x02	; 2
    1b90:	91 05       	cpc	r25, r1
    1b92:	34 f4       	brge	.+12     	; 0x1ba0 <DIO_GetPinValue+0x4c>
    1b94:	2c 81       	ldd	r18, Y+4	; 0x04
    1b96:	3d 81       	ldd	r19, Y+5	; 0x05
    1b98:	21 15       	cp	r18, r1
    1b9a:	31 05       	cpc	r19, r1
    1b9c:	61 f0       	breq	.+24     	; 0x1bb6 <DIO_GetPinValue+0x62>
    1b9e:	55 c0       	rjmp	.+170    	; 0x1c4a <DIO_GetPinValue+0xf6>
    1ba0:	4c 81       	ldd	r20, Y+4	; 0x04
    1ba2:	5d 81       	ldd	r21, Y+5	; 0x05
    1ba4:	42 30       	cpi	r20, 0x02	; 2
    1ba6:	51 05       	cpc	r21, r1
    1ba8:	51 f1       	breq	.+84     	; 0x1bfe <DIO_GetPinValue+0xaa>
    1baa:	8c 81       	ldd	r24, Y+4	; 0x04
    1bac:	9d 81       	ldd	r25, Y+5	; 0x05
    1bae:	83 30       	cpi	r24, 0x03	; 3
    1bb0:	91 05       	cpc	r25, r1
    1bb2:	b9 f1       	breq	.+110    	; 0x1c22 <DIO_GetPinValue+0xce>
    1bb4:	4a c0       	rjmp	.+148    	; 0x1c4a <DIO_GetPinValue+0xf6>
		{
			case PORTA: u8ResultLocal= GET_BIT(PINA_Register,u8PinIdCopy); break;
    1bb6:	e9 e3       	ldi	r30, 0x39	; 57
    1bb8:	f0 e0       	ldi	r31, 0x00	; 0
    1bba:	80 81       	ld	r24, Z
    1bbc:	28 2f       	mov	r18, r24
    1bbe:	30 e0       	ldi	r19, 0x00	; 0
    1bc0:	8b 81       	ldd	r24, Y+3	; 0x03
    1bc2:	88 2f       	mov	r24, r24
    1bc4:	90 e0       	ldi	r25, 0x00	; 0
    1bc6:	a9 01       	movw	r20, r18
    1bc8:	02 c0       	rjmp	.+4      	; 0x1bce <DIO_GetPinValue+0x7a>
    1bca:	55 95       	asr	r21
    1bcc:	47 95       	ror	r20
    1bce:	8a 95       	dec	r24
    1bd0:	e2 f7       	brpl	.-8      	; 0x1bca <DIO_GetPinValue+0x76>
    1bd2:	ca 01       	movw	r24, r20
    1bd4:	81 70       	andi	r24, 0x01	; 1
    1bd6:	89 83       	std	Y+1, r24	; 0x01
    1bd8:	38 c0       	rjmp	.+112    	; 0x1c4a <DIO_GetPinValue+0xf6>
			case PORTB: u8ResultLocal= GET_BIT(PINB_Register,u8PinIdCopy); break;
    1bda:	e6 e3       	ldi	r30, 0x36	; 54
    1bdc:	f0 e0       	ldi	r31, 0x00	; 0
    1bde:	80 81       	ld	r24, Z
    1be0:	28 2f       	mov	r18, r24
    1be2:	30 e0       	ldi	r19, 0x00	; 0
    1be4:	8b 81       	ldd	r24, Y+3	; 0x03
    1be6:	88 2f       	mov	r24, r24
    1be8:	90 e0       	ldi	r25, 0x00	; 0
    1bea:	a9 01       	movw	r20, r18
    1bec:	02 c0       	rjmp	.+4      	; 0x1bf2 <DIO_GetPinValue+0x9e>
    1bee:	55 95       	asr	r21
    1bf0:	47 95       	ror	r20
    1bf2:	8a 95       	dec	r24
    1bf4:	e2 f7       	brpl	.-8      	; 0x1bee <DIO_GetPinValue+0x9a>
    1bf6:	ca 01       	movw	r24, r20
    1bf8:	81 70       	andi	r24, 0x01	; 1
    1bfa:	89 83       	std	Y+1, r24	; 0x01
    1bfc:	26 c0       	rjmp	.+76     	; 0x1c4a <DIO_GetPinValue+0xf6>
			case PORTC: u8ResultLocal= GET_BIT(PINC_Register,u8PinIdCopy); break;
    1bfe:	e3 e3       	ldi	r30, 0x33	; 51
    1c00:	f0 e0       	ldi	r31, 0x00	; 0
    1c02:	80 81       	ld	r24, Z
    1c04:	28 2f       	mov	r18, r24
    1c06:	30 e0       	ldi	r19, 0x00	; 0
    1c08:	8b 81       	ldd	r24, Y+3	; 0x03
    1c0a:	88 2f       	mov	r24, r24
    1c0c:	90 e0       	ldi	r25, 0x00	; 0
    1c0e:	a9 01       	movw	r20, r18
    1c10:	02 c0       	rjmp	.+4      	; 0x1c16 <DIO_GetPinValue+0xc2>
    1c12:	55 95       	asr	r21
    1c14:	47 95       	ror	r20
    1c16:	8a 95       	dec	r24
    1c18:	e2 f7       	brpl	.-8      	; 0x1c12 <DIO_GetPinValue+0xbe>
    1c1a:	ca 01       	movw	r24, r20
    1c1c:	81 70       	andi	r24, 0x01	; 1
    1c1e:	89 83       	std	Y+1, r24	; 0x01
    1c20:	14 c0       	rjmp	.+40     	; 0x1c4a <DIO_GetPinValue+0xf6>
			case PORTD: u8ResultLocal= GET_BIT(PIND_Register,u8PinIdCopy); break;
    1c22:	e0 e3       	ldi	r30, 0x30	; 48
    1c24:	f0 e0       	ldi	r31, 0x00	; 0
    1c26:	80 81       	ld	r24, Z
    1c28:	28 2f       	mov	r18, r24
    1c2a:	30 e0       	ldi	r19, 0x00	; 0
    1c2c:	8b 81       	ldd	r24, Y+3	; 0x03
    1c2e:	88 2f       	mov	r24, r24
    1c30:	90 e0       	ldi	r25, 0x00	; 0
    1c32:	a9 01       	movw	r20, r18
    1c34:	02 c0       	rjmp	.+4      	; 0x1c3a <DIO_GetPinValue+0xe6>
    1c36:	55 95       	asr	r21
    1c38:	47 95       	ror	r20
    1c3a:	8a 95       	dec	r24
    1c3c:	e2 f7       	brpl	.-8      	; 0x1c36 <DIO_GetPinValue+0xe2>
    1c3e:	ca 01       	movw	r24, r20
    1c40:	81 70       	andi	r24, 0x01	; 1
    1c42:	89 83       	std	Y+1, r24	; 0x01
    1c44:	02 c0       	rjmp	.+4      	; 0x1c4a <DIO_GetPinValue+0xf6>
	}

	else
	{
		/* return 0xff in case of error in the Pin ID or PORT ID */
		u8ResultLocal = 0xFF;
    1c46:	8f ef       	ldi	r24, 0xFF	; 255
    1c48:	89 83       	std	Y+1, r24	; 0x01
	}

	return u8ResultLocal;
    1c4a:	89 81       	ldd	r24, Y+1	; 0x01
}
    1c4c:	0f 90       	pop	r0
    1c4e:	0f 90       	pop	r0
    1c50:	0f 90       	pop	r0
    1c52:	0f 90       	pop	r0
    1c54:	0f 90       	pop	r0
    1c56:	cf 91       	pop	r28
    1c58:	df 91       	pop	r29
    1c5a:	08 95       	ret

00001c5c <DIO_SetPinDirection>:

void DIO_SetPinDirection (u8 u8PortIdCopy, u8 u8PinIdCopy, u8 u8PinDirCopy)
{
    1c5c:	df 93       	push	r29
    1c5e:	cf 93       	push	r28
    1c60:	cd b7       	in	r28, 0x3d	; 61
    1c62:	de b7       	in	r29, 0x3e	; 62
    1c64:	27 97       	sbiw	r28, 0x07	; 7
    1c66:	0f b6       	in	r0, 0x3f	; 63
    1c68:	f8 94       	cli
    1c6a:	de bf       	out	0x3e, r29	; 62
    1c6c:	0f be       	out	0x3f, r0	; 63
    1c6e:	cd bf       	out	0x3d, r28	; 61
    1c70:	89 83       	std	Y+1, r24	; 0x01
    1c72:	6a 83       	std	Y+2, r22	; 0x02
    1c74:	4b 83       	std	Y+3, r20	; 0x03
	/* Make sure that the Port ID and Pin ID are in the valid range */
	if ((u8PortIdCopy <= PORTD) && (u8PinIdCopy <= PIN7))
    1c76:	89 81       	ldd	r24, Y+1	; 0x01
    1c78:	84 30       	cpi	r24, 0x04	; 4
    1c7a:	08 f0       	brcs	.+2      	; 0x1c7e <DIO_SetPinDirection+0x22>
    1c7c:	ee c0       	rjmp	.+476    	; 0x1e5a <DIO_SetPinDirection+0x1fe>
    1c7e:	8a 81       	ldd	r24, Y+2	; 0x02
    1c80:	88 30       	cpi	r24, 0x08	; 8
    1c82:	08 f0       	brcs	.+2      	; 0x1c86 <DIO_SetPinDirection+0x2a>
    1c84:	ea c0       	rjmp	.+468    	; 0x1e5a <DIO_SetPinDirection+0x1fe>
	{
		if ( u8PinDirCopy == OUTPUT )
    1c86:	8b 81       	ldd	r24, Y+3	; 0x03
    1c88:	81 30       	cpi	r24, 0x01	; 1
    1c8a:	09 f0       	breq	.+2      	; 0x1c8e <DIO_SetPinDirection+0x32>
    1c8c:	6f c0       	rjmp	.+222    	; 0x1d6c <DIO_SetPinDirection+0x110>
		{
			/* Check on the Required PORT Number */
			switch (u8PortIdCopy)
    1c8e:	89 81       	ldd	r24, Y+1	; 0x01
    1c90:	28 2f       	mov	r18, r24
    1c92:	30 e0       	ldi	r19, 0x00	; 0
    1c94:	3f 83       	std	Y+7, r19	; 0x07
    1c96:	2e 83       	std	Y+6, r18	; 0x06
    1c98:	8e 81       	ldd	r24, Y+6	; 0x06
    1c9a:	9f 81       	ldd	r25, Y+7	; 0x07
    1c9c:	81 30       	cpi	r24, 0x01	; 1
    1c9e:	91 05       	cpc	r25, r1
    1ca0:	49 f1       	breq	.+82     	; 0x1cf4 <DIO_SetPinDirection+0x98>
    1ca2:	2e 81       	ldd	r18, Y+6	; 0x06
    1ca4:	3f 81       	ldd	r19, Y+7	; 0x07
    1ca6:	22 30       	cpi	r18, 0x02	; 2
    1ca8:	31 05       	cpc	r19, r1
    1caa:	2c f4       	brge	.+10     	; 0x1cb6 <DIO_SetPinDirection+0x5a>
    1cac:	8e 81       	ldd	r24, Y+6	; 0x06
    1cae:	9f 81       	ldd	r25, Y+7	; 0x07
    1cb0:	00 97       	sbiw	r24, 0x00	; 0
    1cb2:	61 f0       	breq	.+24     	; 0x1ccc <DIO_SetPinDirection+0x70>
    1cb4:	d2 c0       	rjmp	.+420    	; 0x1e5a <DIO_SetPinDirection+0x1fe>
    1cb6:	2e 81       	ldd	r18, Y+6	; 0x06
    1cb8:	3f 81       	ldd	r19, Y+7	; 0x07
    1cba:	22 30       	cpi	r18, 0x02	; 2
    1cbc:	31 05       	cpc	r19, r1
    1cbe:	71 f1       	breq	.+92     	; 0x1d1c <DIO_SetPinDirection+0xc0>
    1cc0:	8e 81       	ldd	r24, Y+6	; 0x06
    1cc2:	9f 81       	ldd	r25, Y+7	; 0x07
    1cc4:	83 30       	cpi	r24, 0x03	; 3
    1cc6:	91 05       	cpc	r25, r1
    1cc8:	e9 f1       	breq	.+122    	; 0x1d44 <DIO_SetPinDirection+0xe8>
    1cca:	c7 c0       	rjmp	.+398    	; 0x1e5a <DIO_SetPinDirection+0x1fe>
			{
				case PORTA: SET_BIT(DDRA_Register,u8PinIdCopy); break;
    1ccc:	aa e3       	ldi	r26, 0x3A	; 58
    1cce:	b0 e0       	ldi	r27, 0x00	; 0
    1cd0:	ea e3       	ldi	r30, 0x3A	; 58
    1cd2:	f0 e0       	ldi	r31, 0x00	; 0
    1cd4:	80 81       	ld	r24, Z
    1cd6:	48 2f       	mov	r20, r24
    1cd8:	8a 81       	ldd	r24, Y+2	; 0x02
    1cda:	28 2f       	mov	r18, r24
    1cdc:	30 e0       	ldi	r19, 0x00	; 0
    1cde:	81 e0       	ldi	r24, 0x01	; 1
    1ce0:	90 e0       	ldi	r25, 0x00	; 0
    1ce2:	02 2e       	mov	r0, r18
    1ce4:	02 c0       	rjmp	.+4      	; 0x1cea <DIO_SetPinDirection+0x8e>
    1ce6:	88 0f       	add	r24, r24
    1ce8:	99 1f       	adc	r25, r25
    1cea:	0a 94       	dec	r0
    1cec:	e2 f7       	brpl	.-8      	; 0x1ce6 <DIO_SetPinDirection+0x8a>
    1cee:	84 2b       	or	r24, r20
    1cf0:	8c 93       	st	X, r24
    1cf2:	b3 c0       	rjmp	.+358    	; 0x1e5a <DIO_SetPinDirection+0x1fe>
				case PORTB: SET_BIT(DDRB_Register,u8PinIdCopy); break;
    1cf4:	a7 e3       	ldi	r26, 0x37	; 55
    1cf6:	b0 e0       	ldi	r27, 0x00	; 0
    1cf8:	e7 e3       	ldi	r30, 0x37	; 55
    1cfa:	f0 e0       	ldi	r31, 0x00	; 0
    1cfc:	80 81       	ld	r24, Z
    1cfe:	48 2f       	mov	r20, r24
    1d00:	8a 81       	ldd	r24, Y+2	; 0x02
    1d02:	28 2f       	mov	r18, r24
    1d04:	30 e0       	ldi	r19, 0x00	; 0
    1d06:	81 e0       	ldi	r24, 0x01	; 1
    1d08:	90 e0       	ldi	r25, 0x00	; 0
    1d0a:	02 2e       	mov	r0, r18
    1d0c:	02 c0       	rjmp	.+4      	; 0x1d12 <DIO_SetPinDirection+0xb6>
    1d0e:	88 0f       	add	r24, r24
    1d10:	99 1f       	adc	r25, r25
    1d12:	0a 94       	dec	r0
    1d14:	e2 f7       	brpl	.-8      	; 0x1d0e <DIO_SetPinDirection+0xb2>
    1d16:	84 2b       	or	r24, r20
    1d18:	8c 93       	st	X, r24
    1d1a:	9f c0       	rjmp	.+318    	; 0x1e5a <DIO_SetPinDirection+0x1fe>
				case PORTC: SET_BIT(DDRC_Register,u8PinIdCopy); break;
    1d1c:	a4 e3       	ldi	r26, 0x34	; 52
    1d1e:	b0 e0       	ldi	r27, 0x00	; 0
    1d20:	e4 e3       	ldi	r30, 0x34	; 52
    1d22:	f0 e0       	ldi	r31, 0x00	; 0
    1d24:	80 81       	ld	r24, Z
    1d26:	48 2f       	mov	r20, r24
    1d28:	8a 81       	ldd	r24, Y+2	; 0x02
    1d2a:	28 2f       	mov	r18, r24
    1d2c:	30 e0       	ldi	r19, 0x00	; 0
    1d2e:	81 e0       	ldi	r24, 0x01	; 1
    1d30:	90 e0       	ldi	r25, 0x00	; 0
    1d32:	02 2e       	mov	r0, r18
    1d34:	02 c0       	rjmp	.+4      	; 0x1d3a <DIO_SetPinDirection+0xde>
    1d36:	88 0f       	add	r24, r24
    1d38:	99 1f       	adc	r25, r25
    1d3a:	0a 94       	dec	r0
    1d3c:	e2 f7       	brpl	.-8      	; 0x1d36 <DIO_SetPinDirection+0xda>
    1d3e:	84 2b       	or	r24, r20
    1d40:	8c 93       	st	X, r24
    1d42:	8b c0       	rjmp	.+278    	; 0x1e5a <DIO_SetPinDirection+0x1fe>
				case PORTD: SET_BIT(DDRD_Register,u8PinIdCopy); break;
    1d44:	a1 e3       	ldi	r26, 0x31	; 49
    1d46:	b0 e0       	ldi	r27, 0x00	; 0
    1d48:	e1 e3       	ldi	r30, 0x31	; 49
    1d4a:	f0 e0       	ldi	r31, 0x00	; 0
    1d4c:	80 81       	ld	r24, Z
    1d4e:	48 2f       	mov	r20, r24
    1d50:	8a 81       	ldd	r24, Y+2	; 0x02
    1d52:	28 2f       	mov	r18, r24
    1d54:	30 e0       	ldi	r19, 0x00	; 0
    1d56:	81 e0       	ldi	r24, 0x01	; 1
    1d58:	90 e0       	ldi	r25, 0x00	; 0
    1d5a:	02 2e       	mov	r0, r18
    1d5c:	02 c0       	rjmp	.+4      	; 0x1d62 <DIO_SetPinDirection+0x106>
    1d5e:	88 0f       	add	r24, r24
    1d60:	99 1f       	adc	r25, r25
    1d62:	0a 94       	dec	r0
    1d64:	e2 f7       	brpl	.-8      	; 0x1d5e <DIO_SetPinDirection+0x102>
    1d66:	84 2b       	or	r24, r20
    1d68:	8c 93       	st	X, r24
    1d6a:	77 c0       	rjmp	.+238    	; 0x1e5a <DIO_SetPinDirection+0x1fe>
			}
		}

		else if ( u8PinDirCopy == INPUT )
    1d6c:	8b 81       	ldd	r24, Y+3	; 0x03
    1d6e:	88 23       	and	r24, r24
    1d70:	09 f0       	breq	.+2      	; 0x1d74 <DIO_SetPinDirection+0x118>
    1d72:	73 c0       	rjmp	.+230    	; 0x1e5a <DIO_SetPinDirection+0x1fe>
		{
			/* Check on the Required PORT Number */
			switch (u8PortIdCopy)
    1d74:	89 81       	ldd	r24, Y+1	; 0x01
    1d76:	28 2f       	mov	r18, r24
    1d78:	30 e0       	ldi	r19, 0x00	; 0
    1d7a:	3d 83       	std	Y+5, r19	; 0x05
    1d7c:	2c 83       	std	Y+4, r18	; 0x04
    1d7e:	8c 81       	ldd	r24, Y+4	; 0x04
    1d80:	9d 81       	ldd	r25, Y+5	; 0x05
    1d82:	81 30       	cpi	r24, 0x01	; 1
    1d84:	91 05       	cpc	r25, r1
    1d86:	59 f1       	breq	.+86     	; 0x1dde <DIO_SetPinDirection+0x182>
    1d88:	2c 81       	ldd	r18, Y+4	; 0x04
    1d8a:	3d 81       	ldd	r19, Y+5	; 0x05
    1d8c:	22 30       	cpi	r18, 0x02	; 2
    1d8e:	31 05       	cpc	r19, r1
    1d90:	2c f4       	brge	.+10     	; 0x1d9c <DIO_SetPinDirection+0x140>
    1d92:	8c 81       	ldd	r24, Y+4	; 0x04
    1d94:	9d 81       	ldd	r25, Y+5	; 0x05
    1d96:	00 97       	sbiw	r24, 0x00	; 0
    1d98:	69 f0       	breq	.+26     	; 0x1db4 <DIO_SetPinDirection+0x158>
    1d9a:	5f c0       	rjmp	.+190    	; 0x1e5a <DIO_SetPinDirection+0x1fe>
    1d9c:	2c 81       	ldd	r18, Y+4	; 0x04
    1d9e:	3d 81       	ldd	r19, Y+5	; 0x05
    1da0:	22 30       	cpi	r18, 0x02	; 2
    1da2:	31 05       	cpc	r19, r1
    1da4:	89 f1       	breq	.+98     	; 0x1e08 <DIO_SetPinDirection+0x1ac>
    1da6:	8c 81       	ldd	r24, Y+4	; 0x04
    1da8:	9d 81       	ldd	r25, Y+5	; 0x05
    1daa:	83 30       	cpi	r24, 0x03	; 3
    1dac:	91 05       	cpc	r25, r1
    1dae:	09 f4       	brne	.+2      	; 0x1db2 <DIO_SetPinDirection+0x156>
    1db0:	40 c0       	rjmp	.+128    	; 0x1e32 <DIO_SetPinDirection+0x1d6>
    1db2:	53 c0       	rjmp	.+166    	; 0x1e5a <DIO_SetPinDirection+0x1fe>
			{
				case PORTA: CLR_BIT(DDRA_Register,u8PinIdCopy); break;
    1db4:	aa e3       	ldi	r26, 0x3A	; 58
    1db6:	b0 e0       	ldi	r27, 0x00	; 0
    1db8:	ea e3       	ldi	r30, 0x3A	; 58
    1dba:	f0 e0       	ldi	r31, 0x00	; 0
    1dbc:	80 81       	ld	r24, Z
    1dbe:	48 2f       	mov	r20, r24
    1dc0:	8a 81       	ldd	r24, Y+2	; 0x02
    1dc2:	28 2f       	mov	r18, r24
    1dc4:	30 e0       	ldi	r19, 0x00	; 0
    1dc6:	81 e0       	ldi	r24, 0x01	; 1
    1dc8:	90 e0       	ldi	r25, 0x00	; 0
    1dca:	02 2e       	mov	r0, r18
    1dcc:	02 c0       	rjmp	.+4      	; 0x1dd2 <DIO_SetPinDirection+0x176>
    1dce:	88 0f       	add	r24, r24
    1dd0:	99 1f       	adc	r25, r25
    1dd2:	0a 94       	dec	r0
    1dd4:	e2 f7       	brpl	.-8      	; 0x1dce <DIO_SetPinDirection+0x172>
    1dd6:	80 95       	com	r24
    1dd8:	84 23       	and	r24, r20
    1dda:	8c 93       	st	X, r24
    1ddc:	3e c0       	rjmp	.+124    	; 0x1e5a <DIO_SetPinDirection+0x1fe>
				case PORTB: CLR_BIT(DDRB_Register,u8PinIdCopy); break;
    1dde:	a7 e3       	ldi	r26, 0x37	; 55
    1de0:	b0 e0       	ldi	r27, 0x00	; 0
    1de2:	e7 e3       	ldi	r30, 0x37	; 55
    1de4:	f0 e0       	ldi	r31, 0x00	; 0
    1de6:	80 81       	ld	r24, Z
    1de8:	48 2f       	mov	r20, r24
    1dea:	8a 81       	ldd	r24, Y+2	; 0x02
    1dec:	28 2f       	mov	r18, r24
    1dee:	30 e0       	ldi	r19, 0x00	; 0
    1df0:	81 e0       	ldi	r24, 0x01	; 1
    1df2:	90 e0       	ldi	r25, 0x00	; 0
    1df4:	02 2e       	mov	r0, r18
    1df6:	02 c0       	rjmp	.+4      	; 0x1dfc <DIO_SetPinDirection+0x1a0>
    1df8:	88 0f       	add	r24, r24
    1dfa:	99 1f       	adc	r25, r25
    1dfc:	0a 94       	dec	r0
    1dfe:	e2 f7       	brpl	.-8      	; 0x1df8 <DIO_SetPinDirection+0x19c>
    1e00:	80 95       	com	r24
    1e02:	84 23       	and	r24, r20
    1e04:	8c 93       	st	X, r24
    1e06:	29 c0       	rjmp	.+82     	; 0x1e5a <DIO_SetPinDirection+0x1fe>
				case PORTC: CLR_BIT(DDRC_Register,u8PinIdCopy); break;
    1e08:	a4 e3       	ldi	r26, 0x34	; 52
    1e0a:	b0 e0       	ldi	r27, 0x00	; 0
    1e0c:	e4 e3       	ldi	r30, 0x34	; 52
    1e0e:	f0 e0       	ldi	r31, 0x00	; 0
    1e10:	80 81       	ld	r24, Z
    1e12:	48 2f       	mov	r20, r24
    1e14:	8a 81       	ldd	r24, Y+2	; 0x02
    1e16:	28 2f       	mov	r18, r24
    1e18:	30 e0       	ldi	r19, 0x00	; 0
    1e1a:	81 e0       	ldi	r24, 0x01	; 1
    1e1c:	90 e0       	ldi	r25, 0x00	; 0
    1e1e:	02 2e       	mov	r0, r18
    1e20:	02 c0       	rjmp	.+4      	; 0x1e26 <DIO_SetPinDirection+0x1ca>
    1e22:	88 0f       	add	r24, r24
    1e24:	99 1f       	adc	r25, r25
    1e26:	0a 94       	dec	r0
    1e28:	e2 f7       	brpl	.-8      	; 0x1e22 <DIO_SetPinDirection+0x1c6>
    1e2a:	80 95       	com	r24
    1e2c:	84 23       	and	r24, r20
    1e2e:	8c 93       	st	X, r24
    1e30:	14 c0       	rjmp	.+40     	; 0x1e5a <DIO_SetPinDirection+0x1fe>
				case PORTD: CLR_BIT(DDRD_Register,u8PinIdCopy); break;
    1e32:	a1 e3       	ldi	r26, 0x31	; 49
    1e34:	b0 e0       	ldi	r27, 0x00	; 0
    1e36:	e1 e3       	ldi	r30, 0x31	; 49
    1e38:	f0 e0       	ldi	r31, 0x00	; 0
    1e3a:	80 81       	ld	r24, Z
    1e3c:	48 2f       	mov	r20, r24
    1e3e:	8a 81       	ldd	r24, Y+2	; 0x02
    1e40:	28 2f       	mov	r18, r24
    1e42:	30 e0       	ldi	r19, 0x00	; 0
    1e44:	81 e0       	ldi	r24, 0x01	; 1
    1e46:	90 e0       	ldi	r25, 0x00	; 0
    1e48:	02 2e       	mov	r0, r18
    1e4a:	02 c0       	rjmp	.+4      	; 0x1e50 <DIO_SetPinDirection+0x1f4>
    1e4c:	88 0f       	add	r24, r24
    1e4e:	99 1f       	adc	r25, r25
    1e50:	0a 94       	dec	r0
    1e52:	e2 f7       	brpl	.-8      	; 0x1e4c <DIO_SetPinDirection+0x1f0>
    1e54:	80 95       	com	r24
    1e56:	84 23       	and	r24, r20
    1e58:	8c 93       	st	X, r24

	else
	{
		/* Do nothing, Error in the Pin ID or PORT ID */
	}
}
    1e5a:	27 96       	adiw	r28, 0x07	; 7
    1e5c:	0f b6       	in	r0, 0x3f	; 63
    1e5e:	f8 94       	cli
    1e60:	de bf       	out	0x3e, r29	; 62
    1e62:	0f be       	out	0x3f, r0	; 63
    1e64:	cd bf       	out	0x3d, r28	; 61
    1e66:	cf 91       	pop	r28
    1e68:	df 91       	pop	r29
    1e6a:	08 95       	ret

00001e6c <DIO_SetPortDirection>:


/* IO Ports */
void DIO_SetPortDirection (u8 u8PortId, u8 u8PortDir)
{
    1e6c:	df 93       	push	r29
    1e6e:	cf 93       	push	r28
    1e70:	00 d0       	rcall	.+0      	; 0x1e72 <DIO_SetPortDirection+0x6>
    1e72:	00 d0       	rcall	.+0      	; 0x1e74 <DIO_SetPortDirection+0x8>
    1e74:	cd b7       	in	r28, 0x3d	; 61
    1e76:	de b7       	in	r29, 0x3e	; 62
    1e78:	89 83       	std	Y+1, r24	; 0x01
    1e7a:	6a 83       	std	Y+2, r22	; 0x02
	/* Check on the Required PORT Number */
	switch (u8PortId)
    1e7c:	89 81       	ldd	r24, Y+1	; 0x01
    1e7e:	28 2f       	mov	r18, r24
    1e80:	30 e0       	ldi	r19, 0x00	; 0
    1e82:	3c 83       	std	Y+4, r19	; 0x04
    1e84:	2b 83       	std	Y+3, r18	; 0x03
    1e86:	8b 81       	ldd	r24, Y+3	; 0x03
    1e88:	9c 81       	ldd	r25, Y+4	; 0x04
    1e8a:	81 30       	cpi	r24, 0x01	; 1
    1e8c:	91 05       	cpc	r25, r1
    1e8e:	d1 f0       	breq	.+52     	; 0x1ec4 <DIO_SetPortDirection+0x58>
    1e90:	2b 81       	ldd	r18, Y+3	; 0x03
    1e92:	3c 81       	ldd	r19, Y+4	; 0x04
    1e94:	22 30       	cpi	r18, 0x02	; 2
    1e96:	31 05       	cpc	r19, r1
    1e98:	2c f4       	brge	.+10     	; 0x1ea4 <DIO_SetPortDirection+0x38>
    1e9a:	8b 81       	ldd	r24, Y+3	; 0x03
    1e9c:	9c 81       	ldd	r25, Y+4	; 0x04
    1e9e:	00 97       	sbiw	r24, 0x00	; 0
    1ea0:	61 f0       	breq	.+24     	; 0x1eba <DIO_SetPortDirection+0x4e>
    1ea2:	1e c0       	rjmp	.+60     	; 0x1ee0 <DIO_SetPortDirection+0x74>
    1ea4:	2b 81       	ldd	r18, Y+3	; 0x03
    1ea6:	3c 81       	ldd	r19, Y+4	; 0x04
    1ea8:	22 30       	cpi	r18, 0x02	; 2
    1eaa:	31 05       	cpc	r19, r1
    1eac:	81 f0       	breq	.+32     	; 0x1ece <DIO_SetPortDirection+0x62>
    1eae:	8b 81       	ldd	r24, Y+3	; 0x03
    1eb0:	9c 81       	ldd	r25, Y+4	; 0x04
    1eb2:	83 30       	cpi	r24, 0x03	; 3
    1eb4:	91 05       	cpc	r25, r1
    1eb6:	81 f0       	breq	.+32     	; 0x1ed8 <DIO_SetPortDirection+0x6c>
    1eb8:	13 c0       	rjmp	.+38     	; 0x1ee0 <DIO_SetPortDirection+0x74>
	{
		case     PORTA: DDRA_Register = u8PortDir; break;
    1eba:	ea e3       	ldi	r30, 0x3A	; 58
    1ebc:	f0 e0       	ldi	r31, 0x00	; 0
    1ebe:	8a 81       	ldd	r24, Y+2	; 0x02
    1ec0:	80 83       	st	Z, r24
    1ec2:	0e c0       	rjmp	.+28     	; 0x1ee0 <DIO_SetPortDirection+0x74>
		case     PORTB: DDRB_Register = u8PortDir; break;
    1ec4:	e7 e3       	ldi	r30, 0x37	; 55
    1ec6:	f0 e0       	ldi	r31, 0x00	; 0
    1ec8:	8a 81       	ldd	r24, Y+2	; 0x02
    1eca:	80 83       	st	Z, r24
    1ecc:	09 c0       	rjmp	.+18     	; 0x1ee0 <DIO_SetPortDirection+0x74>
		case     PORTC: DDRC_Register = u8PortDir; break;
    1ece:	e4 e3       	ldi	r30, 0x34	; 52
    1ed0:	f0 e0       	ldi	r31, 0x00	; 0
    1ed2:	8a 81       	ldd	r24, Y+2	; 0x02
    1ed4:	80 83       	st	Z, r24
    1ed6:	04 c0       	rjmp	.+8      	; 0x1ee0 <DIO_SetPortDirection+0x74>
		case     PORTD: DDRD_Register = u8PortDir; break;
    1ed8:	e1 e3       	ldi	r30, 0x31	; 49
    1eda:	f0 e0       	ldi	r31, 0x00	; 0
    1edc:	8a 81       	ldd	r24, Y+2	; 0x02
    1ede:	80 83       	st	Z, r24
		default: /* Wrong Port ID */       break;
	}
}
    1ee0:	0f 90       	pop	r0
    1ee2:	0f 90       	pop	r0
    1ee4:	0f 90       	pop	r0
    1ee6:	0f 90       	pop	r0
    1ee8:	cf 91       	pop	r28
    1eea:	df 91       	pop	r29
    1eec:	08 95       	ret

00001eee <DIO_SetPortValue>:

void DIO_SetPortValue (u8 u8PortId, u8 u8PortVal)
{
    1eee:	df 93       	push	r29
    1ef0:	cf 93       	push	r28
    1ef2:	00 d0       	rcall	.+0      	; 0x1ef4 <DIO_SetPortValue+0x6>
    1ef4:	00 d0       	rcall	.+0      	; 0x1ef6 <DIO_SetPortValue+0x8>
    1ef6:	cd b7       	in	r28, 0x3d	; 61
    1ef8:	de b7       	in	r29, 0x3e	; 62
    1efa:	89 83       	std	Y+1, r24	; 0x01
    1efc:	6a 83       	std	Y+2, r22	; 0x02
	/* Check on the Required PORT Number */
	switch (u8PortId)
    1efe:	89 81       	ldd	r24, Y+1	; 0x01
    1f00:	28 2f       	mov	r18, r24
    1f02:	30 e0       	ldi	r19, 0x00	; 0
    1f04:	3c 83       	std	Y+4, r19	; 0x04
    1f06:	2b 83       	std	Y+3, r18	; 0x03
    1f08:	8b 81       	ldd	r24, Y+3	; 0x03
    1f0a:	9c 81       	ldd	r25, Y+4	; 0x04
    1f0c:	81 30       	cpi	r24, 0x01	; 1
    1f0e:	91 05       	cpc	r25, r1
    1f10:	d1 f0       	breq	.+52     	; 0x1f46 <DIO_SetPortValue+0x58>
    1f12:	2b 81       	ldd	r18, Y+3	; 0x03
    1f14:	3c 81       	ldd	r19, Y+4	; 0x04
    1f16:	22 30       	cpi	r18, 0x02	; 2
    1f18:	31 05       	cpc	r19, r1
    1f1a:	2c f4       	brge	.+10     	; 0x1f26 <DIO_SetPortValue+0x38>
    1f1c:	8b 81       	ldd	r24, Y+3	; 0x03
    1f1e:	9c 81       	ldd	r25, Y+4	; 0x04
    1f20:	00 97       	sbiw	r24, 0x00	; 0
    1f22:	61 f0       	breq	.+24     	; 0x1f3c <DIO_SetPortValue+0x4e>
    1f24:	1e c0       	rjmp	.+60     	; 0x1f62 <DIO_SetPortValue+0x74>
    1f26:	2b 81       	ldd	r18, Y+3	; 0x03
    1f28:	3c 81       	ldd	r19, Y+4	; 0x04
    1f2a:	22 30       	cpi	r18, 0x02	; 2
    1f2c:	31 05       	cpc	r19, r1
    1f2e:	81 f0       	breq	.+32     	; 0x1f50 <DIO_SetPortValue+0x62>
    1f30:	8b 81       	ldd	r24, Y+3	; 0x03
    1f32:	9c 81       	ldd	r25, Y+4	; 0x04
    1f34:	83 30       	cpi	r24, 0x03	; 3
    1f36:	91 05       	cpc	r25, r1
    1f38:	81 f0       	breq	.+32     	; 0x1f5a <DIO_SetPortValue+0x6c>
    1f3a:	13 c0       	rjmp	.+38     	; 0x1f62 <DIO_SetPortValue+0x74>
	{
		case     PORTA: PORTA_Register = u8PortVal; break;
    1f3c:	eb e3       	ldi	r30, 0x3B	; 59
    1f3e:	f0 e0       	ldi	r31, 0x00	; 0
    1f40:	8a 81       	ldd	r24, Y+2	; 0x02
    1f42:	80 83       	st	Z, r24
    1f44:	0e c0       	rjmp	.+28     	; 0x1f62 <DIO_SetPortValue+0x74>
		case     PORTB: PORTB_Register = u8PortVal; break;
    1f46:	e8 e3       	ldi	r30, 0x38	; 56
    1f48:	f0 e0       	ldi	r31, 0x00	; 0
    1f4a:	8a 81       	ldd	r24, Y+2	; 0x02
    1f4c:	80 83       	st	Z, r24
    1f4e:	09 c0       	rjmp	.+18     	; 0x1f62 <DIO_SetPortValue+0x74>
		case     PORTC: PORTC_Register = u8PortVal; break;
    1f50:	e5 e3       	ldi	r30, 0x35	; 53
    1f52:	f0 e0       	ldi	r31, 0x00	; 0
    1f54:	8a 81       	ldd	r24, Y+2	; 0x02
    1f56:	80 83       	st	Z, r24
    1f58:	04 c0       	rjmp	.+8      	; 0x1f62 <DIO_SetPortValue+0x74>
		case     PORTD: PORTD_Register = u8PortVal; break;
    1f5a:	e2 e3       	ldi	r30, 0x32	; 50
    1f5c:	f0 e0       	ldi	r31, 0x00	; 0
    1f5e:	8a 81       	ldd	r24, Y+2	; 0x02
    1f60:	80 83       	st	Z, r24
		default: /* Wrong Port ID */        break;
	}
}
    1f62:	0f 90       	pop	r0
    1f64:	0f 90       	pop	r0
    1f66:	0f 90       	pop	r0
    1f68:	0f 90       	pop	r0
    1f6a:	cf 91       	pop	r28
    1f6c:	df 91       	pop	r29
    1f6e:	08 95       	ret

00001f70 <LCD_vidInit>:
/* Description! Apply initialization sequence for LCD module                           */
/* Input      ! Nothing                                                                */
/* Output     ! Nothing                                                                */
/***************************************************************************************/
void LCD_vidInit(void)
{
    1f70:	0f 93       	push	r16
    1f72:	1f 93       	push	r17
    1f74:	df 93       	push	r29
    1f76:	cf 93       	push	r28
    1f78:	cd b7       	in	r28, 0x3d	; 61
    1f7a:	de b7       	in	r29, 0x3e	; 62
    1f7c:	c4 55       	subi	r28, 0x54	; 84
    1f7e:	d0 40       	sbci	r29, 0x00	; 0
    1f80:	0f b6       	in	r0, 0x3f	; 63
    1f82:	f8 94       	cli
    1f84:	de bf       	out	0x3e, r29	; 62
    1f86:	0f be       	out	0x3f, r0	; 63
    1f88:	cd bf       	out	0x3d, r28	; 61
    1f8a:	fe 01       	movw	r30, r28
    1f8c:	ef 5a       	subi	r30, 0xAF	; 175
    1f8e:	ff 4f       	sbci	r31, 0xFF	; 255
    1f90:	80 e0       	ldi	r24, 0x00	; 0
    1f92:	90 e0       	ldi	r25, 0x00	; 0
    1f94:	a0 ef       	ldi	r26, 0xF0	; 240
    1f96:	b1 e4       	ldi	r27, 0x41	; 65
    1f98:	80 83       	st	Z, r24
    1f9a:	91 83       	std	Z+1, r25	; 0x01
    1f9c:	a2 83       	std	Z+2, r26	; 0x02
    1f9e:	b3 83       	std	Z+3, r27	; 0x03
 */
void
_delay_ms(double __ms)
{
	uint16_t __ticks;
	double __tmp = ((F_CPU) / 4e3) * __ms;
    1fa0:	8e 01       	movw	r16, r28
    1fa2:	03 5b       	subi	r16, 0xB3	; 179
    1fa4:	1f 4f       	sbci	r17, 0xFF	; 255
    1fa6:	fe 01       	movw	r30, r28
    1fa8:	ef 5a       	subi	r30, 0xAF	; 175
    1faa:	ff 4f       	sbci	r31, 0xFF	; 255
    1fac:	60 81       	ld	r22, Z
    1fae:	71 81       	ldd	r23, Z+1	; 0x01
    1fb0:	82 81       	ldd	r24, Z+2	; 0x02
    1fb2:	93 81       	ldd	r25, Z+3	; 0x03
    1fb4:	20 e0       	ldi	r18, 0x00	; 0
    1fb6:	30 e0       	ldi	r19, 0x00	; 0
    1fb8:	4a ef       	ldi	r20, 0xFA	; 250
    1fba:	54 e4       	ldi	r21, 0x44	; 68
    1fbc:	0e 94 1f 02 	call	0x43e	; 0x43e <__mulsf3>
    1fc0:	dc 01       	movw	r26, r24
    1fc2:	cb 01       	movw	r24, r22
    1fc4:	f8 01       	movw	r30, r16
    1fc6:	80 83       	st	Z, r24
    1fc8:	91 83       	std	Z+1, r25	; 0x01
    1fca:	a2 83       	std	Z+2, r26	; 0x02
    1fcc:	b3 83       	std	Z+3, r27	; 0x03
	if (__tmp < 1.0)
    1fce:	fe 01       	movw	r30, r28
    1fd0:	e3 5b       	subi	r30, 0xB3	; 179
    1fd2:	ff 4f       	sbci	r31, 0xFF	; 255
    1fd4:	60 81       	ld	r22, Z
    1fd6:	71 81       	ldd	r23, Z+1	; 0x01
    1fd8:	82 81       	ldd	r24, Z+2	; 0x02
    1fda:	93 81       	ldd	r25, Z+3	; 0x03
    1fdc:	20 e0       	ldi	r18, 0x00	; 0
    1fde:	30 e0       	ldi	r19, 0x00	; 0
    1fe0:	40 e8       	ldi	r20, 0x80	; 128
    1fe2:	5f e3       	ldi	r21, 0x3F	; 63
    1fe4:	0e 94 25 04 	call	0x84a	; 0x84a <__ltsf2>
    1fe8:	88 23       	and	r24, r24
    1fea:	44 f4       	brge	.+16     	; 0x1ffc <LCD_vidInit+0x8c>
		__ticks = 1;
    1fec:	fe 01       	movw	r30, r28
    1fee:	e5 5b       	subi	r30, 0xB5	; 181
    1ff0:	ff 4f       	sbci	r31, 0xFF	; 255
    1ff2:	81 e0       	ldi	r24, 0x01	; 1
    1ff4:	90 e0       	ldi	r25, 0x00	; 0
    1ff6:	91 83       	std	Z+1, r25	; 0x01
    1ff8:	80 83       	st	Z, r24
    1ffa:	64 c0       	rjmp	.+200    	; 0x20c4 <LCD_vidInit+0x154>
	else if (__tmp > 65535)
    1ffc:	fe 01       	movw	r30, r28
    1ffe:	e3 5b       	subi	r30, 0xB3	; 179
    2000:	ff 4f       	sbci	r31, 0xFF	; 255
    2002:	60 81       	ld	r22, Z
    2004:	71 81       	ldd	r23, Z+1	; 0x01
    2006:	82 81       	ldd	r24, Z+2	; 0x02
    2008:	93 81       	ldd	r25, Z+3	; 0x03
    200a:	20 e0       	ldi	r18, 0x00	; 0
    200c:	3f ef       	ldi	r19, 0xFF	; 255
    200e:	4f e7       	ldi	r20, 0x7F	; 127
    2010:	57 e4       	ldi	r21, 0x47	; 71
    2012:	0e 94 c5 03 	call	0x78a	; 0x78a <__gtsf2>
    2016:	18 16       	cp	r1, r24
    2018:	0c f0       	brlt	.+2      	; 0x201c <LCD_vidInit+0xac>
    201a:	43 c0       	rjmp	.+134    	; 0x20a2 <LCD_vidInit+0x132>
	{
		//	__ticks = requested delay in 1/10 ms
		__ticks = (uint16_t) (__ms * 10.0);
    201c:	fe 01       	movw	r30, r28
    201e:	ef 5a       	subi	r30, 0xAF	; 175
    2020:	ff 4f       	sbci	r31, 0xFF	; 255
    2022:	60 81       	ld	r22, Z
    2024:	71 81       	ldd	r23, Z+1	; 0x01
    2026:	82 81       	ldd	r24, Z+2	; 0x02
    2028:	93 81       	ldd	r25, Z+3	; 0x03
    202a:	20 e0       	ldi	r18, 0x00	; 0
    202c:	30 e0       	ldi	r19, 0x00	; 0
    202e:	40 e2       	ldi	r20, 0x20	; 32
    2030:	51 e4       	ldi	r21, 0x41	; 65
    2032:	0e 94 1f 02 	call	0x43e	; 0x43e <__mulsf3>
    2036:	dc 01       	movw	r26, r24
    2038:	cb 01       	movw	r24, r22
    203a:	8e 01       	movw	r16, r28
    203c:	05 5b       	subi	r16, 0xB5	; 181
    203e:	1f 4f       	sbci	r17, 0xFF	; 255
    2040:	bc 01       	movw	r22, r24
    2042:	cd 01       	movw	r24, r26
    2044:	0e 94 49 00 	call	0x92	; 0x92 <__fixunssfsi>
    2048:	dc 01       	movw	r26, r24
    204a:	cb 01       	movw	r24, r22
    204c:	f8 01       	movw	r30, r16
    204e:	91 83       	std	Z+1, r25	; 0x01
    2050:	80 83       	st	Z, r24
    2052:	1f c0       	rjmp	.+62     	; 0x2092 <LCD_vidInit+0x122>
    2054:	fe 01       	movw	r30, r28
    2056:	e7 5b       	subi	r30, 0xB7	; 183
    2058:	ff 4f       	sbci	r31, 0xFF	; 255
    205a:	88 ec       	ldi	r24, 0xC8	; 200
    205c:	90 e0       	ldi	r25, 0x00	; 0
    205e:	91 83       	std	Z+1, r25	; 0x01
    2060:	80 83       	st	Z, r24
    2062:	fe 01       	movw	r30, r28
    2064:	e7 5b       	subi	r30, 0xB7	; 183
    2066:	ff 4f       	sbci	r31, 0xFF	; 255
    2068:	80 81       	ld	r24, Z
    206a:	91 81       	ldd	r25, Z+1	; 0x01
    206c:	01 97       	sbiw	r24, 0x01	; 1
    206e:	f1 f7       	brne	.-4      	; 0x206c <LCD_vidInit+0xfc>
    2070:	fe 01       	movw	r30, r28
    2072:	e7 5b       	subi	r30, 0xB7	; 183
    2074:	ff 4f       	sbci	r31, 0xFF	; 255
    2076:	91 83       	std	Z+1, r25	; 0x01
    2078:	80 83       	st	Z, r24
		while(__ticks)
		{
			// wait 1/10 ms
			_delay_loop_2(((F_CPU) / 4e3) / 10);
			__ticks --;
    207a:	de 01       	movw	r26, r28
    207c:	a5 5b       	subi	r26, 0xB5	; 181
    207e:	bf 4f       	sbci	r27, 0xFF	; 255
    2080:	fe 01       	movw	r30, r28
    2082:	e5 5b       	subi	r30, 0xB5	; 181
    2084:	ff 4f       	sbci	r31, 0xFF	; 255
    2086:	80 81       	ld	r24, Z
    2088:	91 81       	ldd	r25, Z+1	; 0x01
    208a:	01 97       	sbiw	r24, 0x01	; 1
    208c:	11 96       	adiw	r26, 0x01	; 1
    208e:	9c 93       	st	X, r25
    2090:	8e 93       	st	-X, r24
		__ticks = 1;
	else if (__tmp > 65535)
	{
		//	__ticks = requested delay in 1/10 ms
		__ticks = (uint16_t) (__ms * 10.0);
		while(__ticks)
    2092:	fe 01       	movw	r30, r28
    2094:	e5 5b       	subi	r30, 0xB5	; 181
    2096:	ff 4f       	sbci	r31, 0xFF	; 255
    2098:	80 81       	ld	r24, Z
    209a:	91 81       	ldd	r25, Z+1	; 0x01
    209c:	00 97       	sbiw	r24, 0x00	; 0
    209e:	d1 f6       	brne	.-76     	; 0x2054 <LCD_vidInit+0xe4>
    20a0:	27 c0       	rjmp	.+78     	; 0x20f0 <LCD_vidInit+0x180>
			__ticks --;
		}
		return;
	}
	else
		__ticks = (uint16_t)__tmp;
    20a2:	8e 01       	movw	r16, r28
    20a4:	05 5b       	subi	r16, 0xB5	; 181
    20a6:	1f 4f       	sbci	r17, 0xFF	; 255
    20a8:	fe 01       	movw	r30, r28
    20aa:	e3 5b       	subi	r30, 0xB3	; 179
    20ac:	ff 4f       	sbci	r31, 0xFF	; 255
    20ae:	60 81       	ld	r22, Z
    20b0:	71 81       	ldd	r23, Z+1	; 0x01
    20b2:	82 81       	ldd	r24, Z+2	; 0x02
    20b4:	93 81       	ldd	r25, Z+3	; 0x03
    20b6:	0e 94 49 00 	call	0x92	; 0x92 <__fixunssfsi>
    20ba:	dc 01       	movw	r26, r24
    20bc:	cb 01       	movw	r24, r22
    20be:	f8 01       	movw	r30, r16
    20c0:	91 83       	std	Z+1, r25	; 0x01
    20c2:	80 83       	st	Z, r24
    20c4:	de 01       	movw	r26, r28
    20c6:	a9 5b       	subi	r26, 0xB9	; 185
    20c8:	bf 4f       	sbci	r27, 0xFF	; 255
    20ca:	fe 01       	movw	r30, r28
    20cc:	e5 5b       	subi	r30, 0xB5	; 181
    20ce:	ff 4f       	sbci	r31, 0xFF	; 255
    20d0:	80 81       	ld	r24, Z
    20d2:	91 81       	ldd	r25, Z+1	; 0x01
    20d4:	8d 93       	st	X+, r24
    20d6:	9c 93       	st	X, r25
    20d8:	fe 01       	movw	r30, r28
    20da:	e9 5b       	subi	r30, 0xB9	; 185
    20dc:	ff 4f       	sbci	r31, 0xFF	; 255
    20de:	80 81       	ld	r24, Z
    20e0:	91 81       	ldd	r25, Z+1	; 0x01
    20e2:	01 97       	sbiw	r24, 0x01	; 1
    20e4:	f1 f7       	brne	.-4      	; 0x20e2 <LCD_vidInit+0x172>
    20e6:	fe 01       	movw	r30, r28
    20e8:	e9 5b       	subi	r30, 0xB9	; 185
    20ea:	ff 4f       	sbci	r31, 0xFF	; 255
    20ec:	91 83       	std	Z+1, r25	; 0x01
    20ee:	80 83       	st	Z, r24
	/* Delay 30ms to ensure the initialization of the LCD driver */
	_delay_ms(30);

	/* Return Home  */
	LCD_vidSendCommand(lcd_Home);
    20f0:	82 e0       	ldi	r24, 0x02	; 2
    20f2:	0e 94 e0 12 	call	0x25c0	; 0x25c0 <LCD_vidSendCommand>
    20f6:	fe 01       	movw	r30, r28
    20f8:	ed 5b       	subi	r30, 0xBD	; 189
    20fa:	ff 4f       	sbci	r31, 0xFF	; 255
    20fc:	80 e0       	ldi	r24, 0x00	; 0
    20fe:	90 e0       	ldi	r25, 0x00	; 0
    2100:	a0 e7       	ldi	r26, 0x70	; 112
    2102:	b1 e4       	ldi	r27, 0x41	; 65
    2104:	80 83       	st	Z, r24
    2106:	91 83       	std	Z+1, r25	; 0x01
    2108:	a2 83       	std	Z+2, r26	; 0x02
    210a:	b3 83       	std	Z+3, r27	; 0x03
 */
void
_delay_ms(double __ms)
{
	uint16_t __ticks;
	double __tmp = ((F_CPU) / 4e3) * __ms;
    210c:	8e 01       	movw	r16, r28
    210e:	01 5c       	subi	r16, 0xC1	; 193
    2110:	1f 4f       	sbci	r17, 0xFF	; 255
    2112:	fe 01       	movw	r30, r28
    2114:	ed 5b       	subi	r30, 0xBD	; 189
    2116:	ff 4f       	sbci	r31, 0xFF	; 255
    2118:	60 81       	ld	r22, Z
    211a:	71 81       	ldd	r23, Z+1	; 0x01
    211c:	82 81       	ldd	r24, Z+2	; 0x02
    211e:	93 81       	ldd	r25, Z+3	; 0x03
    2120:	20 e0       	ldi	r18, 0x00	; 0
    2122:	30 e0       	ldi	r19, 0x00	; 0
    2124:	4a ef       	ldi	r20, 0xFA	; 250
    2126:	54 e4       	ldi	r21, 0x44	; 68
    2128:	0e 94 1f 02 	call	0x43e	; 0x43e <__mulsf3>
    212c:	dc 01       	movw	r26, r24
    212e:	cb 01       	movw	r24, r22
    2130:	f8 01       	movw	r30, r16
    2132:	80 83       	st	Z, r24
    2134:	91 83       	std	Z+1, r25	; 0x01
    2136:	a2 83       	std	Z+2, r26	; 0x02
    2138:	b3 83       	std	Z+3, r27	; 0x03
	if (__tmp < 1.0)
    213a:	fe 01       	movw	r30, r28
    213c:	ff 96       	adiw	r30, 0x3f	; 63
    213e:	60 81       	ld	r22, Z
    2140:	71 81       	ldd	r23, Z+1	; 0x01
    2142:	82 81       	ldd	r24, Z+2	; 0x02
    2144:	93 81       	ldd	r25, Z+3	; 0x03
    2146:	20 e0       	ldi	r18, 0x00	; 0
    2148:	30 e0       	ldi	r19, 0x00	; 0
    214a:	40 e8       	ldi	r20, 0x80	; 128
    214c:	5f e3       	ldi	r21, 0x3F	; 63
    214e:	0e 94 25 04 	call	0x84a	; 0x84a <__ltsf2>
    2152:	88 23       	and	r24, r24
    2154:	2c f4       	brge	.+10     	; 0x2160 <LCD_vidInit+0x1f0>
		__ticks = 1;
    2156:	81 e0       	ldi	r24, 0x01	; 1
    2158:	90 e0       	ldi	r25, 0x00	; 0
    215a:	9e af       	std	Y+62, r25	; 0x3e
    215c:	8d af       	std	Y+61, r24	; 0x3d
    215e:	46 c0       	rjmp	.+140    	; 0x21ec <LCD_vidInit+0x27c>
	else if (__tmp > 65535)
    2160:	fe 01       	movw	r30, r28
    2162:	ff 96       	adiw	r30, 0x3f	; 63
    2164:	60 81       	ld	r22, Z
    2166:	71 81       	ldd	r23, Z+1	; 0x01
    2168:	82 81       	ldd	r24, Z+2	; 0x02
    216a:	93 81       	ldd	r25, Z+3	; 0x03
    216c:	20 e0       	ldi	r18, 0x00	; 0
    216e:	3f ef       	ldi	r19, 0xFF	; 255
    2170:	4f e7       	ldi	r20, 0x7F	; 127
    2172:	57 e4       	ldi	r21, 0x47	; 71
    2174:	0e 94 c5 03 	call	0x78a	; 0x78a <__gtsf2>
    2178:	18 16       	cp	r1, r24
    217a:	64 f5       	brge	.+88     	; 0x21d4 <LCD_vidInit+0x264>
	{
		//	__ticks = requested delay in 1/10 ms
		__ticks = (uint16_t) (__ms * 10.0);
    217c:	fe 01       	movw	r30, r28
    217e:	ed 5b       	subi	r30, 0xBD	; 189
    2180:	ff 4f       	sbci	r31, 0xFF	; 255
    2182:	60 81       	ld	r22, Z
    2184:	71 81       	ldd	r23, Z+1	; 0x01
    2186:	82 81       	ldd	r24, Z+2	; 0x02
    2188:	93 81       	ldd	r25, Z+3	; 0x03
    218a:	20 e0       	ldi	r18, 0x00	; 0
    218c:	30 e0       	ldi	r19, 0x00	; 0
    218e:	40 e2       	ldi	r20, 0x20	; 32
    2190:	51 e4       	ldi	r21, 0x41	; 65
    2192:	0e 94 1f 02 	call	0x43e	; 0x43e <__mulsf3>
    2196:	dc 01       	movw	r26, r24
    2198:	cb 01       	movw	r24, r22
    219a:	bc 01       	movw	r22, r24
    219c:	cd 01       	movw	r24, r26
    219e:	0e 94 49 00 	call	0x92	; 0x92 <__fixunssfsi>
    21a2:	dc 01       	movw	r26, r24
    21a4:	cb 01       	movw	r24, r22
    21a6:	9e af       	std	Y+62, r25	; 0x3e
    21a8:	8d af       	std	Y+61, r24	; 0x3d
    21aa:	0f c0       	rjmp	.+30     	; 0x21ca <LCD_vidInit+0x25a>
    21ac:	88 ec       	ldi	r24, 0xC8	; 200
    21ae:	90 e0       	ldi	r25, 0x00	; 0
    21b0:	9c af       	std	Y+60, r25	; 0x3c
    21b2:	8b af       	std	Y+59, r24	; 0x3b
    21b4:	8b ad       	ldd	r24, Y+59	; 0x3b
    21b6:	9c ad       	ldd	r25, Y+60	; 0x3c
    21b8:	01 97       	sbiw	r24, 0x01	; 1
    21ba:	f1 f7       	brne	.-4      	; 0x21b8 <LCD_vidInit+0x248>
    21bc:	9c af       	std	Y+60, r25	; 0x3c
    21be:	8b af       	std	Y+59, r24	; 0x3b
		while(__ticks)
		{
			// wait 1/10 ms
			_delay_loop_2(((F_CPU) / 4e3) / 10);
			__ticks --;
    21c0:	8d ad       	ldd	r24, Y+61	; 0x3d
    21c2:	9e ad       	ldd	r25, Y+62	; 0x3e
    21c4:	01 97       	sbiw	r24, 0x01	; 1
    21c6:	9e af       	std	Y+62, r25	; 0x3e
    21c8:	8d af       	std	Y+61, r24	; 0x3d
		__ticks = 1;
	else if (__tmp > 65535)
	{
		//	__ticks = requested delay in 1/10 ms
		__ticks = (uint16_t) (__ms * 10.0);
		while(__ticks)
    21ca:	8d ad       	ldd	r24, Y+61	; 0x3d
    21cc:	9e ad       	ldd	r25, Y+62	; 0x3e
    21ce:	00 97       	sbiw	r24, 0x00	; 0
    21d0:	69 f7       	brne	.-38     	; 0x21ac <LCD_vidInit+0x23c>
    21d2:	16 c0       	rjmp	.+44     	; 0x2200 <LCD_vidInit+0x290>
			__ticks --;
		}
		return;
	}
	else
		__ticks = (uint16_t)__tmp;
    21d4:	fe 01       	movw	r30, r28
    21d6:	ff 96       	adiw	r30, 0x3f	; 63
    21d8:	60 81       	ld	r22, Z
    21da:	71 81       	ldd	r23, Z+1	; 0x01
    21dc:	82 81       	ldd	r24, Z+2	; 0x02
    21de:	93 81       	ldd	r25, Z+3	; 0x03
    21e0:	0e 94 49 00 	call	0x92	; 0x92 <__fixunssfsi>
    21e4:	dc 01       	movw	r26, r24
    21e6:	cb 01       	movw	r24, r22
    21e8:	9e af       	std	Y+62, r25	; 0x3e
    21ea:	8d af       	std	Y+61, r24	; 0x3d
    21ec:	8d ad       	ldd	r24, Y+61	; 0x3d
    21ee:	9e ad       	ldd	r25, Y+62	; 0x3e
    21f0:	9a af       	std	Y+58, r25	; 0x3a
    21f2:	89 af       	std	Y+57, r24	; 0x39
    21f4:	89 ad       	ldd	r24, Y+57	; 0x39
    21f6:	9a ad       	ldd	r25, Y+58	; 0x3a
    21f8:	01 97       	sbiw	r24, 0x01	; 1
    21fa:	f1 f7       	brne	.-4      	; 0x21f8 <LCD_vidInit+0x288>
    21fc:	9a af       	std	Y+58, r25	; 0x3a
    21fe:	89 af       	std	Y+57, r24	; 0x39
	_delay_ms(15);

	/* Function Set  */
	LCD_vidSendCommand(lcd_FunctionSet8bit);
    2200:	88 e3       	ldi	r24, 0x38	; 56
    2202:	0e 94 e0 12 	call	0x25c0	; 0x25c0 <LCD_vidSendCommand>
    2206:	80 e0       	ldi	r24, 0x00	; 0
    2208:	90 e0       	ldi	r25, 0x00	; 0
    220a:	a0 e8       	ldi	r26, 0x80	; 128
    220c:	bf e3       	ldi	r27, 0x3F	; 63
    220e:	8d ab       	std	Y+53, r24	; 0x35
    2210:	9e ab       	std	Y+54, r25	; 0x36
    2212:	af ab       	std	Y+55, r26	; 0x37
    2214:	b8 af       	std	Y+56, r27	; 0x38
 */
void
_delay_ms(double __ms)
{
	uint16_t __ticks;
	double __tmp = ((F_CPU) / 4e3) * __ms;
    2216:	6d a9       	ldd	r22, Y+53	; 0x35
    2218:	7e a9       	ldd	r23, Y+54	; 0x36
    221a:	8f a9       	ldd	r24, Y+55	; 0x37
    221c:	98 ad       	ldd	r25, Y+56	; 0x38
    221e:	20 e0       	ldi	r18, 0x00	; 0
    2220:	30 e0       	ldi	r19, 0x00	; 0
    2222:	4a ef       	ldi	r20, 0xFA	; 250
    2224:	54 e4       	ldi	r21, 0x44	; 68
    2226:	0e 94 1f 02 	call	0x43e	; 0x43e <__mulsf3>
    222a:	dc 01       	movw	r26, r24
    222c:	cb 01       	movw	r24, r22
    222e:	89 ab       	std	Y+49, r24	; 0x31
    2230:	9a ab       	std	Y+50, r25	; 0x32
    2232:	ab ab       	std	Y+51, r26	; 0x33
    2234:	bc ab       	std	Y+52, r27	; 0x34
	if (__tmp < 1.0)
    2236:	69 a9       	ldd	r22, Y+49	; 0x31
    2238:	7a a9       	ldd	r23, Y+50	; 0x32
    223a:	8b a9       	ldd	r24, Y+51	; 0x33
    223c:	9c a9       	ldd	r25, Y+52	; 0x34
    223e:	20 e0       	ldi	r18, 0x00	; 0
    2240:	30 e0       	ldi	r19, 0x00	; 0
    2242:	40 e8       	ldi	r20, 0x80	; 128
    2244:	5f e3       	ldi	r21, 0x3F	; 63
    2246:	0e 94 25 04 	call	0x84a	; 0x84a <__ltsf2>
    224a:	88 23       	and	r24, r24
    224c:	2c f4       	brge	.+10     	; 0x2258 <LCD_vidInit+0x2e8>
		__ticks = 1;
    224e:	81 e0       	ldi	r24, 0x01	; 1
    2250:	90 e0       	ldi	r25, 0x00	; 0
    2252:	98 ab       	std	Y+48, r25	; 0x30
    2254:	8f a7       	std	Y+47, r24	; 0x2f
    2256:	3f c0       	rjmp	.+126    	; 0x22d6 <LCD_vidInit+0x366>
	else if (__tmp > 65535)
    2258:	69 a9       	ldd	r22, Y+49	; 0x31
    225a:	7a a9       	ldd	r23, Y+50	; 0x32
    225c:	8b a9       	ldd	r24, Y+51	; 0x33
    225e:	9c a9       	ldd	r25, Y+52	; 0x34
    2260:	20 e0       	ldi	r18, 0x00	; 0
    2262:	3f ef       	ldi	r19, 0xFF	; 255
    2264:	4f e7       	ldi	r20, 0x7F	; 127
    2266:	57 e4       	ldi	r21, 0x47	; 71
    2268:	0e 94 c5 03 	call	0x78a	; 0x78a <__gtsf2>
    226c:	18 16       	cp	r1, r24
    226e:	4c f5       	brge	.+82     	; 0x22c2 <LCD_vidInit+0x352>
	{
		//	__ticks = requested delay in 1/10 ms
		__ticks = (uint16_t) (__ms * 10.0);
    2270:	6d a9       	ldd	r22, Y+53	; 0x35
    2272:	7e a9       	ldd	r23, Y+54	; 0x36
    2274:	8f a9       	ldd	r24, Y+55	; 0x37
    2276:	98 ad       	ldd	r25, Y+56	; 0x38
    2278:	20 e0       	ldi	r18, 0x00	; 0
    227a:	30 e0       	ldi	r19, 0x00	; 0
    227c:	40 e2       	ldi	r20, 0x20	; 32
    227e:	51 e4       	ldi	r21, 0x41	; 65
    2280:	0e 94 1f 02 	call	0x43e	; 0x43e <__mulsf3>
    2284:	dc 01       	movw	r26, r24
    2286:	cb 01       	movw	r24, r22
    2288:	bc 01       	movw	r22, r24
    228a:	cd 01       	movw	r24, r26
    228c:	0e 94 49 00 	call	0x92	; 0x92 <__fixunssfsi>
    2290:	dc 01       	movw	r26, r24
    2292:	cb 01       	movw	r24, r22
    2294:	98 ab       	std	Y+48, r25	; 0x30
    2296:	8f a7       	std	Y+47, r24	; 0x2f
    2298:	0f c0       	rjmp	.+30     	; 0x22b8 <LCD_vidInit+0x348>
    229a:	88 ec       	ldi	r24, 0xC8	; 200
    229c:	90 e0       	ldi	r25, 0x00	; 0
    229e:	9e a7       	std	Y+46, r25	; 0x2e
    22a0:	8d a7       	std	Y+45, r24	; 0x2d
    22a2:	8d a5       	ldd	r24, Y+45	; 0x2d
    22a4:	9e a5       	ldd	r25, Y+46	; 0x2e
    22a6:	01 97       	sbiw	r24, 0x01	; 1
    22a8:	f1 f7       	brne	.-4      	; 0x22a6 <LCD_vidInit+0x336>
    22aa:	9e a7       	std	Y+46, r25	; 0x2e
    22ac:	8d a7       	std	Y+45, r24	; 0x2d
		while(__ticks)
		{
			// wait 1/10 ms
			_delay_loop_2(((F_CPU) / 4e3) / 10);
			__ticks --;
    22ae:	8f a5       	ldd	r24, Y+47	; 0x2f
    22b0:	98 a9       	ldd	r25, Y+48	; 0x30
    22b2:	01 97       	sbiw	r24, 0x01	; 1
    22b4:	98 ab       	std	Y+48, r25	; 0x30
    22b6:	8f a7       	std	Y+47, r24	; 0x2f
		__ticks = 1;
	else if (__tmp > 65535)
	{
		//	__ticks = requested delay in 1/10 ms
		__ticks = (uint16_t) (__ms * 10.0);
		while(__ticks)
    22b8:	8f a5       	ldd	r24, Y+47	; 0x2f
    22ba:	98 a9       	ldd	r25, Y+48	; 0x30
    22bc:	00 97       	sbiw	r24, 0x00	; 0
    22be:	69 f7       	brne	.-38     	; 0x229a <LCD_vidInit+0x32a>
    22c0:	14 c0       	rjmp	.+40     	; 0x22ea <LCD_vidInit+0x37a>
			__ticks --;
		}
		return;
	}
	else
		__ticks = (uint16_t)__tmp;
    22c2:	69 a9       	ldd	r22, Y+49	; 0x31
    22c4:	7a a9       	ldd	r23, Y+50	; 0x32
    22c6:	8b a9       	ldd	r24, Y+51	; 0x33
    22c8:	9c a9       	ldd	r25, Y+52	; 0x34
    22ca:	0e 94 49 00 	call	0x92	; 0x92 <__fixunssfsi>
    22ce:	dc 01       	movw	r26, r24
    22d0:	cb 01       	movw	r24, r22
    22d2:	98 ab       	std	Y+48, r25	; 0x30
    22d4:	8f a7       	std	Y+47, r24	; 0x2f
    22d6:	8f a5       	ldd	r24, Y+47	; 0x2f
    22d8:	98 a9       	ldd	r25, Y+48	; 0x30
    22da:	9c a7       	std	Y+44, r25	; 0x2c
    22dc:	8b a7       	std	Y+43, r24	; 0x2b
    22de:	8b a5       	ldd	r24, Y+43	; 0x2b
    22e0:	9c a5       	ldd	r25, Y+44	; 0x2c
    22e2:	01 97       	sbiw	r24, 0x01	; 1
    22e4:	f1 f7       	brne	.-4      	; 0x22e2 <LCD_vidInit+0x372>
    22e6:	9c a7       	std	Y+44, r25	; 0x2c
    22e8:	8b a7       	std	Y+43, r24	; 0x2b
	_delay_ms(1);

	/* Display ON OFF Control */
	LCD_vidSendCommand(lcd_DisplayOn);
    22ea:	8c e0       	ldi	r24, 0x0C	; 12
    22ec:	0e 94 e0 12 	call	0x25c0	; 0x25c0 <LCD_vidSendCommand>
    22f0:	80 e0       	ldi	r24, 0x00	; 0
    22f2:	90 e0       	ldi	r25, 0x00	; 0
    22f4:	a0 e8       	ldi	r26, 0x80	; 128
    22f6:	bf e3       	ldi	r27, 0x3F	; 63
    22f8:	8f a3       	std	Y+39, r24	; 0x27
    22fa:	98 a7       	std	Y+40, r25	; 0x28
    22fc:	a9 a7       	std	Y+41, r26	; 0x29
    22fe:	ba a7       	std	Y+42, r27	; 0x2a
 */
void
_delay_ms(double __ms)
{
	uint16_t __ticks;
	double __tmp = ((F_CPU) / 4e3) * __ms;
    2300:	6f a1       	ldd	r22, Y+39	; 0x27
    2302:	78 a5       	ldd	r23, Y+40	; 0x28
    2304:	89 a5       	ldd	r24, Y+41	; 0x29
    2306:	9a a5       	ldd	r25, Y+42	; 0x2a
    2308:	20 e0       	ldi	r18, 0x00	; 0
    230a:	30 e0       	ldi	r19, 0x00	; 0
    230c:	4a ef       	ldi	r20, 0xFA	; 250
    230e:	54 e4       	ldi	r21, 0x44	; 68
    2310:	0e 94 1f 02 	call	0x43e	; 0x43e <__mulsf3>
    2314:	dc 01       	movw	r26, r24
    2316:	cb 01       	movw	r24, r22
    2318:	8b a3       	std	Y+35, r24	; 0x23
    231a:	9c a3       	std	Y+36, r25	; 0x24
    231c:	ad a3       	std	Y+37, r26	; 0x25
    231e:	be a3       	std	Y+38, r27	; 0x26
	if (__tmp < 1.0)
    2320:	6b a1       	ldd	r22, Y+35	; 0x23
    2322:	7c a1       	ldd	r23, Y+36	; 0x24
    2324:	8d a1       	ldd	r24, Y+37	; 0x25
    2326:	9e a1       	ldd	r25, Y+38	; 0x26
    2328:	20 e0       	ldi	r18, 0x00	; 0
    232a:	30 e0       	ldi	r19, 0x00	; 0
    232c:	40 e8       	ldi	r20, 0x80	; 128
    232e:	5f e3       	ldi	r21, 0x3F	; 63
    2330:	0e 94 25 04 	call	0x84a	; 0x84a <__ltsf2>
    2334:	88 23       	and	r24, r24
    2336:	2c f4       	brge	.+10     	; 0x2342 <LCD_vidInit+0x3d2>
		__ticks = 1;
    2338:	81 e0       	ldi	r24, 0x01	; 1
    233a:	90 e0       	ldi	r25, 0x00	; 0
    233c:	9a a3       	std	Y+34, r25	; 0x22
    233e:	89 a3       	std	Y+33, r24	; 0x21
    2340:	3f c0       	rjmp	.+126    	; 0x23c0 <LCD_vidInit+0x450>
	else if (__tmp > 65535)
    2342:	6b a1       	ldd	r22, Y+35	; 0x23
    2344:	7c a1       	ldd	r23, Y+36	; 0x24
    2346:	8d a1       	ldd	r24, Y+37	; 0x25
    2348:	9e a1       	ldd	r25, Y+38	; 0x26
    234a:	20 e0       	ldi	r18, 0x00	; 0
    234c:	3f ef       	ldi	r19, 0xFF	; 255
    234e:	4f e7       	ldi	r20, 0x7F	; 127
    2350:	57 e4       	ldi	r21, 0x47	; 71
    2352:	0e 94 c5 03 	call	0x78a	; 0x78a <__gtsf2>
    2356:	18 16       	cp	r1, r24
    2358:	4c f5       	brge	.+82     	; 0x23ac <LCD_vidInit+0x43c>
	{
		//	__ticks = requested delay in 1/10 ms
		__ticks = (uint16_t) (__ms * 10.0);
    235a:	6f a1       	ldd	r22, Y+39	; 0x27
    235c:	78 a5       	ldd	r23, Y+40	; 0x28
    235e:	89 a5       	ldd	r24, Y+41	; 0x29
    2360:	9a a5       	ldd	r25, Y+42	; 0x2a
    2362:	20 e0       	ldi	r18, 0x00	; 0
    2364:	30 e0       	ldi	r19, 0x00	; 0
    2366:	40 e2       	ldi	r20, 0x20	; 32
    2368:	51 e4       	ldi	r21, 0x41	; 65
    236a:	0e 94 1f 02 	call	0x43e	; 0x43e <__mulsf3>
    236e:	dc 01       	movw	r26, r24
    2370:	cb 01       	movw	r24, r22
    2372:	bc 01       	movw	r22, r24
    2374:	cd 01       	movw	r24, r26
    2376:	0e 94 49 00 	call	0x92	; 0x92 <__fixunssfsi>
    237a:	dc 01       	movw	r26, r24
    237c:	cb 01       	movw	r24, r22
    237e:	9a a3       	std	Y+34, r25	; 0x22
    2380:	89 a3       	std	Y+33, r24	; 0x21
    2382:	0f c0       	rjmp	.+30     	; 0x23a2 <LCD_vidInit+0x432>
    2384:	88 ec       	ldi	r24, 0xC8	; 200
    2386:	90 e0       	ldi	r25, 0x00	; 0
    2388:	98 a3       	std	Y+32, r25	; 0x20
    238a:	8f 8f       	std	Y+31, r24	; 0x1f
    238c:	8f 8d       	ldd	r24, Y+31	; 0x1f
    238e:	98 a1       	ldd	r25, Y+32	; 0x20
    2390:	01 97       	sbiw	r24, 0x01	; 1
    2392:	f1 f7       	brne	.-4      	; 0x2390 <LCD_vidInit+0x420>
    2394:	98 a3       	std	Y+32, r25	; 0x20
    2396:	8f 8f       	std	Y+31, r24	; 0x1f
		while(__ticks)
		{
			// wait 1/10 ms
			_delay_loop_2(((F_CPU) / 4e3) / 10);
			__ticks --;
    2398:	89 a1       	ldd	r24, Y+33	; 0x21
    239a:	9a a1       	ldd	r25, Y+34	; 0x22
    239c:	01 97       	sbiw	r24, 0x01	; 1
    239e:	9a a3       	std	Y+34, r25	; 0x22
    23a0:	89 a3       	std	Y+33, r24	; 0x21
		__ticks = 1;
	else if (__tmp > 65535)
	{
		//	__ticks = requested delay in 1/10 ms
		__ticks = (uint16_t) (__ms * 10.0);
		while(__ticks)
    23a2:	89 a1       	ldd	r24, Y+33	; 0x21
    23a4:	9a a1       	ldd	r25, Y+34	; 0x22
    23a6:	00 97       	sbiw	r24, 0x00	; 0
    23a8:	69 f7       	brne	.-38     	; 0x2384 <LCD_vidInit+0x414>
    23aa:	14 c0       	rjmp	.+40     	; 0x23d4 <LCD_vidInit+0x464>
			__ticks --;
		}
		return;
	}
	else
		__ticks = (uint16_t)__tmp;
    23ac:	6b a1       	ldd	r22, Y+35	; 0x23
    23ae:	7c a1       	ldd	r23, Y+36	; 0x24
    23b0:	8d a1       	ldd	r24, Y+37	; 0x25
    23b2:	9e a1       	ldd	r25, Y+38	; 0x26
    23b4:	0e 94 49 00 	call	0x92	; 0x92 <__fixunssfsi>
    23b8:	dc 01       	movw	r26, r24
    23ba:	cb 01       	movw	r24, r22
    23bc:	9a a3       	std	Y+34, r25	; 0x22
    23be:	89 a3       	std	Y+33, r24	; 0x21
    23c0:	89 a1       	ldd	r24, Y+33	; 0x21
    23c2:	9a a1       	ldd	r25, Y+34	; 0x22
    23c4:	9e 8f       	std	Y+30, r25	; 0x1e
    23c6:	8d 8f       	std	Y+29, r24	; 0x1d
    23c8:	8d 8d       	ldd	r24, Y+29	; 0x1d
    23ca:	9e 8d       	ldd	r25, Y+30	; 0x1e
    23cc:	01 97       	sbiw	r24, 0x01	; 1
    23ce:	f1 f7       	brne	.-4      	; 0x23cc <LCD_vidInit+0x45c>
    23d0:	9e 8f       	std	Y+30, r25	; 0x1e
    23d2:	8d 8f       	std	Y+29, r24	; 0x1d
	_delay_ms(1);

	/* Clear Display */
	LCD_vidSendCommand(lcd_Clear);
    23d4:	81 e0       	ldi	r24, 0x01	; 1
    23d6:	0e 94 e0 12 	call	0x25c0	; 0x25c0 <LCD_vidSendCommand>
    23da:	80 e0       	ldi	r24, 0x00	; 0
    23dc:	90 e0       	ldi	r25, 0x00	; 0
    23de:	a0 e7       	ldi	r26, 0x70	; 112
    23e0:	b1 e4       	ldi	r27, 0x41	; 65
    23e2:	89 8f       	std	Y+25, r24	; 0x19
    23e4:	9a 8f       	std	Y+26, r25	; 0x1a
    23e6:	ab 8f       	std	Y+27, r26	; 0x1b
    23e8:	bc 8f       	std	Y+28, r27	; 0x1c
 */
void
_delay_ms(double __ms)
{
	uint16_t __ticks;
	double __tmp = ((F_CPU) / 4e3) * __ms;
    23ea:	69 8d       	ldd	r22, Y+25	; 0x19
    23ec:	7a 8d       	ldd	r23, Y+26	; 0x1a
    23ee:	8b 8d       	ldd	r24, Y+27	; 0x1b
    23f0:	9c 8d       	ldd	r25, Y+28	; 0x1c
    23f2:	20 e0       	ldi	r18, 0x00	; 0
    23f4:	30 e0       	ldi	r19, 0x00	; 0
    23f6:	4a ef       	ldi	r20, 0xFA	; 250
    23f8:	54 e4       	ldi	r21, 0x44	; 68
    23fa:	0e 94 1f 02 	call	0x43e	; 0x43e <__mulsf3>
    23fe:	dc 01       	movw	r26, r24
    2400:	cb 01       	movw	r24, r22
    2402:	8d 8b       	std	Y+21, r24	; 0x15
    2404:	9e 8b       	std	Y+22, r25	; 0x16
    2406:	af 8b       	std	Y+23, r26	; 0x17
    2408:	b8 8f       	std	Y+24, r27	; 0x18
	if (__tmp < 1.0)
    240a:	6d 89       	ldd	r22, Y+21	; 0x15
    240c:	7e 89       	ldd	r23, Y+22	; 0x16
    240e:	8f 89       	ldd	r24, Y+23	; 0x17
    2410:	98 8d       	ldd	r25, Y+24	; 0x18
    2412:	20 e0       	ldi	r18, 0x00	; 0
    2414:	30 e0       	ldi	r19, 0x00	; 0
    2416:	40 e8       	ldi	r20, 0x80	; 128
    2418:	5f e3       	ldi	r21, 0x3F	; 63
    241a:	0e 94 25 04 	call	0x84a	; 0x84a <__ltsf2>
    241e:	88 23       	and	r24, r24
    2420:	2c f4       	brge	.+10     	; 0x242c <LCD_vidInit+0x4bc>
		__ticks = 1;
    2422:	81 e0       	ldi	r24, 0x01	; 1
    2424:	90 e0       	ldi	r25, 0x00	; 0
    2426:	9c 8b       	std	Y+20, r25	; 0x14
    2428:	8b 8b       	std	Y+19, r24	; 0x13
    242a:	3f c0       	rjmp	.+126    	; 0x24aa <LCD_vidInit+0x53a>
	else if (__tmp > 65535)
    242c:	6d 89       	ldd	r22, Y+21	; 0x15
    242e:	7e 89       	ldd	r23, Y+22	; 0x16
    2430:	8f 89       	ldd	r24, Y+23	; 0x17
    2432:	98 8d       	ldd	r25, Y+24	; 0x18
    2434:	20 e0       	ldi	r18, 0x00	; 0
    2436:	3f ef       	ldi	r19, 0xFF	; 255
    2438:	4f e7       	ldi	r20, 0x7F	; 127
    243a:	57 e4       	ldi	r21, 0x47	; 71
    243c:	0e 94 c5 03 	call	0x78a	; 0x78a <__gtsf2>
    2440:	18 16       	cp	r1, r24
    2442:	4c f5       	brge	.+82     	; 0x2496 <LCD_vidInit+0x526>
	{
		//	__ticks = requested delay in 1/10 ms
		__ticks = (uint16_t) (__ms * 10.0);
    2444:	69 8d       	ldd	r22, Y+25	; 0x19
    2446:	7a 8d       	ldd	r23, Y+26	; 0x1a
    2448:	8b 8d       	ldd	r24, Y+27	; 0x1b
    244a:	9c 8d       	ldd	r25, Y+28	; 0x1c
    244c:	20 e0       	ldi	r18, 0x00	; 0
    244e:	30 e0       	ldi	r19, 0x00	; 0
    2450:	40 e2       	ldi	r20, 0x20	; 32
    2452:	51 e4       	ldi	r21, 0x41	; 65
    2454:	0e 94 1f 02 	call	0x43e	; 0x43e <__mulsf3>
    2458:	dc 01       	movw	r26, r24
    245a:	cb 01       	movw	r24, r22
    245c:	bc 01       	movw	r22, r24
    245e:	cd 01       	movw	r24, r26
    2460:	0e 94 49 00 	call	0x92	; 0x92 <__fixunssfsi>
    2464:	dc 01       	movw	r26, r24
    2466:	cb 01       	movw	r24, r22
    2468:	9c 8b       	std	Y+20, r25	; 0x14
    246a:	8b 8b       	std	Y+19, r24	; 0x13
    246c:	0f c0       	rjmp	.+30     	; 0x248c <LCD_vidInit+0x51c>
    246e:	88 ec       	ldi	r24, 0xC8	; 200
    2470:	90 e0       	ldi	r25, 0x00	; 0
    2472:	9a 8b       	std	Y+18, r25	; 0x12
    2474:	89 8b       	std	Y+17, r24	; 0x11
    2476:	89 89       	ldd	r24, Y+17	; 0x11
    2478:	9a 89       	ldd	r25, Y+18	; 0x12
    247a:	01 97       	sbiw	r24, 0x01	; 1
    247c:	f1 f7       	brne	.-4      	; 0x247a <LCD_vidInit+0x50a>
    247e:	9a 8b       	std	Y+18, r25	; 0x12
    2480:	89 8b       	std	Y+17, r24	; 0x11
		while(__ticks)
		{
			// wait 1/10 ms
			_delay_loop_2(((F_CPU) / 4e3) / 10);
			__ticks --;
    2482:	8b 89       	ldd	r24, Y+19	; 0x13
    2484:	9c 89       	ldd	r25, Y+20	; 0x14
    2486:	01 97       	sbiw	r24, 0x01	; 1
    2488:	9c 8b       	std	Y+20, r25	; 0x14
    248a:	8b 8b       	std	Y+19, r24	; 0x13
		__ticks = 1;
	else if (__tmp > 65535)
	{
		//	__ticks = requested delay in 1/10 ms
		__ticks = (uint16_t) (__ms * 10.0);
		while(__ticks)
    248c:	8b 89       	ldd	r24, Y+19	; 0x13
    248e:	9c 89       	ldd	r25, Y+20	; 0x14
    2490:	00 97       	sbiw	r24, 0x00	; 0
    2492:	69 f7       	brne	.-38     	; 0x246e <LCD_vidInit+0x4fe>
    2494:	14 c0       	rjmp	.+40     	; 0x24be <LCD_vidInit+0x54e>
			__ticks --;
		}
		return;
	}
	else
		__ticks = (uint16_t)__tmp;
    2496:	6d 89       	ldd	r22, Y+21	; 0x15
    2498:	7e 89       	ldd	r23, Y+22	; 0x16
    249a:	8f 89       	ldd	r24, Y+23	; 0x17
    249c:	98 8d       	ldd	r25, Y+24	; 0x18
    249e:	0e 94 49 00 	call	0x92	; 0x92 <__fixunssfsi>
    24a2:	dc 01       	movw	r26, r24
    24a4:	cb 01       	movw	r24, r22
    24a6:	9c 8b       	std	Y+20, r25	; 0x14
    24a8:	8b 8b       	std	Y+19, r24	; 0x13
    24aa:	8b 89       	ldd	r24, Y+19	; 0x13
    24ac:	9c 89       	ldd	r25, Y+20	; 0x14
    24ae:	98 8b       	std	Y+16, r25	; 0x10
    24b0:	8f 87       	std	Y+15, r24	; 0x0f
    24b2:	8f 85       	ldd	r24, Y+15	; 0x0f
    24b4:	98 89       	ldd	r25, Y+16	; 0x10
    24b6:	01 97       	sbiw	r24, 0x01	; 1
    24b8:	f1 f7       	brne	.-4      	; 0x24b6 <LCD_vidInit+0x546>
    24ba:	98 8b       	std	Y+16, r25	; 0x10
    24bc:	8f 87       	std	Y+15, r24	; 0x0f
	_delay_ms(15);

	/* Entry Mode Set  */
	LCD_vidSendCommand(lcd_EntryMode);
    24be:	86 e0       	ldi	r24, 0x06	; 6
    24c0:	0e 94 e0 12 	call	0x25c0	; 0x25c0 <LCD_vidSendCommand>
    24c4:	80 e0       	ldi	r24, 0x00	; 0
    24c6:	90 e0       	ldi	r25, 0x00	; 0
    24c8:	a0 e0       	ldi	r26, 0x00	; 0
    24ca:	b0 e4       	ldi	r27, 0x40	; 64
    24cc:	8b 87       	std	Y+11, r24	; 0x0b
    24ce:	9c 87       	std	Y+12, r25	; 0x0c
    24d0:	ad 87       	std	Y+13, r26	; 0x0d
    24d2:	be 87       	std	Y+14, r27	; 0x0e
 */
void
_delay_ms(double __ms)
{
	uint16_t __ticks;
	double __tmp = ((F_CPU) / 4e3) * __ms;
    24d4:	6b 85       	ldd	r22, Y+11	; 0x0b
    24d6:	7c 85       	ldd	r23, Y+12	; 0x0c
    24d8:	8d 85       	ldd	r24, Y+13	; 0x0d
    24da:	9e 85       	ldd	r25, Y+14	; 0x0e
    24dc:	20 e0       	ldi	r18, 0x00	; 0
    24de:	30 e0       	ldi	r19, 0x00	; 0
    24e0:	4a ef       	ldi	r20, 0xFA	; 250
    24e2:	54 e4       	ldi	r21, 0x44	; 68
    24e4:	0e 94 1f 02 	call	0x43e	; 0x43e <__mulsf3>
    24e8:	dc 01       	movw	r26, r24
    24ea:	cb 01       	movw	r24, r22
    24ec:	8f 83       	std	Y+7, r24	; 0x07
    24ee:	98 87       	std	Y+8, r25	; 0x08
    24f0:	a9 87       	std	Y+9, r26	; 0x09
    24f2:	ba 87       	std	Y+10, r27	; 0x0a
	if (__tmp < 1.0)
    24f4:	6f 81       	ldd	r22, Y+7	; 0x07
    24f6:	78 85       	ldd	r23, Y+8	; 0x08
    24f8:	89 85       	ldd	r24, Y+9	; 0x09
    24fa:	9a 85       	ldd	r25, Y+10	; 0x0a
    24fc:	20 e0       	ldi	r18, 0x00	; 0
    24fe:	30 e0       	ldi	r19, 0x00	; 0
    2500:	40 e8       	ldi	r20, 0x80	; 128
    2502:	5f e3       	ldi	r21, 0x3F	; 63
    2504:	0e 94 25 04 	call	0x84a	; 0x84a <__ltsf2>
    2508:	88 23       	and	r24, r24
    250a:	2c f4       	brge	.+10     	; 0x2516 <LCD_vidInit+0x5a6>
		__ticks = 1;
    250c:	81 e0       	ldi	r24, 0x01	; 1
    250e:	90 e0       	ldi	r25, 0x00	; 0
    2510:	9e 83       	std	Y+6, r25	; 0x06
    2512:	8d 83       	std	Y+5, r24	; 0x05
    2514:	3f c0       	rjmp	.+126    	; 0x2594 <LCD_vidInit+0x624>
	else if (__tmp > 65535)
    2516:	6f 81       	ldd	r22, Y+7	; 0x07
    2518:	78 85       	ldd	r23, Y+8	; 0x08
    251a:	89 85       	ldd	r24, Y+9	; 0x09
    251c:	9a 85       	ldd	r25, Y+10	; 0x0a
    251e:	20 e0       	ldi	r18, 0x00	; 0
    2520:	3f ef       	ldi	r19, 0xFF	; 255
    2522:	4f e7       	ldi	r20, 0x7F	; 127
    2524:	57 e4       	ldi	r21, 0x47	; 71
    2526:	0e 94 c5 03 	call	0x78a	; 0x78a <__gtsf2>
    252a:	18 16       	cp	r1, r24
    252c:	4c f5       	brge	.+82     	; 0x2580 <LCD_vidInit+0x610>
	{
		//	__ticks = requested delay in 1/10 ms
		__ticks = (uint16_t) (__ms * 10.0);
    252e:	6b 85       	ldd	r22, Y+11	; 0x0b
    2530:	7c 85       	ldd	r23, Y+12	; 0x0c
    2532:	8d 85       	ldd	r24, Y+13	; 0x0d
    2534:	9e 85       	ldd	r25, Y+14	; 0x0e
    2536:	20 e0       	ldi	r18, 0x00	; 0
    2538:	30 e0       	ldi	r19, 0x00	; 0
    253a:	40 e2       	ldi	r20, 0x20	; 32
    253c:	51 e4       	ldi	r21, 0x41	; 65
    253e:	0e 94 1f 02 	call	0x43e	; 0x43e <__mulsf3>
    2542:	dc 01       	movw	r26, r24
    2544:	cb 01       	movw	r24, r22
    2546:	bc 01       	movw	r22, r24
    2548:	cd 01       	movw	r24, r26
    254a:	0e 94 49 00 	call	0x92	; 0x92 <__fixunssfsi>
    254e:	dc 01       	movw	r26, r24
    2550:	cb 01       	movw	r24, r22
    2552:	9e 83       	std	Y+6, r25	; 0x06
    2554:	8d 83       	std	Y+5, r24	; 0x05
    2556:	0f c0       	rjmp	.+30     	; 0x2576 <LCD_vidInit+0x606>
    2558:	88 ec       	ldi	r24, 0xC8	; 200
    255a:	90 e0       	ldi	r25, 0x00	; 0
    255c:	9c 83       	std	Y+4, r25	; 0x04
    255e:	8b 83       	std	Y+3, r24	; 0x03
    2560:	8b 81       	ldd	r24, Y+3	; 0x03
    2562:	9c 81       	ldd	r25, Y+4	; 0x04
    2564:	01 97       	sbiw	r24, 0x01	; 1
    2566:	f1 f7       	brne	.-4      	; 0x2564 <LCD_vidInit+0x5f4>
    2568:	9c 83       	std	Y+4, r25	; 0x04
    256a:	8b 83       	std	Y+3, r24	; 0x03
		while(__ticks)
		{
			// wait 1/10 ms
			_delay_loop_2(((F_CPU) / 4e3) / 10);
			__ticks --;
    256c:	8d 81       	ldd	r24, Y+5	; 0x05
    256e:	9e 81       	ldd	r25, Y+6	; 0x06
    2570:	01 97       	sbiw	r24, 0x01	; 1
    2572:	9e 83       	std	Y+6, r25	; 0x06
    2574:	8d 83       	std	Y+5, r24	; 0x05
		__ticks = 1;
	else if (__tmp > 65535)
	{
		//	__ticks = requested delay in 1/10 ms
		__ticks = (uint16_t) (__ms * 10.0);
		while(__ticks)
    2576:	8d 81       	ldd	r24, Y+5	; 0x05
    2578:	9e 81       	ldd	r25, Y+6	; 0x06
    257a:	00 97       	sbiw	r24, 0x00	; 0
    257c:	69 f7       	brne	.-38     	; 0x2558 <LCD_vidInit+0x5e8>
    257e:	14 c0       	rjmp	.+40     	; 0x25a8 <LCD_vidInit+0x638>
			__ticks --;
		}
		return;
	}
	else
		__ticks = (uint16_t)__tmp;
    2580:	6f 81       	ldd	r22, Y+7	; 0x07
    2582:	78 85       	ldd	r23, Y+8	; 0x08
    2584:	89 85       	ldd	r24, Y+9	; 0x09
    2586:	9a 85       	ldd	r25, Y+10	; 0x0a
    2588:	0e 94 49 00 	call	0x92	; 0x92 <__fixunssfsi>
    258c:	dc 01       	movw	r26, r24
    258e:	cb 01       	movw	r24, r22
    2590:	9e 83       	std	Y+6, r25	; 0x06
    2592:	8d 83       	std	Y+5, r24	; 0x05
    2594:	8d 81       	ldd	r24, Y+5	; 0x05
    2596:	9e 81       	ldd	r25, Y+6	; 0x06
    2598:	9a 83       	std	Y+2, r25	; 0x02
    259a:	89 83       	std	Y+1, r24	; 0x01
    259c:	89 81       	ldd	r24, Y+1	; 0x01
    259e:	9a 81       	ldd	r25, Y+2	; 0x02
    25a0:	01 97       	sbiw	r24, 0x01	; 1
    25a2:	f1 f7       	brne	.-4      	; 0x25a0 <LCD_vidInit+0x630>
    25a4:	9a 83       	std	Y+2, r25	; 0x02
    25a6:	89 83       	std	Y+1, r24	; 0x01
	_delay_ms(2);

}
    25a8:	cc 5a       	subi	r28, 0xAC	; 172
    25aa:	df 4f       	sbci	r29, 0xFF	; 255
    25ac:	0f b6       	in	r0, 0x3f	; 63
    25ae:	f8 94       	cli
    25b0:	de bf       	out	0x3e, r29	; 62
    25b2:	0f be       	out	0x3f, r0	; 63
    25b4:	cd bf       	out	0x3d, r28	; 61
    25b6:	cf 91       	pop	r28
    25b8:	df 91       	pop	r29
    25ba:	1f 91       	pop	r17
    25bc:	0f 91       	pop	r16
    25be:	08 95       	ret

000025c0 <LCD_vidSendCommand>:
/* Description! Interface to send the configuration commands to the LCD Driver         */
/* Input      ! Command number                                                         */
/* Output     ! Nothing                                                                */
/***************************************************************************************/
void LCD_vidSendCommand(u8 u8CmdCpy)
{
    25c0:	df 93       	push	r29
    25c2:	cf 93       	push	r28
    25c4:	cd b7       	in	r28, 0x3d	; 61
    25c6:	de b7       	in	r29, 0x3e	; 62
    25c8:	6d 97       	sbiw	r28, 0x1d	; 29
    25ca:	0f b6       	in	r0, 0x3f	; 63
    25cc:	f8 94       	cli
    25ce:	de bf       	out	0x3e, r29	; 62
    25d0:	0f be       	out	0x3f, r0	; 63
    25d2:	cd bf       	out	0x3d, r28	; 61
    25d4:	8d 8f       	std	Y+29, r24	; 0x1d

	/* Set RS to LOW */
	DIO_SetPinValue(PORTB, 4, LOW);
    25d6:	81 e0       	ldi	r24, 0x01	; 1
    25d8:	64 e0       	ldi	r22, 0x04	; 4
    25da:	40 e0       	ldi	r20, 0x00	; 0
    25dc:	0e 94 a2 0c 	call	0x1944	; 0x1944 <DIO_SetPinValue>

	/* Set R/W to LOW */
	DIO_SetPinValue(PORTB, 5, LOW);
    25e0:	81 e0       	ldi	r24, 0x01	; 1
    25e2:	65 e0       	ldi	r22, 0x05	; 5
    25e4:	40 e0       	ldi	r20, 0x00	; 0
    25e6:	0e 94 a2 0c 	call	0x1944	; 0x1944 <DIO_SetPinValue>

	/* Set E to HIGH  */
	DIO_SetPinValue(PORTB, 6, HIGH);
    25ea:	81 e0       	ldi	r24, 0x01	; 1
    25ec:	66 e0       	ldi	r22, 0x06	; 6
    25ee:	41 e0       	ldi	r20, 0x01	; 1
    25f0:	0e 94 a2 0c 	call	0x1944	; 0x1944 <DIO_SetPinValue>

	/* Load Command on Data bus */
	DIO_SetPortValue(PORTC, u8CmdCpy);
    25f4:	82 e0       	ldi	r24, 0x02	; 2
    25f6:	6d 8d       	ldd	r22, Y+29	; 0x1d
    25f8:	0e 94 77 0f 	call	0x1eee	; 0x1eee <DIO_SetPortValue>

	/* Set E to LOW */
	DIO_SetPinValue(PORTB, 6, LOW);
    25fc:	81 e0       	ldi	r24, 0x01	; 1
    25fe:	66 e0       	ldi	r22, 0x06	; 6
    2600:	40 e0       	ldi	r20, 0x00	; 0
    2602:	0e 94 a2 0c 	call	0x1944	; 0x1944 <DIO_SetPinValue>
    2606:	80 e0       	ldi	r24, 0x00	; 0
    2608:	90 e0       	ldi	r25, 0x00	; 0
    260a:	a0 ea       	ldi	r26, 0xA0	; 160
    260c:	b0 e4       	ldi	r27, 0x40	; 64
    260e:	89 8f       	std	Y+25, r24	; 0x19
    2610:	9a 8f       	std	Y+26, r25	; 0x1a
    2612:	ab 8f       	std	Y+27, r26	; 0x1b
    2614:	bc 8f       	std	Y+28, r27	; 0x1c
 */
void
_delay_ms(double __ms)
{
	uint16_t __ticks;
	double __tmp = ((F_CPU) / 4e3) * __ms;
    2616:	69 8d       	ldd	r22, Y+25	; 0x19
    2618:	7a 8d       	ldd	r23, Y+26	; 0x1a
    261a:	8b 8d       	ldd	r24, Y+27	; 0x1b
    261c:	9c 8d       	ldd	r25, Y+28	; 0x1c
    261e:	20 e0       	ldi	r18, 0x00	; 0
    2620:	30 e0       	ldi	r19, 0x00	; 0
    2622:	4a ef       	ldi	r20, 0xFA	; 250
    2624:	54 e4       	ldi	r21, 0x44	; 68
    2626:	0e 94 1f 02 	call	0x43e	; 0x43e <__mulsf3>
    262a:	dc 01       	movw	r26, r24
    262c:	cb 01       	movw	r24, r22
    262e:	8d 8b       	std	Y+21, r24	; 0x15
    2630:	9e 8b       	std	Y+22, r25	; 0x16
    2632:	af 8b       	std	Y+23, r26	; 0x17
    2634:	b8 8f       	std	Y+24, r27	; 0x18
	if (__tmp < 1.0)
    2636:	6d 89       	ldd	r22, Y+21	; 0x15
    2638:	7e 89       	ldd	r23, Y+22	; 0x16
    263a:	8f 89       	ldd	r24, Y+23	; 0x17
    263c:	98 8d       	ldd	r25, Y+24	; 0x18
    263e:	20 e0       	ldi	r18, 0x00	; 0
    2640:	30 e0       	ldi	r19, 0x00	; 0
    2642:	40 e8       	ldi	r20, 0x80	; 128
    2644:	5f e3       	ldi	r21, 0x3F	; 63
    2646:	0e 94 25 04 	call	0x84a	; 0x84a <__ltsf2>
    264a:	88 23       	and	r24, r24
    264c:	2c f4       	brge	.+10     	; 0x2658 <LCD_vidSendCommand+0x98>
		__ticks = 1;
    264e:	81 e0       	ldi	r24, 0x01	; 1
    2650:	90 e0       	ldi	r25, 0x00	; 0
    2652:	9c 8b       	std	Y+20, r25	; 0x14
    2654:	8b 8b       	std	Y+19, r24	; 0x13
    2656:	3f c0       	rjmp	.+126    	; 0x26d6 <LCD_vidSendCommand+0x116>
	else if (__tmp > 65535)
    2658:	6d 89       	ldd	r22, Y+21	; 0x15
    265a:	7e 89       	ldd	r23, Y+22	; 0x16
    265c:	8f 89       	ldd	r24, Y+23	; 0x17
    265e:	98 8d       	ldd	r25, Y+24	; 0x18
    2660:	20 e0       	ldi	r18, 0x00	; 0
    2662:	3f ef       	ldi	r19, 0xFF	; 255
    2664:	4f e7       	ldi	r20, 0x7F	; 127
    2666:	57 e4       	ldi	r21, 0x47	; 71
    2668:	0e 94 c5 03 	call	0x78a	; 0x78a <__gtsf2>
    266c:	18 16       	cp	r1, r24
    266e:	4c f5       	brge	.+82     	; 0x26c2 <LCD_vidSendCommand+0x102>
	{
		//	__ticks = requested delay in 1/10 ms
		__ticks = (uint16_t) (__ms * 10.0);
    2670:	69 8d       	ldd	r22, Y+25	; 0x19
    2672:	7a 8d       	ldd	r23, Y+26	; 0x1a
    2674:	8b 8d       	ldd	r24, Y+27	; 0x1b
    2676:	9c 8d       	ldd	r25, Y+28	; 0x1c
    2678:	20 e0       	ldi	r18, 0x00	; 0
    267a:	30 e0       	ldi	r19, 0x00	; 0
    267c:	40 e2       	ldi	r20, 0x20	; 32
    267e:	51 e4       	ldi	r21, 0x41	; 65
    2680:	0e 94 1f 02 	call	0x43e	; 0x43e <__mulsf3>
    2684:	dc 01       	movw	r26, r24
    2686:	cb 01       	movw	r24, r22
    2688:	bc 01       	movw	r22, r24
    268a:	cd 01       	movw	r24, r26
    268c:	0e 94 49 00 	call	0x92	; 0x92 <__fixunssfsi>
    2690:	dc 01       	movw	r26, r24
    2692:	cb 01       	movw	r24, r22
    2694:	9c 8b       	std	Y+20, r25	; 0x14
    2696:	8b 8b       	std	Y+19, r24	; 0x13
    2698:	0f c0       	rjmp	.+30     	; 0x26b8 <LCD_vidSendCommand+0xf8>
    269a:	88 ec       	ldi	r24, 0xC8	; 200
    269c:	90 e0       	ldi	r25, 0x00	; 0
    269e:	9a 8b       	std	Y+18, r25	; 0x12
    26a0:	89 8b       	std	Y+17, r24	; 0x11
    26a2:	89 89       	ldd	r24, Y+17	; 0x11
    26a4:	9a 89       	ldd	r25, Y+18	; 0x12
    26a6:	01 97       	sbiw	r24, 0x01	; 1
    26a8:	f1 f7       	brne	.-4      	; 0x26a6 <LCD_vidSendCommand+0xe6>
    26aa:	9a 8b       	std	Y+18, r25	; 0x12
    26ac:	89 8b       	std	Y+17, r24	; 0x11
		while(__ticks)
		{
			// wait 1/10 ms
			_delay_loop_2(((F_CPU) / 4e3) / 10);
			__ticks --;
    26ae:	8b 89       	ldd	r24, Y+19	; 0x13
    26b0:	9c 89       	ldd	r25, Y+20	; 0x14
    26b2:	01 97       	sbiw	r24, 0x01	; 1
    26b4:	9c 8b       	std	Y+20, r25	; 0x14
    26b6:	8b 8b       	std	Y+19, r24	; 0x13
		__ticks = 1;
	else if (__tmp > 65535)
	{
		//	__ticks = requested delay in 1/10 ms
		__ticks = (uint16_t) (__ms * 10.0);
		while(__ticks)
    26b8:	8b 89       	ldd	r24, Y+19	; 0x13
    26ba:	9c 89       	ldd	r25, Y+20	; 0x14
    26bc:	00 97       	sbiw	r24, 0x00	; 0
    26be:	69 f7       	brne	.-38     	; 0x269a <LCD_vidSendCommand+0xda>
    26c0:	14 c0       	rjmp	.+40     	; 0x26ea <LCD_vidSendCommand+0x12a>
			__ticks --;
		}
		return;
	}
	else
		__ticks = (uint16_t)__tmp;
    26c2:	6d 89       	ldd	r22, Y+21	; 0x15
    26c4:	7e 89       	ldd	r23, Y+22	; 0x16
    26c6:	8f 89       	ldd	r24, Y+23	; 0x17
    26c8:	98 8d       	ldd	r25, Y+24	; 0x18
    26ca:	0e 94 49 00 	call	0x92	; 0x92 <__fixunssfsi>
    26ce:	dc 01       	movw	r26, r24
    26d0:	cb 01       	movw	r24, r22
    26d2:	9c 8b       	std	Y+20, r25	; 0x14
    26d4:	8b 8b       	std	Y+19, r24	; 0x13
    26d6:	8b 89       	ldd	r24, Y+19	; 0x13
    26d8:	9c 89       	ldd	r25, Y+20	; 0x14
    26da:	98 8b       	std	Y+16, r25	; 0x10
    26dc:	8f 87       	std	Y+15, r24	; 0x0f
    26de:	8f 85       	ldd	r24, Y+15	; 0x0f
    26e0:	98 89       	ldd	r25, Y+16	; 0x10
    26e2:	01 97       	sbiw	r24, 0x01	; 1
    26e4:	f1 f7       	brne	.-4      	; 0x26e2 <LCD_vidSendCommand+0x122>
    26e6:	98 8b       	std	Y+16, r25	; 0x10
    26e8:	8f 87       	std	Y+15, r24	; 0x0f

	/* Wait for E to settle */
	_delay_ms(5);

	/* Set E to HIGH */
	DIO_SetPinValue(PORTB, 6, HIGH);
    26ea:	81 e0       	ldi	r24, 0x01	; 1
    26ec:	66 e0       	ldi	r22, 0x06	; 6
    26ee:	41 e0       	ldi	r20, 0x01	; 1
    26f0:	0e 94 a2 0c 	call	0x1944	; 0x1944 <DIO_SetPinValue>
    26f4:	80 e0       	ldi	r24, 0x00	; 0
    26f6:	90 e0       	ldi	r25, 0x00	; 0
    26f8:	a0 e2       	ldi	r26, 0x20	; 32
    26fa:	b1 e4       	ldi	r27, 0x41	; 65
    26fc:	8b 87       	std	Y+11, r24	; 0x0b
    26fe:	9c 87       	std	Y+12, r25	; 0x0c
    2700:	ad 87       	std	Y+13, r26	; 0x0d
    2702:	be 87       	std	Y+14, r27	; 0x0e
 */
void
_delay_ms(double __ms)
{
	uint16_t __ticks;
	double __tmp = ((F_CPU) / 4e3) * __ms;
    2704:	6b 85       	ldd	r22, Y+11	; 0x0b
    2706:	7c 85       	ldd	r23, Y+12	; 0x0c
    2708:	8d 85       	ldd	r24, Y+13	; 0x0d
    270a:	9e 85       	ldd	r25, Y+14	; 0x0e
    270c:	20 e0       	ldi	r18, 0x00	; 0
    270e:	30 e0       	ldi	r19, 0x00	; 0
    2710:	4a ef       	ldi	r20, 0xFA	; 250
    2712:	54 e4       	ldi	r21, 0x44	; 68
    2714:	0e 94 1f 02 	call	0x43e	; 0x43e <__mulsf3>
    2718:	dc 01       	movw	r26, r24
    271a:	cb 01       	movw	r24, r22
    271c:	8f 83       	std	Y+7, r24	; 0x07
    271e:	98 87       	std	Y+8, r25	; 0x08
    2720:	a9 87       	std	Y+9, r26	; 0x09
    2722:	ba 87       	std	Y+10, r27	; 0x0a
	if (__tmp < 1.0)
    2724:	6f 81       	ldd	r22, Y+7	; 0x07
    2726:	78 85       	ldd	r23, Y+8	; 0x08
    2728:	89 85       	ldd	r24, Y+9	; 0x09
    272a:	9a 85       	ldd	r25, Y+10	; 0x0a
    272c:	20 e0       	ldi	r18, 0x00	; 0
    272e:	30 e0       	ldi	r19, 0x00	; 0
    2730:	40 e8       	ldi	r20, 0x80	; 128
    2732:	5f e3       	ldi	r21, 0x3F	; 63
    2734:	0e 94 25 04 	call	0x84a	; 0x84a <__ltsf2>
    2738:	88 23       	and	r24, r24
    273a:	2c f4       	brge	.+10     	; 0x2746 <LCD_vidSendCommand+0x186>
		__ticks = 1;
    273c:	81 e0       	ldi	r24, 0x01	; 1
    273e:	90 e0       	ldi	r25, 0x00	; 0
    2740:	9e 83       	std	Y+6, r25	; 0x06
    2742:	8d 83       	std	Y+5, r24	; 0x05
    2744:	3f c0       	rjmp	.+126    	; 0x27c4 <LCD_vidSendCommand+0x204>
	else if (__tmp > 65535)
    2746:	6f 81       	ldd	r22, Y+7	; 0x07
    2748:	78 85       	ldd	r23, Y+8	; 0x08
    274a:	89 85       	ldd	r24, Y+9	; 0x09
    274c:	9a 85       	ldd	r25, Y+10	; 0x0a
    274e:	20 e0       	ldi	r18, 0x00	; 0
    2750:	3f ef       	ldi	r19, 0xFF	; 255
    2752:	4f e7       	ldi	r20, 0x7F	; 127
    2754:	57 e4       	ldi	r21, 0x47	; 71
    2756:	0e 94 c5 03 	call	0x78a	; 0x78a <__gtsf2>
    275a:	18 16       	cp	r1, r24
    275c:	4c f5       	brge	.+82     	; 0x27b0 <LCD_vidSendCommand+0x1f0>
	{
		//	__ticks = requested delay in 1/10 ms
		__ticks = (uint16_t) (__ms * 10.0);
    275e:	6b 85       	ldd	r22, Y+11	; 0x0b
    2760:	7c 85       	ldd	r23, Y+12	; 0x0c
    2762:	8d 85       	ldd	r24, Y+13	; 0x0d
    2764:	9e 85       	ldd	r25, Y+14	; 0x0e
    2766:	20 e0       	ldi	r18, 0x00	; 0
    2768:	30 e0       	ldi	r19, 0x00	; 0
    276a:	40 e2       	ldi	r20, 0x20	; 32
    276c:	51 e4       	ldi	r21, 0x41	; 65
    276e:	0e 94 1f 02 	call	0x43e	; 0x43e <__mulsf3>
    2772:	dc 01       	movw	r26, r24
    2774:	cb 01       	movw	r24, r22
    2776:	bc 01       	movw	r22, r24
    2778:	cd 01       	movw	r24, r26
    277a:	0e 94 49 00 	call	0x92	; 0x92 <__fixunssfsi>
    277e:	dc 01       	movw	r26, r24
    2780:	cb 01       	movw	r24, r22
    2782:	9e 83       	std	Y+6, r25	; 0x06
    2784:	8d 83       	std	Y+5, r24	; 0x05
    2786:	0f c0       	rjmp	.+30     	; 0x27a6 <LCD_vidSendCommand+0x1e6>
    2788:	88 ec       	ldi	r24, 0xC8	; 200
    278a:	90 e0       	ldi	r25, 0x00	; 0
    278c:	9c 83       	std	Y+4, r25	; 0x04
    278e:	8b 83       	std	Y+3, r24	; 0x03
    2790:	8b 81       	ldd	r24, Y+3	; 0x03
    2792:	9c 81       	ldd	r25, Y+4	; 0x04
    2794:	01 97       	sbiw	r24, 0x01	; 1
    2796:	f1 f7       	brne	.-4      	; 0x2794 <LCD_vidSendCommand+0x1d4>
    2798:	9c 83       	std	Y+4, r25	; 0x04
    279a:	8b 83       	std	Y+3, r24	; 0x03
		while(__ticks)
		{
			// wait 1/10 ms
			_delay_loop_2(((F_CPU) / 4e3) / 10);
			__ticks --;
    279c:	8d 81       	ldd	r24, Y+5	; 0x05
    279e:	9e 81       	ldd	r25, Y+6	; 0x06
    27a0:	01 97       	sbiw	r24, 0x01	; 1
    27a2:	9e 83       	std	Y+6, r25	; 0x06
    27a4:	8d 83       	std	Y+5, r24	; 0x05
		__ticks = 1;
	else if (__tmp > 65535)
	{
		//	__ticks = requested delay in 1/10 ms
		__ticks = (uint16_t) (__ms * 10.0);
		while(__ticks)
    27a6:	8d 81       	ldd	r24, Y+5	; 0x05
    27a8:	9e 81       	ldd	r25, Y+6	; 0x06
    27aa:	00 97       	sbiw	r24, 0x00	; 0
    27ac:	69 f7       	brne	.-38     	; 0x2788 <LCD_vidSendCommand+0x1c8>
    27ae:	14 c0       	rjmp	.+40     	; 0x27d8 <LCD_vidSendCommand+0x218>
			__ticks --;
		}
		return;
	}
	else
		__ticks = (uint16_t)__tmp;
    27b0:	6f 81       	ldd	r22, Y+7	; 0x07
    27b2:	78 85       	ldd	r23, Y+8	; 0x08
    27b4:	89 85       	ldd	r24, Y+9	; 0x09
    27b6:	9a 85       	ldd	r25, Y+10	; 0x0a
    27b8:	0e 94 49 00 	call	0x92	; 0x92 <__fixunssfsi>
    27bc:	dc 01       	movw	r26, r24
    27be:	cb 01       	movw	r24, r22
    27c0:	9e 83       	std	Y+6, r25	; 0x06
    27c2:	8d 83       	std	Y+5, r24	; 0x05
    27c4:	8d 81       	ldd	r24, Y+5	; 0x05
    27c6:	9e 81       	ldd	r25, Y+6	; 0x06
    27c8:	9a 83       	std	Y+2, r25	; 0x02
    27ca:	89 83       	std	Y+1, r24	; 0x01
    27cc:	89 81       	ldd	r24, Y+1	; 0x01
    27ce:	9a 81       	ldd	r25, Y+2	; 0x02
    27d0:	01 97       	sbiw	r24, 0x01	; 1
    27d2:	f1 f7       	brne	.-4      	; 0x27d0 <LCD_vidSendCommand+0x210>
    27d4:	9a 83       	std	Y+2, r25	; 0x02
    27d6:	89 83       	std	Y+1, r24	; 0x01

	/* Delay for 10ms to let the LCD execute command */
	_delay_ms(10);

}
    27d8:	6d 96       	adiw	r28, 0x1d	; 29
    27da:	0f b6       	in	r0, 0x3f	; 63
    27dc:	f8 94       	cli
    27de:	de bf       	out	0x3e, r29	; 62
    27e0:	0f be       	out	0x3f, r0	; 63
    27e2:	cd bf       	out	0x3d, r28	; 61
    27e4:	cf 91       	pop	r28
    27e6:	df 91       	pop	r29
    27e8:	08 95       	ret

000027ea <LCD_vidWriteCharctr>:
/* Description! Interface to write character on LCD screen                             */
/* Input      ! Data to send                                                           */
/* Output     ! Nothing                                                                */
/***************************************************************************************/
void LCD_vidWriteCharctr(u8 u8DataCpy)
{
    27ea:	df 93       	push	r29
    27ec:	cf 93       	push	r28
    27ee:	cd b7       	in	r28, 0x3d	; 61
    27f0:	de b7       	in	r29, 0x3e	; 62
    27f2:	6d 97       	sbiw	r28, 0x1d	; 29
    27f4:	0f b6       	in	r0, 0x3f	; 63
    27f6:	f8 94       	cli
    27f8:	de bf       	out	0x3e, r29	; 62
    27fa:	0f be       	out	0x3f, r0	; 63
    27fc:	cd bf       	out	0x3d, r28	; 61
    27fe:	8d 8f       	std	Y+29, r24	; 0x1d
	/* Set RS to HIG */
	DIO_SetPinValue(PORTB, 4, HIGH);
    2800:	81 e0       	ldi	r24, 0x01	; 1
    2802:	64 e0       	ldi	r22, 0x04	; 4
    2804:	41 e0       	ldi	r20, 0x01	; 1
    2806:	0e 94 a2 0c 	call	0x1944	; 0x1944 <DIO_SetPinValue>

	/* Set R/W to LOW */
	DIO_SetPinValue(PORTB, 5, LOW);
    280a:	81 e0       	ldi	r24, 0x01	; 1
    280c:	65 e0       	ldi	r22, 0x05	; 5
    280e:	40 e0       	ldi	r20, 0x00	; 0
    2810:	0e 94 a2 0c 	call	0x1944	; 0x1944 <DIO_SetPinValue>

	/* Set E to HIGH */
	DIO_SetPinValue(PORTB, 6, HIGH);
    2814:	81 e0       	ldi	r24, 0x01	; 1
    2816:	66 e0       	ldi	r22, 0x06	; 6
    2818:	41 e0       	ldi	r20, 0x01	; 1
    281a:	0e 94 a2 0c 	call	0x1944	; 0x1944 <DIO_SetPinValue>

	/* Load Command on Data bus */
	DIO_SetPortValue(PORTC, u8DataCpy);
    281e:	82 e0       	ldi	r24, 0x02	; 2
    2820:	6d 8d       	ldd	r22, Y+29	; 0x1d
    2822:	0e 94 77 0f 	call	0x1eee	; 0x1eee <DIO_SetPortValue>

	/* Set E to LOW */
	DIO_SetPinValue(PORTB, 6, LOW);
    2826:	81 e0       	ldi	r24, 0x01	; 1
    2828:	66 e0       	ldi	r22, 0x06	; 6
    282a:	40 e0       	ldi	r20, 0x00	; 0
    282c:	0e 94 a2 0c 	call	0x1944	; 0x1944 <DIO_SetPinValue>
    2830:	80 e0       	ldi	r24, 0x00	; 0
    2832:	90 e0       	ldi	r25, 0x00	; 0
    2834:	a0 ea       	ldi	r26, 0xA0	; 160
    2836:	b0 e4       	ldi	r27, 0x40	; 64
    2838:	89 8f       	std	Y+25, r24	; 0x19
    283a:	9a 8f       	std	Y+26, r25	; 0x1a
    283c:	ab 8f       	std	Y+27, r26	; 0x1b
    283e:	bc 8f       	std	Y+28, r27	; 0x1c
 */
void
_delay_ms(double __ms)
{
	uint16_t __ticks;
	double __tmp = ((F_CPU) / 4e3) * __ms;
    2840:	69 8d       	ldd	r22, Y+25	; 0x19
    2842:	7a 8d       	ldd	r23, Y+26	; 0x1a
    2844:	8b 8d       	ldd	r24, Y+27	; 0x1b
    2846:	9c 8d       	ldd	r25, Y+28	; 0x1c
    2848:	20 e0       	ldi	r18, 0x00	; 0
    284a:	30 e0       	ldi	r19, 0x00	; 0
    284c:	4a ef       	ldi	r20, 0xFA	; 250
    284e:	54 e4       	ldi	r21, 0x44	; 68
    2850:	0e 94 1f 02 	call	0x43e	; 0x43e <__mulsf3>
    2854:	dc 01       	movw	r26, r24
    2856:	cb 01       	movw	r24, r22
    2858:	8d 8b       	std	Y+21, r24	; 0x15
    285a:	9e 8b       	std	Y+22, r25	; 0x16
    285c:	af 8b       	std	Y+23, r26	; 0x17
    285e:	b8 8f       	std	Y+24, r27	; 0x18
	if (__tmp < 1.0)
    2860:	6d 89       	ldd	r22, Y+21	; 0x15
    2862:	7e 89       	ldd	r23, Y+22	; 0x16
    2864:	8f 89       	ldd	r24, Y+23	; 0x17
    2866:	98 8d       	ldd	r25, Y+24	; 0x18
    2868:	20 e0       	ldi	r18, 0x00	; 0
    286a:	30 e0       	ldi	r19, 0x00	; 0
    286c:	40 e8       	ldi	r20, 0x80	; 128
    286e:	5f e3       	ldi	r21, 0x3F	; 63
    2870:	0e 94 25 04 	call	0x84a	; 0x84a <__ltsf2>
    2874:	88 23       	and	r24, r24
    2876:	2c f4       	brge	.+10     	; 0x2882 <LCD_vidWriteCharctr+0x98>
		__ticks = 1;
    2878:	81 e0       	ldi	r24, 0x01	; 1
    287a:	90 e0       	ldi	r25, 0x00	; 0
    287c:	9c 8b       	std	Y+20, r25	; 0x14
    287e:	8b 8b       	std	Y+19, r24	; 0x13
    2880:	3f c0       	rjmp	.+126    	; 0x2900 <LCD_vidWriteCharctr+0x116>
	else if (__tmp > 65535)
    2882:	6d 89       	ldd	r22, Y+21	; 0x15
    2884:	7e 89       	ldd	r23, Y+22	; 0x16
    2886:	8f 89       	ldd	r24, Y+23	; 0x17
    2888:	98 8d       	ldd	r25, Y+24	; 0x18
    288a:	20 e0       	ldi	r18, 0x00	; 0
    288c:	3f ef       	ldi	r19, 0xFF	; 255
    288e:	4f e7       	ldi	r20, 0x7F	; 127
    2890:	57 e4       	ldi	r21, 0x47	; 71
    2892:	0e 94 c5 03 	call	0x78a	; 0x78a <__gtsf2>
    2896:	18 16       	cp	r1, r24
    2898:	4c f5       	brge	.+82     	; 0x28ec <LCD_vidWriteCharctr+0x102>
	{
		//	__ticks = requested delay in 1/10 ms
		__ticks = (uint16_t) (__ms * 10.0);
    289a:	69 8d       	ldd	r22, Y+25	; 0x19
    289c:	7a 8d       	ldd	r23, Y+26	; 0x1a
    289e:	8b 8d       	ldd	r24, Y+27	; 0x1b
    28a0:	9c 8d       	ldd	r25, Y+28	; 0x1c
    28a2:	20 e0       	ldi	r18, 0x00	; 0
    28a4:	30 e0       	ldi	r19, 0x00	; 0
    28a6:	40 e2       	ldi	r20, 0x20	; 32
    28a8:	51 e4       	ldi	r21, 0x41	; 65
    28aa:	0e 94 1f 02 	call	0x43e	; 0x43e <__mulsf3>
    28ae:	dc 01       	movw	r26, r24
    28b0:	cb 01       	movw	r24, r22
    28b2:	bc 01       	movw	r22, r24
    28b4:	cd 01       	movw	r24, r26
    28b6:	0e 94 49 00 	call	0x92	; 0x92 <__fixunssfsi>
    28ba:	dc 01       	movw	r26, r24
    28bc:	cb 01       	movw	r24, r22
    28be:	9c 8b       	std	Y+20, r25	; 0x14
    28c0:	8b 8b       	std	Y+19, r24	; 0x13
    28c2:	0f c0       	rjmp	.+30     	; 0x28e2 <LCD_vidWriteCharctr+0xf8>
    28c4:	88 ec       	ldi	r24, 0xC8	; 200
    28c6:	90 e0       	ldi	r25, 0x00	; 0
    28c8:	9a 8b       	std	Y+18, r25	; 0x12
    28ca:	89 8b       	std	Y+17, r24	; 0x11
    28cc:	89 89       	ldd	r24, Y+17	; 0x11
    28ce:	9a 89       	ldd	r25, Y+18	; 0x12
    28d0:	01 97       	sbiw	r24, 0x01	; 1
    28d2:	f1 f7       	brne	.-4      	; 0x28d0 <LCD_vidWriteCharctr+0xe6>
    28d4:	9a 8b       	std	Y+18, r25	; 0x12
    28d6:	89 8b       	std	Y+17, r24	; 0x11
		while(__ticks)
		{
			// wait 1/10 ms
			_delay_loop_2(((F_CPU) / 4e3) / 10);
			__ticks --;
    28d8:	8b 89       	ldd	r24, Y+19	; 0x13
    28da:	9c 89       	ldd	r25, Y+20	; 0x14
    28dc:	01 97       	sbiw	r24, 0x01	; 1
    28de:	9c 8b       	std	Y+20, r25	; 0x14
    28e0:	8b 8b       	std	Y+19, r24	; 0x13
		__ticks = 1;
	else if (__tmp > 65535)
	{
		//	__ticks = requested delay in 1/10 ms
		__ticks = (uint16_t) (__ms * 10.0);
		while(__ticks)
    28e2:	8b 89       	ldd	r24, Y+19	; 0x13
    28e4:	9c 89       	ldd	r25, Y+20	; 0x14
    28e6:	00 97       	sbiw	r24, 0x00	; 0
    28e8:	69 f7       	brne	.-38     	; 0x28c4 <LCD_vidWriteCharctr+0xda>
    28ea:	14 c0       	rjmp	.+40     	; 0x2914 <LCD_vidWriteCharctr+0x12a>
			__ticks --;
		}
		return;
	}
	else
		__ticks = (uint16_t)__tmp;
    28ec:	6d 89       	ldd	r22, Y+21	; 0x15
    28ee:	7e 89       	ldd	r23, Y+22	; 0x16
    28f0:	8f 89       	ldd	r24, Y+23	; 0x17
    28f2:	98 8d       	ldd	r25, Y+24	; 0x18
    28f4:	0e 94 49 00 	call	0x92	; 0x92 <__fixunssfsi>
    28f8:	dc 01       	movw	r26, r24
    28fa:	cb 01       	movw	r24, r22
    28fc:	9c 8b       	std	Y+20, r25	; 0x14
    28fe:	8b 8b       	std	Y+19, r24	; 0x13
    2900:	8b 89       	ldd	r24, Y+19	; 0x13
    2902:	9c 89       	ldd	r25, Y+20	; 0x14
    2904:	98 8b       	std	Y+16, r25	; 0x10
    2906:	8f 87       	std	Y+15, r24	; 0x0f
    2908:	8f 85       	ldd	r24, Y+15	; 0x0f
    290a:	98 89       	ldd	r25, Y+16	; 0x10
    290c:	01 97       	sbiw	r24, 0x01	; 1
    290e:	f1 f7       	brne	.-4      	; 0x290c <LCD_vidWriteCharctr+0x122>
    2910:	98 8b       	std	Y+16, r25	; 0x10
    2912:	8f 87       	std	Y+15, r24	; 0x0f

	/* Wait for E to settle */
	_delay_ms(5);

	/* Set E to HIGH */
	DIO_SetPinValue(PORTB, 6, HIGH);
    2914:	81 e0       	ldi	r24, 0x01	; 1
    2916:	66 e0       	ldi	r22, 0x06	; 6
    2918:	41 e0       	ldi	r20, 0x01	; 1
    291a:	0e 94 a2 0c 	call	0x1944	; 0x1944 <DIO_SetPinValue>
    291e:	80 e0       	ldi	r24, 0x00	; 0
    2920:	90 e0       	ldi	r25, 0x00	; 0
    2922:	a0 e2       	ldi	r26, 0x20	; 32
    2924:	b1 e4       	ldi	r27, 0x41	; 65
    2926:	8b 87       	std	Y+11, r24	; 0x0b
    2928:	9c 87       	std	Y+12, r25	; 0x0c
    292a:	ad 87       	std	Y+13, r26	; 0x0d
    292c:	be 87       	std	Y+14, r27	; 0x0e
 */
void
_delay_ms(double __ms)
{
	uint16_t __ticks;
	double __tmp = ((F_CPU) / 4e3) * __ms;
    292e:	6b 85       	ldd	r22, Y+11	; 0x0b
    2930:	7c 85       	ldd	r23, Y+12	; 0x0c
    2932:	8d 85       	ldd	r24, Y+13	; 0x0d
    2934:	9e 85       	ldd	r25, Y+14	; 0x0e
    2936:	20 e0       	ldi	r18, 0x00	; 0
    2938:	30 e0       	ldi	r19, 0x00	; 0
    293a:	4a ef       	ldi	r20, 0xFA	; 250
    293c:	54 e4       	ldi	r21, 0x44	; 68
    293e:	0e 94 1f 02 	call	0x43e	; 0x43e <__mulsf3>
    2942:	dc 01       	movw	r26, r24
    2944:	cb 01       	movw	r24, r22
    2946:	8f 83       	std	Y+7, r24	; 0x07
    2948:	98 87       	std	Y+8, r25	; 0x08
    294a:	a9 87       	std	Y+9, r26	; 0x09
    294c:	ba 87       	std	Y+10, r27	; 0x0a
	if (__tmp < 1.0)
    294e:	6f 81       	ldd	r22, Y+7	; 0x07
    2950:	78 85       	ldd	r23, Y+8	; 0x08
    2952:	89 85       	ldd	r24, Y+9	; 0x09
    2954:	9a 85       	ldd	r25, Y+10	; 0x0a
    2956:	20 e0       	ldi	r18, 0x00	; 0
    2958:	30 e0       	ldi	r19, 0x00	; 0
    295a:	40 e8       	ldi	r20, 0x80	; 128
    295c:	5f e3       	ldi	r21, 0x3F	; 63
    295e:	0e 94 25 04 	call	0x84a	; 0x84a <__ltsf2>
    2962:	88 23       	and	r24, r24
    2964:	2c f4       	brge	.+10     	; 0x2970 <LCD_vidWriteCharctr+0x186>
		__ticks = 1;
    2966:	81 e0       	ldi	r24, 0x01	; 1
    2968:	90 e0       	ldi	r25, 0x00	; 0
    296a:	9e 83       	std	Y+6, r25	; 0x06
    296c:	8d 83       	std	Y+5, r24	; 0x05
    296e:	3f c0       	rjmp	.+126    	; 0x29ee <LCD_vidWriteCharctr+0x204>
	else if (__tmp > 65535)
    2970:	6f 81       	ldd	r22, Y+7	; 0x07
    2972:	78 85       	ldd	r23, Y+8	; 0x08
    2974:	89 85       	ldd	r24, Y+9	; 0x09
    2976:	9a 85       	ldd	r25, Y+10	; 0x0a
    2978:	20 e0       	ldi	r18, 0x00	; 0
    297a:	3f ef       	ldi	r19, 0xFF	; 255
    297c:	4f e7       	ldi	r20, 0x7F	; 127
    297e:	57 e4       	ldi	r21, 0x47	; 71
    2980:	0e 94 c5 03 	call	0x78a	; 0x78a <__gtsf2>
    2984:	18 16       	cp	r1, r24
    2986:	4c f5       	brge	.+82     	; 0x29da <LCD_vidWriteCharctr+0x1f0>
	{
		//	__ticks = requested delay in 1/10 ms
		__ticks = (uint16_t) (__ms * 10.0);
    2988:	6b 85       	ldd	r22, Y+11	; 0x0b
    298a:	7c 85       	ldd	r23, Y+12	; 0x0c
    298c:	8d 85       	ldd	r24, Y+13	; 0x0d
    298e:	9e 85       	ldd	r25, Y+14	; 0x0e
    2990:	20 e0       	ldi	r18, 0x00	; 0
    2992:	30 e0       	ldi	r19, 0x00	; 0
    2994:	40 e2       	ldi	r20, 0x20	; 32
    2996:	51 e4       	ldi	r21, 0x41	; 65
    2998:	0e 94 1f 02 	call	0x43e	; 0x43e <__mulsf3>
    299c:	dc 01       	movw	r26, r24
    299e:	cb 01       	movw	r24, r22
    29a0:	bc 01       	movw	r22, r24
    29a2:	cd 01       	movw	r24, r26
    29a4:	0e 94 49 00 	call	0x92	; 0x92 <__fixunssfsi>
    29a8:	dc 01       	movw	r26, r24
    29aa:	cb 01       	movw	r24, r22
    29ac:	9e 83       	std	Y+6, r25	; 0x06
    29ae:	8d 83       	std	Y+5, r24	; 0x05
    29b0:	0f c0       	rjmp	.+30     	; 0x29d0 <LCD_vidWriteCharctr+0x1e6>
    29b2:	88 ec       	ldi	r24, 0xC8	; 200
    29b4:	90 e0       	ldi	r25, 0x00	; 0
    29b6:	9c 83       	std	Y+4, r25	; 0x04
    29b8:	8b 83       	std	Y+3, r24	; 0x03
    29ba:	8b 81       	ldd	r24, Y+3	; 0x03
    29bc:	9c 81       	ldd	r25, Y+4	; 0x04
    29be:	01 97       	sbiw	r24, 0x01	; 1
    29c0:	f1 f7       	brne	.-4      	; 0x29be <LCD_vidWriteCharctr+0x1d4>
    29c2:	9c 83       	std	Y+4, r25	; 0x04
    29c4:	8b 83       	std	Y+3, r24	; 0x03
		while(__ticks)
		{
			// wait 1/10 ms
			_delay_loop_2(((F_CPU) / 4e3) / 10);
			__ticks --;
    29c6:	8d 81       	ldd	r24, Y+5	; 0x05
    29c8:	9e 81       	ldd	r25, Y+6	; 0x06
    29ca:	01 97       	sbiw	r24, 0x01	; 1
    29cc:	9e 83       	std	Y+6, r25	; 0x06
    29ce:	8d 83       	std	Y+5, r24	; 0x05
		__ticks = 1;
	else if (__tmp > 65535)
	{
		//	__ticks = requested delay in 1/10 ms
		__ticks = (uint16_t) (__ms * 10.0);
		while(__ticks)
    29d0:	8d 81       	ldd	r24, Y+5	; 0x05
    29d2:	9e 81       	ldd	r25, Y+6	; 0x06
    29d4:	00 97       	sbiw	r24, 0x00	; 0
    29d6:	69 f7       	brne	.-38     	; 0x29b2 <LCD_vidWriteCharctr+0x1c8>
    29d8:	14 c0       	rjmp	.+40     	; 0x2a02 <LCD_vidWriteCharctr+0x218>
			__ticks --;
		}
		return;
	}
	else
		__ticks = (uint16_t)__tmp;
    29da:	6f 81       	ldd	r22, Y+7	; 0x07
    29dc:	78 85       	ldd	r23, Y+8	; 0x08
    29de:	89 85       	ldd	r24, Y+9	; 0x09
    29e0:	9a 85       	ldd	r25, Y+10	; 0x0a
    29e2:	0e 94 49 00 	call	0x92	; 0x92 <__fixunssfsi>
    29e6:	dc 01       	movw	r26, r24
    29e8:	cb 01       	movw	r24, r22
    29ea:	9e 83       	std	Y+6, r25	; 0x06
    29ec:	8d 83       	std	Y+5, r24	; 0x05
    29ee:	8d 81       	ldd	r24, Y+5	; 0x05
    29f0:	9e 81       	ldd	r25, Y+6	; 0x06
    29f2:	9a 83       	std	Y+2, r25	; 0x02
    29f4:	89 83       	std	Y+1, r24	; 0x01
    29f6:	89 81       	ldd	r24, Y+1	; 0x01
    29f8:	9a 81       	ldd	r25, Y+2	; 0x02
    29fa:	01 97       	sbiw	r24, 0x01	; 1
    29fc:	f1 f7       	brne	.-4      	; 0x29fa <LCD_vidWriteCharctr+0x210>
    29fe:	9a 83       	std	Y+2, r25	; 0x02
    2a00:	89 83       	std	Y+1, r24	; 0x01

	/* Delay to let the LCD Display the character */
	_delay_ms(10);

}
    2a02:	6d 96       	adiw	r28, 0x1d	; 29
    2a04:	0f b6       	in	r0, 0x3f	; 63
    2a06:	f8 94       	cli
    2a08:	de bf       	out	0x3e, r29	; 62
    2a0a:	0f be       	out	0x3f, r0	; 63
    2a0c:	cd bf       	out	0x3d, r28	; 61
    2a0e:	cf 91       	pop	r28
    2a10:	df 91       	pop	r29
    2a12:	08 95       	ret

00002a14 <LCD_String_xy>:
/* Description! Interface to write string on LCD screen                                */
/* Input      ! Pointer to the string                                                  */
/* Output     ! Nothing                                                                */
/***************************************************************************************/
void LCD_String_xy (char row, char pos, char *str)	/* Send string to LCD function */
{
    2a14:	df 93       	push	r29
    2a16:	cf 93       	push	r28
    2a18:	00 d0       	rcall	.+0      	; 0x2a1a <LCD_String_xy+0x6>
    2a1a:	00 d0       	rcall	.+0      	; 0x2a1c <LCD_String_xy+0x8>
    2a1c:	cd b7       	in	r28, 0x3d	; 61
    2a1e:	de b7       	in	r29, 0x3e	; 62
    2a20:	89 83       	std	Y+1, r24	; 0x01
    2a22:	6a 83       	std	Y+2, r22	; 0x02
    2a24:	5c 83       	std	Y+4, r21	; 0x04
    2a26:	4b 83       	std	Y+3, r20	; 0x03
	if (row == 1)
    2a28:	89 81       	ldd	r24, Y+1	; 0x01
    2a2a:	81 30       	cpi	r24, 0x01	; 1
    2a2c:	31 f4       	brne	.+12     	; 0x2a3a <LCD_String_xy+0x26>
		LCD_vidSendCommand((pos & 0x0F)|0x80);				/* Command of first row and required position<16 */
    2a2e:	8a 81       	ldd	r24, Y+2	; 0x02
    2a30:	8f 70       	andi	r24, 0x0F	; 15
    2a32:	80 68       	ori	r24, 0x80	; 128
    2a34:	0e 94 e0 12 	call	0x25c0	; 0x25c0 <LCD_vidSendCommand>
    2a38:	08 c0       	rjmp	.+16     	; 0x2a4a <LCD_String_xy+0x36>
	else if (row == 2)
    2a3a:	89 81       	ldd	r24, Y+1	; 0x01
    2a3c:	82 30       	cpi	r24, 0x02	; 2
    2a3e:	29 f4       	brne	.+10     	; 0x2a4a <LCD_String_xy+0x36>
		LCD_vidSendCommand((pos & 0x0F)|0xC0);				/* Command of Second row and required position<16 */
    2a40:	8a 81       	ldd	r24, Y+2	; 0x02
    2a42:	8f 70       	andi	r24, 0x0F	; 15
    2a44:	80 6c       	ori	r24, 0xC0	; 192
    2a46:	0e 94 e0 12 	call	0x25c0	; 0x25c0 <LCD_vidSendCommand>
	LCD_String(str);								/* Call LCD string function */
    2a4a:	8b 81       	ldd	r24, Y+3	; 0x03
    2a4c:	9c 81       	ldd	r25, Y+4	; 0x04
    2a4e:	0e 94 30 15 	call	0x2a60	; 0x2a60 <LCD_String>
}
    2a52:	0f 90       	pop	r0
    2a54:	0f 90       	pop	r0
    2a56:	0f 90       	pop	r0
    2a58:	0f 90       	pop	r0
    2a5a:	cf 91       	pop	r28
    2a5c:	df 91       	pop	r29
    2a5e:	08 95       	ret

00002a60 <LCD_String>:

void LCD_String (char *str)							/* Send string to LCD function */
{
    2a60:	df 93       	push	r29
    2a62:	cf 93       	push	r28
    2a64:	00 d0       	rcall	.+0      	; 0x2a66 <LCD_String+0x6>
    2a66:	00 d0       	rcall	.+0      	; 0x2a68 <LCD_String+0x8>
    2a68:	cd b7       	in	r28, 0x3d	; 61
    2a6a:	de b7       	in	r29, 0x3e	; 62
    2a6c:	9c 83       	std	Y+4, r25	; 0x04
    2a6e:	8b 83       	std	Y+3, r24	; 0x03
	int i;
	for(i=0;str[i]!=0;i++)							/* Send each char of string till the NULL */
    2a70:	1a 82       	std	Y+2, r1	; 0x02
    2a72:	19 82       	std	Y+1, r1	; 0x01
    2a74:	0f c0       	rjmp	.+30     	; 0x2a94 <LCD_String+0x34>
	{
		LCD_vidWriteCharctr(str[i]);							/* Call LCD data write */
    2a76:	29 81       	ldd	r18, Y+1	; 0x01
    2a78:	3a 81       	ldd	r19, Y+2	; 0x02
    2a7a:	8b 81       	ldd	r24, Y+3	; 0x03
    2a7c:	9c 81       	ldd	r25, Y+4	; 0x04
    2a7e:	fc 01       	movw	r30, r24
    2a80:	e2 0f       	add	r30, r18
    2a82:	f3 1f       	adc	r31, r19
    2a84:	80 81       	ld	r24, Z
    2a86:	0e 94 f5 13 	call	0x27ea	; 0x27ea <LCD_vidWriteCharctr>
}

void LCD_String (char *str)							/* Send string to LCD function */
{
	int i;
	for(i=0;str[i]!=0;i++)							/* Send each char of string till the NULL */
    2a8a:	89 81       	ldd	r24, Y+1	; 0x01
    2a8c:	9a 81       	ldd	r25, Y+2	; 0x02
    2a8e:	01 96       	adiw	r24, 0x01	; 1
    2a90:	9a 83       	std	Y+2, r25	; 0x02
    2a92:	89 83       	std	Y+1, r24	; 0x01
    2a94:	29 81       	ldd	r18, Y+1	; 0x01
    2a96:	3a 81       	ldd	r19, Y+2	; 0x02
    2a98:	8b 81       	ldd	r24, Y+3	; 0x03
    2a9a:	9c 81       	ldd	r25, Y+4	; 0x04
    2a9c:	fc 01       	movw	r30, r24
    2a9e:	e2 0f       	add	r30, r18
    2aa0:	f3 1f       	adc	r31, r19
    2aa2:	80 81       	ld	r24, Z
    2aa4:	88 23       	and	r24, r24
    2aa6:	39 f7       	brne	.-50     	; 0x2a76 <LCD_String+0x16>
	{
		LCD_vidWriteCharctr(str[i]);							/* Call LCD data write */
	}
}
    2aa8:	0f 90       	pop	r0
    2aaa:	0f 90       	pop	r0
    2aac:	0f 90       	pop	r0
    2aae:	0f 90       	pop	r0
    2ab0:	cf 91       	pop	r28
    2ab2:	df 91       	pop	r29
    2ab4:	08 95       	ret

00002ab6 <LCD_vidWriteExtraChar>:
/* Description! Interface to write extra characters saved in the CGRAM                 */
/* Input      ! Y = Row position , X = Column position                                 */
/* Output     ! Nothing                                                                */
/***************************************************************************************/
void LCD_vidWriteExtraChar (u8 Y,u8 X,u8* ExtraChar,u8* Index)
{
    2ab6:	df 93       	push	r29
    2ab8:	cf 93       	push	r28
    2aba:	cd b7       	in	r28, 0x3d	; 61
    2abc:	de b7       	in	r29, 0x3e	; 62
    2abe:	66 97       	sbiw	r28, 0x16	; 22
    2ac0:	0f b6       	in	r0, 0x3f	; 63
    2ac2:	f8 94       	cli
    2ac4:	de bf       	out	0x3e, r29	; 62
    2ac6:	0f be       	out	0x3f, r0	; 63
    2ac8:	cd bf       	out	0x3d, r28	; 61
    2aca:	89 8b       	std	Y+17, r24	; 0x11
    2acc:	6a 8b       	std	Y+18, r22	; 0x12
    2ace:	5c 8b       	std	Y+20, r21	; 0x14
    2ad0:	4b 8b       	std	Y+19, r20	; 0x13
    2ad2:	3e 8b       	std	Y+22, r19	; 0x16
    2ad4:	2d 8b       	std	Y+21, r18	; 0x15


    u8 iteration1,iteration2;

    /*DDRAM-->CGRAM*/
    LCD_vidSendCommand(64);
    2ad6:	80 e4       	ldi	r24, 0x40	; 64
    2ad8:	0e 94 e0 12 	call	0x25c0	; 0x25c0 <LCD_vidSendCommand>
	for(iteration1=0 ; iteration1<Index ; iteration1++)
    2adc:	18 8a       	std	Y+16, r1	; 0x10
    2ade:	0e c0       	rjmp	.+28     	; 0x2afc <LCD_vidWriteExtraChar+0x46>
	{
		LCD_vidWriteCharctr(ExtraChar[iteration1]);
    2ae0:	88 89       	ldd	r24, Y+16	; 0x10
    2ae2:	28 2f       	mov	r18, r24
    2ae4:	30 e0       	ldi	r19, 0x00	; 0
    2ae6:	8b 89       	ldd	r24, Y+19	; 0x13
    2ae8:	9c 89       	ldd	r25, Y+20	; 0x14
    2aea:	fc 01       	movw	r30, r24
    2aec:	e2 0f       	add	r30, r18
    2aee:	f3 1f       	adc	r31, r19
    2af0:	80 81       	ld	r24, Z
    2af2:	0e 94 f5 13 	call	0x27ea	; 0x27ea <LCD_vidWriteCharctr>

    u8 iteration1,iteration2;

    /*DDRAM-->CGRAM*/
    LCD_vidSendCommand(64);
	for(iteration1=0 ; iteration1<Index ; iteration1++)
    2af6:	88 89       	ldd	r24, Y+16	; 0x10
    2af8:	8f 5f       	subi	r24, 0xFF	; 255
    2afa:	88 8b       	std	Y+16, r24	; 0x10
    2afc:	88 89       	ldd	r24, Y+16	; 0x10
    2afe:	88 2f       	mov	r24, r24
    2b00:	90 e0       	ldi	r25, 0x00	; 0
    2b02:	9c 01       	movw	r18, r24
    2b04:	8d 89       	ldd	r24, Y+21	; 0x15
    2b06:	9e 89       	ldd	r25, Y+22	; 0x16
    2b08:	28 17       	cp	r18, r24
    2b0a:	39 07       	cpc	r19, r25
    2b0c:	48 f3       	brcs	.-46     	; 0x2ae0 <LCD_vidWriteExtraChar+0x2a>
	{
		LCD_vidWriteCharctr(ExtraChar[iteration1]);
	}
	/*CGRAM-->DDRAM*/
	LCD_vidSendCommand(128);
    2b0e:	80 e8       	ldi	r24, 0x80	; 128
    2b10:	0e 94 e0 12 	call	0x25c0	; 0x25c0 <LCD_vidSendCommand>
	Gotoxy(Y,X);
    2b14:	89 89       	ldd	r24, Y+17	; 0x11
    2b16:	6a 89       	ldd	r22, Y+18	; 0x12
    2b18:	0e 94 15 16 	call	0x2c2a	; 0x2c2a <Gotoxy>
	/*First eight character which saved at CGRAM*/
	for (iteration2=0; iteration2<=7 ; iteration2++)
    2b1c:	1f 86       	std	Y+15, r1	; 0x0f
    2b1e:	78 c0       	rjmp	.+240    	; 0x2c10 <LCD_vidWriteExtraChar+0x15a>
	{
		/* Write bytes of DDRAM */
		LCD_vidWriteCharctr(iteration2);
    2b20:	8f 85       	ldd	r24, Y+15	; 0x0f
    2b22:	0e 94 f5 13 	call	0x27ea	; 0x27ea <LCD_vidWriteCharctr>
    2b26:	80 e0       	ldi	r24, 0x00	; 0
    2b28:	90 e0       	ldi	r25, 0x00	; 0
    2b2a:	a0 ea       	ldi	r26, 0xA0	; 160
    2b2c:	b0 e4       	ldi	r27, 0x40	; 64
    2b2e:	8b 87       	std	Y+11, r24	; 0x0b
    2b30:	9c 87       	std	Y+12, r25	; 0x0c
    2b32:	ad 87       	std	Y+13, r26	; 0x0d
    2b34:	be 87       	std	Y+14, r27	; 0x0e
 */
void
_delay_ms(double __ms)
{
	uint16_t __ticks;
	double __tmp = ((F_CPU) / 4e3) * __ms;
    2b36:	6b 85       	ldd	r22, Y+11	; 0x0b
    2b38:	7c 85       	ldd	r23, Y+12	; 0x0c
    2b3a:	8d 85       	ldd	r24, Y+13	; 0x0d
    2b3c:	9e 85       	ldd	r25, Y+14	; 0x0e
    2b3e:	20 e0       	ldi	r18, 0x00	; 0
    2b40:	30 e0       	ldi	r19, 0x00	; 0
    2b42:	4a ef       	ldi	r20, 0xFA	; 250
    2b44:	54 e4       	ldi	r21, 0x44	; 68
    2b46:	0e 94 1f 02 	call	0x43e	; 0x43e <__mulsf3>
    2b4a:	dc 01       	movw	r26, r24
    2b4c:	cb 01       	movw	r24, r22
    2b4e:	8f 83       	std	Y+7, r24	; 0x07
    2b50:	98 87       	std	Y+8, r25	; 0x08
    2b52:	a9 87       	std	Y+9, r26	; 0x09
    2b54:	ba 87       	std	Y+10, r27	; 0x0a
	if (__tmp < 1.0)
    2b56:	6f 81       	ldd	r22, Y+7	; 0x07
    2b58:	78 85       	ldd	r23, Y+8	; 0x08
    2b5a:	89 85       	ldd	r24, Y+9	; 0x09
    2b5c:	9a 85       	ldd	r25, Y+10	; 0x0a
    2b5e:	20 e0       	ldi	r18, 0x00	; 0
    2b60:	30 e0       	ldi	r19, 0x00	; 0
    2b62:	40 e8       	ldi	r20, 0x80	; 128
    2b64:	5f e3       	ldi	r21, 0x3F	; 63
    2b66:	0e 94 25 04 	call	0x84a	; 0x84a <__ltsf2>
    2b6a:	88 23       	and	r24, r24
    2b6c:	2c f4       	brge	.+10     	; 0x2b78 <LCD_vidWriteExtraChar+0xc2>
		__ticks = 1;
    2b6e:	81 e0       	ldi	r24, 0x01	; 1
    2b70:	90 e0       	ldi	r25, 0x00	; 0
    2b72:	9e 83       	std	Y+6, r25	; 0x06
    2b74:	8d 83       	std	Y+5, r24	; 0x05
    2b76:	3f c0       	rjmp	.+126    	; 0x2bf6 <LCD_vidWriteExtraChar+0x140>
	else if (__tmp > 65535)
    2b78:	6f 81       	ldd	r22, Y+7	; 0x07
    2b7a:	78 85       	ldd	r23, Y+8	; 0x08
    2b7c:	89 85       	ldd	r24, Y+9	; 0x09
    2b7e:	9a 85       	ldd	r25, Y+10	; 0x0a
    2b80:	20 e0       	ldi	r18, 0x00	; 0
    2b82:	3f ef       	ldi	r19, 0xFF	; 255
    2b84:	4f e7       	ldi	r20, 0x7F	; 127
    2b86:	57 e4       	ldi	r21, 0x47	; 71
    2b88:	0e 94 c5 03 	call	0x78a	; 0x78a <__gtsf2>
    2b8c:	18 16       	cp	r1, r24
    2b8e:	4c f5       	brge	.+82     	; 0x2be2 <LCD_vidWriteExtraChar+0x12c>
	{
		//	__ticks = requested delay in 1/10 ms
		__ticks = (uint16_t) (__ms * 10.0);
    2b90:	6b 85       	ldd	r22, Y+11	; 0x0b
    2b92:	7c 85       	ldd	r23, Y+12	; 0x0c
    2b94:	8d 85       	ldd	r24, Y+13	; 0x0d
    2b96:	9e 85       	ldd	r25, Y+14	; 0x0e
    2b98:	20 e0       	ldi	r18, 0x00	; 0
    2b9a:	30 e0       	ldi	r19, 0x00	; 0
    2b9c:	40 e2       	ldi	r20, 0x20	; 32
    2b9e:	51 e4       	ldi	r21, 0x41	; 65
    2ba0:	0e 94 1f 02 	call	0x43e	; 0x43e <__mulsf3>
    2ba4:	dc 01       	movw	r26, r24
    2ba6:	cb 01       	movw	r24, r22
    2ba8:	bc 01       	movw	r22, r24
    2baa:	cd 01       	movw	r24, r26
    2bac:	0e 94 49 00 	call	0x92	; 0x92 <__fixunssfsi>
    2bb0:	dc 01       	movw	r26, r24
    2bb2:	cb 01       	movw	r24, r22
    2bb4:	9e 83       	std	Y+6, r25	; 0x06
    2bb6:	8d 83       	std	Y+5, r24	; 0x05
    2bb8:	0f c0       	rjmp	.+30     	; 0x2bd8 <LCD_vidWriteExtraChar+0x122>
    2bba:	88 ec       	ldi	r24, 0xC8	; 200
    2bbc:	90 e0       	ldi	r25, 0x00	; 0
    2bbe:	9c 83       	std	Y+4, r25	; 0x04
    2bc0:	8b 83       	std	Y+3, r24	; 0x03
    2bc2:	8b 81       	ldd	r24, Y+3	; 0x03
    2bc4:	9c 81       	ldd	r25, Y+4	; 0x04
    2bc6:	01 97       	sbiw	r24, 0x01	; 1
    2bc8:	f1 f7       	brne	.-4      	; 0x2bc6 <LCD_vidWriteExtraChar+0x110>
    2bca:	9c 83       	std	Y+4, r25	; 0x04
    2bcc:	8b 83       	std	Y+3, r24	; 0x03
		while(__ticks)
		{
			// wait 1/10 ms
			_delay_loop_2(((F_CPU) / 4e3) / 10);
			__ticks --;
    2bce:	8d 81       	ldd	r24, Y+5	; 0x05
    2bd0:	9e 81       	ldd	r25, Y+6	; 0x06
    2bd2:	01 97       	sbiw	r24, 0x01	; 1
    2bd4:	9e 83       	std	Y+6, r25	; 0x06
    2bd6:	8d 83       	std	Y+5, r24	; 0x05
		__ticks = 1;
	else if (__tmp > 65535)
	{
		//	__ticks = requested delay in 1/10 ms
		__ticks = (uint16_t) (__ms * 10.0);
		while(__ticks)
    2bd8:	8d 81       	ldd	r24, Y+5	; 0x05
    2bda:	9e 81       	ldd	r25, Y+6	; 0x06
    2bdc:	00 97       	sbiw	r24, 0x00	; 0
    2bde:	69 f7       	brne	.-38     	; 0x2bba <LCD_vidWriteExtraChar+0x104>
    2be0:	14 c0       	rjmp	.+40     	; 0x2c0a <LCD_vidWriteExtraChar+0x154>
			__ticks --;
		}
		return;
	}
	else
		__ticks = (uint16_t)__tmp;
    2be2:	6f 81       	ldd	r22, Y+7	; 0x07
    2be4:	78 85       	ldd	r23, Y+8	; 0x08
    2be6:	89 85       	ldd	r24, Y+9	; 0x09
    2be8:	9a 85       	ldd	r25, Y+10	; 0x0a
    2bea:	0e 94 49 00 	call	0x92	; 0x92 <__fixunssfsi>
    2bee:	dc 01       	movw	r26, r24
    2bf0:	cb 01       	movw	r24, r22
    2bf2:	9e 83       	std	Y+6, r25	; 0x06
    2bf4:	8d 83       	std	Y+5, r24	; 0x05
    2bf6:	8d 81       	ldd	r24, Y+5	; 0x05
    2bf8:	9e 81       	ldd	r25, Y+6	; 0x06
    2bfa:	9a 83       	std	Y+2, r25	; 0x02
    2bfc:	89 83       	std	Y+1, r24	; 0x01
    2bfe:	89 81       	ldd	r24, Y+1	; 0x01
    2c00:	9a 81       	ldd	r25, Y+2	; 0x02
    2c02:	01 97       	sbiw	r24, 0x01	; 1
    2c04:	f1 f7       	brne	.-4      	; 0x2c02 <LCD_vidWriteExtraChar+0x14c>
    2c06:	9a 83       	std	Y+2, r25	; 0x02
    2c08:	89 83       	std	Y+1, r24	; 0x01
	}
	/*CGRAM-->DDRAM*/
	LCD_vidSendCommand(128);
	Gotoxy(Y,X);
	/*First eight character which saved at CGRAM*/
	for (iteration2=0; iteration2<=7 ; iteration2++)
    2c0a:	8f 85       	ldd	r24, Y+15	; 0x0f
    2c0c:	8f 5f       	subi	r24, 0xFF	; 255
    2c0e:	8f 87       	std	Y+15, r24	; 0x0f
    2c10:	8f 85       	ldd	r24, Y+15	; 0x0f
    2c12:	88 30       	cpi	r24, 0x08	; 8
    2c14:	08 f4       	brcc	.+2      	; 0x2c18 <LCD_vidWriteExtraChar+0x162>
    2c16:	84 cf       	rjmp	.-248    	; 0x2b20 <LCD_vidWriteExtraChar+0x6a>
		/* Write bytes of DDRAM */
		LCD_vidWriteCharctr(iteration2);

		_delay_ms(5);
	}
}
    2c18:	66 96       	adiw	r28, 0x16	; 22
    2c1a:	0f b6       	in	r0, 0x3f	; 63
    2c1c:	f8 94       	cli
    2c1e:	de bf       	out	0x3e, r29	; 62
    2c20:	0f be       	out	0x3f, r0	; 63
    2c22:	cd bf       	out	0x3d, r28	; 61
    2c24:	cf 91       	pop	r28
    2c26:	df 91       	pop	r29
    2c28:	08 95       	ret

00002c2a <Gotoxy>:

void Gotoxy (u8 Y,u8 X)
{
    2c2a:	df 93       	push	r29
    2c2c:	cf 93       	push	r28
    2c2e:	00 d0       	rcall	.+0      	; 0x2c30 <Gotoxy+0x6>
    2c30:	00 d0       	rcall	.+0      	; 0x2c32 <Gotoxy+0x8>
    2c32:	cd b7       	in	r28, 0x3d	; 61
    2c34:	de b7       	in	r29, 0x3e	; 62
    2c36:	89 83       	std	Y+1, r24	; 0x01
    2c38:	6a 83       	std	Y+2, r22	; 0x02
	if (X>0 && X<=16)
    2c3a:	8a 81       	ldd	r24, Y+2	; 0x02
    2c3c:	88 23       	and	r24, r24
    2c3e:	e1 f0       	breq	.+56     	; 0x2c78 <Gotoxy+0x4e>
    2c40:	8a 81       	ldd	r24, Y+2	; 0x02
    2c42:	81 31       	cpi	r24, 0x11	; 17
    2c44:	c8 f4       	brcc	.+50     	; 0x2c78 <Gotoxy+0x4e>
	{
	    switch(Y)
    2c46:	89 81       	ldd	r24, Y+1	; 0x01
    2c48:	28 2f       	mov	r18, r24
    2c4a:	30 e0       	ldi	r19, 0x00	; 0
    2c4c:	3c 83       	std	Y+4, r19	; 0x04
    2c4e:	2b 83       	std	Y+3, r18	; 0x03
    2c50:	8b 81       	ldd	r24, Y+3	; 0x03
    2c52:	9c 81       	ldd	r25, Y+4	; 0x04
    2c54:	81 30       	cpi	r24, 0x01	; 1
    2c56:	91 05       	cpc	r25, r1
    2c58:	31 f0       	breq	.+12     	; 0x2c66 <Gotoxy+0x3c>
    2c5a:	2b 81       	ldd	r18, Y+3	; 0x03
    2c5c:	3c 81       	ldd	r19, Y+4	; 0x04
    2c5e:	22 30       	cpi	r18, 0x02	; 2
    2c60:	31 05       	cpc	r19, r1
    2c62:	31 f0       	breq	.+12     	; 0x2c70 <Gotoxy+0x46>
    2c64:	09 c0       	rjmp	.+18     	; 0x2c78 <Gotoxy+0x4e>
	    {
		    case 1:
		    	LCD_vidSendCommand(X+127);
    2c66:	8a 81       	ldd	r24, Y+2	; 0x02
    2c68:	81 58       	subi	r24, 0x81	; 129
    2c6a:	0e 94 e0 12 	call	0x25c0	; 0x25c0 <LCD_vidSendCommand>
    2c6e:	04 c0       	rjmp	.+8      	; 0x2c78 <Gotoxy+0x4e>
		    break;
		    case 2:
		    	LCD_vidSendCommand(X+191);
    2c70:	8a 81       	ldd	r24, Y+2	; 0x02
    2c72:	81 54       	subi	r24, 0x41	; 65
    2c74:	0e 94 e0 12 	call	0x25c0	; 0x25c0 <LCD_vidSendCommand>
		    break;
		    default:
		    break;
	    }
	}
}
    2c78:	0f 90       	pop	r0
    2c7a:	0f 90       	pop	r0
    2c7c:	0f 90       	pop	r0
    2c7e:	0f 90       	pop	r0
    2c80:	cf 91       	pop	r28
    2c82:	df 91       	pop	r29
    2c84:	08 95       	ret

00002c86 <lcd_writenumber>:

void lcd_writenumber(int num)
{
    2c86:	df 93       	push	r29
    2c88:	cf 93       	push	r28
    2c8a:	cd b7       	in	r28, 0x3d	; 61
    2c8c:	de b7       	in	r29, 0x3e	; 62
    2c8e:	28 97       	sbiw	r28, 0x08	; 8
    2c90:	0f b6       	in	r0, 0x3f	; 63
    2c92:	f8 94       	cli
    2c94:	de bf       	out	0x3e, r29	; 62
    2c96:	0f be       	out	0x3f, r0	; 63
    2c98:	cd bf       	out	0x3d, r28	; 61
    2c9a:	98 87       	std	Y+8, r25	; 0x08
    2c9c:	8f 83       	std	Y+7, r24	; 0x07
	int temp=1;
    2c9e:	81 e0       	ldi	r24, 0x01	; 1
    2ca0:	90 e0       	ldi	r25, 0x00	; 0
    2ca2:	9e 83       	std	Y+6, r25	; 0x06
    2ca4:	8d 83       	std	Y+5, r24	; 0x05
	int rem;
	int rem2;
	if(num==0)
    2ca6:	8f 81       	ldd	r24, Y+7	; 0x07
    2ca8:	98 85       	ldd	r25, Y+8	; 0x08
    2caa:	00 97       	sbiw	r24, 0x00	; 0
    2cac:	49 f5       	brne	.+82     	; 0x2d00 <lcd_writenumber+0x7a>
	{
		LCD_vidWriteCharctr(48);
    2cae:	80 e3       	ldi	r24, 0x30	; 48
    2cb0:	0e 94 f5 13 	call	0x27ea	; 0x27ea <LCD_vidWriteCharctr>
    2cb4:	25 c0       	rjmp	.+74     	; 0x2d00 <lcd_writenumber+0x7a>
	}
	while(num!=0)
	{
		rem=num%10;
    2cb6:	8f 81       	ldd	r24, Y+7	; 0x07
    2cb8:	98 85       	ldd	r25, Y+8	; 0x08
    2cba:	2a e0       	ldi	r18, 0x0A	; 10
    2cbc:	30 e0       	ldi	r19, 0x00	; 0
    2cbe:	b9 01       	movw	r22, r18
    2cc0:	0e 94 8f 18 	call	0x311e	; 0x311e <__divmodhi4>
    2cc4:	9c 83       	std	Y+4, r25	; 0x04
    2cc6:	8b 83       	std	Y+3, r24	; 0x03
		num/=10;
    2cc8:	8f 81       	ldd	r24, Y+7	; 0x07
    2cca:	98 85       	ldd	r25, Y+8	; 0x08
    2ccc:	2a e0       	ldi	r18, 0x0A	; 10
    2cce:	30 e0       	ldi	r19, 0x00	; 0
    2cd0:	b9 01       	movw	r22, r18
    2cd2:	0e 94 8f 18 	call	0x311e	; 0x311e <__divmodhi4>
    2cd6:	cb 01       	movw	r24, r22
    2cd8:	98 87       	std	Y+8, r25	; 0x08
    2cda:	8f 83       	std	Y+7, r24	; 0x07
		temp=temp*10+rem;
    2cdc:	8d 81       	ldd	r24, Y+5	; 0x05
    2cde:	9e 81       	ldd	r25, Y+6	; 0x06
    2ce0:	9c 01       	movw	r18, r24
    2ce2:	22 0f       	add	r18, r18
    2ce4:	33 1f       	adc	r19, r19
    2ce6:	c9 01       	movw	r24, r18
    2ce8:	88 0f       	add	r24, r24
    2cea:	99 1f       	adc	r25, r25
    2cec:	88 0f       	add	r24, r24
    2cee:	99 1f       	adc	r25, r25
    2cf0:	28 0f       	add	r18, r24
    2cf2:	39 1f       	adc	r19, r25
    2cf4:	8b 81       	ldd	r24, Y+3	; 0x03
    2cf6:	9c 81       	ldd	r25, Y+4	; 0x04
    2cf8:	82 0f       	add	r24, r18
    2cfa:	93 1f       	adc	r25, r19
    2cfc:	9e 83       	std	Y+6, r25	; 0x06
    2cfe:	8d 83       	std	Y+5, r24	; 0x05
	int rem2;
	if(num==0)
	{
		LCD_vidWriteCharctr(48);
	}
	while(num!=0)
    2d00:	8f 81       	ldd	r24, Y+7	; 0x07
    2d02:	98 85       	ldd	r25, Y+8	; 0x08
    2d04:	00 97       	sbiw	r24, 0x00	; 0
    2d06:	b9 f6       	brne	.-82     	; 0x2cb6 <lcd_writenumber+0x30>
    2d08:	17 c0       	rjmp	.+46     	; 0x2d38 <lcd_writenumber+0xb2>
		num/=10;
		temp=temp*10+rem;
	}
	while(temp!=1)
	{
		rem2=temp%10;
    2d0a:	8d 81       	ldd	r24, Y+5	; 0x05
    2d0c:	9e 81       	ldd	r25, Y+6	; 0x06
    2d0e:	2a e0       	ldi	r18, 0x0A	; 10
    2d10:	30 e0       	ldi	r19, 0x00	; 0
    2d12:	b9 01       	movw	r22, r18
    2d14:	0e 94 8f 18 	call	0x311e	; 0x311e <__divmodhi4>
    2d18:	9a 83       	std	Y+2, r25	; 0x02
    2d1a:	89 83       	std	Y+1, r24	; 0x01
		LCD_vidWriteCharctr(rem2+48);
    2d1c:	89 81       	ldd	r24, Y+1	; 0x01
    2d1e:	80 5d       	subi	r24, 0xD0	; 208
    2d20:	0e 94 f5 13 	call	0x27ea	; 0x27ea <LCD_vidWriteCharctr>
		temp/=10;
    2d24:	8d 81       	ldd	r24, Y+5	; 0x05
    2d26:	9e 81       	ldd	r25, Y+6	; 0x06
    2d28:	2a e0       	ldi	r18, 0x0A	; 10
    2d2a:	30 e0       	ldi	r19, 0x00	; 0
    2d2c:	b9 01       	movw	r22, r18
    2d2e:	0e 94 8f 18 	call	0x311e	; 0x311e <__divmodhi4>
    2d32:	cb 01       	movw	r24, r22
    2d34:	9e 83       	std	Y+6, r25	; 0x06
    2d36:	8d 83       	std	Y+5, r24	; 0x05
	{
		rem=num%10;
		num/=10;
		temp=temp*10+rem;
	}
	while(temp!=1)
    2d38:	8d 81       	ldd	r24, Y+5	; 0x05
    2d3a:	9e 81       	ldd	r25, Y+6	; 0x06
    2d3c:	81 30       	cpi	r24, 0x01	; 1
    2d3e:	91 05       	cpc	r25, r1
    2d40:	21 f7       	brne	.-56     	; 0x2d0a <lcd_writenumber+0x84>
	{
		rem2=temp%10;
		LCD_vidWriteCharctr(rem2+48);
		temp/=10;
	}
}
    2d42:	28 96       	adiw	r28, 0x08	; 8
    2d44:	0f b6       	in	r0, 0x3f	; 63
    2d46:	f8 94       	cli
    2d48:	de bf       	out	0x3e, r29	; 62
    2d4a:	0f be       	out	0x3f, r0	; 63
    2d4c:	cd bf       	out	0x3d, r28	; 61
    2d4e:	cf 91       	pop	r28
    2d50:	df 91       	pop	r29
    2d52:	08 95       	ret

00002d54 <Motor_Both_Forward>:
 */

#include "Motor_Control.h"


void Motor_Both_Forward(void) {
    2d54:	df 93       	push	r29
    2d56:	cf 93       	push	r28
    2d58:	cd b7       	in	r28, 0x3d	; 61
    2d5a:	de b7       	in	r29, 0x3e	; 62
	//Motor Right Forward
	DIO_SetPinDirection(PORTB, PIN0, HIGH);
    2d5c:	81 e0       	ldi	r24, 0x01	; 1
    2d5e:	60 e0       	ldi	r22, 0x00	; 0
    2d60:	41 e0       	ldi	r20, 0x01	; 1
    2d62:	0e 94 2e 0e 	call	0x1c5c	; 0x1c5c <DIO_SetPinDirection>
	DIO_SetPinDirection(PORTB, PIN1, LOW);
    2d66:	81 e0       	ldi	r24, 0x01	; 1
    2d68:	61 e0       	ldi	r22, 0x01	; 1
    2d6a:	40 e0       	ldi	r20, 0x00	; 0
    2d6c:	0e 94 2e 0e 	call	0x1c5c	; 0x1c5c <DIO_SetPinDirection>
	//Motor Left Forward
	DIO_SetPinDirection(PORTB, PIN2, HIGH);
    2d70:	81 e0       	ldi	r24, 0x01	; 1
    2d72:	62 e0       	ldi	r22, 0x02	; 2
    2d74:	41 e0       	ldi	r20, 0x01	; 1
    2d76:	0e 94 2e 0e 	call	0x1c5c	; 0x1c5c <DIO_SetPinDirection>
	DIO_SetPinDirection(PORTB, PIN3, LOW);
    2d7a:	81 e0       	ldi	r24, 0x01	; 1
    2d7c:	63 e0       	ldi	r22, 0x03	; 3
    2d7e:	40 e0       	ldi	r20, 0x00	; 0
    2d80:	0e 94 2e 0e 	call	0x1c5c	; 0x1c5c <DIO_SetPinDirection>
}
    2d84:	cf 91       	pop	r28
    2d86:	df 91       	pop	r29
    2d88:	08 95       	ret

00002d8a <Motor_Both_Reverse>:

void Motor_Both_Reverse(void) {
    2d8a:	df 93       	push	r29
    2d8c:	cf 93       	push	r28
    2d8e:	cd b7       	in	r28, 0x3d	; 61
    2d90:	de b7       	in	r29, 0x3e	; 62
	//Motor Right Reverse
	DIO_SetPinDirection(PORTB, PIN0, LOW);
    2d92:	81 e0       	ldi	r24, 0x01	; 1
    2d94:	60 e0       	ldi	r22, 0x00	; 0
    2d96:	40 e0       	ldi	r20, 0x00	; 0
    2d98:	0e 94 2e 0e 	call	0x1c5c	; 0x1c5c <DIO_SetPinDirection>
	DIO_SetPinDirection(PORTB, PIN1, HIGH);
    2d9c:	81 e0       	ldi	r24, 0x01	; 1
    2d9e:	61 e0       	ldi	r22, 0x01	; 1
    2da0:	41 e0       	ldi	r20, 0x01	; 1
    2da2:	0e 94 2e 0e 	call	0x1c5c	; 0x1c5c <DIO_SetPinDirection>
	//Motor Left Reverse
	DIO_SetPinDirection(PORTB, PIN2, LOW);
    2da6:	81 e0       	ldi	r24, 0x01	; 1
    2da8:	62 e0       	ldi	r22, 0x02	; 2
    2daa:	40 e0       	ldi	r20, 0x00	; 0
    2dac:	0e 94 2e 0e 	call	0x1c5c	; 0x1c5c <DIO_SetPinDirection>
	DIO_SetPinDirection(PORTB, PIN3, HIGH);
    2db0:	81 e0       	ldi	r24, 0x01	; 1
    2db2:	63 e0       	ldi	r22, 0x03	; 3
    2db4:	41 e0       	ldi	r20, 0x01	; 1
    2db6:	0e 94 2e 0e 	call	0x1c5c	; 0x1c5c <DIO_SetPinDirection>
}
    2dba:	cf 91       	pop	r28
    2dbc:	df 91       	pop	r29
    2dbe:	08 95       	ret

00002dc0 <Motor_Rotate_Left>:

void Motor_Rotate_Left(void) {
    2dc0:	df 93       	push	r29
    2dc2:	cf 93       	push	r28
    2dc4:	cd b7       	in	r28, 0x3d	; 61
    2dc6:	de b7       	in	r29, 0x3e	; 62
	//Motor Right Forward
	DIO_SetPinDirection(PORTB, PIN0, HIGH);
    2dc8:	81 e0       	ldi	r24, 0x01	; 1
    2dca:	60 e0       	ldi	r22, 0x00	; 0
    2dcc:	41 e0       	ldi	r20, 0x01	; 1
    2dce:	0e 94 2e 0e 	call	0x1c5c	; 0x1c5c <DIO_SetPinDirection>
	DIO_SetPinDirection(PORTB, PIN1, LOW);
    2dd2:	81 e0       	ldi	r24, 0x01	; 1
    2dd4:	61 e0       	ldi	r22, 0x01	; 1
    2dd6:	40 e0       	ldi	r20, 0x00	; 0
    2dd8:	0e 94 2e 0e 	call	0x1c5c	; 0x1c5c <DIO_SetPinDirection>
	//Motor Left Reverse
	DIO_SetPinDirection(PORTB, PIN2, LOW);
    2ddc:	81 e0       	ldi	r24, 0x01	; 1
    2dde:	62 e0       	ldi	r22, 0x02	; 2
    2de0:	40 e0       	ldi	r20, 0x00	; 0
    2de2:	0e 94 2e 0e 	call	0x1c5c	; 0x1c5c <DIO_SetPinDirection>
	DIO_SetPinDirection(PORTB, PIN3, HIGH);
    2de6:	81 e0       	ldi	r24, 0x01	; 1
    2de8:	63 e0       	ldi	r22, 0x03	; 3
    2dea:	41 e0       	ldi	r20, 0x01	; 1
    2dec:	0e 94 2e 0e 	call	0x1c5c	; 0x1c5c <DIO_SetPinDirection>
}
    2df0:	cf 91       	pop	r28
    2df2:	df 91       	pop	r29
    2df4:	08 95       	ret

00002df6 <Motor_Rotate_Right>:

void Motor_Rotate_Right(void) {
    2df6:	df 93       	push	r29
    2df8:	cf 93       	push	r28
    2dfa:	cd b7       	in	r28, 0x3d	; 61
    2dfc:	de b7       	in	r29, 0x3e	; 62
	//Motor Right Reverse
	DIO_SetPinDirection(PORTB, PIN0, LOW);
    2dfe:	81 e0       	ldi	r24, 0x01	; 1
    2e00:	60 e0       	ldi	r22, 0x00	; 0
    2e02:	40 e0       	ldi	r20, 0x00	; 0
    2e04:	0e 94 2e 0e 	call	0x1c5c	; 0x1c5c <DIO_SetPinDirection>
	DIO_SetPinDirection(PORTB, PIN1, HIGH);
    2e08:	81 e0       	ldi	r24, 0x01	; 1
    2e0a:	61 e0       	ldi	r22, 0x01	; 1
    2e0c:	41 e0       	ldi	r20, 0x01	; 1
    2e0e:	0e 94 2e 0e 	call	0x1c5c	; 0x1c5c <DIO_SetPinDirection>
	//Motor Left Forward
	DIO_SetPinDirection(PORTB, PIN2, HIGH);
    2e12:	81 e0       	ldi	r24, 0x01	; 1
    2e14:	62 e0       	ldi	r22, 0x02	; 2
    2e16:	41 e0       	ldi	r20, 0x01	; 1
    2e18:	0e 94 2e 0e 	call	0x1c5c	; 0x1c5c <DIO_SetPinDirection>
	DIO_SetPinDirection(PORTB, PIN3, LOW);
    2e1c:	81 e0       	ldi	r24, 0x01	; 1
    2e1e:	63 e0       	ldi	r22, 0x03	; 3
    2e20:	40 e0       	ldi	r20, 0x00	; 0
    2e22:	0e 94 2e 0e 	call	0x1c5c	; 0x1c5c <DIO_SetPinDirection>
}
    2e26:	cf 91       	pop	r28
    2e28:	df 91       	pop	r29
    2e2a:	08 95       	ret

00002e2c <Smart_Car_Init>:
 */

#include "Smart_Car.h"

void Smart_Car_Init(void)
{
    2e2c:	df 93       	push	r29
    2e2e:	cf 93       	push	r28
    2e30:	cd b7       	in	r28, 0x3d	; 61
    2e32:	de b7       	in	r29, 0x3e	; 62

	DIO_SetPinDirection(PORTB,PIN4,HIGH);
    2e34:	81 e0       	ldi	r24, 0x01	; 1
    2e36:	64 e0       	ldi	r22, 0x04	; 4
    2e38:	41 e0       	ldi	r20, 0x01	; 1
    2e3a:	0e 94 2e 0e 	call	0x1c5c	; 0x1c5c <DIO_SetPinDirection>
	DIO_SetPinDirection(PORTB,PIN5,HIGH);
    2e3e:	81 e0       	ldi	r24, 0x01	; 1
    2e40:	65 e0       	ldi	r22, 0x05	; 5
    2e42:	41 e0       	ldi	r20, 0x01	; 1
    2e44:	0e 94 2e 0e 	call	0x1c5c	; 0x1c5c <DIO_SetPinDirection>
	DIO_SetPinDirection(PORTB,PIN6,HIGH);
    2e48:	81 e0       	ldi	r24, 0x01	; 1
    2e4a:	66 e0       	ldi	r22, 0x06	; 6
    2e4c:	41 e0       	ldi	r20, 0x01	; 1
    2e4e:	0e 94 2e 0e 	call	0x1c5c	; 0x1c5c <DIO_SetPinDirection>

	DIO_SetPinDirection(PORTA,PIN0,LOW);
    2e52:	80 e0       	ldi	r24, 0x00	; 0
    2e54:	60 e0       	ldi	r22, 0x00	; 0
    2e56:	40 e0       	ldi	r20, 0x00	; 0
    2e58:	0e 94 2e 0e 	call	0x1c5c	; 0x1c5c <DIO_SetPinDirection>
	DIO_SetPinDirection(PORTA,PIN1,LOW);
    2e5c:	80 e0       	ldi	r24, 0x00	; 0
    2e5e:	61 e0       	ldi	r22, 0x01	; 1
    2e60:	40 e0       	ldi	r20, 0x00	; 0
    2e62:	0e 94 2e 0e 	call	0x1c5c	; 0x1c5c <DIO_SetPinDirection>
	DIO_SetPinDirection(PORTA,PIN2,LOW);
    2e66:	80 e0       	ldi	r24, 0x00	; 0
    2e68:	62 e0       	ldi	r22, 0x02	; 2
    2e6a:	40 e0       	ldi	r20, 0x00	; 0
    2e6c:	0e 94 2e 0e 	call	0x1c5c	; 0x1c5c <DIO_SetPinDirection>

	DIO_SetPinDirection(PORTD,PIN0,LOW);
    2e70:	83 e0       	ldi	r24, 0x03	; 3
    2e72:	60 e0       	ldi	r22, 0x00	; 0
    2e74:	40 e0       	ldi	r20, 0x00	; 0
    2e76:	0e 94 2e 0e 	call	0x1c5c	; 0x1c5c <DIO_SetPinDirection>
	DIO_SetPinDirection(PORTD,PIN1,HIGH);
    2e7a:	83 e0       	ldi	r24, 0x03	; 3
    2e7c:	61 e0       	ldi	r22, 0x01	; 1
    2e7e:	41 e0       	ldi	r20, 0x01	; 1
    2e80:	0e 94 2e 0e 	call	0x1c5c	; 0x1c5c <DIO_SetPinDirection>
	DIO_SetPinDirection(PORTD,PIN4,HIGH);
    2e84:	83 e0       	ldi	r24, 0x03	; 3
    2e86:	64 e0       	ldi	r22, 0x04	; 4
    2e88:	41 e0       	ldi	r20, 0x01	; 1
    2e8a:	0e 94 2e 0e 	call	0x1c5c	; 0x1c5c <DIO_SetPinDirection>
	DIO_SetPinDirection(PORTD,PIN5,HIGH);
    2e8e:	83 e0       	ldi	r24, 0x03	; 3
    2e90:	65 e0       	ldi	r22, 0x05	; 5
    2e92:	41 e0       	ldi	r20, 0x01	; 1
    2e94:	0e 94 2e 0e 	call	0x1c5c	; 0x1c5c <DIO_SetPinDirection>


	DIO_SetPortDirection(PORTC,HIGH);
    2e98:	82 e0       	ldi	r24, 0x02	; 2
    2e9a:	61 e0       	ldi	r22, 0x01	; 1
    2e9c:	0e 94 36 0f 	call	0x1e6c	; 0x1e6c <DIO_SetPortDirection>

	DIO_SetPinDirection(PORTD,PIN5,HIGH);
    2ea0:	83 e0       	ldi	r24, 0x03	; 3
    2ea2:	65 e0       	ldi	r22, 0x05	; 5
    2ea4:	41 e0       	ldi	r20, 0x01	; 1
    2ea6:	0e 94 2e 0e 	call	0x1c5c	; 0x1c5c <DIO_SetPinDirection>
	DIO_SetPinDirection(PORTD,PIN6,HIGH);
    2eaa:	83 e0       	ldi	r24, 0x03	; 3
    2eac:	66 e0       	ldi	r22, 0x06	; 6
    2eae:	41 e0       	ldi	r20, 0x01	; 1
    2eb0:	0e 94 2e 0e 	call	0x1c5c	; 0x1c5c <DIO_SetPinDirection>
	DIO_SetPinDirection(PORTD,PIN7,HIGH);
    2eb4:	83 e0       	ldi	r24, 0x03	; 3
    2eb6:	67 e0       	ldi	r22, 0x07	; 7
    2eb8:	41 e0       	ldi	r20, 0x01	; 1
    2eba:	0e 94 2e 0e 	call	0x1c5c	; 0x1c5c <DIO_SetPinDirection>

	USART_Init();
    2ebe:	0e 94 68 17 	call	0x2ed0	; 0x2ed0 <USART_Init>


	LCD_vidInit();
    2ec2:	0e 94 b8 0f 	call	0x1f70	; 0x1f70 <LCD_vidInit>

	ADC_Init();
    2ec6:	0e 94 fc 06 	call	0xdf8	; 0xdf8 <ADC_Init>

}
    2eca:	cf 91       	pop	r28
    2ecc:	df 91       	pop	r29
    2ece:	08 95       	ret

00002ed0 <USART_Init>:
/*************************************************************/
/* Description : this function Initialize USART Pheripherial */
/*************************************************************/

void USART_Init(void)
{
    2ed0:	df 93       	push	r29
    2ed2:	cf 93       	push	r28
    2ed4:	cd b7       	in	r28, 0x3d	; 61
    2ed6:	de b7       	in	r29, 0x3e	; 62
		 * 0 --> Disable : Not Take in Calculations of frame format Ninth bit
		 * 1 --> Enable  : Take in Calculations of frame format Ninth bit
	 	 * -------------------------------*
	*/

	UCSRB_Reg = 0b00011000 ;
    2ed8:	ea e2       	ldi	r30, 0x2A	; 42
    2eda:	f0 e0       	ldi	r31, 0x00	; 0
    2edc:	88 e1       	ldi	r24, 0x18	; 24
    2ede:	80 83       	st	Z, r24
	 * 1 | 0 | 1 --> Reserved
	 * 1 | 1 | 0 --> Reserved
	 * 1 | 1 | 1 --> 9-bit
	 * ----------------------------------*
	 */
	UCSRC_Reg = 0b10000110 ;
    2ee0:	e0 e4       	ldi	r30, 0x40	; 64
    2ee2:	f0 e0       	ldi	r31, 0x00	; 0
    2ee4:	86 e8       	ldi	r24, 0x86	; 134
    2ee6:	80 83       	st	Z, r24
		 * Bit 11:0 – UBRR11:0: USART Baud Rate Register
		 * From Bit 11 to Bit 8 --> UBRRH
		 * From Bit 7  to Bit 0 --> UBRRL
		 * We Adjust Baud Rate From DataSheet Page 163 : 166 according to our frequency of MicroController and Specification
	*/
	UBRRL_Reg = 51 ;
    2ee8:	e9 e2       	ldi	r30, 0x29	; 41
    2eea:	f0 e0       	ldi	r31, 0x00	; 0
    2eec:	83 e3       	ldi	r24, 0x33	; 51
    2eee:	80 83       	st	Z, r24
	UBRRH_Reg = 0 ;
    2ef0:	e0 e4       	ldi	r30, 0x40	; 64
    2ef2:	f0 e0       	ldi	r31, 0x00	; 0
    2ef4:	10 82       	st	Z, r1

}
    2ef6:	cf 91       	pop	r28
    2ef8:	df 91       	pop	r29
    2efa:	08 95       	ret

00002efc <USART_SendData>:
/***********************************************************************/
/* Description : this function to define USART_SendData functionality  */
/***********************************************************************/

void USART_SendData(u8 Data)
{
    2efc:	df 93       	push	r29
    2efe:	cf 93       	push	r28
    2f00:	0f 92       	push	r0
    2f02:	cd b7       	in	r28, 0x3d	; 61
    2f04:	de b7       	in	r29, 0x3e	; 62
    2f06:	89 83       	std	Y+1, r24	; 0x01
	   * 0 --> Busy
	 */

	//in this function We check our data register if its become 1 in USCRA we can Transmit Data//

	while(GET_BIT(UCSRA_Reg,PIN5)==0); // UDRE: USART Data Register Empty , The UDRE Flag indicates if the transmit buffer (UDR) is ready to receive new data.
    2f08:	eb e2       	ldi	r30, 0x2B	; 43
    2f0a:	f0 e0       	ldi	r31, 0x00	; 0
    2f0c:	80 81       	ld	r24, Z
    2f0e:	82 95       	swap	r24
    2f10:	86 95       	lsr	r24
    2f12:	87 70       	andi	r24, 0x07	; 7
    2f14:	88 2f       	mov	r24, r24
    2f16:	90 e0       	ldi	r25, 0x00	; 0
    2f18:	81 70       	andi	r24, 0x01	; 1
    2f1a:	90 70       	andi	r25, 0x00	; 0
    2f1c:	00 97       	sbiw	r24, 0x00	; 0
    2f1e:	a1 f3       	breq	.-24     	; 0x2f08 <USART_SendData+0xc>
	// when it equal zero that mean that means the register is full of data and can't send now
	UDR_Reg = Data ;
    2f20:	ec e2       	ldi	r30, 0x2C	; 44
    2f22:	f0 e0       	ldi	r31, 0x00	; 0
    2f24:	89 81       	ldd	r24, Y+1	; 0x01
    2f26:	80 83       	st	Z, r24
}
    2f28:	0f 90       	pop	r0
    2f2a:	cf 91       	pop	r28
    2f2c:	df 91       	pop	r29
    2f2e:	08 95       	ret

00002f30 <USART_ReceiveData>:
/*************************************************************************/
/* Description : this function to define USART_ReceiveData functionality */
/*************************************************************************/

u8  USART_ReceiveData(void)
{
    2f30:	df 93       	push	r29
    2f32:	cf 93       	push	r28
    2f34:	0f 92       	push	r0
    2f36:	cd b7       	in	r28, 0x3d	; 61
    2f38:	de b7       	in	r29, 0x3e	; 62
		   * 1 --> Data Complete
		   * 0 --> No Data
		 */

		//in this function We check our data register if its become 1 in USCRA we Receive Complete Data//
	while(GET_BIT(UCSRA_Reg,PIN7)==0);
    2f3a:	eb e2       	ldi	r30, 0x2B	; 43
    2f3c:	f0 e0       	ldi	r31, 0x00	; 0
    2f3e:	80 81       	ld	r24, Z
    2f40:	88 23       	and	r24, r24
    2f42:	dc f7       	brge	.-10     	; 0x2f3a <USART_ReceiveData+0xa>

	RXData = UDR_Reg ;
    2f44:	ec e2       	ldi	r30, 0x2C	; 44
    2f46:	f0 e0       	ldi	r31, 0x00	; 0
    2f48:	80 81       	ld	r24, Z
    2f4a:	89 83       	std	Y+1, r24	; 0x01

	return RXData;
    2f4c:	89 81       	ldd	r24, Y+1	; 0x01

}
    2f4e:	0f 90       	pop	r0
    2f50:	cf 91       	pop	r28
    2f52:	df 91       	pop	r29
    2f54:	08 95       	ret

00002f56 <UART_SendReadings>:

// Addition Function if you want to Transmit many readings


void UART_SendReadings(u8*ptr)
{
    2f56:	df 93       	push	r29
    2f58:	cf 93       	push	r28
    2f5a:	cd b7       	in	r28, 0x3d	; 61
    2f5c:	de b7       	in	r29, 0x3e	; 62
    2f5e:	61 97       	sbiw	r28, 0x11	; 17
    2f60:	0f b6       	in	r0, 0x3f	; 63
    2f62:	f8 94       	cli
    2f64:	de bf       	out	0x3e, r29	; 62
    2f66:	0f be       	out	0x3f, r0	; 63
    2f68:	cd bf       	out	0x3d, r28	; 61
    2f6a:	99 8b       	std	Y+17, r25	; 0x11
    2f6c:	88 8b       	std	Y+16, r24	; 0x10
	u8 i;
	for(i=0;i<3;i++)
    2f6e:	1f 86       	std	Y+15, r1	; 0x0f
    2f70:	12 c0       	rjmp	.+36     	; 0x2f96 <UART_SendReadings+0x40>
	{
		USART_SendData(Sensor_Readings_Tx[i]);
    2f72:	8f 85       	ldd	r24, Y+15	; 0x0f
    2f74:	88 2f       	mov	r24, r24
    2f76:	90 e0       	ldi	r25, 0x00	; 0
    2f78:	88 0f       	add	r24, r24
    2f7a:	99 1f       	adc	r25, r25
    2f7c:	fc 01       	movw	r30, r24
    2f7e:	e2 58       	subi	r30, 0x82	; 130
    2f80:	fe 4f       	sbci	r31, 0xFE	; 254
    2f82:	80 81       	ld	r24, Z
    2f84:	91 81       	ldd	r25, Z+1	; 0x01
    2f86:	0e 94 7e 17 	call	0x2efc	; 0x2efc <USART_SendData>
		USART_SendData(13);//Data Write in Next line
    2f8a:	8d e0       	ldi	r24, 0x0D	; 13
    2f8c:	0e 94 7e 17 	call	0x2efc	; 0x2efc <USART_SendData>


void UART_SendReadings(u8*ptr)
{
	u8 i;
	for(i=0;i<3;i++)
    2f90:	8f 85       	ldd	r24, Y+15	; 0x0f
    2f92:	8f 5f       	subi	r24, 0xFF	; 255
    2f94:	8f 87       	std	Y+15, r24	; 0x0f
    2f96:	8f 85       	ldd	r24, Y+15	; 0x0f
    2f98:	83 30       	cpi	r24, 0x03	; 3
    2f9a:	58 f3       	brcs	.-42     	; 0x2f72 <UART_SendReadings+0x1c>
    2f9c:	80 e0       	ldi	r24, 0x00	; 0
    2f9e:	90 e0       	ldi	r25, 0x00	; 0
    2fa0:	aa ef       	ldi	r26, 0xFA	; 250
    2fa2:	b4 e4       	ldi	r27, 0x44	; 68
    2fa4:	8b 87       	std	Y+11, r24	; 0x0b
    2fa6:	9c 87       	std	Y+12, r25	; 0x0c
    2fa8:	ad 87       	std	Y+13, r26	; 0x0d
    2faa:	be 87       	std	Y+14, r27	; 0x0e
 */
void
_delay_ms(double __ms)
{
	uint16_t __ticks;
	double __tmp = ((F_CPU) / 4e3) * __ms;
    2fac:	6b 85       	ldd	r22, Y+11	; 0x0b
    2fae:	7c 85       	ldd	r23, Y+12	; 0x0c
    2fb0:	8d 85       	ldd	r24, Y+13	; 0x0d
    2fb2:	9e 85       	ldd	r25, Y+14	; 0x0e
    2fb4:	20 e0       	ldi	r18, 0x00	; 0
    2fb6:	30 e0       	ldi	r19, 0x00	; 0
    2fb8:	4a ef       	ldi	r20, 0xFA	; 250
    2fba:	54 e4       	ldi	r21, 0x44	; 68
    2fbc:	0e 94 1f 02 	call	0x43e	; 0x43e <__mulsf3>
    2fc0:	dc 01       	movw	r26, r24
    2fc2:	cb 01       	movw	r24, r22
    2fc4:	8f 83       	std	Y+7, r24	; 0x07
    2fc6:	98 87       	std	Y+8, r25	; 0x08
    2fc8:	a9 87       	std	Y+9, r26	; 0x09
    2fca:	ba 87       	std	Y+10, r27	; 0x0a
	if (__tmp < 1.0)
    2fcc:	6f 81       	ldd	r22, Y+7	; 0x07
    2fce:	78 85       	ldd	r23, Y+8	; 0x08
    2fd0:	89 85       	ldd	r24, Y+9	; 0x09
    2fd2:	9a 85       	ldd	r25, Y+10	; 0x0a
    2fd4:	20 e0       	ldi	r18, 0x00	; 0
    2fd6:	30 e0       	ldi	r19, 0x00	; 0
    2fd8:	40 e8       	ldi	r20, 0x80	; 128
    2fda:	5f e3       	ldi	r21, 0x3F	; 63
    2fdc:	0e 94 25 04 	call	0x84a	; 0x84a <__ltsf2>
    2fe0:	88 23       	and	r24, r24
    2fe2:	2c f4       	brge	.+10     	; 0x2fee <UART_SendReadings+0x98>
		__ticks = 1;
    2fe4:	81 e0       	ldi	r24, 0x01	; 1
    2fe6:	90 e0       	ldi	r25, 0x00	; 0
    2fe8:	9e 83       	std	Y+6, r25	; 0x06
    2fea:	8d 83       	std	Y+5, r24	; 0x05
    2fec:	3f c0       	rjmp	.+126    	; 0x306c <UART_SendReadings+0x116>
	else if (__tmp > 65535)
    2fee:	6f 81       	ldd	r22, Y+7	; 0x07
    2ff0:	78 85       	ldd	r23, Y+8	; 0x08
    2ff2:	89 85       	ldd	r24, Y+9	; 0x09
    2ff4:	9a 85       	ldd	r25, Y+10	; 0x0a
    2ff6:	20 e0       	ldi	r18, 0x00	; 0
    2ff8:	3f ef       	ldi	r19, 0xFF	; 255
    2ffa:	4f e7       	ldi	r20, 0x7F	; 127
    2ffc:	57 e4       	ldi	r21, 0x47	; 71
    2ffe:	0e 94 c5 03 	call	0x78a	; 0x78a <__gtsf2>
    3002:	18 16       	cp	r1, r24
    3004:	4c f5       	brge	.+82     	; 0x3058 <UART_SendReadings+0x102>
	{
		//	__ticks = requested delay in 1/10 ms
		__ticks = (uint16_t) (__ms * 10.0);
    3006:	6b 85       	ldd	r22, Y+11	; 0x0b
    3008:	7c 85       	ldd	r23, Y+12	; 0x0c
    300a:	8d 85       	ldd	r24, Y+13	; 0x0d
    300c:	9e 85       	ldd	r25, Y+14	; 0x0e
    300e:	20 e0       	ldi	r18, 0x00	; 0
    3010:	30 e0       	ldi	r19, 0x00	; 0
    3012:	40 e2       	ldi	r20, 0x20	; 32
    3014:	51 e4       	ldi	r21, 0x41	; 65
    3016:	0e 94 1f 02 	call	0x43e	; 0x43e <__mulsf3>
    301a:	dc 01       	movw	r26, r24
    301c:	cb 01       	movw	r24, r22
    301e:	bc 01       	movw	r22, r24
    3020:	cd 01       	movw	r24, r26
    3022:	0e 94 49 00 	call	0x92	; 0x92 <__fixunssfsi>
    3026:	dc 01       	movw	r26, r24
    3028:	cb 01       	movw	r24, r22
    302a:	9e 83       	std	Y+6, r25	; 0x06
    302c:	8d 83       	std	Y+5, r24	; 0x05
    302e:	0f c0       	rjmp	.+30     	; 0x304e <UART_SendReadings+0xf8>
    3030:	88 ec       	ldi	r24, 0xC8	; 200
    3032:	90 e0       	ldi	r25, 0x00	; 0
    3034:	9c 83       	std	Y+4, r25	; 0x04
    3036:	8b 83       	std	Y+3, r24	; 0x03
    3038:	8b 81       	ldd	r24, Y+3	; 0x03
    303a:	9c 81       	ldd	r25, Y+4	; 0x04
    303c:	01 97       	sbiw	r24, 0x01	; 1
    303e:	f1 f7       	brne	.-4      	; 0x303c <UART_SendReadings+0xe6>
    3040:	9c 83       	std	Y+4, r25	; 0x04
    3042:	8b 83       	std	Y+3, r24	; 0x03
		while(__ticks)
		{
			// wait 1/10 ms
			_delay_loop_2(((F_CPU) / 4e3) / 10);
			__ticks --;
    3044:	8d 81       	ldd	r24, Y+5	; 0x05
    3046:	9e 81       	ldd	r25, Y+6	; 0x06
    3048:	01 97       	sbiw	r24, 0x01	; 1
    304a:	9e 83       	std	Y+6, r25	; 0x06
    304c:	8d 83       	std	Y+5, r24	; 0x05
		__ticks = 1;
	else if (__tmp > 65535)
	{
		//	__ticks = requested delay in 1/10 ms
		__ticks = (uint16_t) (__ms * 10.0);
		while(__ticks)
    304e:	8d 81       	ldd	r24, Y+5	; 0x05
    3050:	9e 81       	ldd	r25, Y+6	; 0x06
    3052:	00 97       	sbiw	r24, 0x00	; 0
    3054:	69 f7       	brne	.-38     	; 0x3030 <UART_SendReadings+0xda>
    3056:	14 c0       	rjmp	.+40     	; 0x3080 <UART_SendReadings+0x12a>
			__ticks --;
		}
		return;
	}
	else
		__ticks = (uint16_t)__tmp;
    3058:	6f 81       	ldd	r22, Y+7	; 0x07
    305a:	78 85       	ldd	r23, Y+8	; 0x08
    305c:	89 85       	ldd	r24, Y+9	; 0x09
    305e:	9a 85       	ldd	r25, Y+10	; 0x0a
    3060:	0e 94 49 00 	call	0x92	; 0x92 <__fixunssfsi>
    3064:	dc 01       	movw	r26, r24
    3066:	cb 01       	movw	r24, r22
    3068:	9e 83       	std	Y+6, r25	; 0x06
    306a:	8d 83       	std	Y+5, r24	; 0x05
    306c:	8d 81       	ldd	r24, Y+5	; 0x05
    306e:	9e 81       	ldd	r25, Y+6	; 0x06
    3070:	9a 83       	std	Y+2, r25	; 0x02
    3072:	89 83       	std	Y+1, r24	; 0x01
    3074:	89 81       	ldd	r24, Y+1	; 0x01
    3076:	9a 81       	ldd	r25, Y+2	; 0x02
    3078:	01 97       	sbiw	r24, 0x01	; 1
    307a:	f1 f7       	brne	.-4      	; 0x3078 <UART_SendReadings+0x122>
    307c:	9a 83       	std	Y+2, r25	; 0x02
    307e:	89 83       	std	Y+1, r24	; 0x01
	{
		USART_SendData(Sensor_Readings_Tx[i]);
		USART_SendData(13);//Data Write in Next line
	}
	_delay_ms(2000);
}
    3080:	61 96       	adiw	r28, 0x11	; 17
    3082:	0f b6       	in	r0, 0x3f	; 63
    3084:	f8 94       	cli
    3086:	de bf       	out	0x3e, r29	; 62
    3088:	0f be       	out	0x3f, r0	; 63
    308a:	cd bf       	out	0x3d, r28	; 61
    308c:	cf 91       	pop	r28
    308e:	df 91       	pop	r29
    3090:	08 95       	ret

00003092 <main>:

volatile u16 Sensor_Readings_Tx[3];

char res; //Received Data

int main(void) {
    3092:	df 93       	push	r29
    3094:	cf 93       	push	r28
    3096:	00 d0       	rcall	.+0      	; 0x3098 <main+0x6>
    3098:	cd b7       	in	r28, 0x3d	; 61
    309a:	de b7       	in	r29, 0x3e	; 62

	Smart_Car_Init();
    309c:	0e 94 16 17 	call	0x2e2c	; 0x2e2c <Smart_Car_Init>

	while (1)

	{
		LCD_ADC();
    30a0:	0e 94 33 0b 	call	0x1666	; 0x1666 <LCD_ADC>
		UART_SendReadings(Sensor_Readings_Tx);
    30a4:	8e e7       	ldi	r24, 0x7E	; 126
    30a6:	91 e0       	ldi	r25, 0x01	; 1
    30a8:	0e 94 ab 17 	call	0x2f56	; 0x2f56 <UART_SendReadings>
		res = USART_ReceiveData(); //received command
    30ac:	0e 94 98 17 	call	0x2f30	; 0x2f30 <USART_ReceiveData>
    30b0:	80 93 8c 01 	sts	0x018C, r24
		switch (res) {
    30b4:	80 91 8c 01 	lds	r24, 0x018C
    30b8:	28 2f       	mov	r18, r24
    30ba:	30 e0       	ldi	r19, 0x00	; 0
    30bc:	3a 83       	std	Y+2, r19	; 0x02
    30be:	29 83       	std	Y+1, r18	; 0x01
    30c0:	89 81       	ldd	r24, Y+1	; 0x01
    30c2:	9a 81       	ldd	r25, Y+2	; 0x02
    30c4:	82 33       	cpi	r24, 0x32	; 50
    30c6:	91 05       	cpc	r25, r1
    30c8:	d9 f0       	breq	.+54     	; 0x3100 <main+0x6e>
    30ca:	29 81       	ldd	r18, Y+1	; 0x01
    30cc:	3a 81       	ldd	r19, Y+2	; 0x02
    30ce:	23 33       	cpi	r18, 0x33	; 51
    30d0:	31 05       	cpc	r19, r1
    30d2:	34 f4       	brge	.+12     	; 0x30e0 <main+0x4e>
    30d4:	89 81       	ldd	r24, Y+1	; 0x01
    30d6:	9a 81       	ldd	r25, Y+2	; 0x02
    30d8:	81 33       	cpi	r24, 0x31	; 49
    30da:	91 05       	cpc	r25, r1
    30dc:	61 f0       	breq	.+24     	; 0x30f6 <main+0x64>
    30de:	e0 cf       	rjmp	.-64     	; 0x30a0 <main+0xe>
    30e0:	29 81       	ldd	r18, Y+1	; 0x01
    30e2:	3a 81       	ldd	r19, Y+2	; 0x02
    30e4:	23 33       	cpi	r18, 0x33	; 51
    30e6:	31 05       	cpc	r19, r1
    30e8:	81 f0       	breq	.+32     	; 0x310a <main+0x78>
    30ea:	89 81       	ldd	r24, Y+1	; 0x01
    30ec:	9a 81       	ldd	r25, Y+2	; 0x02
    30ee:	84 33       	cpi	r24, 0x34	; 52
    30f0:	91 05       	cpc	r25, r1
    30f2:	81 f0       	breq	.+32     	; 0x3114 <main+0x82>
    30f4:	d5 cf       	rjmp	.-86     	; 0x30a0 <main+0xe>
		case '1':
			LCD_ADC();
    30f6:	0e 94 33 0b 	call	0x1666	; 0x1666 <LCD_ADC>
			Motor_Both_Forward();
    30fa:	0e 94 aa 16 	call	0x2d54	; 0x2d54 <Motor_Both_Forward>
    30fe:	d0 cf       	rjmp	.-96     	; 0x30a0 <main+0xe>
			break;
		case '2': //led intensity change
			LCD_ADC();
    3100:	0e 94 33 0b 	call	0x1666	; 0x1666 <LCD_ADC>
			Motor_Both_Reverse();
    3104:	0e 94 c5 16 	call	0x2d8a	; 0x2d8a <Motor_Both_Reverse>
    3108:	cb cf       	rjmp	.-106    	; 0x30a0 <main+0xe>
			break;
		case '3':
			LCD_ADC();
    310a:	0e 94 33 0b 	call	0x1666	; 0x1666 <LCD_ADC>
			Motor_Rotate_Left();
    310e:	0e 94 e0 16 	call	0x2dc0	; 0x2dc0 <Motor_Rotate_Left>
    3112:	c6 cf       	rjmp	.-116    	; 0x30a0 <main+0xe>
			break;
		case '4':
			LCD_ADC();
    3114:	0e 94 33 0b 	call	0x1666	; 0x1666 <LCD_ADC>
			Motor_Rotate_Right();
    3118:	0e 94 fb 16 	call	0x2df6	; 0x2df6 <Motor_Rotate_Right>
    311c:	c1 cf       	rjmp	.-126    	; 0x30a0 <main+0xe>

0000311e <__divmodhi4>:
    311e:	97 fb       	bst	r25, 7
    3120:	09 2e       	mov	r0, r25
    3122:	07 26       	eor	r0, r23
    3124:	0a d0       	rcall	.+20     	; 0x313a <__divmodhi4_neg1>
    3126:	77 fd       	sbrc	r23, 7
    3128:	04 d0       	rcall	.+8      	; 0x3132 <__divmodhi4_neg2>
    312a:	0c d0       	rcall	.+24     	; 0x3144 <__udivmodhi4>
    312c:	06 d0       	rcall	.+12     	; 0x313a <__divmodhi4_neg1>
    312e:	00 20       	and	r0, r0
    3130:	1a f4       	brpl	.+6      	; 0x3138 <__divmodhi4_exit>

00003132 <__divmodhi4_neg2>:
    3132:	70 95       	com	r23
    3134:	61 95       	neg	r22
    3136:	7f 4f       	sbci	r23, 0xFF	; 255

00003138 <__divmodhi4_exit>:
    3138:	08 95       	ret

0000313a <__divmodhi4_neg1>:
    313a:	f6 f7       	brtc	.-4      	; 0x3138 <__divmodhi4_exit>
    313c:	90 95       	com	r25
    313e:	81 95       	neg	r24
    3140:	9f 4f       	sbci	r25, 0xFF	; 255
    3142:	08 95       	ret

00003144 <__udivmodhi4>:
    3144:	aa 1b       	sub	r26, r26
    3146:	bb 1b       	sub	r27, r27
    3148:	51 e1       	ldi	r21, 0x11	; 17
    314a:	07 c0       	rjmp	.+14     	; 0x315a <__udivmodhi4_ep>

0000314c <__udivmodhi4_loop>:
    314c:	aa 1f       	adc	r26, r26
    314e:	bb 1f       	adc	r27, r27
    3150:	a6 17       	cp	r26, r22
    3152:	b7 07       	cpc	r27, r23
    3154:	10 f0       	brcs	.+4      	; 0x315a <__udivmodhi4_ep>
    3156:	a6 1b       	sub	r26, r22
    3158:	b7 0b       	sbc	r27, r23

0000315a <__udivmodhi4_ep>:
    315a:	88 1f       	adc	r24, r24
    315c:	99 1f       	adc	r25, r25
    315e:	5a 95       	dec	r21
    3160:	a9 f7       	brne	.-22     	; 0x314c <__udivmodhi4_loop>
    3162:	80 95       	com	r24
    3164:	90 95       	com	r25
    3166:	bc 01       	movw	r22, r24
    3168:	cd 01       	movw	r24, r26
    316a:	08 95       	ret

0000316c <__prologue_saves__>:
    316c:	2f 92       	push	r2
    316e:	3f 92       	push	r3
    3170:	4f 92       	push	r4
    3172:	5f 92       	push	r5
    3174:	6f 92       	push	r6
    3176:	7f 92       	push	r7
    3178:	8f 92       	push	r8
    317a:	9f 92       	push	r9
    317c:	af 92       	push	r10
    317e:	bf 92       	push	r11
    3180:	cf 92       	push	r12
    3182:	df 92       	push	r13
    3184:	ef 92       	push	r14
    3186:	ff 92       	push	r15
    3188:	0f 93       	push	r16
    318a:	1f 93       	push	r17
    318c:	cf 93       	push	r28
    318e:	df 93       	push	r29
    3190:	cd b7       	in	r28, 0x3d	; 61
    3192:	de b7       	in	r29, 0x3e	; 62
    3194:	ca 1b       	sub	r28, r26
    3196:	db 0b       	sbc	r29, r27
    3198:	0f b6       	in	r0, 0x3f	; 63
    319a:	f8 94       	cli
    319c:	de bf       	out	0x3e, r29	; 62
    319e:	0f be       	out	0x3f, r0	; 63
    31a0:	cd bf       	out	0x3d, r28	; 61
    31a2:	09 94       	ijmp

000031a4 <__epilogue_restores__>:
    31a4:	2a 88       	ldd	r2, Y+18	; 0x12
    31a6:	39 88       	ldd	r3, Y+17	; 0x11
    31a8:	48 88       	ldd	r4, Y+16	; 0x10
    31aa:	5f 84       	ldd	r5, Y+15	; 0x0f
    31ac:	6e 84       	ldd	r6, Y+14	; 0x0e
    31ae:	7d 84       	ldd	r7, Y+13	; 0x0d
    31b0:	8c 84       	ldd	r8, Y+12	; 0x0c
    31b2:	9b 84       	ldd	r9, Y+11	; 0x0b
    31b4:	aa 84       	ldd	r10, Y+10	; 0x0a
    31b6:	b9 84       	ldd	r11, Y+9	; 0x09
    31b8:	c8 84       	ldd	r12, Y+8	; 0x08
    31ba:	df 80       	ldd	r13, Y+7	; 0x07
    31bc:	ee 80       	ldd	r14, Y+6	; 0x06
    31be:	fd 80       	ldd	r15, Y+5	; 0x05
    31c0:	0c 81       	ldd	r16, Y+4	; 0x04
    31c2:	1b 81       	ldd	r17, Y+3	; 0x03
    31c4:	aa 81       	ldd	r26, Y+2	; 0x02
    31c6:	b9 81       	ldd	r27, Y+1	; 0x01
    31c8:	ce 0f       	add	r28, r30
    31ca:	d1 1d       	adc	r29, r1
    31cc:	0f b6       	in	r0, 0x3f	; 63
    31ce:	f8 94       	cli
    31d0:	de bf       	out	0x3e, r29	; 62
    31d2:	0f be       	out	0x3f, r0	; 63
    31d4:	cd bf       	out	0x3d, r28	; 61
    31d6:	ed 01       	movw	r28, r26
    31d8:	08 95       	ret

000031da <_exit>:
    31da:	f8 94       	cli

000031dc <__stop_program>:
    31dc:	ff cf       	rjmp	.-2      	; 0x31dc <__stop_program>
