
Project_9_Safety_Treasury.elf:     file format elf32-avr

Sections:
Idx Name          Size      VMA       LMA       File off  Algn
  0 .text         00004672  00000000  00000000  00000094  2**1
                  CONTENTS, ALLOC, LOAD, READONLY, CODE
  1 .data         0000005e  00800060  00004672  00004706  2**0
                  CONTENTS, ALLOC, LOAD, DATA
  2 .bss          00000001  008000be  008000be  00004764  2**0
                  ALLOC
  3 .stab         00003d08  00000000  00000000  00004764  2**2
                  CONTENTS, READONLY, DEBUGGING
  4 .stabstr      00000ca8  00000000  00000000  0000846c  2**0
                  CONTENTS, READONLY, DEBUGGING
  5 .debug_aranges 00000140  00000000  00000000  00009114  2**0
                  CONTENTS, READONLY, DEBUGGING
  6 .debug_pubnames 00000170  00000000  00000000  00009254  2**0
                  CONTENTS, READONLY, DEBUGGING
  7 .debug_info   00001c49  00000000  00000000  000093c4  2**0
                  CONTENTS, READONLY, DEBUGGING
  8 .debug_abbrev 00000eeb  00000000  00000000  0000b00d  2**0
                  CONTENTS, READONLY, DEBUGGING
  9 .debug_line   00000dad  00000000  00000000  0000bef8  2**0
                  CONTENTS, READONLY, DEBUGGING
 10 .debug_frame  00000160  00000000  00000000  0000cca8  2**2
                  CONTENTS, READONLY, DEBUGGING
 11 .debug_str    0000028d  00000000  00000000  0000ce08  2**0
                  CONTENTS, READONLY, DEBUGGING
 12 .debug_loc    000007ce  00000000  00000000  0000d095  2**0
                  CONTENTS, READONLY, DEBUGGING
 13 .debug_ranges 00000050  00000000  00000000  0000d863  2**0
                  CONTENTS, READONLY, DEBUGGING

Disassembly of section .text:

00000000 <__vectors>:
       0:	0c 94 2a 00 	jmp	0x54	; 0x54 <__ctors_end>
       4:	0c 94 47 00 	jmp	0x8e	; 0x8e <__bad_interrupt>
       8:	0c 94 47 00 	jmp	0x8e	; 0x8e <__bad_interrupt>
       c:	0c 94 47 00 	jmp	0x8e	; 0x8e <__bad_interrupt>
      10:	0c 94 47 00 	jmp	0x8e	; 0x8e <__bad_interrupt>
      14:	0c 94 47 00 	jmp	0x8e	; 0x8e <__bad_interrupt>
      18:	0c 94 47 00 	jmp	0x8e	; 0x8e <__bad_interrupt>
      1c:	0c 94 47 00 	jmp	0x8e	; 0x8e <__bad_interrupt>
      20:	0c 94 47 00 	jmp	0x8e	; 0x8e <__bad_interrupt>
      24:	0c 94 47 00 	jmp	0x8e	; 0x8e <__bad_interrupt>
      28:	0c 94 47 00 	jmp	0x8e	; 0x8e <__bad_interrupt>
      2c:	0c 94 47 00 	jmp	0x8e	; 0x8e <__bad_interrupt>
      30:	0c 94 47 00 	jmp	0x8e	; 0x8e <__bad_interrupt>
      34:	0c 94 47 00 	jmp	0x8e	; 0x8e <__bad_interrupt>
      38:	0c 94 47 00 	jmp	0x8e	; 0x8e <__bad_interrupt>
      3c:	0c 94 47 00 	jmp	0x8e	; 0x8e <__bad_interrupt>
      40:	0c 94 47 00 	jmp	0x8e	; 0x8e <__bad_interrupt>
      44:	0c 94 47 00 	jmp	0x8e	; 0x8e <__bad_interrupt>
      48:	0c 94 47 00 	jmp	0x8e	; 0x8e <__bad_interrupt>
      4c:	0c 94 47 00 	jmp	0x8e	; 0x8e <__bad_interrupt>
      50:	0c 94 47 00 	jmp	0x8e	; 0x8e <__bad_interrupt>

00000054 <__ctors_end>:
      54:	11 24       	eor	r1, r1
      56:	1f be       	out	0x3f, r1	; 63
      58:	cf e5       	ldi	r28, 0x5F	; 95
      5a:	d8 e0       	ldi	r29, 0x08	; 8
      5c:	de bf       	out	0x3e, r29	; 62
      5e:	cd bf       	out	0x3d, r28	; 61

00000060 <__do_copy_data>:
      60:	10 e0       	ldi	r17, 0x00	; 0
      62:	a0 e6       	ldi	r26, 0x60	; 96
      64:	b0 e0       	ldi	r27, 0x00	; 0
      66:	e2 e7       	ldi	r30, 0x72	; 114
      68:	f6 e4       	ldi	r31, 0x46	; 70
      6a:	02 c0       	rjmp	.+4      	; 0x70 <.do_copy_data_start>

0000006c <.do_copy_data_loop>:
      6c:	05 90       	lpm	r0, Z+
      6e:	0d 92       	st	X+, r0

00000070 <.do_copy_data_start>:
      70:	ae 3b       	cpi	r26, 0xBE	; 190
      72:	b1 07       	cpc	r27, r17
      74:	d9 f7       	brne	.-10     	; 0x6c <.do_copy_data_loop>

00000076 <__do_clear_bss>:
      76:	10 e0       	ldi	r17, 0x00	; 0
      78:	ae eb       	ldi	r26, 0xBE	; 190
      7a:	b0 e0       	ldi	r27, 0x00	; 0
      7c:	01 c0       	rjmp	.+2      	; 0x80 <.do_clear_bss_start>

0000007e <.do_clear_bss_loop>:
      7e:	1d 92       	st	X+, r1

00000080 <.do_clear_bss_start>:
      80:	af 3b       	cpi	r26, 0xBF	; 191
      82:	b1 07       	cpc	r27, r17
      84:	e1 f7       	brne	.-8      	; 0x7e <.do_clear_bss_loop>
      86:	0e 94 ca 0e 	call	0x1d94	; 0x1d94 <main>
      8a:	0c 94 37 23 	jmp	0x466e	; 0x466e <_exit>

0000008e <__bad_interrupt>:
      8e:	0c 94 00 00 	jmp	0	; 0x0 <__vectors>

00000092 <__fixunssfsi>:
      92:	ef 92       	push	r14
      94:	ff 92       	push	r15
      96:	0f 93       	push	r16
      98:	1f 93       	push	r17
      9a:	7b 01       	movw	r14, r22
      9c:	8c 01       	movw	r16, r24
      9e:	20 e0       	ldi	r18, 0x00	; 0
      a0:	30 e0       	ldi	r19, 0x00	; 0
      a2:	40 e0       	ldi	r20, 0x00	; 0
      a4:	5f e4       	ldi	r21, 0x4F	; 79
      a6:	0e 94 49 03 	call	0x692	; 0x692 <__gesf2>
      aa:	88 23       	and	r24, r24
      ac:	8c f0       	brlt	.+34     	; 0xd0 <__fixunssfsi+0x3e>
      ae:	c8 01       	movw	r24, r16
      b0:	b7 01       	movw	r22, r14
      b2:	20 e0       	ldi	r18, 0x00	; 0
      b4:	30 e0       	ldi	r19, 0x00	; 0
      b6:	40 e0       	ldi	r20, 0x00	; 0
      b8:	5f e4       	ldi	r21, 0x4F	; 79
      ba:	0e 94 c1 01 	call	0x382	; 0x382 <__subsf3>
      be:	0e 94 a9 03 	call	0x752	; 0x752 <__fixsfsi>
      c2:	9b 01       	movw	r18, r22
      c4:	ac 01       	movw	r20, r24
      c6:	20 50       	subi	r18, 0x00	; 0
      c8:	30 40       	sbci	r19, 0x00	; 0
      ca:	40 40       	sbci	r20, 0x00	; 0
      cc:	50 48       	sbci	r21, 0x80	; 128
      ce:	06 c0       	rjmp	.+12     	; 0xdc <__fixunssfsi+0x4a>
      d0:	c8 01       	movw	r24, r16
      d2:	b7 01       	movw	r22, r14
      d4:	0e 94 a9 03 	call	0x752	; 0x752 <__fixsfsi>
      d8:	9b 01       	movw	r18, r22
      da:	ac 01       	movw	r20, r24
      dc:	b9 01       	movw	r22, r18
      de:	ca 01       	movw	r24, r20
      e0:	1f 91       	pop	r17
      e2:	0f 91       	pop	r16
      e4:	ff 90       	pop	r15
      e6:	ef 90       	pop	r14
      e8:	08 95       	ret

000000ea <_fpadd_parts>:
      ea:	a0 e0       	ldi	r26, 0x00	; 0
      ec:	b0 e0       	ldi	r27, 0x00	; 0
      ee:	eb e7       	ldi	r30, 0x7B	; 123
      f0:	f0 e0       	ldi	r31, 0x00	; 0
      f2:	0c 94 f7 22 	jmp	0x45ee	; 0x45ee <__prologue_saves__>
      f6:	dc 01       	movw	r26, r24
      f8:	2b 01       	movw	r4, r22
      fa:	fa 01       	movw	r30, r20
      fc:	9c 91       	ld	r25, X
      fe:	92 30       	cpi	r25, 0x02	; 2
     100:	08 f4       	brcc	.+2      	; 0x104 <_fpadd_parts+0x1a>
     102:	39 c1       	rjmp	.+626    	; 0x376 <_fpadd_parts+0x28c>
     104:	eb 01       	movw	r28, r22
     106:	88 81       	ld	r24, Y
     108:	82 30       	cpi	r24, 0x02	; 2
     10a:	08 f4       	brcc	.+2      	; 0x10e <_fpadd_parts+0x24>
     10c:	33 c1       	rjmp	.+614    	; 0x374 <_fpadd_parts+0x28a>
     10e:	94 30       	cpi	r25, 0x04	; 4
     110:	69 f4       	brne	.+26     	; 0x12c <_fpadd_parts+0x42>
     112:	84 30       	cpi	r24, 0x04	; 4
     114:	09 f0       	breq	.+2      	; 0x118 <_fpadd_parts+0x2e>
     116:	2f c1       	rjmp	.+606    	; 0x376 <_fpadd_parts+0x28c>
     118:	11 96       	adiw	r26, 0x01	; 1
     11a:	9c 91       	ld	r25, X
     11c:	11 97       	sbiw	r26, 0x01	; 1
     11e:	89 81       	ldd	r24, Y+1	; 0x01
     120:	98 17       	cp	r25, r24
     122:	09 f4       	brne	.+2      	; 0x126 <_fpadd_parts+0x3c>
     124:	28 c1       	rjmp	.+592    	; 0x376 <_fpadd_parts+0x28c>
     126:	a6 ea       	ldi	r26, 0xA6	; 166
     128:	b0 e0       	ldi	r27, 0x00	; 0
     12a:	25 c1       	rjmp	.+586    	; 0x376 <_fpadd_parts+0x28c>
     12c:	84 30       	cpi	r24, 0x04	; 4
     12e:	09 f4       	brne	.+2      	; 0x132 <_fpadd_parts+0x48>
     130:	21 c1       	rjmp	.+578    	; 0x374 <_fpadd_parts+0x28a>
     132:	82 30       	cpi	r24, 0x02	; 2
     134:	a9 f4       	brne	.+42     	; 0x160 <_fpadd_parts+0x76>
     136:	92 30       	cpi	r25, 0x02	; 2
     138:	09 f0       	breq	.+2      	; 0x13c <_fpadd_parts+0x52>
     13a:	1d c1       	rjmp	.+570    	; 0x376 <_fpadd_parts+0x28c>
     13c:	9a 01       	movw	r18, r20
     13e:	ad 01       	movw	r20, r26
     140:	88 e0       	ldi	r24, 0x08	; 8
     142:	ea 01       	movw	r28, r20
     144:	09 90       	ld	r0, Y+
     146:	ae 01       	movw	r20, r28
     148:	e9 01       	movw	r28, r18
     14a:	09 92       	st	Y+, r0
     14c:	9e 01       	movw	r18, r28
     14e:	81 50       	subi	r24, 0x01	; 1
     150:	c1 f7       	brne	.-16     	; 0x142 <_fpadd_parts+0x58>
     152:	e2 01       	movw	r28, r4
     154:	89 81       	ldd	r24, Y+1	; 0x01
     156:	11 96       	adiw	r26, 0x01	; 1
     158:	9c 91       	ld	r25, X
     15a:	89 23       	and	r24, r25
     15c:	81 83       	std	Z+1, r24	; 0x01
     15e:	08 c1       	rjmp	.+528    	; 0x370 <_fpadd_parts+0x286>
     160:	92 30       	cpi	r25, 0x02	; 2
     162:	09 f4       	brne	.+2      	; 0x166 <_fpadd_parts+0x7c>
     164:	07 c1       	rjmp	.+526    	; 0x374 <_fpadd_parts+0x28a>
     166:	12 96       	adiw	r26, 0x02	; 2
     168:	2d 90       	ld	r2, X+
     16a:	3c 90       	ld	r3, X
     16c:	13 97       	sbiw	r26, 0x03	; 3
     16e:	eb 01       	movw	r28, r22
     170:	8a 81       	ldd	r24, Y+2	; 0x02
     172:	9b 81       	ldd	r25, Y+3	; 0x03
     174:	14 96       	adiw	r26, 0x04	; 4
     176:	ad 90       	ld	r10, X+
     178:	bd 90       	ld	r11, X+
     17a:	cd 90       	ld	r12, X+
     17c:	dc 90       	ld	r13, X
     17e:	17 97       	sbiw	r26, 0x07	; 7
     180:	ec 80       	ldd	r14, Y+4	; 0x04
     182:	fd 80       	ldd	r15, Y+5	; 0x05
     184:	0e 81       	ldd	r16, Y+6	; 0x06
     186:	1f 81       	ldd	r17, Y+7	; 0x07
     188:	91 01       	movw	r18, r2
     18a:	28 1b       	sub	r18, r24
     18c:	39 0b       	sbc	r19, r25
     18e:	b9 01       	movw	r22, r18
     190:	37 ff       	sbrs	r19, 7
     192:	04 c0       	rjmp	.+8      	; 0x19c <_fpadd_parts+0xb2>
     194:	66 27       	eor	r22, r22
     196:	77 27       	eor	r23, r23
     198:	62 1b       	sub	r22, r18
     19a:	73 0b       	sbc	r23, r19
     19c:	60 32       	cpi	r22, 0x20	; 32
     19e:	71 05       	cpc	r23, r1
     1a0:	0c f0       	brlt	.+2      	; 0x1a4 <_fpadd_parts+0xba>
     1a2:	61 c0       	rjmp	.+194    	; 0x266 <_fpadd_parts+0x17c>
     1a4:	12 16       	cp	r1, r18
     1a6:	13 06       	cpc	r1, r19
     1a8:	6c f5       	brge	.+90     	; 0x204 <_fpadd_parts+0x11a>
     1aa:	37 01       	movw	r6, r14
     1ac:	48 01       	movw	r8, r16
     1ae:	06 2e       	mov	r0, r22
     1b0:	04 c0       	rjmp	.+8      	; 0x1ba <_fpadd_parts+0xd0>
     1b2:	96 94       	lsr	r9
     1b4:	87 94       	ror	r8
     1b6:	77 94       	ror	r7
     1b8:	67 94       	ror	r6
     1ba:	0a 94       	dec	r0
     1bc:	d2 f7       	brpl	.-12     	; 0x1b2 <_fpadd_parts+0xc8>
     1be:	21 e0       	ldi	r18, 0x01	; 1
     1c0:	30 e0       	ldi	r19, 0x00	; 0
     1c2:	40 e0       	ldi	r20, 0x00	; 0
     1c4:	50 e0       	ldi	r21, 0x00	; 0
     1c6:	04 c0       	rjmp	.+8      	; 0x1d0 <_fpadd_parts+0xe6>
     1c8:	22 0f       	add	r18, r18
     1ca:	33 1f       	adc	r19, r19
     1cc:	44 1f       	adc	r20, r20
     1ce:	55 1f       	adc	r21, r21
     1d0:	6a 95       	dec	r22
     1d2:	d2 f7       	brpl	.-12     	; 0x1c8 <_fpadd_parts+0xde>
     1d4:	21 50       	subi	r18, 0x01	; 1
     1d6:	30 40       	sbci	r19, 0x00	; 0
     1d8:	40 40       	sbci	r20, 0x00	; 0
     1da:	50 40       	sbci	r21, 0x00	; 0
     1dc:	2e 21       	and	r18, r14
     1de:	3f 21       	and	r19, r15
     1e0:	40 23       	and	r20, r16
     1e2:	51 23       	and	r21, r17
     1e4:	21 15       	cp	r18, r1
     1e6:	31 05       	cpc	r19, r1
     1e8:	41 05       	cpc	r20, r1
     1ea:	51 05       	cpc	r21, r1
     1ec:	21 f0       	breq	.+8      	; 0x1f6 <_fpadd_parts+0x10c>
     1ee:	21 e0       	ldi	r18, 0x01	; 1
     1f0:	30 e0       	ldi	r19, 0x00	; 0
     1f2:	40 e0       	ldi	r20, 0x00	; 0
     1f4:	50 e0       	ldi	r21, 0x00	; 0
     1f6:	79 01       	movw	r14, r18
     1f8:	8a 01       	movw	r16, r20
     1fa:	e6 28       	or	r14, r6
     1fc:	f7 28       	or	r15, r7
     1fe:	08 29       	or	r16, r8
     200:	19 29       	or	r17, r9
     202:	3c c0       	rjmp	.+120    	; 0x27c <_fpadd_parts+0x192>
     204:	23 2b       	or	r18, r19
     206:	d1 f1       	breq	.+116    	; 0x27c <_fpadd_parts+0x192>
     208:	26 0e       	add	r2, r22
     20a:	37 1e       	adc	r3, r23
     20c:	35 01       	movw	r6, r10
     20e:	46 01       	movw	r8, r12
     210:	06 2e       	mov	r0, r22
     212:	04 c0       	rjmp	.+8      	; 0x21c <_fpadd_parts+0x132>
     214:	96 94       	lsr	r9
     216:	87 94       	ror	r8
     218:	77 94       	ror	r7
     21a:	67 94       	ror	r6
     21c:	0a 94       	dec	r0
     21e:	d2 f7       	brpl	.-12     	; 0x214 <_fpadd_parts+0x12a>
     220:	21 e0       	ldi	r18, 0x01	; 1
     222:	30 e0       	ldi	r19, 0x00	; 0
     224:	40 e0       	ldi	r20, 0x00	; 0
     226:	50 e0       	ldi	r21, 0x00	; 0
     228:	04 c0       	rjmp	.+8      	; 0x232 <_fpadd_parts+0x148>
     22a:	22 0f       	add	r18, r18
     22c:	33 1f       	adc	r19, r19
     22e:	44 1f       	adc	r20, r20
     230:	55 1f       	adc	r21, r21
     232:	6a 95       	dec	r22
     234:	d2 f7       	brpl	.-12     	; 0x22a <_fpadd_parts+0x140>
     236:	21 50       	subi	r18, 0x01	; 1
     238:	30 40       	sbci	r19, 0x00	; 0
     23a:	40 40       	sbci	r20, 0x00	; 0
     23c:	50 40       	sbci	r21, 0x00	; 0
     23e:	2a 21       	and	r18, r10
     240:	3b 21       	and	r19, r11
     242:	4c 21       	and	r20, r12
     244:	5d 21       	and	r21, r13
     246:	21 15       	cp	r18, r1
     248:	31 05       	cpc	r19, r1
     24a:	41 05       	cpc	r20, r1
     24c:	51 05       	cpc	r21, r1
     24e:	21 f0       	breq	.+8      	; 0x258 <_fpadd_parts+0x16e>
     250:	21 e0       	ldi	r18, 0x01	; 1
     252:	30 e0       	ldi	r19, 0x00	; 0
     254:	40 e0       	ldi	r20, 0x00	; 0
     256:	50 e0       	ldi	r21, 0x00	; 0
     258:	59 01       	movw	r10, r18
     25a:	6a 01       	movw	r12, r20
     25c:	a6 28       	or	r10, r6
     25e:	b7 28       	or	r11, r7
     260:	c8 28       	or	r12, r8
     262:	d9 28       	or	r13, r9
     264:	0b c0       	rjmp	.+22     	; 0x27c <_fpadd_parts+0x192>
     266:	82 15       	cp	r24, r2
     268:	93 05       	cpc	r25, r3
     26a:	2c f0       	brlt	.+10     	; 0x276 <_fpadd_parts+0x18c>
     26c:	1c 01       	movw	r2, r24
     26e:	aa 24       	eor	r10, r10
     270:	bb 24       	eor	r11, r11
     272:	65 01       	movw	r12, r10
     274:	03 c0       	rjmp	.+6      	; 0x27c <_fpadd_parts+0x192>
     276:	ee 24       	eor	r14, r14
     278:	ff 24       	eor	r15, r15
     27a:	87 01       	movw	r16, r14
     27c:	11 96       	adiw	r26, 0x01	; 1
     27e:	9c 91       	ld	r25, X
     280:	d2 01       	movw	r26, r4
     282:	11 96       	adiw	r26, 0x01	; 1
     284:	8c 91       	ld	r24, X
     286:	98 17       	cp	r25, r24
     288:	09 f4       	brne	.+2      	; 0x28c <_fpadd_parts+0x1a2>
     28a:	45 c0       	rjmp	.+138    	; 0x316 <_fpadd_parts+0x22c>
     28c:	99 23       	and	r25, r25
     28e:	39 f0       	breq	.+14     	; 0x29e <_fpadd_parts+0x1b4>
     290:	a8 01       	movw	r20, r16
     292:	97 01       	movw	r18, r14
     294:	2a 19       	sub	r18, r10
     296:	3b 09       	sbc	r19, r11
     298:	4c 09       	sbc	r20, r12
     29a:	5d 09       	sbc	r21, r13
     29c:	06 c0       	rjmp	.+12     	; 0x2aa <_fpadd_parts+0x1c0>
     29e:	a6 01       	movw	r20, r12
     2a0:	95 01       	movw	r18, r10
     2a2:	2e 19       	sub	r18, r14
     2a4:	3f 09       	sbc	r19, r15
     2a6:	40 0b       	sbc	r20, r16
     2a8:	51 0b       	sbc	r21, r17
     2aa:	57 fd       	sbrc	r21, 7
     2ac:	08 c0       	rjmp	.+16     	; 0x2be <_fpadd_parts+0x1d4>
     2ae:	11 82       	std	Z+1, r1	; 0x01
     2b0:	33 82       	std	Z+3, r3	; 0x03
     2b2:	22 82       	std	Z+2, r2	; 0x02
     2b4:	24 83       	std	Z+4, r18	; 0x04
     2b6:	35 83       	std	Z+5, r19	; 0x05
     2b8:	46 83       	std	Z+6, r20	; 0x06
     2ba:	57 83       	std	Z+7, r21	; 0x07
     2bc:	1d c0       	rjmp	.+58     	; 0x2f8 <_fpadd_parts+0x20e>
     2be:	81 e0       	ldi	r24, 0x01	; 1
     2c0:	81 83       	std	Z+1, r24	; 0x01
     2c2:	33 82       	std	Z+3, r3	; 0x03
     2c4:	22 82       	std	Z+2, r2	; 0x02
     2c6:	88 27       	eor	r24, r24
     2c8:	99 27       	eor	r25, r25
     2ca:	dc 01       	movw	r26, r24
     2cc:	82 1b       	sub	r24, r18
     2ce:	93 0b       	sbc	r25, r19
     2d0:	a4 0b       	sbc	r26, r20
     2d2:	b5 0b       	sbc	r27, r21
     2d4:	84 83       	std	Z+4, r24	; 0x04
     2d6:	95 83       	std	Z+5, r25	; 0x05
     2d8:	a6 83       	std	Z+6, r26	; 0x06
     2da:	b7 83       	std	Z+7, r27	; 0x07
     2dc:	0d c0       	rjmp	.+26     	; 0x2f8 <_fpadd_parts+0x20e>
     2de:	22 0f       	add	r18, r18
     2e0:	33 1f       	adc	r19, r19
     2e2:	44 1f       	adc	r20, r20
     2e4:	55 1f       	adc	r21, r21
     2e6:	24 83       	std	Z+4, r18	; 0x04
     2e8:	35 83       	std	Z+5, r19	; 0x05
     2ea:	46 83       	std	Z+6, r20	; 0x06
     2ec:	57 83       	std	Z+7, r21	; 0x07
     2ee:	82 81       	ldd	r24, Z+2	; 0x02
     2f0:	93 81       	ldd	r25, Z+3	; 0x03
     2f2:	01 97       	sbiw	r24, 0x01	; 1
     2f4:	93 83       	std	Z+3, r25	; 0x03
     2f6:	82 83       	std	Z+2, r24	; 0x02
     2f8:	24 81       	ldd	r18, Z+4	; 0x04
     2fa:	35 81       	ldd	r19, Z+5	; 0x05
     2fc:	46 81       	ldd	r20, Z+6	; 0x06
     2fe:	57 81       	ldd	r21, Z+7	; 0x07
     300:	da 01       	movw	r26, r20
     302:	c9 01       	movw	r24, r18
     304:	01 97       	sbiw	r24, 0x01	; 1
     306:	a1 09       	sbc	r26, r1
     308:	b1 09       	sbc	r27, r1
     30a:	8f 5f       	subi	r24, 0xFF	; 255
     30c:	9f 4f       	sbci	r25, 0xFF	; 255
     30e:	af 4f       	sbci	r26, 0xFF	; 255
     310:	bf 43       	sbci	r27, 0x3F	; 63
     312:	28 f3       	brcs	.-54     	; 0x2de <_fpadd_parts+0x1f4>
     314:	0b c0       	rjmp	.+22     	; 0x32c <_fpadd_parts+0x242>
     316:	91 83       	std	Z+1, r25	; 0x01
     318:	33 82       	std	Z+3, r3	; 0x03
     31a:	22 82       	std	Z+2, r2	; 0x02
     31c:	ea 0c       	add	r14, r10
     31e:	fb 1c       	adc	r15, r11
     320:	0c 1d       	adc	r16, r12
     322:	1d 1d       	adc	r17, r13
     324:	e4 82       	std	Z+4, r14	; 0x04
     326:	f5 82       	std	Z+5, r15	; 0x05
     328:	06 83       	std	Z+6, r16	; 0x06
     32a:	17 83       	std	Z+7, r17	; 0x07
     32c:	83 e0       	ldi	r24, 0x03	; 3
     32e:	80 83       	st	Z, r24
     330:	24 81       	ldd	r18, Z+4	; 0x04
     332:	35 81       	ldd	r19, Z+5	; 0x05
     334:	46 81       	ldd	r20, Z+6	; 0x06
     336:	57 81       	ldd	r21, Z+7	; 0x07
     338:	57 ff       	sbrs	r21, 7
     33a:	1a c0       	rjmp	.+52     	; 0x370 <_fpadd_parts+0x286>
     33c:	c9 01       	movw	r24, r18
     33e:	aa 27       	eor	r26, r26
     340:	97 fd       	sbrc	r25, 7
     342:	a0 95       	com	r26
     344:	ba 2f       	mov	r27, r26
     346:	81 70       	andi	r24, 0x01	; 1
     348:	90 70       	andi	r25, 0x00	; 0
     34a:	a0 70       	andi	r26, 0x00	; 0
     34c:	b0 70       	andi	r27, 0x00	; 0
     34e:	56 95       	lsr	r21
     350:	47 95       	ror	r20
     352:	37 95       	ror	r19
     354:	27 95       	ror	r18
     356:	82 2b       	or	r24, r18
     358:	93 2b       	or	r25, r19
     35a:	a4 2b       	or	r26, r20
     35c:	b5 2b       	or	r27, r21
     35e:	84 83       	std	Z+4, r24	; 0x04
     360:	95 83       	std	Z+5, r25	; 0x05
     362:	a6 83       	std	Z+6, r26	; 0x06
     364:	b7 83       	std	Z+7, r27	; 0x07
     366:	82 81       	ldd	r24, Z+2	; 0x02
     368:	93 81       	ldd	r25, Z+3	; 0x03
     36a:	01 96       	adiw	r24, 0x01	; 1
     36c:	93 83       	std	Z+3, r25	; 0x03
     36e:	82 83       	std	Z+2, r24	; 0x02
     370:	df 01       	movw	r26, r30
     372:	01 c0       	rjmp	.+2      	; 0x376 <_fpadd_parts+0x28c>
     374:	d2 01       	movw	r26, r4
     376:	cd 01       	movw	r24, r26
     378:	cd b7       	in	r28, 0x3d	; 61
     37a:	de b7       	in	r29, 0x3e	; 62
     37c:	e2 e1       	ldi	r30, 0x12	; 18
     37e:	0c 94 13 23 	jmp	0x4626	; 0x4626 <__epilogue_restores__>

00000382 <__subsf3>:
     382:	a0 e2       	ldi	r26, 0x20	; 32
     384:	b0 e0       	ldi	r27, 0x00	; 0
     386:	e7 ec       	ldi	r30, 0xC7	; 199
     388:	f1 e0       	ldi	r31, 0x01	; 1
     38a:	0c 94 03 23 	jmp	0x4606	; 0x4606 <__prologue_saves__+0x18>
     38e:	69 83       	std	Y+1, r22	; 0x01
     390:	7a 83       	std	Y+2, r23	; 0x02
     392:	8b 83       	std	Y+3, r24	; 0x03
     394:	9c 83       	std	Y+4, r25	; 0x04
     396:	2d 83       	std	Y+5, r18	; 0x05
     398:	3e 83       	std	Y+6, r19	; 0x06
     39a:	4f 83       	std	Y+7, r20	; 0x07
     39c:	58 87       	std	Y+8, r21	; 0x08
     39e:	e9 e0       	ldi	r30, 0x09	; 9
     3a0:	ee 2e       	mov	r14, r30
     3a2:	f1 2c       	mov	r15, r1
     3a4:	ec 0e       	add	r14, r28
     3a6:	fd 1e       	adc	r15, r29
     3a8:	ce 01       	movw	r24, r28
     3aa:	01 96       	adiw	r24, 0x01	; 1
     3ac:	b7 01       	movw	r22, r14
     3ae:	0e 94 d2 04 	call	0x9a4	; 0x9a4 <__unpack_f>
     3b2:	8e 01       	movw	r16, r28
     3b4:	0f 5e       	subi	r16, 0xEF	; 239
     3b6:	1f 4f       	sbci	r17, 0xFF	; 255
     3b8:	ce 01       	movw	r24, r28
     3ba:	05 96       	adiw	r24, 0x05	; 5
     3bc:	b8 01       	movw	r22, r16
     3be:	0e 94 d2 04 	call	0x9a4	; 0x9a4 <__unpack_f>
     3c2:	8a 89       	ldd	r24, Y+18	; 0x12
     3c4:	91 e0       	ldi	r25, 0x01	; 1
     3c6:	89 27       	eor	r24, r25
     3c8:	8a 8b       	std	Y+18, r24	; 0x12
     3ca:	c7 01       	movw	r24, r14
     3cc:	b8 01       	movw	r22, r16
     3ce:	ae 01       	movw	r20, r28
     3d0:	47 5e       	subi	r20, 0xE7	; 231
     3d2:	5f 4f       	sbci	r21, 0xFF	; 255
     3d4:	0e 94 75 00 	call	0xea	; 0xea <_fpadd_parts>
     3d8:	0e 94 fd 03 	call	0x7fa	; 0x7fa <__pack_f>
     3dc:	a0 96       	adiw	r28, 0x20	; 32
     3de:	e6 e0       	ldi	r30, 0x06	; 6
     3e0:	0c 94 1f 23 	jmp	0x463e	; 0x463e <__epilogue_restores__+0x18>

000003e4 <__addsf3>:
     3e4:	a0 e2       	ldi	r26, 0x20	; 32
     3e6:	b0 e0       	ldi	r27, 0x00	; 0
     3e8:	e8 ef       	ldi	r30, 0xF8	; 248
     3ea:	f1 e0       	ldi	r31, 0x01	; 1
     3ec:	0c 94 03 23 	jmp	0x4606	; 0x4606 <__prologue_saves__+0x18>
     3f0:	69 83       	std	Y+1, r22	; 0x01
     3f2:	7a 83       	std	Y+2, r23	; 0x02
     3f4:	8b 83       	std	Y+3, r24	; 0x03
     3f6:	9c 83       	std	Y+4, r25	; 0x04
     3f8:	2d 83       	std	Y+5, r18	; 0x05
     3fa:	3e 83       	std	Y+6, r19	; 0x06
     3fc:	4f 83       	std	Y+7, r20	; 0x07
     3fe:	58 87       	std	Y+8, r21	; 0x08
     400:	f9 e0       	ldi	r31, 0x09	; 9
     402:	ef 2e       	mov	r14, r31
     404:	f1 2c       	mov	r15, r1
     406:	ec 0e       	add	r14, r28
     408:	fd 1e       	adc	r15, r29
     40a:	ce 01       	movw	r24, r28
     40c:	01 96       	adiw	r24, 0x01	; 1
     40e:	b7 01       	movw	r22, r14
     410:	0e 94 d2 04 	call	0x9a4	; 0x9a4 <__unpack_f>
     414:	8e 01       	movw	r16, r28
     416:	0f 5e       	subi	r16, 0xEF	; 239
     418:	1f 4f       	sbci	r17, 0xFF	; 255
     41a:	ce 01       	movw	r24, r28
     41c:	05 96       	adiw	r24, 0x05	; 5
     41e:	b8 01       	movw	r22, r16
     420:	0e 94 d2 04 	call	0x9a4	; 0x9a4 <__unpack_f>
     424:	c7 01       	movw	r24, r14
     426:	b8 01       	movw	r22, r16
     428:	ae 01       	movw	r20, r28
     42a:	47 5e       	subi	r20, 0xE7	; 231
     42c:	5f 4f       	sbci	r21, 0xFF	; 255
     42e:	0e 94 75 00 	call	0xea	; 0xea <_fpadd_parts>
     432:	0e 94 fd 03 	call	0x7fa	; 0x7fa <__pack_f>
     436:	a0 96       	adiw	r28, 0x20	; 32
     438:	e6 e0       	ldi	r30, 0x06	; 6
     43a:	0c 94 1f 23 	jmp	0x463e	; 0x463e <__epilogue_restores__+0x18>

0000043e <__mulsf3>:
     43e:	a0 e2       	ldi	r26, 0x20	; 32
     440:	b0 e0       	ldi	r27, 0x00	; 0
     442:	e5 e2       	ldi	r30, 0x25	; 37
     444:	f2 e0       	ldi	r31, 0x02	; 2
     446:	0c 94 f7 22 	jmp	0x45ee	; 0x45ee <__prologue_saves__>
     44a:	69 83       	std	Y+1, r22	; 0x01
     44c:	7a 83       	std	Y+2, r23	; 0x02
     44e:	8b 83       	std	Y+3, r24	; 0x03
     450:	9c 83       	std	Y+4, r25	; 0x04
     452:	2d 83       	std	Y+5, r18	; 0x05
     454:	3e 83       	std	Y+6, r19	; 0x06
     456:	4f 83       	std	Y+7, r20	; 0x07
     458:	58 87       	std	Y+8, r21	; 0x08
     45a:	ce 01       	movw	r24, r28
     45c:	01 96       	adiw	r24, 0x01	; 1
     45e:	be 01       	movw	r22, r28
     460:	67 5f       	subi	r22, 0xF7	; 247
     462:	7f 4f       	sbci	r23, 0xFF	; 255
     464:	0e 94 d2 04 	call	0x9a4	; 0x9a4 <__unpack_f>
     468:	ce 01       	movw	r24, r28
     46a:	05 96       	adiw	r24, 0x05	; 5
     46c:	be 01       	movw	r22, r28
     46e:	6f 5e       	subi	r22, 0xEF	; 239
     470:	7f 4f       	sbci	r23, 0xFF	; 255
     472:	0e 94 d2 04 	call	0x9a4	; 0x9a4 <__unpack_f>
     476:	99 85       	ldd	r25, Y+9	; 0x09
     478:	92 30       	cpi	r25, 0x02	; 2
     47a:	88 f0       	brcs	.+34     	; 0x49e <__mulsf3+0x60>
     47c:	89 89       	ldd	r24, Y+17	; 0x11
     47e:	82 30       	cpi	r24, 0x02	; 2
     480:	c8 f0       	brcs	.+50     	; 0x4b4 <__mulsf3+0x76>
     482:	94 30       	cpi	r25, 0x04	; 4
     484:	19 f4       	brne	.+6      	; 0x48c <__mulsf3+0x4e>
     486:	82 30       	cpi	r24, 0x02	; 2
     488:	51 f4       	brne	.+20     	; 0x49e <__mulsf3+0x60>
     48a:	04 c0       	rjmp	.+8      	; 0x494 <__mulsf3+0x56>
     48c:	84 30       	cpi	r24, 0x04	; 4
     48e:	29 f4       	brne	.+10     	; 0x49a <__mulsf3+0x5c>
     490:	92 30       	cpi	r25, 0x02	; 2
     492:	81 f4       	brne	.+32     	; 0x4b4 <__mulsf3+0x76>
     494:	86 ea       	ldi	r24, 0xA6	; 166
     496:	90 e0       	ldi	r25, 0x00	; 0
     498:	c6 c0       	rjmp	.+396    	; 0x626 <__mulsf3+0x1e8>
     49a:	92 30       	cpi	r25, 0x02	; 2
     49c:	49 f4       	brne	.+18     	; 0x4b0 <__mulsf3+0x72>
     49e:	20 e0       	ldi	r18, 0x00	; 0
     4a0:	9a 85       	ldd	r25, Y+10	; 0x0a
     4a2:	8a 89       	ldd	r24, Y+18	; 0x12
     4a4:	98 13       	cpse	r25, r24
     4a6:	21 e0       	ldi	r18, 0x01	; 1
     4a8:	2a 87       	std	Y+10, r18	; 0x0a
     4aa:	ce 01       	movw	r24, r28
     4ac:	09 96       	adiw	r24, 0x09	; 9
     4ae:	bb c0       	rjmp	.+374    	; 0x626 <__mulsf3+0x1e8>
     4b0:	82 30       	cpi	r24, 0x02	; 2
     4b2:	49 f4       	brne	.+18     	; 0x4c6 <__mulsf3+0x88>
     4b4:	20 e0       	ldi	r18, 0x00	; 0
     4b6:	9a 85       	ldd	r25, Y+10	; 0x0a
     4b8:	8a 89       	ldd	r24, Y+18	; 0x12
     4ba:	98 13       	cpse	r25, r24
     4bc:	21 e0       	ldi	r18, 0x01	; 1
     4be:	2a 8b       	std	Y+18, r18	; 0x12
     4c0:	ce 01       	movw	r24, r28
     4c2:	41 96       	adiw	r24, 0x11	; 17
     4c4:	b0 c0       	rjmp	.+352    	; 0x626 <__mulsf3+0x1e8>
     4c6:	2d 84       	ldd	r2, Y+13	; 0x0d
     4c8:	3e 84       	ldd	r3, Y+14	; 0x0e
     4ca:	4f 84       	ldd	r4, Y+15	; 0x0f
     4cc:	58 88       	ldd	r5, Y+16	; 0x10
     4ce:	6d 88       	ldd	r6, Y+21	; 0x15
     4d0:	7e 88       	ldd	r7, Y+22	; 0x16
     4d2:	8f 88       	ldd	r8, Y+23	; 0x17
     4d4:	98 8c       	ldd	r9, Y+24	; 0x18
     4d6:	ee 24       	eor	r14, r14
     4d8:	ff 24       	eor	r15, r15
     4da:	87 01       	movw	r16, r14
     4dc:	aa 24       	eor	r10, r10
     4de:	bb 24       	eor	r11, r11
     4e0:	65 01       	movw	r12, r10
     4e2:	40 e0       	ldi	r20, 0x00	; 0
     4e4:	50 e0       	ldi	r21, 0x00	; 0
     4e6:	60 e0       	ldi	r22, 0x00	; 0
     4e8:	70 e0       	ldi	r23, 0x00	; 0
     4ea:	e0 e0       	ldi	r30, 0x00	; 0
     4ec:	f0 e0       	ldi	r31, 0x00	; 0
     4ee:	c1 01       	movw	r24, r2
     4f0:	81 70       	andi	r24, 0x01	; 1
     4f2:	90 70       	andi	r25, 0x00	; 0
     4f4:	89 2b       	or	r24, r25
     4f6:	e9 f0       	breq	.+58     	; 0x532 <__mulsf3+0xf4>
     4f8:	e6 0c       	add	r14, r6
     4fa:	f7 1c       	adc	r15, r7
     4fc:	08 1d       	adc	r16, r8
     4fe:	19 1d       	adc	r17, r9
     500:	9a 01       	movw	r18, r20
     502:	ab 01       	movw	r20, r22
     504:	2a 0d       	add	r18, r10
     506:	3b 1d       	adc	r19, r11
     508:	4c 1d       	adc	r20, r12
     50a:	5d 1d       	adc	r21, r13
     50c:	80 e0       	ldi	r24, 0x00	; 0
     50e:	90 e0       	ldi	r25, 0x00	; 0
     510:	a0 e0       	ldi	r26, 0x00	; 0
     512:	b0 e0       	ldi	r27, 0x00	; 0
     514:	e6 14       	cp	r14, r6
     516:	f7 04       	cpc	r15, r7
     518:	08 05       	cpc	r16, r8
     51a:	19 05       	cpc	r17, r9
     51c:	20 f4       	brcc	.+8      	; 0x526 <__mulsf3+0xe8>
     51e:	81 e0       	ldi	r24, 0x01	; 1
     520:	90 e0       	ldi	r25, 0x00	; 0
     522:	a0 e0       	ldi	r26, 0x00	; 0
     524:	b0 e0       	ldi	r27, 0x00	; 0
     526:	ba 01       	movw	r22, r20
     528:	a9 01       	movw	r20, r18
     52a:	48 0f       	add	r20, r24
     52c:	59 1f       	adc	r21, r25
     52e:	6a 1f       	adc	r22, r26
     530:	7b 1f       	adc	r23, r27
     532:	aa 0c       	add	r10, r10
     534:	bb 1c       	adc	r11, r11
     536:	cc 1c       	adc	r12, r12
     538:	dd 1c       	adc	r13, r13
     53a:	97 fe       	sbrs	r9, 7
     53c:	08 c0       	rjmp	.+16     	; 0x54e <__mulsf3+0x110>
     53e:	81 e0       	ldi	r24, 0x01	; 1
     540:	90 e0       	ldi	r25, 0x00	; 0
     542:	a0 e0       	ldi	r26, 0x00	; 0
     544:	b0 e0       	ldi	r27, 0x00	; 0
     546:	a8 2a       	or	r10, r24
     548:	b9 2a       	or	r11, r25
     54a:	ca 2a       	or	r12, r26
     54c:	db 2a       	or	r13, r27
     54e:	31 96       	adiw	r30, 0x01	; 1
     550:	e0 32       	cpi	r30, 0x20	; 32
     552:	f1 05       	cpc	r31, r1
     554:	49 f0       	breq	.+18     	; 0x568 <__mulsf3+0x12a>
     556:	66 0c       	add	r6, r6
     558:	77 1c       	adc	r7, r7
     55a:	88 1c       	adc	r8, r8
     55c:	99 1c       	adc	r9, r9
     55e:	56 94       	lsr	r5
     560:	47 94       	ror	r4
     562:	37 94       	ror	r3
     564:	27 94       	ror	r2
     566:	c3 cf       	rjmp	.-122    	; 0x4ee <__mulsf3+0xb0>
     568:	fa 85       	ldd	r31, Y+10	; 0x0a
     56a:	ea 89       	ldd	r30, Y+18	; 0x12
     56c:	2b 89       	ldd	r18, Y+19	; 0x13
     56e:	3c 89       	ldd	r19, Y+20	; 0x14
     570:	8b 85       	ldd	r24, Y+11	; 0x0b
     572:	9c 85       	ldd	r25, Y+12	; 0x0c
     574:	28 0f       	add	r18, r24
     576:	39 1f       	adc	r19, r25
     578:	2e 5f       	subi	r18, 0xFE	; 254
     57a:	3f 4f       	sbci	r19, 0xFF	; 255
     57c:	17 c0       	rjmp	.+46     	; 0x5ac <__mulsf3+0x16e>
     57e:	ca 01       	movw	r24, r20
     580:	81 70       	andi	r24, 0x01	; 1
     582:	90 70       	andi	r25, 0x00	; 0
     584:	89 2b       	or	r24, r25
     586:	61 f0       	breq	.+24     	; 0x5a0 <__mulsf3+0x162>
     588:	16 95       	lsr	r17
     58a:	07 95       	ror	r16
     58c:	f7 94       	ror	r15
     58e:	e7 94       	ror	r14
     590:	80 e0       	ldi	r24, 0x00	; 0
     592:	90 e0       	ldi	r25, 0x00	; 0
     594:	a0 e0       	ldi	r26, 0x00	; 0
     596:	b0 e8       	ldi	r27, 0x80	; 128
     598:	e8 2a       	or	r14, r24
     59a:	f9 2a       	or	r15, r25
     59c:	0a 2b       	or	r16, r26
     59e:	1b 2b       	or	r17, r27
     5a0:	76 95       	lsr	r23
     5a2:	67 95       	ror	r22
     5a4:	57 95       	ror	r21
     5a6:	47 95       	ror	r20
     5a8:	2f 5f       	subi	r18, 0xFF	; 255
     5aa:	3f 4f       	sbci	r19, 0xFF	; 255
     5ac:	77 fd       	sbrc	r23, 7
     5ae:	e7 cf       	rjmp	.-50     	; 0x57e <__mulsf3+0x140>
     5b0:	0c c0       	rjmp	.+24     	; 0x5ca <__mulsf3+0x18c>
     5b2:	44 0f       	add	r20, r20
     5b4:	55 1f       	adc	r21, r21
     5b6:	66 1f       	adc	r22, r22
     5b8:	77 1f       	adc	r23, r23
     5ba:	17 fd       	sbrc	r17, 7
     5bc:	41 60       	ori	r20, 0x01	; 1
     5be:	ee 0c       	add	r14, r14
     5c0:	ff 1c       	adc	r15, r15
     5c2:	00 1f       	adc	r16, r16
     5c4:	11 1f       	adc	r17, r17
     5c6:	21 50       	subi	r18, 0x01	; 1
     5c8:	30 40       	sbci	r19, 0x00	; 0
     5ca:	40 30       	cpi	r20, 0x00	; 0
     5cc:	90 e0       	ldi	r25, 0x00	; 0
     5ce:	59 07       	cpc	r21, r25
     5d0:	90 e0       	ldi	r25, 0x00	; 0
     5d2:	69 07       	cpc	r22, r25
     5d4:	90 e4       	ldi	r25, 0x40	; 64
     5d6:	79 07       	cpc	r23, r25
     5d8:	60 f3       	brcs	.-40     	; 0x5b2 <__mulsf3+0x174>
     5da:	2b 8f       	std	Y+27, r18	; 0x1b
     5dc:	3c 8f       	std	Y+28, r19	; 0x1c
     5de:	db 01       	movw	r26, r22
     5e0:	ca 01       	movw	r24, r20
     5e2:	8f 77       	andi	r24, 0x7F	; 127
     5e4:	90 70       	andi	r25, 0x00	; 0
     5e6:	a0 70       	andi	r26, 0x00	; 0
     5e8:	b0 70       	andi	r27, 0x00	; 0
     5ea:	80 34       	cpi	r24, 0x40	; 64
     5ec:	91 05       	cpc	r25, r1
     5ee:	a1 05       	cpc	r26, r1
     5f0:	b1 05       	cpc	r27, r1
     5f2:	61 f4       	brne	.+24     	; 0x60c <__mulsf3+0x1ce>
     5f4:	47 fd       	sbrc	r20, 7
     5f6:	0a c0       	rjmp	.+20     	; 0x60c <__mulsf3+0x1ce>
     5f8:	e1 14       	cp	r14, r1
     5fa:	f1 04       	cpc	r15, r1
     5fc:	01 05       	cpc	r16, r1
     5fe:	11 05       	cpc	r17, r1
     600:	29 f0       	breq	.+10     	; 0x60c <__mulsf3+0x1ce>
     602:	40 5c       	subi	r20, 0xC0	; 192
     604:	5f 4f       	sbci	r21, 0xFF	; 255
     606:	6f 4f       	sbci	r22, 0xFF	; 255
     608:	7f 4f       	sbci	r23, 0xFF	; 255
     60a:	40 78       	andi	r20, 0x80	; 128
     60c:	1a 8e       	std	Y+26, r1	; 0x1a
     60e:	fe 17       	cp	r31, r30
     610:	11 f0       	breq	.+4      	; 0x616 <__mulsf3+0x1d8>
     612:	81 e0       	ldi	r24, 0x01	; 1
     614:	8a 8f       	std	Y+26, r24	; 0x1a
     616:	4d 8f       	std	Y+29, r20	; 0x1d
     618:	5e 8f       	std	Y+30, r21	; 0x1e
     61a:	6f 8f       	std	Y+31, r22	; 0x1f
     61c:	78 a3       	std	Y+32, r23	; 0x20
     61e:	83 e0       	ldi	r24, 0x03	; 3
     620:	89 8f       	std	Y+25, r24	; 0x19
     622:	ce 01       	movw	r24, r28
     624:	49 96       	adiw	r24, 0x19	; 25
     626:	0e 94 fd 03 	call	0x7fa	; 0x7fa <__pack_f>
     62a:	a0 96       	adiw	r28, 0x20	; 32
     62c:	e2 e1       	ldi	r30, 0x12	; 18
     62e:	0c 94 13 23 	jmp	0x4626	; 0x4626 <__epilogue_restores__>

00000632 <__gtsf2>:
     632:	a8 e1       	ldi	r26, 0x18	; 24
     634:	b0 e0       	ldi	r27, 0x00	; 0
     636:	ef e1       	ldi	r30, 0x1F	; 31
     638:	f3 e0       	ldi	r31, 0x03	; 3
     63a:	0c 94 03 23 	jmp	0x4606	; 0x4606 <__prologue_saves__+0x18>
     63e:	69 83       	std	Y+1, r22	; 0x01
     640:	7a 83       	std	Y+2, r23	; 0x02
     642:	8b 83       	std	Y+3, r24	; 0x03
     644:	9c 83       	std	Y+4, r25	; 0x04
     646:	2d 83       	std	Y+5, r18	; 0x05
     648:	3e 83       	std	Y+6, r19	; 0x06
     64a:	4f 83       	std	Y+7, r20	; 0x07
     64c:	58 87       	std	Y+8, r21	; 0x08
     64e:	89 e0       	ldi	r24, 0x09	; 9
     650:	e8 2e       	mov	r14, r24
     652:	f1 2c       	mov	r15, r1
     654:	ec 0e       	add	r14, r28
     656:	fd 1e       	adc	r15, r29
     658:	ce 01       	movw	r24, r28
     65a:	01 96       	adiw	r24, 0x01	; 1
     65c:	b7 01       	movw	r22, r14
     65e:	0e 94 d2 04 	call	0x9a4	; 0x9a4 <__unpack_f>
     662:	8e 01       	movw	r16, r28
     664:	0f 5e       	subi	r16, 0xEF	; 239
     666:	1f 4f       	sbci	r17, 0xFF	; 255
     668:	ce 01       	movw	r24, r28
     66a:	05 96       	adiw	r24, 0x05	; 5
     66c:	b8 01       	movw	r22, r16
     66e:	0e 94 d2 04 	call	0x9a4	; 0x9a4 <__unpack_f>
     672:	89 85       	ldd	r24, Y+9	; 0x09
     674:	82 30       	cpi	r24, 0x02	; 2
     676:	40 f0       	brcs	.+16     	; 0x688 <__gtsf2+0x56>
     678:	89 89       	ldd	r24, Y+17	; 0x11
     67a:	82 30       	cpi	r24, 0x02	; 2
     67c:	28 f0       	brcs	.+10     	; 0x688 <__gtsf2+0x56>
     67e:	c7 01       	movw	r24, r14
     680:	b8 01       	movw	r22, r16
     682:	0e 94 4a 05 	call	0xa94	; 0xa94 <__fpcmp_parts_f>
     686:	01 c0       	rjmp	.+2      	; 0x68a <__gtsf2+0x58>
     688:	8f ef       	ldi	r24, 0xFF	; 255
     68a:	68 96       	adiw	r28, 0x18	; 24
     68c:	e6 e0       	ldi	r30, 0x06	; 6
     68e:	0c 94 1f 23 	jmp	0x463e	; 0x463e <__epilogue_restores__+0x18>

00000692 <__gesf2>:
     692:	a8 e1       	ldi	r26, 0x18	; 24
     694:	b0 e0       	ldi	r27, 0x00	; 0
     696:	ef e4       	ldi	r30, 0x4F	; 79
     698:	f3 e0       	ldi	r31, 0x03	; 3
     69a:	0c 94 03 23 	jmp	0x4606	; 0x4606 <__prologue_saves__+0x18>
     69e:	69 83       	std	Y+1, r22	; 0x01
     6a0:	7a 83       	std	Y+2, r23	; 0x02
     6a2:	8b 83       	std	Y+3, r24	; 0x03
     6a4:	9c 83       	std	Y+4, r25	; 0x04
     6a6:	2d 83       	std	Y+5, r18	; 0x05
     6a8:	3e 83       	std	Y+6, r19	; 0x06
     6aa:	4f 83       	std	Y+7, r20	; 0x07
     6ac:	58 87       	std	Y+8, r21	; 0x08
     6ae:	89 e0       	ldi	r24, 0x09	; 9
     6b0:	e8 2e       	mov	r14, r24
     6b2:	f1 2c       	mov	r15, r1
     6b4:	ec 0e       	add	r14, r28
     6b6:	fd 1e       	adc	r15, r29
     6b8:	ce 01       	movw	r24, r28
     6ba:	01 96       	adiw	r24, 0x01	; 1
     6bc:	b7 01       	movw	r22, r14
     6be:	0e 94 d2 04 	call	0x9a4	; 0x9a4 <__unpack_f>
     6c2:	8e 01       	movw	r16, r28
     6c4:	0f 5e       	subi	r16, 0xEF	; 239
     6c6:	1f 4f       	sbci	r17, 0xFF	; 255
     6c8:	ce 01       	movw	r24, r28
     6ca:	05 96       	adiw	r24, 0x05	; 5
     6cc:	b8 01       	movw	r22, r16
     6ce:	0e 94 d2 04 	call	0x9a4	; 0x9a4 <__unpack_f>
     6d2:	89 85       	ldd	r24, Y+9	; 0x09
     6d4:	82 30       	cpi	r24, 0x02	; 2
     6d6:	40 f0       	brcs	.+16     	; 0x6e8 <__gesf2+0x56>
     6d8:	89 89       	ldd	r24, Y+17	; 0x11
     6da:	82 30       	cpi	r24, 0x02	; 2
     6dc:	28 f0       	brcs	.+10     	; 0x6e8 <__gesf2+0x56>
     6de:	c7 01       	movw	r24, r14
     6e0:	b8 01       	movw	r22, r16
     6e2:	0e 94 4a 05 	call	0xa94	; 0xa94 <__fpcmp_parts_f>
     6e6:	01 c0       	rjmp	.+2      	; 0x6ea <__gesf2+0x58>
     6e8:	8f ef       	ldi	r24, 0xFF	; 255
     6ea:	68 96       	adiw	r28, 0x18	; 24
     6ec:	e6 e0       	ldi	r30, 0x06	; 6
     6ee:	0c 94 1f 23 	jmp	0x463e	; 0x463e <__epilogue_restores__+0x18>

000006f2 <__ltsf2>:
     6f2:	a8 e1       	ldi	r26, 0x18	; 24
     6f4:	b0 e0       	ldi	r27, 0x00	; 0
     6f6:	ef e7       	ldi	r30, 0x7F	; 127
     6f8:	f3 e0       	ldi	r31, 0x03	; 3
     6fa:	0c 94 03 23 	jmp	0x4606	; 0x4606 <__prologue_saves__+0x18>
     6fe:	69 83       	std	Y+1, r22	; 0x01
     700:	7a 83       	std	Y+2, r23	; 0x02
     702:	8b 83       	std	Y+3, r24	; 0x03
     704:	9c 83       	std	Y+4, r25	; 0x04
     706:	2d 83       	std	Y+5, r18	; 0x05
     708:	3e 83       	std	Y+6, r19	; 0x06
     70a:	4f 83       	std	Y+7, r20	; 0x07
     70c:	58 87       	std	Y+8, r21	; 0x08
     70e:	89 e0       	ldi	r24, 0x09	; 9
     710:	e8 2e       	mov	r14, r24
     712:	f1 2c       	mov	r15, r1
     714:	ec 0e       	add	r14, r28
     716:	fd 1e       	adc	r15, r29
     718:	ce 01       	movw	r24, r28
     71a:	01 96       	adiw	r24, 0x01	; 1
     71c:	b7 01       	movw	r22, r14
     71e:	0e 94 d2 04 	call	0x9a4	; 0x9a4 <__unpack_f>
     722:	8e 01       	movw	r16, r28
     724:	0f 5e       	subi	r16, 0xEF	; 239
     726:	1f 4f       	sbci	r17, 0xFF	; 255
     728:	ce 01       	movw	r24, r28
     72a:	05 96       	adiw	r24, 0x05	; 5
     72c:	b8 01       	movw	r22, r16
     72e:	0e 94 d2 04 	call	0x9a4	; 0x9a4 <__unpack_f>
     732:	89 85       	ldd	r24, Y+9	; 0x09
     734:	82 30       	cpi	r24, 0x02	; 2
     736:	40 f0       	brcs	.+16     	; 0x748 <__ltsf2+0x56>
     738:	89 89       	ldd	r24, Y+17	; 0x11
     73a:	82 30       	cpi	r24, 0x02	; 2
     73c:	28 f0       	brcs	.+10     	; 0x748 <__ltsf2+0x56>
     73e:	c7 01       	movw	r24, r14
     740:	b8 01       	movw	r22, r16
     742:	0e 94 4a 05 	call	0xa94	; 0xa94 <__fpcmp_parts_f>
     746:	01 c0       	rjmp	.+2      	; 0x74a <__ltsf2+0x58>
     748:	81 e0       	ldi	r24, 0x01	; 1
     74a:	68 96       	adiw	r28, 0x18	; 24
     74c:	e6 e0       	ldi	r30, 0x06	; 6
     74e:	0c 94 1f 23 	jmp	0x463e	; 0x463e <__epilogue_restores__+0x18>

00000752 <__fixsfsi>:
     752:	ac e0       	ldi	r26, 0x0C	; 12
     754:	b0 e0       	ldi	r27, 0x00	; 0
     756:	ef ea       	ldi	r30, 0xAF	; 175
     758:	f3 e0       	ldi	r31, 0x03	; 3
     75a:	0c 94 07 23 	jmp	0x460e	; 0x460e <__prologue_saves__+0x20>
     75e:	69 83       	std	Y+1, r22	; 0x01
     760:	7a 83       	std	Y+2, r23	; 0x02
     762:	8b 83       	std	Y+3, r24	; 0x03
     764:	9c 83       	std	Y+4, r25	; 0x04
     766:	ce 01       	movw	r24, r28
     768:	01 96       	adiw	r24, 0x01	; 1
     76a:	be 01       	movw	r22, r28
     76c:	6b 5f       	subi	r22, 0xFB	; 251
     76e:	7f 4f       	sbci	r23, 0xFF	; 255
     770:	0e 94 d2 04 	call	0x9a4	; 0x9a4 <__unpack_f>
     774:	8d 81       	ldd	r24, Y+5	; 0x05
     776:	82 30       	cpi	r24, 0x02	; 2
     778:	61 f1       	breq	.+88     	; 0x7d2 <__fixsfsi+0x80>
     77a:	82 30       	cpi	r24, 0x02	; 2
     77c:	50 f1       	brcs	.+84     	; 0x7d2 <__fixsfsi+0x80>
     77e:	84 30       	cpi	r24, 0x04	; 4
     780:	21 f4       	brne	.+8      	; 0x78a <__fixsfsi+0x38>
     782:	8e 81       	ldd	r24, Y+6	; 0x06
     784:	88 23       	and	r24, r24
     786:	51 f1       	breq	.+84     	; 0x7dc <__fixsfsi+0x8a>
     788:	2e c0       	rjmp	.+92     	; 0x7e6 <__fixsfsi+0x94>
     78a:	2f 81       	ldd	r18, Y+7	; 0x07
     78c:	38 85       	ldd	r19, Y+8	; 0x08
     78e:	37 fd       	sbrc	r19, 7
     790:	20 c0       	rjmp	.+64     	; 0x7d2 <__fixsfsi+0x80>
     792:	6e 81       	ldd	r22, Y+6	; 0x06
     794:	2f 31       	cpi	r18, 0x1F	; 31
     796:	31 05       	cpc	r19, r1
     798:	1c f0       	brlt	.+6      	; 0x7a0 <__fixsfsi+0x4e>
     79a:	66 23       	and	r22, r22
     79c:	f9 f0       	breq	.+62     	; 0x7dc <__fixsfsi+0x8a>
     79e:	23 c0       	rjmp	.+70     	; 0x7e6 <__fixsfsi+0x94>
     7a0:	8e e1       	ldi	r24, 0x1E	; 30
     7a2:	90 e0       	ldi	r25, 0x00	; 0
     7a4:	82 1b       	sub	r24, r18
     7a6:	93 0b       	sbc	r25, r19
     7a8:	29 85       	ldd	r18, Y+9	; 0x09
     7aa:	3a 85       	ldd	r19, Y+10	; 0x0a
     7ac:	4b 85       	ldd	r20, Y+11	; 0x0b
     7ae:	5c 85       	ldd	r21, Y+12	; 0x0c
     7b0:	04 c0       	rjmp	.+8      	; 0x7ba <__fixsfsi+0x68>
     7b2:	56 95       	lsr	r21
     7b4:	47 95       	ror	r20
     7b6:	37 95       	ror	r19
     7b8:	27 95       	ror	r18
     7ba:	8a 95       	dec	r24
     7bc:	d2 f7       	brpl	.-12     	; 0x7b2 <__fixsfsi+0x60>
     7be:	66 23       	and	r22, r22
     7c0:	b1 f0       	breq	.+44     	; 0x7ee <__fixsfsi+0x9c>
     7c2:	50 95       	com	r21
     7c4:	40 95       	com	r20
     7c6:	30 95       	com	r19
     7c8:	21 95       	neg	r18
     7ca:	3f 4f       	sbci	r19, 0xFF	; 255
     7cc:	4f 4f       	sbci	r20, 0xFF	; 255
     7ce:	5f 4f       	sbci	r21, 0xFF	; 255
     7d0:	0e c0       	rjmp	.+28     	; 0x7ee <__fixsfsi+0x9c>
     7d2:	20 e0       	ldi	r18, 0x00	; 0
     7d4:	30 e0       	ldi	r19, 0x00	; 0
     7d6:	40 e0       	ldi	r20, 0x00	; 0
     7d8:	50 e0       	ldi	r21, 0x00	; 0
     7da:	09 c0       	rjmp	.+18     	; 0x7ee <__fixsfsi+0x9c>
     7dc:	2f ef       	ldi	r18, 0xFF	; 255
     7de:	3f ef       	ldi	r19, 0xFF	; 255
     7e0:	4f ef       	ldi	r20, 0xFF	; 255
     7e2:	5f e7       	ldi	r21, 0x7F	; 127
     7e4:	04 c0       	rjmp	.+8      	; 0x7ee <__fixsfsi+0x9c>
     7e6:	20 e0       	ldi	r18, 0x00	; 0
     7e8:	30 e0       	ldi	r19, 0x00	; 0
     7ea:	40 e0       	ldi	r20, 0x00	; 0
     7ec:	50 e8       	ldi	r21, 0x80	; 128
     7ee:	b9 01       	movw	r22, r18
     7f0:	ca 01       	movw	r24, r20
     7f2:	2c 96       	adiw	r28, 0x0c	; 12
     7f4:	e2 e0       	ldi	r30, 0x02	; 2
     7f6:	0c 94 23 23 	jmp	0x4646	; 0x4646 <__epilogue_restores__+0x20>

000007fa <__pack_f>:
     7fa:	df 92       	push	r13
     7fc:	ef 92       	push	r14
     7fe:	ff 92       	push	r15
     800:	0f 93       	push	r16
     802:	1f 93       	push	r17
     804:	fc 01       	movw	r30, r24
     806:	e4 80       	ldd	r14, Z+4	; 0x04
     808:	f5 80       	ldd	r15, Z+5	; 0x05
     80a:	06 81       	ldd	r16, Z+6	; 0x06
     80c:	17 81       	ldd	r17, Z+7	; 0x07
     80e:	d1 80       	ldd	r13, Z+1	; 0x01
     810:	80 81       	ld	r24, Z
     812:	82 30       	cpi	r24, 0x02	; 2
     814:	48 f4       	brcc	.+18     	; 0x828 <__pack_f+0x2e>
     816:	80 e0       	ldi	r24, 0x00	; 0
     818:	90 e0       	ldi	r25, 0x00	; 0
     81a:	a0 e1       	ldi	r26, 0x10	; 16
     81c:	b0 e0       	ldi	r27, 0x00	; 0
     81e:	e8 2a       	or	r14, r24
     820:	f9 2a       	or	r15, r25
     822:	0a 2b       	or	r16, r26
     824:	1b 2b       	or	r17, r27
     826:	a5 c0       	rjmp	.+330    	; 0x972 <__stack+0x113>
     828:	84 30       	cpi	r24, 0x04	; 4
     82a:	09 f4       	brne	.+2      	; 0x82e <__pack_f+0x34>
     82c:	9f c0       	rjmp	.+318    	; 0x96c <__stack+0x10d>
     82e:	82 30       	cpi	r24, 0x02	; 2
     830:	21 f4       	brne	.+8      	; 0x83a <__pack_f+0x40>
     832:	ee 24       	eor	r14, r14
     834:	ff 24       	eor	r15, r15
     836:	87 01       	movw	r16, r14
     838:	05 c0       	rjmp	.+10     	; 0x844 <__pack_f+0x4a>
     83a:	e1 14       	cp	r14, r1
     83c:	f1 04       	cpc	r15, r1
     83e:	01 05       	cpc	r16, r1
     840:	11 05       	cpc	r17, r1
     842:	19 f4       	brne	.+6      	; 0x84a <__pack_f+0x50>
     844:	e0 e0       	ldi	r30, 0x00	; 0
     846:	f0 e0       	ldi	r31, 0x00	; 0
     848:	96 c0       	rjmp	.+300    	; 0x976 <__stack+0x117>
     84a:	62 81       	ldd	r22, Z+2	; 0x02
     84c:	73 81       	ldd	r23, Z+3	; 0x03
     84e:	9f ef       	ldi	r25, 0xFF	; 255
     850:	62 38       	cpi	r22, 0x82	; 130
     852:	79 07       	cpc	r23, r25
     854:	0c f0       	brlt	.+2      	; 0x858 <__pack_f+0x5e>
     856:	5b c0       	rjmp	.+182    	; 0x90e <__stack+0xaf>
     858:	22 e8       	ldi	r18, 0x82	; 130
     85a:	3f ef       	ldi	r19, 0xFF	; 255
     85c:	26 1b       	sub	r18, r22
     85e:	37 0b       	sbc	r19, r23
     860:	2a 31       	cpi	r18, 0x1A	; 26
     862:	31 05       	cpc	r19, r1
     864:	2c f0       	brlt	.+10     	; 0x870 <__stack+0x11>
     866:	20 e0       	ldi	r18, 0x00	; 0
     868:	30 e0       	ldi	r19, 0x00	; 0
     86a:	40 e0       	ldi	r20, 0x00	; 0
     86c:	50 e0       	ldi	r21, 0x00	; 0
     86e:	2a c0       	rjmp	.+84     	; 0x8c4 <__stack+0x65>
     870:	b8 01       	movw	r22, r16
     872:	a7 01       	movw	r20, r14
     874:	02 2e       	mov	r0, r18
     876:	04 c0       	rjmp	.+8      	; 0x880 <__stack+0x21>
     878:	76 95       	lsr	r23
     87a:	67 95       	ror	r22
     87c:	57 95       	ror	r21
     87e:	47 95       	ror	r20
     880:	0a 94       	dec	r0
     882:	d2 f7       	brpl	.-12     	; 0x878 <__stack+0x19>
     884:	81 e0       	ldi	r24, 0x01	; 1
     886:	90 e0       	ldi	r25, 0x00	; 0
     888:	a0 e0       	ldi	r26, 0x00	; 0
     88a:	b0 e0       	ldi	r27, 0x00	; 0
     88c:	04 c0       	rjmp	.+8      	; 0x896 <__stack+0x37>
     88e:	88 0f       	add	r24, r24
     890:	99 1f       	adc	r25, r25
     892:	aa 1f       	adc	r26, r26
     894:	bb 1f       	adc	r27, r27
     896:	2a 95       	dec	r18
     898:	d2 f7       	brpl	.-12     	; 0x88e <__stack+0x2f>
     89a:	01 97       	sbiw	r24, 0x01	; 1
     89c:	a1 09       	sbc	r26, r1
     89e:	b1 09       	sbc	r27, r1
     8a0:	8e 21       	and	r24, r14
     8a2:	9f 21       	and	r25, r15
     8a4:	a0 23       	and	r26, r16
     8a6:	b1 23       	and	r27, r17
     8a8:	00 97       	sbiw	r24, 0x00	; 0
     8aa:	a1 05       	cpc	r26, r1
     8ac:	b1 05       	cpc	r27, r1
     8ae:	21 f0       	breq	.+8      	; 0x8b8 <__stack+0x59>
     8b0:	81 e0       	ldi	r24, 0x01	; 1
     8b2:	90 e0       	ldi	r25, 0x00	; 0
     8b4:	a0 e0       	ldi	r26, 0x00	; 0
     8b6:	b0 e0       	ldi	r27, 0x00	; 0
     8b8:	9a 01       	movw	r18, r20
     8ba:	ab 01       	movw	r20, r22
     8bc:	28 2b       	or	r18, r24
     8be:	39 2b       	or	r19, r25
     8c0:	4a 2b       	or	r20, r26
     8c2:	5b 2b       	or	r21, r27
     8c4:	da 01       	movw	r26, r20
     8c6:	c9 01       	movw	r24, r18
     8c8:	8f 77       	andi	r24, 0x7F	; 127
     8ca:	90 70       	andi	r25, 0x00	; 0
     8cc:	a0 70       	andi	r26, 0x00	; 0
     8ce:	b0 70       	andi	r27, 0x00	; 0
     8d0:	80 34       	cpi	r24, 0x40	; 64
     8d2:	91 05       	cpc	r25, r1
     8d4:	a1 05       	cpc	r26, r1
     8d6:	b1 05       	cpc	r27, r1
     8d8:	39 f4       	brne	.+14     	; 0x8e8 <__stack+0x89>
     8da:	27 ff       	sbrs	r18, 7
     8dc:	09 c0       	rjmp	.+18     	; 0x8f0 <__stack+0x91>
     8de:	20 5c       	subi	r18, 0xC0	; 192
     8e0:	3f 4f       	sbci	r19, 0xFF	; 255
     8e2:	4f 4f       	sbci	r20, 0xFF	; 255
     8e4:	5f 4f       	sbci	r21, 0xFF	; 255
     8e6:	04 c0       	rjmp	.+8      	; 0x8f0 <__stack+0x91>
     8e8:	21 5c       	subi	r18, 0xC1	; 193
     8ea:	3f 4f       	sbci	r19, 0xFF	; 255
     8ec:	4f 4f       	sbci	r20, 0xFF	; 255
     8ee:	5f 4f       	sbci	r21, 0xFF	; 255
     8f0:	e0 e0       	ldi	r30, 0x00	; 0
     8f2:	f0 e0       	ldi	r31, 0x00	; 0
     8f4:	20 30       	cpi	r18, 0x00	; 0
     8f6:	a0 e0       	ldi	r26, 0x00	; 0
     8f8:	3a 07       	cpc	r19, r26
     8fa:	a0 e0       	ldi	r26, 0x00	; 0
     8fc:	4a 07       	cpc	r20, r26
     8fe:	a0 e4       	ldi	r26, 0x40	; 64
     900:	5a 07       	cpc	r21, r26
     902:	10 f0       	brcs	.+4      	; 0x908 <__stack+0xa9>
     904:	e1 e0       	ldi	r30, 0x01	; 1
     906:	f0 e0       	ldi	r31, 0x00	; 0
     908:	79 01       	movw	r14, r18
     90a:	8a 01       	movw	r16, r20
     90c:	27 c0       	rjmp	.+78     	; 0x95c <__stack+0xfd>
     90e:	60 38       	cpi	r22, 0x80	; 128
     910:	71 05       	cpc	r23, r1
     912:	64 f5       	brge	.+88     	; 0x96c <__stack+0x10d>
     914:	fb 01       	movw	r30, r22
     916:	e1 58       	subi	r30, 0x81	; 129
     918:	ff 4f       	sbci	r31, 0xFF	; 255
     91a:	d8 01       	movw	r26, r16
     91c:	c7 01       	movw	r24, r14
     91e:	8f 77       	andi	r24, 0x7F	; 127
     920:	90 70       	andi	r25, 0x00	; 0
     922:	a0 70       	andi	r26, 0x00	; 0
     924:	b0 70       	andi	r27, 0x00	; 0
     926:	80 34       	cpi	r24, 0x40	; 64
     928:	91 05       	cpc	r25, r1
     92a:	a1 05       	cpc	r26, r1
     92c:	b1 05       	cpc	r27, r1
     92e:	39 f4       	brne	.+14     	; 0x93e <__stack+0xdf>
     930:	e7 fe       	sbrs	r14, 7
     932:	0d c0       	rjmp	.+26     	; 0x94e <__stack+0xef>
     934:	80 e4       	ldi	r24, 0x40	; 64
     936:	90 e0       	ldi	r25, 0x00	; 0
     938:	a0 e0       	ldi	r26, 0x00	; 0
     93a:	b0 e0       	ldi	r27, 0x00	; 0
     93c:	04 c0       	rjmp	.+8      	; 0x946 <__stack+0xe7>
     93e:	8f e3       	ldi	r24, 0x3F	; 63
     940:	90 e0       	ldi	r25, 0x00	; 0
     942:	a0 e0       	ldi	r26, 0x00	; 0
     944:	b0 e0       	ldi	r27, 0x00	; 0
     946:	e8 0e       	add	r14, r24
     948:	f9 1e       	adc	r15, r25
     94a:	0a 1f       	adc	r16, r26
     94c:	1b 1f       	adc	r17, r27
     94e:	17 ff       	sbrs	r17, 7
     950:	05 c0       	rjmp	.+10     	; 0x95c <__stack+0xfd>
     952:	16 95       	lsr	r17
     954:	07 95       	ror	r16
     956:	f7 94       	ror	r15
     958:	e7 94       	ror	r14
     95a:	31 96       	adiw	r30, 0x01	; 1
     95c:	87 e0       	ldi	r24, 0x07	; 7
     95e:	16 95       	lsr	r17
     960:	07 95       	ror	r16
     962:	f7 94       	ror	r15
     964:	e7 94       	ror	r14
     966:	8a 95       	dec	r24
     968:	d1 f7       	brne	.-12     	; 0x95e <__stack+0xff>
     96a:	05 c0       	rjmp	.+10     	; 0x976 <__stack+0x117>
     96c:	ee 24       	eor	r14, r14
     96e:	ff 24       	eor	r15, r15
     970:	87 01       	movw	r16, r14
     972:	ef ef       	ldi	r30, 0xFF	; 255
     974:	f0 e0       	ldi	r31, 0x00	; 0
     976:	6e 2f       	mov	r22, r30
     978:	67 95       	ror	r22
     97a:	66 27       	eor	r22, r22
     97c:	67 95       	ror	r22
     97e:	90 2f       	mov	r25, r16
     980:	9f 77       	andi	r25, 0x7F	; 127
     982:	d7 94       	ror	r13
     984:	dd 24       	eor	r13, r13
     986:	d7 94       	ror	r13
     988:	8e 2f       	mov	r24, r30
     98a:	86 95       	lsr	r24
     98c:	49 2f       	mov	r20, r25
     98e:	46 2b       	or	r20, r22
     990:	58 2f       	mov	r21, r24
     992:	5d 29       	or	r21, r13
     994:	b7 01       	movw	r22, r14
     996:	ca 01       	movw	r24, r20
     998:	1f 91       	pop	r17
     99a:	0f 91       	pop	r16
     99c:	ff 90       	pop	r15
     99e:	ef 90       	pop	r14
     9a0:	df 90       	pop	r13
     9a2:	08 95       	ret

000009a4 <__unpack_f>:
     9a4:	fc 01       	movw	r30, r24
     9a6:	db 01       	movw	r26, r22
     9a8:	40 81       	ld	r20, Z
     9aa:	51 81       	ldd	r21, Z+1	; 0x01
     9ac:	22 81       	ldd	r18, Z+2	; 0x02
     9ae:	62 2f       	mov	r22, r18
     9b0:	6f 77       	andi	r22, 0x7F	; 127
     9b2:	70 e0       	ldi	r23, 0x00	; 0
     9b4:	22 1f       	adc	r18, r18
     9b6:	22 27       	eor	r18, r18
     9b8:	22 1f       	adc	r18, r18
     9ba:	93 81       	ldd	r25, Z+3	; 0x03
     9bc:	89 2f       	mov	r24, r25
     9be:	88 0f       	add	r24, r24
     9c0:	82 2b       	or	r24, r18
     9c2:	28 2f       	mov	r18, r24
     9c4:	30 e0       	ldi	r19, 0x00	; 0
     9c6:	99 1f       	adc	r25, r25
     9c8:	99 27       	eor	r25, r25
     9ca:	99 1f       	adc	r25, r25
     9cc:	11 96       	adiw	r26, 0x01	; 1
     9ce:	9c 93       	st	X, r25
     9d0:	11 97       	sbiw	r26, 0x01	; 1
     9d2:	21 15       	cp	r18, r1
     9d4:	31 05       	cpc	r19, r1
     9d6:	a9 f5       	brne	.+106    	; 0xa42 <__unpack_f+0x9e>
     9d8:	41 15       	cp	r20, r1
     9da:	51 05       	cpc	r21, r1
     9dc:	61 05       	cpc	r22, r1
     9de:	71 05       	cpc	r23, r1
     9e0:	11 f4       	brne	.+4      	; 0x9e6 <__unpack_f+0x42>
     9e2:	82 e0       	ldi	r24, 0x02	; 2
     9e4:	37 c0       	rjmp	.+110    	; 0xa54 <__unpack_f+0xb0>
     9e6:	82 e8       	ldi	r24, 0x82	; 130
     9e8:	9f ef       	ldi	r25, 0xFF	; 255
     9ea:	13 96       	adiw	r26, 0x03	; 3
     9ec:	9c 93       	st	X, r25
     9ee:	8e 93       	st	-X, r24
     9f0:	12 97       	sbiw	r26, 0x02	; 2
     9f2:	9a 01       	movw	r18, r20
     9f4:	ab 01       	movw	r20, r22
     9f6:	67 e0       	ldi	r22, 0x07	; 7
     9f8:	22 0f       	add	r18, r18
     9fa:	33 1f       	adc	r19, r19
     9fc:	44 1f       	adc	r20, r20
     9fe:	55 1f       	adc	r21, r21
     a00:	6a 95       	dec	r22
     a02:	d1 f7       	brne	.-12     	; 0x9f8 <__unpack_f+0x54>
     a04:	83 e0       	ldi	r24, 0x03	; 3
     a06:	8c 93       	st	X, r24
     a08:	0d c0       	rjmp	.+26     	; 0xa24 <__unpack_f+0x80>
     a0a:	22 0f       	add	r18, r18
     a0c:	33 1f       	adc	r19, r19
     a0e:	44 1f       	adc	r20, r20
     a10:	55 1f       	adc	r21, r21
     a12:	12 96       	adiw	r26, 0x02	; 2
     a14:	8d 91       	ld	r24, X+
     a16:	9c 91       	ld	r25, X
     a18:	13 97       	sbiw	r26, 0x03	; 3
     a1a:	01 97       	sbiw	r24, 0x01	; 1
     a1c:	13 96       	adiw	r26, 0x03	; 3
     a1e:	9c 93       	st	X, r25
     a20:	8e 93       	st	-X, r24
     a22:	12 97       	sbiw	r26, 0x02	; 2
     a24:	20 30       	cpi	r18, 0x00	; 0
     a26:	80 e0       	ldi	r24, 0x00	; 0
     a28:	38 07       	cpc	r19, r24
     a2a:	80 e0       	ldi	r24, 0x00	; 0
     a2c:	48 07       	cpc	r20, r24
     a2e:	80 e4       	ldi	r24, 0x40	; 64
     a30:	58 07       	cpc	r21, r24
     a32:	58 f3       	brcs	.-42     	; 0xa0a <__unpack_f+0x66>
     a34:	14 96       	adiw	r26, 0x04	; 4
     a36:	2d 93       	st	X+, r18
     a38:	3d 93       	st	X+, r19
     a3a:	4d 93       	st	X+, r20
     a3c:	5c 93       	st	X, r21
     a3e:	17 97       	sbiw	r26, 0x07	; 7
     a40:	08 95       	ret
     a42:	2f 3f       	cpi	r18, 0xFF	; 255
     a44:	31 05       	cpc	r19, r1
     a46:	79 f4       	brne	.+30     	; 0xa66 <__unpack_f+0xc2>
     a48:	41 15       	cp	r20, r1
     a4a:	51 05       	cpc	r21, r1
     a4c:	61 05       	cpc	r22, r1
     a4e:	71 05       	cpc	r23, r1
     a50:	19 f4       	brne	.+6      	; 0xa58 <__unpack_f+0xb4>
     a52:	84 e0       	ldi	r24, 0x04	; 4
     a54:	8c 93       	st	X, r24
     a56:	08 95       	ret
     a58:	64 ff       	sbrs	r22, 4
     a5a:	03 c0       	rjmp	.+6      	; 0xa62 <__unpack_f+0xbe>
     a5c:	81 e0       	ldi	r24, 0x01	; 1
     a5e:	8c 93       	st	X, r24
     a60:	12 c0       	rjmp	.+36     	; 0xa86 <__unpack_f+0xe2>
     a62:	1c 92       	st	X, r1
     a64:	10 c0       	rjmp	.+32     	; 0xa86 <__unpack_f+0xe2>
     a66:	2f 57       	subi	r18, 0x7F	; 127
     a68:	30 40       	sbci	r19, 0x00	; 0
     a6a:	13 96       	adiw	r26, 0x03	; 3
     a6c:	3c 93       	st	X, r19
     a6e:	2e 93       	st	-X, r18
     a70:	12 97       	sbiw	r26, 0x02	; 2
     a72:	83 e0       	ldi	r24, 0x03	; 3
     a74:	8c 93       	st	X, r24
     a76:	87 e0       	ldi	r24, 0x07	; 7
     a78:	44 0f       	add	r20, r20
     a7a:	55 1f       	adc	r21, r21
     a7c:	66 1f       	adc	r22, r22
     a7e:	77 1f       	adc	r23, r23
     a80:	8a 95       	dec	r24
     a82:	d1 f7       	brne	.-12     	; 0xa78 <__unpack_f+0xd4>
     a84:	70 64       	ori	r23, 0x40	; 64
     a86:	14 96       	adiw	r26, 0x04	; 4
     a88:	4d 93       	st	X+, r20
     a8a:	5d 93       	st	X+, r21
     a8c:	6d 93       	st	X+, r22
     a8e:	7c 93       	st	X, r23
     a90:	17 97       	sbiw	r26, 0x07	; 7
     a92:	08 95       	ret

00000a94 <__fpcmp_parts_f>:
     a94:	1f 93       	push	r17
     a96:	dc 01       	movw	r26, r24
     a98:	fb 01       	movw	r30, r22
     a9a:	9c 91       	ld	r25, X
     a9c:	92 30       	cpi	r25, 0x02	; 2
     a9e:	08 f4       	brcc	.+2      	; 0xaa2 <__fpcmp_parts_f+0xe>
     aa0:	47 c0       	rjmp	.+142    	; 0xb30 <__fpcmp_parts_f+0x9c>
     aa2:	80 81       	ld	r24, Z
     aa4:	82 30       	cpi	r24, 0x02	; 2
     aa6:	08 f4       	brcc	.+2      	; 0xaaa <__fpcmp_parts_f+0x16>
     aa8:	43 c0       	rjmp	.+134    	; 0xb30 <__fpcmp_parts_f+0x9c>
     aaa:	94 30       	cpi	r25, 0x04	; 4
     aac:	51 f4       	brne	.+20     	; 0xac2 <__fpcmp_parts_f+0x2e>
     aae:	11 96       	adiw	r26, 0x01	; 1
     ab0:	1c 91       	ld	r17, X
     ab2:	84 30       	cpi	r24, 0x04	; 4
     ab4:	99 f5       	brne	.+102    	; 0xb1c <__fpcmp_parts_f+0x88>
     ab6:	81 81       	ldd	r24, Z+1	; 0x01
     ab8:	68 2f       	mov	r22, r24
     aba:	70 e0       	ldi	r23, 0x00	; 0
     abc:	61 1b       	sub	r22, r17
     abe:	71 09       	sbc	r23, r1
     ac0:	3f c0       	rjmp	.+126    	; 0xb40 <__fpcmp_parts_f+0xac>
     ac2:	84 30       	cpi	r24, 0x04	; 4
     ac4:	21 f0       	breq	.+8      	; 0xace <__fpcmp_parts_f+0x3a>
     ac6:	92 30       	cpi	r25, 0x02	; 2
     ac8:	31 f4       	brne	.+12     	; 0xad6 <__fpcmp_parts_f+0x42>
     aca:	82 30       	cpi	r24, 0x02	; 2
     acc:	b9 f1       	breq	.+110    	; 0xb3c <__fpcmp_parts_f+0xa8>
     ace:	81 81       	ldd	r24, Z+1	; 0x01
     ad0:	88 23       	and	r24, r24
     ad2:	89 f1       	breq	.+98     	; 0xb36 <__fpcmp_parts_f+0xa2>
     ad4:	2d c0       	rjmp	.+90     	; 0xb30 <__fpcmp_parts_f+0x9c>
     ad6:	11 96       	adiw	r26, 0x01	; 1
     ad8:	1c 91       	ld	r17, X
     ada:	11 97       	sbiw	r26, 0x01	; 1
     adc:	82 30       	cpi	r24, 0x02	; 2
     ade:	f1 f0       	breq	.+60     	; 0xb1c <__fpcmp_parts_f+0x88>
     ae0:	81 81       	ldd	r24, Z+1	; 0x01
     ae2:	18 17       	cp	r17, r24
     ae4:	d9 f4       	brne	.+54     	; 0xb1c <__fpcmp_parts_f+0x88>
     ae6:	12 96       	adiw	r26, 0x02	; 2
     ae8:	2d 91       	ld	r18, X+
     aea:	3c 91       	ld	r19, X
     aec:	13 97       	sbiw	r26, 0x03	; 3
     aee:	82 81       	ldd	r24, Z+2	; 0x02
     af0:	93 81       	ldd	r25, Z+3	; 0x03
     af2:	82 17       	cp	r24, r18
     af4:	93 07       	cpc	r25, r19
     af6:	94 f0       	brlt	.+36     	; 0xb1c <__fpcmp_parts_f+0x88>
     af8:	28 17       	cp	r18, r24
     afa:	39 07       	cpc	r19, r25
     afc:	bc f0       	brlt	.+46     	; 0xb2c <__fpcmp_parts_f+0x98>
     afe:	14 96       	adiw	r26, 0x04	; 4
     b00:	8d 91       	ld	r24, X+
     b02:	9d 91       	ld	r25, X+
     b04:	0d 90       	ld	r0, X+
     b06:	bc 91       	ld	r27, X
     b08:	a0 2d       	mov	r26, r0
     b0a:	24 81       	ldd	r18, Z+4	; 0x04
     b0c:	35 81       	ldd	r19, Z+5	; 0x05
     b0e:	46 81       	ldd	r20, Z+6	; 0x06
     b10:	57 81       	ldd	r21, Z+7	; 0x07
     b12:	28 17       	cp	r18, r24
     b14:	39 07       	cpc	r19, r25
     b16:	4a 07       	cpc	r20, r26
     b18:	5b 07       	cpc	r21, r27
     b1a:	18 f4       	brcc	.+6      	; 0xb22 <__fpcmp_parts_f+0x8e>
     b1c:	11 23       	and	r17, r17
     b1e:	41 f0       	breq	.+16     	; 0xb30 <__fpcmp_parts_f+0x9c>
     b20:	0a c0       	rjmp	.+20     	; 0xb36 <__fpcmp_parts_f+0xa2>
     b22:	82 17       	cp	r24, r18
     b24:	93 07       	cpc	r25, r19
     b26:	a4 07       	cpc	r26, r20
     b28:	b5 07       	cpc	r27, r21
     b2a:	40 f4       	brcc	.+16     	; 0xb3c <__fpcmp_parts_f+0xa8>
     b2c:	11 23       	and	r17, r17
     b2e:	19 f0       	breq	.+6      	; 0xb36 <__fpcmp_parts_f+0xa2>
     b30:	61 e0       	ldi	r22, 0x01	; 1
     b32:	70 e0       	ldi	r23, 0x00	; 0
     b34:	05 c0       	rjmp	.+10     	; 0xb40 <__fpcmp_parts_f+0xac>
     b36:	6f ef       	ldi	r22, 0xFF	; 255
     b38:	7f ef       	ldi	r23, 0xFF	; 255
     b3a:	02 c0       	rjmp	.+4      	; 0xb40 <__fpcmp_parts_f+0xac>
     b3c:	60 e0       	ldi	r22, 0x00	; 0
     b3e:	70 e0       	ldi	r23, 0x00	; 0
     b40:	cb 01       	movw	r24, r22
     b42:	1f 91       	pop	r17
     b44:	08 95       	ret

00000b46 <EEPROM_init>:
#include"Bit_Math.h"
#include"TWI.h"
#include<util/delay.h>

void EEPROM_init(void)
{
     b46:	df 93       	push	r29
     b48:	cf 93       	push	r28
     b4a:	cd b7       	in	r28, 0x3d	; 61
     b4c:	de b7       	in	r29, 0x3e	; 62
	TWI_init();
     b4e:	0e 94 ac 0c 	call	0x1958	; 0x1958 <TWI_init>
}
     b52:	cf 91       	pop	r28
     b54:	df 91       	pop	r29
     b56:	08 95       	ret

00000b58 <EEPROM_Write_Data>:

void EEPROM_Write_Data(u8 u8address,u8 u8data)
{
     b58:	df 93       	push	r29
     b5a:	cf 93       	push	r28
     b5c:	00 d0       	rcall	.+0      	; 0xb5e <EEPROM_Write_Data+0x6>
     b5e:	cd b7       	in	r28, 0x3d	; 61
     b60:	de b7       	in	r29, 0x3e	; 62
     b62:	89 83       	std	Y+1, r24	; 0x01
     b64:	6a 83       	std	Y+2, r22	; 0x02
	TWI_StartCond();
     b66:	0e 94 c2 0c 	call	0x1984	; 0x1984 <TWI_StartCond>
	TWI_Write(0b10100000);
     b6a:	80 ea       	ldi	r24, 0xA0	; 160
     b6c:	0e 94 dd 0c 	call	0x19ba	; 0x19ba <TWI_Write>
	TWI_Write(u8address);
     b70:	89 81       	ldd	r24, Y+1	; 0x01
     b72:	0e 94 dd 0c 	call	0x19ba	; 0x19ba <TWI_Write>
	TWI_Write(u8data);
     b76:	8a 81       	ldd	r24, Y+2	; 0x02
     b78:	0e 94 dd 0c 	call	0x19ba	; 0x19ba <TWI_Write>
	TWI_StopCond();
     b7c:	0e 94 d2 0c 	call	0x19a4	; 0x19a4 <TWI_StopCond>

}
     b80:	0f 90       	pop	r0
     b82:	0f 90       	pop	r0
     b84:	cf 91       	pop	r28
     b86:	df 91       	pop	r29
     b88:	08 95       	ret

00000b8a <EEPROM_Read_Data>:


u8 EEPROM_Read_Data(u8 u8address)
{
     b8a:	df 93       	push	r29
     b8c:	cf 93       	push	r28
     b8e:	00 d0       	rcall	.+0      	; 0xb90 <EEPROM_Read_Data+0x6>
     b90:	cd b7       	in	r28, 0x3d	; 61
     b92:	de b7       	in	r29, 0x3e	; 62
     b94:	8a 83       	std	Y+2, r24	; 0x02
	u8 x;
	TWI_StartCond();
     b96:	0e 94 c2 0c 	call	0x1984	; 0x1984 <TWI_StartCond>
	TWI_Write(0b10100000);
     b9a:	80 ea       	ldi	r24, 0xA0	; 160
     b9c:	0e 94 dd 0c 	call	0x19ba	; 0x19ba <TWI_Write>
	TWI_Write(u8address);
     ba0:	8a 81       	ldd	r24, Y+2	; 0x02
     ba2:	0e 94 dd 0c 	call	0x19ba	; 0x19ba <TWI_Write>
	TWI_StartCond();
     ba6:	0e 94 c2 0c 	call	0x1984	; 0x1984 <TWI_StartCond>
	TWI_Write(0b10100001);
     baa:	81 ea       	ldi	r24, 0xA1	; 161
     bac:	0e 94 dd 0c 	call	0x19ba	; 0x19ba <TWI_Write>
	x=TWI_Read_NACK();
     bb0:	0e 94 18 0d 	call	0x1a30	; 0x1a30 <TWI_Read_NACK>
     bb4:	89 83       	std	Y+1, r24	; 0x01
	TWI_StopCond();
     bb6:	0e 94 d2 0c 	call	0x19a4	; 0x19a4 <TWI_StopCond>
	return x;
     bba:	89 81       	ldd	r24, Y+1	; 0x01
}
     bbc:	0f 90       	pop	r0
     bbe:	0f 90       	pop	r0
     bc0:	cf 91       	pop	r28
     bc2:	df 91       	pop	r29
     bc4:	08 95       	ret

00000bc6 <sendSMS>:
 */

#include "GSM_Sender.h"

void sendSMS()
{
     bc6:	0f 93       	push	r16
     bc8:	1f 93       	push	r17
     bca:	df 93       	push	r29
     bcc:	cf 93       	push	r28
     bce:	cd b7       	in	r28, 0x3d	; 61
     bd0:	de b7       	in	r29, 0x3e	; 62
     bd2:	c2 56       	subi	r28, 0x62	; 98
     bd4:	d0 40       	sbci	r29, 0x00	; 0
     bd6:	0f b6       	in	r0, 0x3f	; 63
     bd8:	f8 94       	cli
     bda:	de bf       	out	0x3e, r29	; 62
     bdc:	0f be       	out	0x3f, r0	; 63
     bde:	cd bf       	out	0x3d, r28	; 61
     senddata("AT+CMGD=1");
     be0:	80 e6       	ldi	r24, 0x60	; 96
     be2:	90 e0       	ldi	r25, 0x00	; 0
     be4:	0e 94 7e 0d 	call	0x1afc	; 0x1afc <senddata>
     USART_SendData(13);
     be8:	8d e0       	ldi	r24, 0x0D	; 13
     bea:	0e 94 54 0d 	call	0x1aa8	; 0x1aa8 <USART_SendData>
     USART_SendData(10);
     bee:	8a e0       	ldi	r24, 0x0A	; 10
     bf0:	0e 94 54 0d 	call	0x1aa8	; 0x1aa8 <USART_SendData>
     bf4:	fe 01       	movw	r30, r28
     bf6:	e1 5a       	subi	r30, 0xA1	; 161
     bf8:	ff 4f       	sbci	r31, 0xFF	; 255
     bfa:	80 e0       	ldi	r24, 0x00	; 0
     bfc:	90 e0       	ldi	r25, 0x00	; 0
     bfe:	aa e7       	ldi	r26, 0x7A	; 122
     c00:	b4 e4       	ldi	r27, 0x44	; 68
     c02:	80 83       	st	Z, r24
     c04:	91 83       	std	Z+1, r25	; 0x01
     c06:	a2 83       	std	Z+2, r26	; 0x02
     c08:	b3 83       	std	Z+3, r27	; 0x03
 */
void
_delay_ms(double __ms)
{
	uint16_t __ticks;
	double __tmp = ((F_CPU) / 4e3) * __ms;
     c0a:	8e 01       	movw	r16, r28
     c0c:	05 5a       	subi	r16, 0xA5	; 165
     c0e:	1f 4f       	sbci	r17, 0xFF	; 255
     c10:	fe 01       	movw	r30, r28
     c12:	e1 5a       	subi	r30, 0xA1	; 161
     c14:	ff 4f       	sbci	r31, 0xFF	; 255
     c16:	60 81       	ld	r22, Z
     c18:	71 81       	ldd	r23, Z+1	; 0x01
     c1a:	82 81       	ldd	r24, Z+2	; 0x02
     c1c:	93 81       	ldd	r25, Z+3	; 0x03
     c1e:	20 e0       	ldi	r18, 0x00	; 0
     c20:	30 e0       	ldi	r19, 0x00	; 0
     c22:	4a ef       	ldi	r20, 0xFA	; 250
     c24:	54 e4       	ldi	r21, 0x44	; 68
     c26:	0e 94 1f 02 	call	0x43e	; 0x43e <__mulsf3>
     c2a:	dc 01       	movw	r26, r24
     c2c:	cb 01       	movw	r24, r22
     c2e:	f8 01       	movw	r30, r16
     c30:	80 83       	st	Z, r24
     c32:	91 83       	std	Z+1, r25	; 0x01
     c34:	a2 83       	std	Z+2, r26	; 0x02
     c36:	b3 83       	std	Z+3, r27	; 0x03
	if (__tmp < 1.0)
     c38:	fe 01       	movw	r30, r28
     c3a:	e5 5a       	subi	r30, 0xA5	; 165
     c3c:	ff 4f       	sbci	r31, 0xFF	; 255
     c3e:	60 81       	ld	r22, Z
     c40:	71 81       	ldd	r23, Z+1	; 0x01
     c42:	82 81       	ldd	r24, Z+2	; 0x02
     c44:	93 81       	ldd	r25, Z+3	; 0x03
     c46:	20 e0       	ldi	r18, 0x00	; 0
     c48:	30 e0       	ldi	r19, 0x00	; 0
     c4a:	40 e8       	ldi	r20, 0x80	; 128
     c4c:	5f e3       	ldi	r21, 0x3F	; 63
     c4e:	0e 94 79 03 	call	0x6f2	; 0x6f2 <__ltsf2>
     c52:	88 23       	and	r24, r24
     c54:	44 f4       	brge	.+16     	; 0xc66 <sendSMS+0xa0>
		__ticks = 1;
     c56:	fe 01       	movw	r30, r28
     c58:	e7 5a       	subi	r30, 0xA7	; 167
     c5a:	ff 4f       	sbci	r31, 0xFF	; 255
     c5c:	81 e0       	ldi	r24, 0x01	; 1
     c5e:	90 e0       	ldi	r25, 0x00	; 0
     c60:	91 83       	std	Z+1, r25	; 0x01
     c62:	80 83       	st	Z, r24
     c64:	64 c0       	rjmp	.+200    	; 0xd2e <sendSMS+0x168>
	else if (__tmp > 65535)
     c66:	fe 01       	movw	r30, r28
     c68:	e5 5a       	subi	r30, 0xA5	; 165
     c6a:	ff 4f       	sbci	r31, 0xFF	; 255
     c6c:	60 81       	ld	r22, Z
     c6e:	71 81       	ldd	r23, Z+1	; 0x01
     c70:	82 81       	ldd	r24, Z+2	; 0x02
     c72:	93 81       	ldd	r25, Z+3	; 0x03
     c74:	20 e0       	ldi	r18, 0x00	; 0
     c76:	3f ef       	ldi	r19, 0xFF	; 255
     c78:	4f e7       	ldi	r20, 0x7F	; 127
     c7a:	57 e4       	ldi	r21, 0x47	; 71
     c7c:	0e 94 19 03 	call	0x632	; 0x632 <__gtsf2>
     c80:	18 16       	cp	r1, r24
     c82:	0c f0       	brlt	.+2      	; 0xc86 <sendSMS+0xc0>
     c84:	43 c0       	rjmp	.+134    	; 0xd0c <sendSMS+0x146>
	{
		//	__ticks = requested delay in 1/10 ms
		__ticks = (uint16_t) (__ms * 10.0);
     c86:	fe 01       	movw	r30, r28
     c88:	e1 5a       	subi	r30, 0xA1	; 161
     c8a:	ff 4f       	sbci	r31, 0xFF	; 255
     c8c:	60 81       	ld	r22, Z
     c8e:	71 81       	ldd	r23, Z+1	; 0x01
     c90:	82 81       	ldd	r24, Z+2	; 0x02
     c92:	93 81       	ldd	r25, Z+3	; 0x03
     c94:	20 e0       	ldi	r18, 0x00	; 0
     c96:	30 e0       	ldi	r19, 0x00	; 0
     c98:	40 e2       	ldi	r20, 0x20	; 32
     c9a:	51 e4       	ldi	r21, 0x41	; 65
     c9c:	0e 94 1f 02 	call	0x43e	; 0x43e <__mulsf3>
     ca0:	dc 01       	movw	r26, r24
     ca2:	cb 01       	movw	r24, r22
     ca4:	8e 01       	movw	r16, r28
     ca6:	07 5a       	subi	r16, 0xA7	; 167
     ca8:	1f 4f       	sbci	r17, 0xFF	; 255
     caa:	bc 01       	movw	r22, r24
     cac:	cd 01       	movw	r24, r26
     cae:	0e 94 49 00 	call	0x92	; 0x92 <__fixunssfsi>
     cb2:	dc 01       	movw	r26, r24
     cb4:	cb 01       	movw	r24, r22
     cb6:	f8 01       	movw	r30, r16
     cb8:	91 83       	std	Z+1, r25	; 0x01
     cba:	80 83       	st	Z, r24
     cbc:	1f c0       	rjmp	.+62     	; 0xcfc <sendSMS+0x136>
     cbe:	fe 01       	movw	r30, r28
     cc0:	e9 5a       	subi	r30, 0xA9	; 169
     cc2:	ff 4f       	sbci	r31, 0xFF	; 255
     cc4:	88 ec       	ldi	r24, 0xC8	; 200
     cc6:	90 e0       	ldi	r25, 0x00	; 0
     cc8:	91 83       	std	Z+1, r25	; 0x01
     cca:	80 83       	st	Z, r24
    milliseconds can be achieved.
 */
void
_delay_loop_2(uint16_t __count)
{
	__asm__ volatile (
     ccc:	fe 01       	movw	r30, r28
     cce:	e9 5a       	subi	r30, 0xA9	; 169
     cd0:	ff 4f       	sbci	r31, 0xFF	; 255
     cd2:	80 81       	ld	r24, Z
     cd4:	91 81       	ldd	r25, Z+1	; 0x01
     cd6:	01 97       	sbiw	r24, 0x01	; 1
     cd8:	f1 f7       	brne	.-4      	; 0xcd6 <sendSMS+0x110>
     cda:	fe 01       	movw	r30, r28
     cdc:	e9 5a       	subi	r30, 0xA9	; 169
     cde:	ff 4f       	sbci	r31, 0xFF	; 255
     ce0:	91 83       	std	Z+1, r25	; 0x01
     ce2:	80 83       	st	Z, r24
		while(__ticks)
		{
			// wait 1/10 ms
			_delay_loop_2(((F_CPU) / 4e3) / 10);
			__ticks --;
     ce4:	de 01       	movw	r26, r28
     ce6:	a7 5a       	subi	r26, 0xA7	; 167
     ce8:	bf 4f       	sbci	r27, 0xFF	; 255
     cea:	fe 01       	movw	r30, r28
     cec:	e7 5a       	subi	r30, 0xA7	; 167
     cee:	ff 4f       	sbci	r31, 0xFF	; 255
     cf0:	80 81       	ld	r24, Z
     cf2:	91 81       	ldd	r25, Z+1	; 0x01
     cf4:	01 97       	sbiw	r24, 0x01	; 1
     cf6:	11 96       	adiw	r26, 0x01	; 1
     cf8:	9c 93       	st	X, r25
     cfa:	8e 93       	st	-X, r24
		__ticks = 1;
	else if (__tmp > 65535)
	{
		//	__ticks = requested delay in 1/10 ms
		__ticks = (uint16_t) (__ms * 10.0);
		while(__ticks)
     cfc:	fe 01       	movw	r30, r28
     cfe:	e7 5a       	subi	r30, 0xA7	; 167
     d00:	ff 4f       	sbci	r31, 0xFF	; 255
     d02:	80 81       	ld	r24, Z
     d04:	91 81       	ldd	r25, Z+1	; 0x01
     d06:	00 97       	sbiw	r24, 0x00	; 0
     d08:	d1 f6       	brne	.-76     	; 0xcbe <sendSMS+0xf8>
     d0a:	27 c0       	rjmp	.+78     	; 0xd5a <sendSMS+0x194>
			__ticks --;
		}
		return;
	}
	else
		__ticks = (uint16_t)__tmp;
     d0c:	8e 01       	movw	r16, r28
     d0e:	07 5a       	subi	r16, 0xA7	; 167
     d10:	1f 4f       	sbci	r17, 0xFF	; 255
     d12:	fe 01       	movw	r30, r28
     d14:	e5 5a       	subi	r30, 0xA5	; 165
     d16:	ff 4f       	sbci	r31, 0xFF	; 255
     d18:	60 81       	ld	r22, Z
     d1a:	71 81       	ldd	r23, Z+1	; 0x01
     d1c:	82 81       	ldd	r24, Z+2	; 0x02
     d1e:	93 81       	ldd	r25, Z+3	; 0x03
     d20:	0e 94 49 00 	call	0x92	; 0x92 <__fixunssfsi>
     d24:	dc 01       	movw	r26, r24
     d26:	cb 01       	movw	r24, r22
     d28:	f8 01       	movw	r30, r16
     d2a:	91 83       	std	Z+1, r25	; 0x01
     d2c:	80 83       	st	Z, r24
     d2e:	de 01       	movw	r26, r28
     d30:	ab 5a       	subi	r26, 0xAB	; 171
     d32:	bf 4f       	sbci	r27, 0xFF	; 255
     d34:	fe 01       	movw	r30, r28
     d36:	e7 5a       	subi	r30, 0xA7	; 167
     d38:	ff 4f       	sbci	r31, 0xFF	; 255
     d3a:	80 81       	ld	r24, Z
     d3c:	91 81       	ldd	r25, Z+1	; 0x01
     d3e:	8d 93       	st	X+, r24
     d40:	9c 93       	st	X, r25
     d42:	fe 01       	movw	r30, r28
     d44:	eb 5a       	subi	r30, 0xAB	; 171
     d46:	ff 4f       	sbci	r31, 0xFF	; 255
     d48:	80 81       	ld	r24, Z
     d4a:	91 81       	ldd	r25, Z+1	; 0x01
     d4c:	01 97       	sbiw	r24, 0x01	; 1
     d4e:	f1 f7       	brne	.-4      	; 0xd4c <sendSMS+0x186>
     d50:	fe 01       	movw	r30, r28
     d52:	eb 5a       	subi	r30, 0xAB	; 171
     d54:	ff 4f       	sbci	r31, 0xFF	; 255
     d56:	91 83       	std	Z+1, r25	; 0x01
     d58:	80 83       	st	Z, r24
     _delay_ms(1000);

     senddata("AT+CMGF=1");
     d5a:	8a e6       	ldi	r24, 0x6A	; 106
     d5c:	90 e0       	ldi	r25, 0x00	; 0
     d5e:	0e 94 7e 0d 	call	0x1afc	; 0x1afc <senddata>
     USART_SendData(13);
     d62:	8d e0       	ldi	r24, 0x0D	; 13
     d64:	0e 94 54 0d 	call	0x1aa8	; 0x1aa8 <USART_SendData>
     USART_SendData(10);
     d68:	8a e0       	ldi	r24, 0x0A	; 10
     d6a:	0e 94 54 0d 	call	0x1aa8	; 0x1aa8 <USART_SendData>
     d6e:	fe 01       	movw	r30, r28
     d70:	ef 5a       	subi	r30, 0xAF	; 175
     d72:	ff 4f       	sbci	r31, 0xFF	; 255
     d74:	80 e0       	ldi	r24, 0x00	; 0
     d76:	90 e0       	ldi	r25, 0x00	; 0
     d78:	aa e7       	ldi	r26, 0x7A	; 122
     d7a:	b4 e4       	ldi	r27, 0x44	; 68
     d7c:	80 83       	st	Z, r24
     d7e:	91 83       	std	Z+1, r25	; 0x01
     d80:	a2 83       	std	Z+2, r26	; 0x02
     d82:	b3 83       	std	Z+3, r27	; 0x03
 */
void
_delay_ms(double __ms)
{
	uint16_t __ticks;
	double __tmp = ((F_CPU) / 4e3) * __ms;
     d84:	8e 01       	movw	r16, r28
     d86:	03 5b       	subi	r16, 0xB3	; 179
     d88:	1f 4f       	sbci	r17, 0xFF	; 255
     d8a:	fe 01       	movw	r30, r28
     d8c:	ef 5a       	subi	r30, 0xAF	; 175
     d8e:	ff 4f       	sbci	r31, 0xFF	; 255
     d90:	60 81       	ld	r22, Z
     d92:	71 81       	ldd	r23, Z+1	; 0x01
     d94:	82 81       	ldd	r24, Z+2	; 0x02
     d96:	93 81       	ldd	r25, Z+3	; 0x03
     d98:	20 e0       	ldi	r18, 0x00	; 0
     d9a:	30 e0       	ldi	r19, 0x00	; 0
     d9c:	4a ef       	ldi	r20, 0xFA	; 250
     d9e:	54 e4       	ldi	r21, 0x44	; 68
     da0:	0e 94 1f 02 	call	0x43e	; 0x43e <__mulsf3>
     da4:	dc 01       	movw	r26, r24
     da6:	cb 01       	movw	r24, r22
     da8:	f8 01       	movw	r30, r16
     daa:	80 83       	st	Z, r24
     dac:	91 83       	std	Z+1, r25	; 0x01
     dae:	a2 83       	std	Z+2, r26	; 0x02
     db0:	b3 83       	std	Z+3, r27	; 0x03
	if (__tmp < 1.0)
     db2:	fe 01       	movw	r30, r28
     db4:	e3 5b       	subi	r30, 0xB3	; 179
     db6:	ff 4f       	sbci	r31, 0xFF	; 255
     db8:	60 81       	ld	r22, Z
     dba:	71 81       	ldd	r23, Z+1	; 0x01
     dbc:	82 81       	ldd	r24, Z+2	; 0x02
     dbe:	93 81       	ldd	r25, Z+3	; 0x03
     dc0:	20 e0       	ldi	r18, 0x00	; 0
     dc2:	30 e0       	ldi	r19, 0x00	; 0
     dc4:	40 e8       	ldi	r20, 0x80	; 128
     dc6:	5f e3       	ldi	r21, 0x3F	; 63
     dc8:	0e 94 79 03 	call	0x6f2	; 0x6f2 <__ltsf2>
     dcc:	88 23       	and	r24, r24
     dce:	44 f4       	brge	.+16     	; 0xde0 <sendSMS+0x21a>
		__ticks = 1;
     dd0:	fe 01       	movw	r30, r28
     dd2:	e5 5b       	subi	r30, 0xB5	; 181
     dd4:	ff 4f       	sbci	r31, 0xFF	; 255
     dd6:	81 e0       	ldi	r24, 0x01	; 1
     dd8:	90 e0       	ldi	r25, 0x00	; 0
     dda:	91 83       	std	Z+1, r25	; 0x01
     ddc:	80 83       	st	Z, r24
     dde:	64 c0       	rjmp	.+200    	; 0xea8 <sendSMS+0x2e2>
	else if (__tmp > 65535)
     de0:	fe 01       	movw	r30, r28
     de2:	e3 5b       	subi	r30, 0xB3	; 179
     de4:	ff 4f       	sbci	r31, 0xFF	; 255
     de6:	60 81       	ld	r22, Z
     de8:	71 81       	ldd	r23, Z+1	; 0x01
     dea:	82 81       	ldd	r24, Z+2	; 0x02
     dec:	93 81       	ldd	r25, Z+3	; 0x03
     dee:	20 e0       	ldi	r18, 0x00	; 0
     df0:	3f ef       	ldi	r19, 0xFF	; 255
     df2:	4f e7       	ldi	r20, 0x7F	; 127
     df4:	57 e4       	ldi	r21, 0x47	; 71
     df6:	0e 94 19 03 	call	0x632	; 0x632 <__gtsf2>
     dfa:	18 16       	cp	r1, r24
     dfc:	0c f0       	brlt	.+2      	; 0xe00 <sendSMS+0x23a>
     dfe:	43 c0       	rjmp	.+134    	; 0xe86 <sendSMS+0x2c0>
	{
		//	__ticks = requested delay in 1/10 ms
		__ticks = (uint16_t) (__ms * 10.0);
     e00:	fe 01       	movw	r30, r28
     e02:	ef 5a       	subi	r30, 0xAF	; 175
     e04:	ff 4f       	sbci	r31, 0xFF	; 255
     e06:	60 81       	ld	r22, Z
     e08:	71 81       	ldd	r23, Z+1	; 0x01
     e0a:	82 81       	ldd	r24, Z+2	; 0x02
     e0c:	93 81       	ldd	r25, Z+3	; 0x03
     e0e:	20 e0       	ldi	r18, 0x00	; 0
     e10:	30 e0       	ldi	r19, 0x00	; 0
     e12:	40 e2       	ldi	r20, 0x20	; 32
     e14:	51 e4       	ldi	r21, 0x41	; 65
     e16:	0e 94 1f 02 	call	0x43e	; 0x43e <__mulsf3>
     e1a:	dc 01       	movw	r26, r24
     e1c:	cb 01       	movw	r24, r22
     e1e:	8e 01       	movw	r16, r28
     e20:	05 5b       	subi	r16, 0xB5	; 181
     e22:	1f 4f       	sbci	r17, 0xFF	; 255
     e24:	bc 01       	movw	r22, r24
     e26:	cd 01       	movw	r24, r26
     e28:	0e 94 49 00 	call	0x92	; 0x92 <__fixunssfsi>
     e2c:	dc 01       	movw	r26, r24
     e2e:	cb 01       	movw	r24, r22
     e30:	f8 01       	movw	r30, r16
     e32:	91 83       	std	Z+1, r25	; 0x01
     e34:	80 83       	st	Z, r24
     e36:	1f c0       	rjmp	.+62     	; 0xe76 <sendSMS+0x2b0>
     e38:	fe 01       	movw	r30, r28
     e3a:	e7 5b       	subi	r30, 0xB7	; 183
     e3c:	ff 4f       	sbci	r31, 0xFF	; 255
     e3e:	88 ec       	ldi	r24, 0xC8	; 200
     e40:	90 e0       	ldi	r25, 0x00	; 0
     e42:	91 83       	std	Z+1, r25	; 0x01
     e44:	80 83       	st	Z, r24
     e46:	fe 01       	movw	r30, r28
     e48:	e7 5b       	subi	r30, 0xB7	; 183
     e4a:	ff 4f       	sbci	r31, 0xFF	; 255
     e4c:	80 81       	ld	r24, Z
     e4e:	91 81       	ldd	r25, Z+1	; 0x01
     e50:	01 97       	sbiw	r24, 0x01	; 1
     e52:	f1 f7       	brne	.-4      	; 0xe50 <sendSMS+0x28a>
     e54:	fe 01       	movw	r30, r28
     e56:	e7 5b       	subi	r30, 0xB7	; 183
     e58:	ff 4f       	sbci	r31, 0xFF	; 255
     e5a:	91 83       	std	Z+1, r25	; 0x01
     e5c:	80 83       	st	Z, r24
		while(__ticks)
		{
			// wait 1/10 ms
			_delay_loop_2(((F_CPU) / 4e3) / 10);
			__ticks --;
     e5e:	de 01       	movw	r26, r28
     e60:	a5 5b       	subi	r26, 0xB5	; 181
     e62:	bf 4f       	sbci	r27, 0xFF	; 255
     e64:	fe 01       	movw	r30, r28
     e66:	e5 5b       	subi	r30, 0xB5	; 181
     e68:	ff 4f       	sbci	r31, 0xFF	; 255
     e6a:	80 81       	ld	r24, Z
     e6c:	91 81       	ldd	r25, Z+1	; 0x01
     e6e:	01 97       	sbiw	r24, 0x01	; 1
     e70:	11 96       	adiw	r26, 0x01	; 1
     e72:	9c 93       	st	X, r25
     e74:	8e 93       	st	-X, r24
		__ticks = 1;
	else if (__tmp > 65535)
	{
		//	__ticks = requested delay in 1/10 ms
		__ticks = (uint16_t) (__ms * 10.0);
		while(__ticks)
     e76:	fe 01       	movw	r30, r28
     e78:	e5 5b       	subi	r30, 0xB5	; 181
     e7a:	ff 4f       	sbci	r31, 0xFF	; 255
     e7c:	80 81       	ld	r24, Z
     e7e:	91 81       	ldd	r25, Z+1	; 0x01
     e80:	00 97       	sbiw	r24, 0x00	; 0
     e82:	d1 f6       	brne	.-76     	; 0xe38 <sendSMS+0x272>
     e84:	27 c0       	rjmp	.+78     	; 0xed4 <sendSMS+0x30e>
			__ticks --;
		}
		return;
	}
	else
		__ticks = (uint16_t)__tmp;
     e86:	8e 01       	movw	r16, r28
     e88:	05 5b       	subi	r16, 0xB5	; 181
     e8a:	1f 4f       	sbci	r17, 0xFF	; 255
     e8c:	fe 01       	movw	r30, r28
     e8e:	e3 5b       	subi	r30, 0xB3	; 179
     e90:	ff 4f       	sbci	r31, 0xFF	; 255
     e92:	60 81       	ld	r22, Z
     e94:	71 81       	ldd	r23, Z+1	; 0x01
     e96:	82 81       	ldd	r24, Z+2	; 0x02
     e98:	93 81       	ldd	r25, Z+3	; 0x03
     e9a:	0e 94 49 00 	call	0x92	; 0x92 <__fixunssfsi>
     e9e:	dc 01       	movw	r26, r24
     ea0:	cb 01       	movw	r24, r22
     ea2:	f8 01       	movw	r30, r16
     ea4:	91 83       	std	Z+1, r25	; 0x01
     ea6:	80 83       	st	Z, r24
     ea8:	de 01       	movw	r26, r28
     eaa:	a9 5b       	subi	r26, 0xB9	; 185
     eac:	bf 4f       	sbci	r27, 0xFF	; 255
     eae:	fe 01       	movw	r30, r28
     eb0:	e5 5b       	subi	r30, 0xB5	; 181
     eb2:	ff 4f       	sbci	r31, 0xFF	; 255
     eb4:	80 81       	ld	r24, Z
     eb6:	91 81       	ldd	r25, Z+1	; 0x01
     eb8:	8d 93       	st	X+, r24
     eba:	9c 93       	st	X, r25
     ebc:	fe 01       	movw	r30, r28
     ebe:	e9 5b       	subi	r30, 0xB9	; 185
     ec0:	ff 4f       	sbci	r31, 0xFF	; 255
     ec2:	80 81       	ld	r24, Z
     ec4:	91 81       	ldd	r25, Z+1	; 0x01
     ec6:	01 97       	sbiw	r24, 0x01	; 1
     ec8:	f1 f7       	brne	.-4      	; 0xec6 <sendSMS+0x300>
     eca:	fe 01       	movw	r30, r28
     ecc:	e9 5b       	subi	r30, 0xB9	; 185
     ece:	ff 4f       	sbci	r31, 0xFF	; 255
     ed0:	91 83       	std	Z+1, r25	; 0x01
     ed2:	80 83       	st	Z, r24
     _delay_ms(1000);

     senddata("AT+CMGW=");
     ed4:	84 e7       	ldi	r24, 0x74	; 116
     ed6:	90 e0       	ldi	r25, 0x00	; 0
     ed8:	0e 94 7e 0d 	call	0x1afc	; 0x1afc <senddata>
     USART_SendData(34);
     edc:	82 e2       	ldi	r24, 0x22	; 34
     ede:	0e 94 54 0d 	call	0x1aa8	; 0x1aa8 <USART_SendData>
     senddata("+01281884580");  //My Mobile number
     ee2:	8d e7       	ldi	r24, 0x7D	; 125
     ee4:	90 e0       	ldi	r25, 0x00	; 0
     ee6:	0e 94 7e 0d 	call	0x1afc	; 0x1afc <senddata>
     USART_SendData(34);
     eea:	82 e2       	ldi	r24, 0x22	; 34
     eec:	0e 94 54 0d 	call	0x1aa8	; 0x1aa8 <USART_SendData>
     USART_SendData(13);
     ef0:	8d e0       	ldi	r24, 0x0D	; 13
     ef2:	0e 94 54 0d 	call	0x1aa8	; 0x1aa8 <USART_SendData>
     USART_SendData(10);
     ef6:	8a e0       	ldi	r24, 0x0A	; 10
     ef8:	0e 94 54 0d 	call	0x1aa8	; 0x1aa8 <USART_SendData>
     efc:	fe 01       	movw	r30, r28
     efe:	ed 5b       	subi	r30, 0xBD	; 189
     f00:	ff 4f       	sbci	r31, 0xFF	; 255
     f02:	80 e0       	ldi	r24, 0x00	; 0
     f04:	90 e0       	ldi	r25, 0x00	; 0
     f06:	aa e7       	ldi	r26, 0x7A	; 122
     f08:	b4 e4       	ldi	r27, 0x44	; 68
     f0a:	80 83       	st	Z, r24
     f0c:	91 83       	std	Z+1, r25	; 0x01
     f0e:	a2 83       	std	Z+2, r26	; 0x02
     f10:	b3 83       	std	Z+3, r27	; 0x03
 */
void
_delay_ms(double __ms)
{
	uint16_t __ticks;
	double __tmp = ((F_CPU) / 4e3) * __ms;
     f12:	8e 01       	movw	r16, r28
     f14:	01 5c       	subi	r16, 0xC1	; 193
     f16:	1f 4f       	sbci	r17, 0xFF	; 255
     f18:	fe 01       	movw	r30, r28
     f1a:	ed 5b       	subi	r30, 0xBD	; 189
     f1c:	ff 4f       	sbci	r31, 0xFF	; 255
     f1e:	60 81       	ld	r22, Z
     f20:	71 81       	ldd	r23, Z+1	; 0x01
     f22:	82 81       	ldd	r24, Z+2	; 0x02
     f24:	93 81       	ldd	r25, Z+3	; 0x03
     f26:	20 e0       	ldi	r18, 0x00	; 0
     f28:	30 e0       	ldi	r19, 0x00	; 0
     f2a:	4a ef       	ldi	r20, 0xFA	; 250
     f2c:	54 e4       	ldi	r21, 0x44	; 68
     f2e:	0e 94 1f 02 	call	0x43e	; 0x43e <__mulsf3>
     f32:	dc 01       	movw	r26, r24
     f34:	cb 01       	movw	r24, r22
     f36:	f8 01       	movw	r30, r16
     f38:	80 83       	st	Z, r24
     f3a:	91 83       	std	Z+1, r25	; 0x01
     f3c:	a2 83       	std	Z+2, r26	; 0x02
     f3e:	b3 83       	std	Z+3, r27	; 0x03
	if (__tmp < 1.0)
     f40:	fe 01       	movw	r30, r28
     f42:	ff 96       	adiw	r30, 0x3f	; 63
     f44:	60 81       	ld	r22, Z
     f46:	71 81       	ldd	r23, Z+1	; 0x01
     f48:	82 81       	ldd	r24, Z+2	; 0x02
     f4a:	93 81       	ldd	r25, Z+3	; 0x03
     f4c:	20 e0       	ldi	r18, 0x00	; 0
     f4e:	30 e0       	ldi	r19, 0x00	; 0
     f50:	40 e8       	ldi	r20, 0x80	; 128
     f52:	5f e3       	ldi	r21, 0x3F	; 63
     f54:	0e 94 79 03 	call	0x6f2	; 0x6f2 <__ltsf2>
     f58:	88 23       	and	r24, r24
     f5a:	2c f4       	brge	.+10     	; 0xf66 <sendSMS+0x3a0>
		__ticks = 1;
     f5c:	81 e0       	ldi	r24, 0x01	; 1
     f5e:	90 e0       	ldi	r25, 0x00	; 0
     f60:	9e af       	std	Y+62, r25	; 0x3e
     f62:	8d af       	std	Y+61, r24	; 0x3d
     f64:	46 c0       	rjmp	.+140    	; 0xff2 <sendSMS+0x42c>
	else if (__tmp > 65535)
     f66:	fe 01       	movw	r30, r28
     f68:	ff 96       	adiw	r30, 0x3f	; 63
     f6a:	60 81       	ld	r22, Z
     f6c:	71 81       	ldd	r23, Z+1	; 0x01
     f6e:	82 81       	ldd	r24, Z+2	; 0x02
     f70:	93 81       	ldd	r25, Z+3	; 0x03
     f72:	20 e0       	ldi	r18, 0x00	; 0
     f74:	3f ef       	ldi	r19, 0xFF	; 255
     f76:	4f e7       	ldi	r20, 0x7F	; 127
     f78:	57 e4       	ldi	r21, 0x47	; 71
     f7a:	0e 94 19 03 	call	0x632	; 0x632 <__gtsf2>
     f7e:	18 16       	cp	r1, r24
     f80:	64 f5       	brge	.+88     	; 0xfda <sendSMS+0x414>
	{
		//	__ticks = requested delay in 1/10 ms
		__ticks = (uint16_t) (__ms * 10.0);
     f82:	fe 01       	movw	r30, r28
     f84:	ed 5b       	subi	r30, 0xBD	; 189
     f86:	ff 4f       	sbci	r31, 0xFF	; 255
     f88:	60 81       	ld	r22, Z
     f8a:	71 81       	ldd	r23, Z+1	; 0x01
     f8c:	82 81       	ldd	r24, Z+2	; 0x02
     f8e:	93 81       	ldd	r25, Z+3	; 0x03
     f90:	20 e0       	ldi	r18, 0x00	; 0
     f92:	30 e0       	ldi	r19, 0x00	; 0
     f94:	40 e2       	ldi	r20, 0x20	; 32
     f96:	51 e4       	ldi	r21, 0x41	; 65
     f98:	0e 94 1f 02 	call	0x43e	; 0x43e <__mulsf3>
     f9c:	dc 01       	movw	r26, r24
     f9e:	cb 01       	movw	r24, r22
     fa0:	bc 01       	movw	r22, r24
     fa2:	cd 01       	movw	r24, r26
     fa4:	0e 94 49 00 	call	0x92	; 0x92 <__fixunssfsi>
     fa8:	dc 01       	movw	r26, r24
     faa:	cb 01       	movw	r24, r22
     fac:	9e af       	std	Y+62, r25	; 0x3e
     fae:	8d af       	std	Y+61, r24	; 0x3d
     fb0:	0f c0       	rjmp	.+30     	; 0xfd0 <sendSMS+0x40a>
     fb2:	88 ec       	ldi	r24, 0xC8	; 200
     fb4:	90 e0       	ldi	r25, 0x00	; 0
     fb6:	9c af       	std	Y+60, r25	; 0x3c
     fb8:	8b af       	std	Y+59, r24	; 0x3b
     fba:	8b ad       	ldd	r24, Y+59	; 0x3b
     fbc:	9c ad       	ldd	r25, Y+60	; 0x3c
     fbe:	01 97       	sbiw	r24, 0x01	; 1
     fc0:	f1 f7       	brne	.-4      	; 0xfbe <sendSMS+0x3f8>
     fc2:	9c af       	std	Y+60, r25	; 0x3c
     fc4:	8b af       	std	Y+59, r24	; 0x3b
		while(__ticks)
		{
			// wait 1/10 ms
			_delay_loop_2(((F_CPU) / 4e3) / 10);
			__ticks --;
     fc6:	8d ad       	ldd	r24, Y+61	; 0x3d
     fc8:	9e ad       	ldd	r25, Y+62	; 0x3e
     fca:	01 97       	sbiw	r24, 0x01	; 1
     fcc:	9e af       	std	Y+62, r25	; 0x3e
     fce:	8d af       	std	Y+61, r24	; 0x3d
		__ticks = 1;
	else if (__tmp > 65535)
	{
		//	__ticks = requested delay in 1/10 ms
		__ticks = (uint16_t) (__ms * 10.0);
		while(__ticks)
     fd0:	8d ad       	ldd	r24, Y+61	; 0x3d
     fd2:	9e ad       	ldd	r25, Y+62	; 0x3e
     fd4:	00 97       	sbiw	r24, 0x00	; 0
     fd6:	69 f7       	brne	.-38     	; 0xfb2 <sendSMS+0x3ec>
     fd8:	16 c0       	rjmp	.+44     	; 0x1006 <sendSMS+0x440>
			__ticks --;
		}
		return;
	}
	else
		__ticks = (uint16_t)__tmp;
     fda:	fe 01       	movw	r30, r28
     fdc:	ff 96       	adiw	r30, 0x3f	; 63
     fde:	60 81       	ld	r22, Z
     fe0:	71 81       	ldd	r23, Z+1	; 0x01
     fe2:	82 81       	ldd	r24, Z+2	; 0x02
     fe4:	93 81       	ldd	r25, Z+3	; 0x03
     fe6:	0e 94 49 00 	call	0x92	; 0x92 <__fixunssfsi>
     fea:	dc 01       	movw	r26, r24
     fec:	cb 01       	movw	r24, r22
     fee:	9e af       	std	Y+62, r25	; 0x3e
     ff0:	8d af       	std	Y+61, r24	; 0x3d
     ff2:	8d ad       	ldd	r24, Y+61	; 0x3d
     ff4:	9e ad       	ldd	r25, Y+62	; 0x3e
     ff6:	9a af       	std	Y+58, r25	; 0x3a
     ff8:	89 af       	std	Y+57, r24	; 0x39
     ffa:	89 ad       	ldd	r24, Y+57	; 0x39
     ffc:	9a ad       	ldd	r25, Y+58	; 0x3a
     ffe:	01 97       	sbiw	r24, 0x01	; 1
    1000:	f1 f7       	brne	.-4      	; 0xffe <sendSMS+0x438>
    1002:	9a af       	std	Y+58, r25	; 0x3a
    1004:	89 af       	std	Y+57, r24	; 0x39
     _delay_ms(1000);

     senddata("Alert: Thief here");
    1006:	8a e8       	ldi	r24, 0x8A	; 138
    1008:	90 e0       	ldi	r25, 0x00	; 0
    100a:	0e 94 7e 0d 	call	0x1afc	; 0x1afc <senddata>
     USART_SendData(13);
    100e:	8d e0       	ldi	r24, 0x0D	; 13
    1010:	0e 94 54 0d 	call	0x1aa8	; 0x1aa8 <USART_SendData>
     USART_SendData(10);
    1014:	8a e0       	ldi	r24, 0x0A	; 10
    1016:	0e 94 54 0d 	call	0x1aa8	; 0x1aa8 <USART_SendData>
    101a:	80 e0       	ldi	r24, 0x00	; 0
    101c:	90 e0       	ldi	r25, 0x00	; 0
    101e:	aa e7       	ldi	r26, 0x7A	; 122
    1020:	b4 e4       	ldi	r27, 0x44	; 68
    1022:	8d ab       	std	Y+53, r24	; 0x35
    1024:	9e ab       	std	Y+54, r25	; 0x36
    1026:	af ab       	std	Y+55, r26	; 0x37
    1028:	b8 af       	std	Y+56, r27	; 0x38
 */
void
_delay_ms(double __ms)
{
	uint16_t __ticks;
	double __tmp = ((F_CPU) / 4e3) * __ms;
    102a:	6d a9       	ldd	r22, Y+53	; 0x35
    102c:	7e a9       	ldd	r23, Y+54	; 0x36
    102e:	8f a9       	ldd	r24, Y+55	; 0x37
    1030:	98 ad       	ldd	r25, Y+56	; 0x38
    1032:	20 e0       	ldi	r18, 0x00	; 0
    1034:	30 e0       	ldi	r19, 0x00	; 0
    1036:	4a ef       	ldi	r20, 0xFA	; 250
    1038:	54 e4       	ldi	r21, 0x44	; 68
    103a:	0e 94 1f 02 	call	0x43e	; 0x43e <__mulsf3>
    103e:	dc 01       	movw	r26, r24
    1040:	cb 01       	movw	r24, r22
    1042:	89 ab       	std	Y+49, r24	; 0x31
    1044:	9a ab       	std	Y+50, r25	; 0x32
    1046:	ab ab       	std	Y+51, r26	; 0x33
    1048:	bc ab       	std	Y+52, r27	; 0x34
	if (__tmp < 1.0)
    104a:	69 a9       	ldd	r22, Y+49	; 0x31
    104c:	7a a9       	ldd	r23, Y+50	; 0x32
    104e:	8b a9       	ldd	r24, Y+51	; 0x33
    1050:	9c a9       	ldd	r25, Y+52	; 0x34
    1052:	20 e0       	ldi	r18, 0x00	; 0
    1054:	30 e0       	ldi	r19, 0x00	; 0
    1056:	40 e8       	ldi	r20, 0x80	; 128
    1058:	5f e3       	ldi	r21, 0x3F	; 63
    105a:	0e 94 79 03 	call	0x6f2	; 0x6f2 <__ltsf2>
    105e:	88 23       	and	r24, r24
    1060:	2c f4       	brge	.+10     	; 0x106c <sendSMS+0x4a6>
		__ticks = 1;
    1062:	81 e0       	ldi	r24, 0x01	; 1
    1064:	90 e0       	ldi	r25, 0x00	; 0
    1066:	98 ab       	std	Y+48, r25	; 0x30
    1068:	8f a7       	std	Y+47, r24	; 0x2f
    106a:	3f c0       	rjmp	.+126    	; 0x10ea <sendSMS+0x524>
	else if (__tmp > 65535)
    106c:	69 a9       	ldd	r22, Y+49	; 0x31
    106e:	7a a9       	ldd	r23, Y+50	; 0x32
    1070:	8b a9       	ldd	r24, Y+51	; 0x33
    1072:	9c a9       	ldd	r25, Y+52	; 0x34
    1074:	20 e0       	ldi	r18, 0x00	; 0
    1076:	3f ef       	ldi	r19, 0xFF	; 255
    1078:	4f e7       	ldi	r20, 0x7F	; 127
    107a:	57 e4       	ldi	r21, 0x47	; 71
    107c:	0e 94 19 03 	call	0x632	; 0x632 <__gtsf2>
    1080:	18 16       	cp	r1, r24
    1082:	4c f5       	brge	.+82     	; 0x10d6 <sendSMS+0x510>
	{
		//	__ticks = requested delay in 1/10 ms
		__ticks = (uint16_t) (__ms * 10.0);
    1084:	6d a9       	ldd	r22, Y+53	; 0x35
    1086:	7e a9       	ldd	r23, Y+54	; 0x36
    1088:	8f a9       	ldd	r24, Y+55	; 0x37
    108a:	98 ad       	ldd	r25, Y+56	; 0x38
    108c:	20 e0       	ldi	r18, 0x00	; 0
    108e:	30 e0       	ldi	r19, 0x00	; 0
    1090:	40 e2       	ldi	r20, 0x20	; 32
    1092:	51 e4       	ldi	r21, 0x41	; 65
    1094:	0e 94 1f 02 	call	0x43e	; 0x43e <__mulsf3>
    1098:	dc 01       	movw	r26, r24
    109a:	cb 01       	movw	r24, r22
    109c:	bc 01       	movw	r22, r24
    109e:	cd 01       	movw	r24, r26
    10a0:	0e 94 49 00 	call	0x92	; 0x92 <__fixunssfsi>
    10a4:	dc 01       	movw	r26, r24
    10a6:	cb 01       	movw	r24, r22
    10a8:	98 ab       	std	Y+48, r25	; 0x30
    10aa:	8f a7       	std	Y+47, r24	; 0x2f
    10ac:	0f c0       	rjmp	.+30     	; 0x10cc <sendSMS+0x506>
    10ae:	88 ec       	ldi	r24, 0xC8	; 200
    10b0:	90 e0       	ldi	r25, 0x00	; 0
    10b2:	9e a7       	std	Y+46, r25	; 0x2e
    10b4:	8d a7       	std	Y+45, r24	; 0x2d
    10b6:	8d a5       	ldd	r24, Y+45	; 0x2d
    10b8:	9e a5       	ldd	r25, Y+46	; 0x2e
    10ba:	01 97       	sbiw	r24, 0x01	; 1
    10bc:	f1 f7       	brne	.-4      	; 0x10ba <sendSMS+0x4f4>
    10be:	9e a7       	std	Y+46, r25	; 0x2e
    10c0:	8d a7       	std	Y+45, r24	; 0x2d
		while(__ticks)
		{
			// wait 1/10 ms
			_delay_loop_2(((F_CPU) / 4e3) / 10);
			__ticks --;
    10c2:	8f a5       	ldd	r24, Y+47	; 0x2f
    10c4:	98 a9       	ldd	r25, Y+48	; 0x30
    10c6:	01 97       	sbiw	r24, 0x01	; 1
    10c8:	98 ab       	std	Y+48, r25	; 0x30
    10ca:	8f a7       	std	Y+47, r24	; 0x2f
		__ticks = 1;
	else if (__tmp > 65535)
	{
		//	__ticks = requested delay in 1/10 ms
		__ticks = (uint16_t) (__ms * 10.0);
		while(__ticks)
    10cc:	8f a5       	ldd	r24, Y+47	; 0x2f
    10ce:	98 a9       	ldd	r25, Y+48	; 0x30
    10d0:	00 97       	sbiw	r24, 0x00	; 0
    10d2:	69 f7       	brne	.-38     	; 0x10ae <sendSMS+0x4e8>
    10d4:	14 c0       	rjmp	.+40     	; 0x10fe <sendSMS+0x538>
			__ticks --;
		}
		return;
	}
	else
		__ticks = (uint16_t)__tmp;
    10d6:	69 a9       	ldd	r22, Y+49	; 0x31
    10d8:	7a a9       	ldd	r23, Y+50	; 0x32
    10da:	8b a9       	ldd	r24, Y+51	; 0x33
    10dc:	9c a9       	ldd	r25, Y+52	; 0x34
    10de:	0e 94 49 00 	call	0x92	; 0x92 <__fixunssfsi>
    10e2:	dc 01       	movw	r26, r24
    10e4:	cb 01       	movw	r24, r22
    10e6:	98 ab       	std	Y+48, r25	; 0x30
    10e8:	8f a7       	std	Y+47, r24	; 0x2f
    10ea:	8f a5       	ldd	r24, Y+47	; 0x2f
    10ec:	98 a9       	ldd	r25, Y+48	; 0x30
    10ee:	9c a7       	std	Y+44, r25	; 0x2c
    10f0:	8b a7       	std	Y+43, r24	; 0x2b
    10f2:	8b a5       	ldd	r24, Y+43	; 0x2b
    10f4:	9c a5       	ldd	r25, Y+44	; 0x2c
    10f6:	01 97       	sbiw	r24, 0x01	; 1
    10f8:	f1 f7       	brne	.-4      	; 0x10f6 <sendSMS+0x530>
    10fa:	9c a7       	std	Y+44, r25	; 0x2c
    10fc:	8b a7       	std	Y+43, r24	; 0x2b
     _delay_ms(1000);

     USART_SendData(26); //Ctrl+Z
    10fe:	8a e1       	ldi	r24, 0x1A	; 26
    1100:	0e 94 54 0d 	call	0x1aa8	; 0x1aa8 <USART_SendData>
    1104:	80 e0       	ldi	r24, 0x00	; 0
    1106:	90 e0       	ldi	r25, 0x00	; 0
    1108:	aa e7       	ldi	r26, 0x7A	; 122
    110a:	b4 e4       	ldi	r27, 0x44	; 68
    110c:	8f a3       	std	Y+39, r24	; 0x27
    110e:	98 a7       	std	Y+40, r25	; 0x28
    1110:	a9 a7       	std	Y+41, r26	; 0x29
    1112:	ba a7       	std	Y+42, r27	; 0x2a
 */
void
_delay_ms(double __ms)
{
	uint16_t __ticks;
	double __tmp = ((F_CPU) / 4e3) * __ms;
    1114:	6f a1       	ldd	r22, Y+39	; 0x27
    1116:	78 a5       	ldd	r23, Y+40	; 0x28
    1118:	89 a5       	ldd	r24, Y+41	; 0x29
    111a:	9a a5       	ldd	r25, Y+42	; 0x2a
    111c:	20 e0       	ldi	r18, 0x00	; 0
    111e:	30 e0       	ldi	r19, 0x00	; 0
    1120:	4a ef       	ldi	r20, 0xFA	; 250
    1122:	54 e4       	ldi	r21, 0x44	; 68
    1124:	0e 94 1f 02 	call	0x43e	; 0x43e <__mulsf3>
    1128:	dc 01       	movw	r26, r24
    112a:	cb 01       	movw	r24, r22
    112c:	8b a3       	std	Y+35, r24	; 0x23
    112e:	9c a3       	std	Y+36, r25	; 0x24
    1130:	ad a3       	std	Y+37, r26	; 0x25
    1132:	be a3       	std	Y+38, r27	; 0x26
	if (__tmp < 1.0)
    1134:	6b a1       	ldd	r22, Y+35	; 0x23
    1136:	7c a1       	ldd	r23, Y+36	; 0x24
    1138:	8d a1       	ldd	r24, Y+37	; 0x25
    113a:	9e a1       	ldd	r25, Y+38	; 0x26
    113c:	20 e0       	ldi	r18, 0x00	; 0
    113e:	30 e0       	ldi	r19, 0x00	; 0
    1140:	40 e8       	ldi	r20, 0x80	; 128
    1142:	5f e3       	ldi	r21, 0x3F	; 63
    1144:	0e 94 79 03 	call	0x6f2	; 0x6f2 <__ltsf2>
    1148:	88 23       	and	r24, r24
    114a:	2c f4       	brge	.+10     	; 0x1156 <sendSMS+0x590>
		__ticks = 1;
    114c:	81 e0       	ldi	r24, 0x01	; 1
    114e:	90 e0       	ldi	r25, 0x00	; 0
    1150:	9a a3       	std	Y+34, r25	; 0x22
    1152:	89 a3       	std	Y+33, r24	; 0x21
    1154:	3f c0       	rjmp	.+126    	; 0x11d4 <sendSMS+0x60e>
	else if (__tmp > 65535)
    1156:	6b a1       	ldd	r22, Y+35	; 0x23
    1158:	7c a1       	ldd	r23, Y+36	; 0x24
    115a:	8d a1       	ldd	r24, Y+37	; 0x25
    115c:	9e a1       	ldd	r25, Y+38	; 0x26
    115e:	20 e0       	ldi	r18, 0x00	; 0
    1160:	3f ef       	ldi	r19, 0xFF	; 255
    1162:	4f e7       	ldi	r20, 0x7F	; 127
    1164:	57 e4       	ldi	r21, 0x47	; 71
    1166:	0e 94 19 03 	call	0x632	; 0x632 <__gtsf2>
    116a:	18 16       	cp	r1, r24
    116c:	4c f5       	brge	.+82     	; 0x11c0 <sendSMS+0x5fa>
	{
		//	__ticks = requested delay in 1/10 ms
		__ticks = (uint16_t) (__ms * 10.0);
    116e:	6f a1       	ldd	r22, Y+39	; 0x27
    1170:	78 a5       	ldd	r23, Y+40	; 0x28
    1172:	89 a5       	ldd	r24, Y+41	; 0x29
    1174:	9a a5       	ldd	r25, Y+42	; 0x2a
    1176:	20 e0       	ldi	r18, 0x00	; 0
    1178:	30 e0       	ldi	r19, 0x00	; 0
    117a:	40 e2       	ldi	r20, 0x20	; 32
    117c:	51 e4       	ldi	r21, 0x41	; 65
    117e:	0e 94 1f 02 	call	0x43e	; 0x43e <__mulsf3>
    1182:	dc 01       	movw	r26, r24
    1184:	cb 01       	movw	r24, r22
    1186:	bc 01       	movw	r22, r24
    1188:	cd 01       	movw	r24, r26
    118a:	0e 94 49 00 	call	0x92	; 0x92 <__fixunssfsi>
    118e:	dc 01       	movw	r26, r24
    1190:	cb 01       	movw	r24, r22
    1192:	9a a3       	std	Y+34, r25	; 0x22
    1194:	89 a3       	std	Y+33, r24	; 0x21
    1196:	0f c0       	rjmp	.+30     	; 0x11b6 <sendSMS+0x5f0>
    1198:	88 ec       	ldi	r24, 0xC8	; 200
    119a:	90 e0       	ldi	r25, 0x00	; 0
    119c:	98 a3       	std	Y+32, r25	; 0x20
    119e:	8f 8f       	std	Y+31, r24	; 0x1f
    11a0:	8f 8d       	ldd	r24, Y+31	; 0x1f
    11a2:	98 a1       	ldd	r25, Y+32	; 0x20
    11a4:	01 97       	sbiw	r24, 0x01	; 1
    11a6:	f1 f7       	brne	.-4      	; 0x11a4 <sendSMS+0x5de>
    11a8:	98 a3       	std	Y+32, r25	; 0x20
    11aa:	8f 8f       	std	Y+31, r24	; 0x1f
		while(__ticks)
		{
			// wait 1/10 ms
			_delay_loop_2(((F_CPU) / 4e3) / 10);
			__ticks --;
    11ac:	89 a1       	ldd	r24, Y+33	; 0x21
    11ae:	9a a1       	ldd	r25, Y+34	; 0x22
    11b0:	01 97       	sbiw	r24, 0x01	; 1
    11b2:	9a a3       	std	Y+34, r25	; 0x22
    11b4:	89 a3       	std	Y+33, r24	; 0x21
		__ticks = 1;
	else if (__tmp > 65535)
	{
		//	__ticks = requested delay in 1/10 ms
		__ticks = (uint16_t) (__ms * 10.0);
		while(__ticks)
    11b6:	89 a1       	ldd	r24, Y+33	; 0x21
    11b8:	9a a1       	ldd	r25, Y+34	; 0x22
    11ba:	00 97       	sbiw	r24, 0x00	; 0
    11bc:	69 f7       	brne	.-38     	; 0x1198 <sendSMS+0x5d2>
    11be:	14 c0       	rjmp	.+40     	; 0x11e8 <sendSMS+0x622>
			__ticks --;
		}
		return;
	}
	else
		__ticks = (uint16_t)__tmp;
    11c0:	6b a1       	ldd	r22, Y+35	; 0x23
    11c2:	7c a1       	ldd	r23, Y+36	; 0x24
    11c4:	8d a1       	ldd	r24, Y+37	; 0x25
    11c6:	9e a1       	ldd	r25, Y+38	; 0x26
    11c8:	0e 94 49 00 	call	0x92	; 0x92 <__fixunssfsi>
    11cc:	dc 01       	movw	r26, r24
    11ce:	cb 01       	movw	r24, r22
    11d0:	9a a3       	std	Y+34, r25	; 0x22
    11d2:	89 a3       	std	Y+33, r24	; 0x21
    11d4:	89 a1       	ldd	r24, Y+33	; 0x21
    11d6:	9a a1       	ldd	r25, Y+34	; 0x22
    11d8:	9e 8f       	std	Y+30, r25	; 0x1e
    11da:	8d 8f       	std	Y+29, r24	; 0x1d
    11dc:	8d 8d       	ldd	r24, Y+29	; 0x1d
    11de:	9e 8d       	ldd	r25, Y+30	; 0x1e
    11e0:	01 97       	sbiw	r24, 0x01	; 1
    11e2:	f1 f7       	brne	.-4      	; 0x11e0 <sendSMS+0x61a>
    11e4:	9e 8f       	std	Y+30, r25	; 0x1e
    11e6:	8d 8f       	std	Y+29, r24	; 0x1d
    11e8:	80 e0       	ldi	r24, 0x00	; 0
    11ea:	90 e0       	ldi	r25, 0x00	; 0
    11ec:	aa e7       	ldi	r26, 0x7A	; 122
    11ee:	b4 e4       	ldi	r27, 0x44	; 68
    11f0:	89 8f       	std	Y+25, r24	; 0x19
    11f2:	9a 8f       	std	Y+26, r25	; 0x1a
    11f4:	ab 8f       	std	Y+27, r26	; 0x1b
    11f6:	bc 8f       	std	Y+28, r27	; 0x1c
 */
void
_delay_ms(double __ms)
{
	uint16_t __ticks;
	double __tmp = ((F_CPU) / 4e3) * __ms;
    11f8:	69 8d       	ldd	r22, Y+25	; 0x19
    11fa:	7a 8d       	ldd	r23, Y+26	; 0x1a
    11fc:	8b 8d       	ldd	r24, Y+27	; 0x1b
    11fe:	9c 8d       	ldd	r25, Y+28	; 0x1c
    1200:	20 e0       	ldi	r18, 0x00	; 0
    1202:	30 e0       	ldi	r19, 0x00	; 0
    1204:	4a ef       	ldi	r20, 0xFA	; 250
    1206:	54 e4       	ldi	r21, 0x44	; 68
    1208:	0e 94 1f 02 	call	0x43e	; 0x43e <__mulsf3>
    120c:	dc 01       	movw	r26, r24
    120e:	cb 01       	movw	r24, r22
    1210:	8d 8b       	std	Y+21, r24	; 0x15
    1212:	9e 8b       	std	Y+22, r25	; 0x16
    1214:	af 8b       	std	Y+23, r26	; 0x17
    1216:	b8 8f       	std	Y+24, r27	; 0x18
	if (__tmp < 1.0)
    1218:	6d 89       	ldd	r22, Y+21	; 0x15
    121a:	7e 89       	ldd	r23, Y+22	; 0x16
    121c:	8f 89       	ldd	r24, Y+23	; 0x17
    121e:	98 8d       	ldd	r25, Y+24	; 0x18
    1220:	20 e0       	ldi	r18, 0x00	; 0
    1222:	30 e0       	ldi	r19, 0x00	; 0
    1224:	40 e8       	ldi	r20, 0x80	; 128
    1226:	5f e3       	ldi	r21, 0x3F	; 63
    1228:	0e 94 79 03 	call	0x6f2	; 0x6f2 <__ltsf2>
    122c:	88 23       	and	r24, r24
    122e:	2c f4       	brge	.+10     	; 0x123a <sendSMS+0x674>
		__ticks = 1;
    1230:	81 e0       	ldi	r24, 0x01	; 1
    1232:	90 e0       	ldi	r25, 0x00	; 0
    1234:	9c 8b       	std	Y+20, r25	; 0x14
    1236:	8b 8b       	std	Y+19, r24	; 0x13
    1238:	3f c0       	rjmp	.+126    	; 0x12b8 <sendSMS+0x6f2>
	else if (__tmp > 65535)
    123a:	6d 89       	ldd	r22, Y+21	; 0x15
    123c:	7e 89       	ldd	r23, Y+22	; 0x16
    123e:	8f 89       	ldd	r24, Y+23	; 0x17
    1240:	98 8d       	ldd	r25, Y+24	; 0x18
    1242:	20 e0       	ldi	r18, 0x00	; 0
    1244:	3f ef       	ldi	r19, 0xFF	; 255
    1246:	4f e7       	ldi	r20, 0x7F	; 127
    1248:	57 e4       	ldi	r21, 0x47	; 71
    124a:	0e 94 19 03 	call	0x632	; 0x632 <__gtsf2>
    124e:	18 16       	cp	r1, r24
    1250:	4c f5       	brge	.+82     	; 0x12a4 <sendSMS+0x6de>
	{
		//	__ticks = requested delay in 1/10 ms
		__ticks = (uint16_t) (__ms * 10.0);
    1252:	69 8d       	ldd	r22, Y+25	; 0x19
    1254:	7a 8d       	ldd	r23, Y+26	; 0x1a
    1256:	8b 8d       	ldd	r24, Y+27	; 0x1b
    1258:	9c 8d       	ldd	r25, Y+28	; 0x1c
    125a:	20 e0       	ldi	r18, 0x00	; 0
    125c:	30 e0       	ldi	r19, 0x00	; 0
    125e:	40 e2       	ldi	r20, 0x20	; 32
    1260:	51 e4       	ldi	r21, 0x41	; 65
    1262:	0e 94 1f 02 	call	0x43e	; 0x43e <__mulsf3>
    1266:	dc 01       	movw	r26, r24
    1268:	cb 01       	movw	r24, r22
    126a:	bc 01       	movw	r22, r24
    126c:	cd 01       	movw	r24, r26
    126e:	0e 94 49 00 	call	0x92	; 0x92 <__fixunssfsi>
    1272:	dc 01       	movw	r26, r24
    1274:	cb 01       	movw	r24, r22
    1276:	9c 8b       	std	Y+20, r25	; 0x14
    1278:	8b 8b       	std	Y+19, r24	; 0x13
    127a:	0f c0       	rjmp	.+30     	; 0x129a <sendSMS+0x6d4>
    127c:	88 ec       	ldi	r24, 0xC8	; 200
    127e:	90 e0       	ldi	r25, 0x00	; 0
    1280:	9a 8b       	std	Y+18, r25	; 0x12
    1282:	89 8b       	std	Y+17, r24	; 0x11
    1284:	89 89       	ldd	r24, Y+17	; 0x11
    1286:	9a 89       	ldd	r25, Y+18	; 0x12
    1288:	01 97       	sbiw	r24, 0x01	; 1
    128a:	f1 f7       	brne	.-4      	; 0x1288 <sendSMS+0x6c2>
    128c:	9a 8b       	std	Y+18, r25	; 0x12
    128e:	89 8b       	std	Y+17, r24	; 0x11
		while(__ticks)
		{
			// wait 1/10 ms
			_delay_loop_2(((F_CPU) / 4e3) / 10);
			__ticks --;
    1290:	8b 89       	ldd	r24, Y+19	; 0x13
    1292:	9c 89       	ldd	r25, Y+20	; 0x14
    1294:	01 97       	sbiw	r24, 0x01	; 1
    1296:	9c 8b       	std	Y+20, r25	; 0x14
    1298:	8b 8b       	std	Y+19, r24	; 0x13
		__ticks = 1;
	else if (__tmp > 65535)
	{
		//	__ticks = requested delay in 1/10 ms
		__ticks = (uint16_t) (__ms * 10.0);
		while(__ticks)
    129a:	8b 89       	ldd	r24, Y+19	; 0x13
    129c:	9c 89       	ldd	r25, Y+20	; 0x14
    129e:	00 97       	sbiw	r24, 0x00	; 0
    12a0:	69 f7       	brne	.-38     	; 0x127c <sendSMS+0x6b6>
    12a2:	14 c0       	rjmp	.+40     	; 0x12cc <sendSMS+0x706>
			__ticks --;
		}
		return;
	}
	else
		__ticks = (uint16_t)__tmp;
    12a4:	6d 89       	ldd	r22, Y+21	; 0x15
    12a6:	7e 89       	ldd	r23, Y+22	; 0x16
    12a8:	8f 89       	ldd	r24, Y+23	; 0x17
    12aa:	98 8d       	ldd	r25, Y+24	; 0x18
    12ac:	0e 94 49 00 	call	0x92	; 0x92 <__fixunssfsi>
    12b0:	dc 01       	movw	r26, r24
    12b2:	cb 01       	movw	r24, r22
    12b4:	9c 8b       	std	Y+20, r25	; 0x14
    12b6:	8b 8b       	std	Y+19, r24	; 0x13
    12b8:	8b 89       	ldd	r24, Y+19	; 0x13
    12ba:	9c 89       	ldd	r25, Y+20	; 0x14
    12bc:	98 8b       	std	Y+16, r25	; 0x10
    12be:	8f 87       	std	Y+15, r24	; 0x0f
    12c0:	8f 85       	ldd	r24, Y+15	; 0x0f
    12c2:	98 89       	ldd	r25, Y+16	; 0x10
    12c4:	01 97       	sbiw	r24, 0x01	; 1
    12c6:	f1 f7       	brne	.-4      	; 0x12c4 <sendSMS+0x6fe>
    12c8:	98 8b       	std	Y+16, r25	; 0x10
    12ca:	8f 87       	std	Y+15, r24	; 0x0f
     _delay_ms(1000);
     _delay_ms(1000);

     senddata("AT+CMSS=1");
    12cc:	8c e9       	ldi	r24, 0x9C	; 156
    12ce:	90 e0       	ldi	r25, 0x00	; 0
    12d0:	0e 94 7e 0d 	call	0x1afc	; 0x1afc <senddata>
     USART_SendData(13);
    12d4:	8d e0       	ldi	r24, 0x0D	; 13
    12d6:	0e 94 54 0d 	call	0x1aa8	; 0x1aa8 <USART_SendData>
     USART_SendData(10);
    12da:	8a e0       	ldi	r24, 0x0A	; 10
    12dc:	0e 94 54 0d 	call	0x1aa8	; 0x1aa8 <USART_SendData>
    12e0:	80 e0       	ldi	r24, 0x00	; 0
    12e2:	90 e0       	ldi	r25, 0x00	; 0
    12e4:	aa e7       	ldi	r26, 0x7A	; 122
    12e6:	b4 e4       	ldi	r27, 0x44	; 68
    12e8:	8b 87       	std	Y+11, r24	; 0x0b
    12ea:	9c 87       	std	Y+12, r25	; 0x0c
    12ec:	ad 87       	std	Y+13, r26	; 0x0d
    12ee:	be 87       	std	Y+14, r27	; 0x0e
 */
void
_delay_ms(double __ms)
{
	uint16_t __ticks;
	double __tmp = ((F_CPU) / 4e3) * __ms;
    12f0:	6b 85       	ldd	r22, Y+11	; 0x0b
    12f2:	7c 85       	ldd	r23, Y+12	; 0x0c
    12f4:	8d 85       	ldd	r24, Y+13	; 0x0d
    12f6:	9e 85       	ldd	r25, Y+14	; 0x0e
    12f8:	20 e0       	ldi	r18, 0x00	; 0
    12fa:	30 e0       	ldi	r19, 0x00	; 0
    12fc:	4a ef       	ldi	r20, 0xFA	; 250
    12fe:	54 e4       	ldi	r21, 0x44	; 68
    1300:	0e 94 1f 02 	call	0x43e	; 0x43e <__mulsf3>
    1304:	dc 01       	movw	r26, r24
    1306:	cb 01       	movw	r24, r22
    1308:	8f 83       	std	Y+7, r24	; 0x07
    130a:	98 87       	std	Y+8, r25	; 0x08
    130c:	a9 87       	std	Y+9, r26	; 0x09
    130e:	ba 87       	std	Y+10, r27	; 0x0a
	if (__tmp < 1.0)
    1310:	6f 81       	ldd	r22, Y+7	; 0x07
    1312:	78 85       	ldd	r23, Y+8	; 0x08
    1314:	89 85       	ldd	r24, Y+9	; 0x09
    1316:	9a 85       	ldd	r25, Y+10	; 0x0a
    1318:	20 e0       	ldi	r18, 0x00	; 0
    131a:	30 e0       	ldi	r19, 0x00	; 0
    131c:	40 e8       	ldi	r20, 0x80	; 128
    131e:	5f e3       	ldi	r21, 0x3F	; 63
    1320:	0e 94 79 03 	call	0x6f2	; 0x6f2 <__ltsf2>
    1324:	88 23       	and	r24, r24
    1326:	2c f4       	brge	.+10     	; 0x1332 <sendSMS+0x76c>
		__ticks = 1;
    1328:	81 e0       	ldi	r24, 0x01	; 1
    132a:	90 e0       	ldi	r25, 0x00	; 0
    132c:	9e 83       	std	Y+6, r25	; 0x06
    132e:	8d 83       	std	Y+5, r24	; 0x05
    1330:	3f c0       	rjmp	.+126    	; 0x13b0 <sendSMS+0x7ea>
	else if (__tmp > 65535)
    1332:	6f 81       	ldd	r22, Y+7	; 0x07
    1334:	78 85       	ldd	r23, Y+8	; 0x08
    1336:	89 85       	ldd	r24, Y+9	; 0x09
    1338:	9a 85       	ldd	r25, Y+10	; 0x0a
    133a:	20 e0       	ldi	r18, 0x00	; 0
    133c:	3f ef       	ldi	r19, 0xFF	; 255
    133e:	4f e7       	ldi	r20, 0x7F	; 127
    1340:	57 e4       	ldi	r21, 0x47	; 71
    1342:	0e 94 19 03 	call	0x632	; 0x632 <__gtsf2>
    1346:	18 16       	cp	r1, r24
    1348:	4c f5       	brge	.+82     	; 0x139c <sendSMS+0x7d6>
	{
		//	__ticks = requested delay in 1/10 ms
		__ticks = (uint16_t) (__ms * 10.0);
    134a:	6b 85       	ldd	r22, Y+11	; 0x0b
    134c:	7c 85       	ldd	r23, Y+12	; 0x0c
    134e:	8d 85       	ldd	r24, Y+13	; 0x0d
    1350:	9e 85       	ldd	r25, Y+14	; 0x0e
    1352:	20 e0       	ldi	r18, 0x00	; 0
    1354:	30 e0       	ldi	r19, 0x00	; 0
    1356:	40 e2       	ldi	r20, 0x20	; 32
    1358:	51 e4       	ldi	r21, 0x41	; 65
    135a:	0e 94 1f 02 	call	0x43e	; 0x43e <__mulsf3>
    135e:	dc 01       	movw	r26, r24
    1360:	cb 01       	movw	r24, r22
    1362:	bc 01       	movw	r22, r24
    1364:	cd 01       	movw	r24, r26
    1366:	0e 94 49 00 	call	0x92	; 0x92 <__fixunssfsi>
    136a:	dc 01       	movw	r26, r24
    136c:	cb 01       	movw	r24, r22
    136e:	9e 83       	std	Y+6, r25	; 0x06
    1370:	8d 83       	std	Y+5, r24	; 0x05
    1372:	0f c0       	rjmp	.+30     	; 0x1392 <sendSMS+0x7cc>
    1374:	88 ec       	ldi	r24, 0xC8	; 200
    1376:	90 e0       	ldi	r25, 0x00	; 0
    1378:	9c 83       	std	Y+4, r25	; 0x04
    137a:	8b 83       	std	Y+3, r24	; 0x03
    137c:	8b 81       	ldd	r24, Y+3	; 0x03
    137e:	9c 81       	ldd	r25, Y+4	; 0x04
    1380:	01 97       	sbiw	r24, 0x01	; 1
    1382:	f1 f7       	brne	.-4      	; 0x1380 <sendSMS+0x7ba>
    1384:	9c 83       	std	Y+4, r25	; 0x04
    1386:	8b 83       	std	Y+3, r24	; 0x03
		while(__ticks)
		{
			// wait 1/10 ms
			_delay_loop_2(((F_CPU) / 4e3) / 10);
			__ticks --;
    1388:	8d 81       	ldd	r24, Y+5	; 0x05
    138a:	9e 81       	ldd	r25, Y+6	; 0x06
    138c:	01 97       	sbiw	r24, 0x01	; 1
    138e:	9e 83       	std	Y+6, r25	; 0x06
    1390:	8d 83       	std	Y+5, r24	; 0x05
		__ticks = 1;
	else if (__tmp > 65535)
	{
		//	__ticks = requested delay in 1/10 ms
		__ticks = (uint16_t) (__ms * 10.0);
		while(__ticks)
    1392:	8d 81       	ldd	r24, Y+5	; 0x05
    1394:	9e 81       	ldd	r25, Y+6	; 0x06
    1396:	00 97       	sbiw	r24, 0x00	; 0
    1398:	69 f7       	brne	.-38     	; 0x1374 <sendSMS+0x7ae>
    139a:	14 c0       	rjmp	.+40     	; 0x13c4 <sendSMS+0x7fe>
			__ticks --;
		}
		return;
	}
	else
		__ticks = (uint16_t)__tmp;
    139c:	6f 81       	ldd	r22, Y+7	; 0x07
    139e:	78 85       	ldd	r23, Y+8	; 0x08
    13a0:	89 85       	ldd	r24, Y+9	; 0x09
    13a2:	9a 85       	ldd	r25, Y+10	; 0x0a
    13a4:	0e 94 49 00 	call	0x92	; 0x92 <__fixunssfsi>
    13a8:	dc 01       	movw	r26, r24
    13aa:	cb 01       	movw	r24, r22
    13ac:	9e 83       	std	Y+6, r25	; 0x06
    13ae:	8d 83       	std	Y+5, r24	; 0x05
    13b0:	8d 81       	ldd	r24, Y+5	; 0x05
    13b2:	9e 81       	ldd	r25, Y+6	; 0x06
    13b4:	9a 83       	std	Y+2, r25	; 0x02
    13b6:	89 83       	std	Y+1, r24	; 0x01
    13b8:	89 81       	ldd	r24, Y+1	; 0x01
    13ba:	9a 81       	ldd	r25, Y+2	; 0x02
    13bc:	01 97       	sbiw	r24, 0x01	; 1
    13be:	f1 f7       	brne	.-4      	; 0x13bc <sendSMS+0x7f6>
    13c0:	9a 83       	std	Y+2, r25	; 0x02
    13c2:	89 83       	std	Y+1, r24	; 0x01
     _delay_ms(1000);

}
    13c4:	ce 59       	subi	r28, 0x9E	; 158
    13c6:	df 4f       	sbci	r29, 0xFF	; 255
    13c8:	0f b6       	in	r0, 0x3f	; 63
    13ca:	f8 94       	cli
    13cc:	de bf       	out	0x3e, r29	; 62
    13ce:	0f be       	out	0x3f, r0	; 63
    13d0:	cd bf       	out	0x3d, r28	; 61
    13d2:	cf 91       	pop	r28
    13d4:	df 91       	pop	r29
    13d6:	1f 91       	pop	r17
    13d8:	0f 91       	pop	r16
    13da:	08 95       	ret

000013dc <LCD_Init>:
#include "LCD.h"

extern void LCD_Init(void)
{
    13dc:	df 93       	push	r29
    13de:	cf 93       	push	r28
    13e0:	cd b7       	in	r28, 0x3d	; 61
    13e2:	de b7       	in	r29, 0x3e	; 62
    13e4:	aa 97       	sbiw	r28, 0x2a	; 42
    13e6:	0f b6       	in	r0, 0x3f	; 63
    13e8:	f8 94       	cli
    13ea:	de bf       	out	0x3e, r29	; 62
    13ec:	0f be       	out	0x3f, r0	; 63
    13ee:	cd bf       	out	0x3d, r28	; 61
    13f0:	80 e0       	ldi	r24, 0x00	; 0
    13f2:	90 e0       	ldi	r25, 0x00	; 0
    13f4:	a0 e2       	ldi	r26, 0x20	; 32
    13f6:	b2 e4       	ldi	r27, 0x42	; 66
    13f8:	8f a3       	std	Y+39, r24	; 0x27
    13fa:	98 a7       	std	Y+40, r25	; 0x28
    13fc:	a9 a7       	std	Y+41, r26	; 0x29
    13fe:	ba a7       	std	Y+42, r27	; 0x2a
 */
void
_delay_ms(double __ms)
{
	uint16_t __ticks;
	double __tmp = ((F_CPU) / 4e3) * __ms;
    1400:	6f a1       	ldd	r22, Y+39	; 0x27
    1402:	78 a5       	ldd	r23, Y+40	; 0x28
    1404:	89 a5       	ldd	r24, Y+41	; 0x29
    1406:	9a a5       	ldd	r25, Y+42	; 0x2a
    1408:	20 e0       	ldi	r18, 0x00	; 0
    140a:	30 e0       	ldi	r19, 0x00	; 0
    140c:	4a ef       	ldi	r20, 0xFA	; 250
    140e:	54 e4       	ldi	r21, 0x44	; 68
    1410:	0e 94 1f 02 	call	0x43e	; 0x43e <__mulsf3>
    1414:	dc 01       	movw	r26, r24
    1416:	cb 01       	movw	r24, r22
    1418:	8b a3       	std	Y+35, r24	; 0x23
    141a:	9c a3       	std	Y+36, r25	; 0x24
    141c:	ad a3       	std	Y+37, r26	; 0x25
    141e:	be a3       	std	Y+38, r27	; 0x26
	if (__tmp < 1.0)
    1420:	6b a1       	ldd	r22, Y+35	; 0x23
    1422:	7c a1       	ldd	r23, Y+36	; 0x24
    1424:	8d a1       	ldd	r24, Y+37	; 0x25
    1426:	9e a1       	ldd	r25, Y+38	; 0x26
    1428:	20 e0       	ldi	r18, 0x00	; 0
    142a:	30 e0       	ldi	r19, 0x00	; 0
    142c:	40 e8       	ldi	r20, 0x80	; 128
    142e:	5f e3       	ldi	r21, 0x3F	; 63
    1430:	0e 94 79 03 	call	0x6f2	; 0x6f2 <__ltsf2>
    1434:	88 23       	and	r24, r24
    1436:	2c f4       	brge	.+10     	; 0x1442 <LCD_Init+0x66>
		__ticks = 1;
    1438:	81 e0       	ldi	r24, 0x01	; 1
    143a:	90 e0       	ldi	r25, 0x00	; 0
    143c:	9a a3       	std	Y+34, r25	; 0x22
    143e:	89 a3       	std	Y+33, r24	; 0x21
    1440:	3f c0       	rjmp	.+126    	; 0x14c0 <LCD_Init+0xe4>
	else if (__tmp > 65535)
    1442:	6b a1       	ldd	r22, Y+35	; 0x23
    1444:	7c a1       	ldd	r23, Y+36	; 0x24
    1446:	8d a1       	ldd	r24, Y+37	; 0x25
    1448:	9e a1       	ldd	r25, Y+38	; 0x26
    144a:	20 e0       	ldi	r18, 0x00	; 0
    144c:	3f ef       	ldi	r19, 0xFF	; 255
    144e:	4f e7       	ldi	r20, 0x7F	; 127
    1450:	57 e4       	ldi	r21, 0x47	; 71
    1452:	0e 94 19 03 	call	0x632	; 0x632 <__gtsf2>
    1456:	18 16       	cp	r1, r24
    1458:	4c f5       	brge	.+82     	; 0x14ac <LCD_Init+0xd0>
	{
		//	__ticks = requested delay in 1/10 ms
		__ticks = (uint16_t) (__ms * 10.0);
    145a:	6f a1       	ldd	r22, Y+39	; 0x27
    145c:	78 a5       	ldd	r23, Y+40	; 0x28
    145e:	89 a5       	ldd	r24, Y+41	; 0x29
    1460:	9a a5       	ldd	r25, Y+42	; 0x2a
    1462:	20 e0       	ldi	r18, 0x00	; 0
    1464:	30 e0       	ldi	r19, 0x00	; 0
    1466:	40 e2       	ldi	r20, 0x20	; 32
    1468:	51 e4       	ldi	r21, 0x41	; 65
    146a:	0e 94 1f 02 	call	0x43e	; 0x43e <__mulsf3>
    146e:	dc 01       	movw	r26, r24
    1470:	cb 01       	movw	r24, r22
    1472:	bc 01       	movw	r22, r24
    1474:	cd 01       	movw	r24, r26
    1476:	0e 94 49 00 	call	0x92	; 0x92 <__fixunssfsi>
    147a:	dc 01       	movw	r26, r24
    147c:	cb 01       	movw	r24, r22
    147e:	9a a3       	std	Y+34, r25	; 0x22
    1480:	89 a3       	std	Y+33, r24	; 0x21
    1482:	0f c0       	rjmp	.+30     	; 0x14a2 <LCD_Init+0xc6>
    1484:	88 ec       	ldi	r24, 0xC8	; 200
    1486:	90 e0       	ldi	r25, 0x00	; 0
    1488:	98 a3       	std	Y+32, r25	; 0x20
    148a:	8f 8f       	std	Y+31, r24	; 0x1f
    148c:	8f 8d       	ldd	r24, Y+31	; 0x1f
    148e:	98 a1       	ldd	r25, Y+32	; 0x20
    1490:	01 97       	sbiw	r24, 0x01	; 1
    1492:	f1 f7       	brne	.-4      	; 0x1490 <LCD_Init+0xb4>
    1494:	98 a3       	std	Y+32, r25	; 0x20
    1496:	8f 8f       	std	Y+31, r24	; 0x1f
		while(__ticks)
		{
			// wait 1/10 ms
			_delay_loop_2(((F_CPU) / 4e3) / 10);
			__ticks --;
    1498:	89 a1       	ldd	r24, Y+33	; 0x21
    149a:	9a a1       	ldd	r25, Y+34	; 0x22
    149c:	01 97       	sbiw	r24, 0x01	; 1
    149e:	9a a3       	std	Y+34, r25	; 0x22
    14a0:	89 a3       	std	Y+33, r24	; 0x21
		__ticks = 1;
	else if (__tmp > 65535)
	{
		//	__ticks = requested delay in 1/10 ms
		__ticks = (uint16_t) (__ms * 10.0);
		while(__ticks)
    14a2:	89 a1       	ldd	r24, Y+33	; 0x21
    14a4:	9a a1       	ldd	r25, Y+34	; 0x22
    14a6:	00 97       	sbiw	r24, 0x00	; 0
    14a8:	69 f7       	brne	.-38     	; 0x1484 <LCD_Init+0xa8>
    14aa:	14 c0       	rjmp	.+40     	; 0x14d4 <LCD_Init+0xf8>
			__ticks --;
		}
		return;
	}
	else
		__ticks = (uint16_t)__tmp;
    14ac:	6b a1       	ldd	r22, Y+35	; 0x23
    14ae:	7c a1       	ldd	r23, Y+36	; 0x24
    14b0:	8d a1       	ldd	r24, Y+37	; 0x25
    14b2:	9e a1       	ldd	r25, Y+38	; 0x26
    14b4:	0e 94 49 00 	call	0x92	; 0x92 <__fixunssfsi>
    14b8:	dc 01       	movw	r26, r24
    14ba:	cb 01       	movw	r24, r22
    14bc:	9a a3       	std	Y+34, r25	; 0x22
    14be:	89 a3       	std	Y+33, r24	; 0x21
    14c0:	89 a1       	ldd	r24, Y+33	; 0x21
    14c2:	9a a1       	ldd	r25, Y+34	; 0x22
    14c4:	9e 8f       	std	Y+30, r25	; 0x1e
    14c6:	8d 8f       	std	Y+29, r24	; 0x1d
    14c8:	8d 8d       	ldd	r24, Y+29	; 0x1d
    14ca:	9e 8d       	ldd	r25, Y+30	; 0x1e
    14cc:	01 97       	sbiw	r24, 0x01	; 1
    14ce:	f1 f7       	brne	.-4      	; 0x14cc <LCD_Init+0xf0>
    14d0:	9e 8f       	std	Y+30, r25	; 0x1e
    14d2:	8d 8f       	std	Y+29, r24	; 0x1d
	_delay_ms(40);
	LCD_WriteCommand(0b00111000);//function set DL=1 for 8 bit connection,N=1 for 2 lines, F=1 for font size
    14d4:	88 e3       	ldi	r24, 0x38	; 56
    14d6:	0e 94 60 0b 	call	0x16c0	; 0x16c0 <LCD_WriteCommand>
    14da:	80 e0       	ldi	r24, 0x00	; 0
    14dc:	90 e0       	ldi	r25, 0x00	; 0
    14de:	a0 e4       	ldi	r26, 0x40	; 64
    14e0:	b0 e4       	ldi	r27, 0x40	; 64
    14e2:	89 8f       	std	Y+25, r24	; 0x19
    14e4:	9a 8f       	std	Y+26, r25	; 0x1a
    14e6:	ab 8f       	std	Y+27, r26	; 0x1b
    14e8:	bc 8f       	std	Y+28, r27	; 0x1c
 */
void
_delay_ms(double __ms)
{
	uint16_t __ticks;
	double __tmp = ((F_CPU) / 4e3) * __ms;
    14ea:	69 8d       	ldd	r22, Y+25	; 0x19
    14ec:	7a 8d       	ldd	r23, Y+26	; 0x1a
    14ee:	8b 8d       	ldd	r24, Y+27	; 0x1b
    14f0:	9c 8d       	ldd	r25, Y+28	; 0x1c
    14f2:	20 e0       	ldi	r18, 0x00	; 0
    14f4:	30 e0       	ldi	r19, 0x00	; 0
    14f6:	4a ef       	ldi	r20, 0xFA	; 250
    14f8:	54 e4       	ldi	r21, 0x44	; 68
    14fa:	0e 94 1f 02 	call	0x43e	; 0x43e <__mulsf3>
    14fe:	dc 01       	movw	r26, r24
    1500:	cb 01       	movw	r24, r22
    1502:	8d 8b       	std	Y+21, r24	; 0x15
    1504:	9e 8b       	std	Y+22, r25	; 0x16
    1506:	af 8b       	std	Y+23, r26	; 0x17
    1508:	b8 8f       	std	Y+24, r27	; 0x18
	if (__tmp < 1.0)
    150a:	6d 89       	ldd	r22, Y+21	; 0x15
    150c:	7e 89       	ldd	r23, Y+22	; 0x16
    150e:	8f 89       	ldd	r24, Y+23	; 0x17
    1510:	98 8d       	ldd	r25, Y+24	; 0x18
    1512:	20 e0       	ldi	r18, 0x00	; 0
    1514:	30 e0       	ldi	r19, 0x00	; 0
    1516:	40 e8       	ldi	r20, 0x80	; 128
    1518:	5f e3       	ldi	r21, 0x3F	; 63
    151a:	0e 94 79 03 	call	0x6f2	; 0x6f2 <__ltsf2>
    151e:	88 23       	and	r24, r24
    1520:	2c f4       	brge	.+10     	; 0x152c <LCD_Init+0x150>
		__ticks = 1;
    1522:	81 e0       	ldi	r24, 0x01	; 1
    1524:	90 e0       	ldi	r25, 0x00	; 0
    1526:	9c 8b       	std	Y+20, r25	; 0x14
    1528:	8b 8b       	std	Y+19, r24	; 0x13
    152a:	3f c0       	rjmp	.+126    	; 0x15aa <LCD_Init+0x1ce>
	else if (__tmp > 65535)
    152c:	6d 89       	ldd	r22, Y+21	; 0x15
    152e:	7e 89       	ldd	r23, Y+22	; 0x16
    1530:	8f 89       	ldd	r24, Y+23	; 0x17
    1532:	98 8d       	ldd	r25, Y+24	; 0x18
    1534:	20 e0       	ldi	r18, 0x00	; 0
    1536:	3f ef       	ldi	r19, 0xFF	; 255
    1538:	4f e7       	ldi	r20, 0x7F	; 127
    153a:	57 e4       	ldi	r21, 0x47	; 71
    153c:	0e 94 19 03 	call	0x632	; 0x632 <__gtsf2>
    1540:	18 16       	cp	r1, r24
    1542:	4c f5       	brge	.+82     	; 0x1596 <LCD_Init+0x1ba>
	{
		//	__ticks = requested delay in 1/10 ms
		__ticks = (uint16_t) (__ms * 10.0);
    1544:	69 8d       	ldd	r22, Y+25	; 0x19
    1546:	7a 8d       	ldd	r23, Y+26	; 0x1a
    1548:	8b 8d       	ldd	r24, Y+27	; 0x1b
    154a:	9c 8d       	ldd	r25, Y+28	; 0x1c
    154c:	20 e0       	ldi	r18, 0x00	; 0
    154e:	30 e0       	ldi	r19, 0x00	; 0
    1550:	40 e2       	ldi	r20, 0x20	; 32
    1552:	51 e4       	ldi	r21, 0x41	; 65
    1554:	0e 94 1f 02 	call	0x43e	; 0x43e <__mulsf3>
    1558:	dc 01       	movw	r26, r24
    155a:	cb 01       	movw	r24, r22
    155c:	bc 01       	movw	r22, r24
    155e:	cd 01       	movw	r24, r26
    1560:	0e 94 49 00 	call	0x92	; 0x92 <__fixunssfsi>
    1564:	dc 01       	movw	r26, r24
    1566:	cb 01       	movw	r24, r22
    1568:	9c 8b       	std	Y+20, r25	; 0x14
    156a:	8b 8b       	std	Y+19, r24	; 0x13
    156c:	0f c0       	rjmp	.+30     	; 0x158c <LCD_Init+0x1b0>
    156e:	88 ec       	ldi	r24, 0xC8	; 200
    1570:	90 e0       	ldi	r25, 0x00	; 0
    1572:	9a 8b       	std	Y+18, r25	; 0x12
    1574:	89 8b       	std	Y+17, r24	; 0x11
    1576:	89 89       	ldd	r24, Y+17	; 0x11
    1578:	9a 89       	ldd	r25, Y+18	; 0x12
    157a:	01 97       	sbiw	r24, 0x01	; 1
    157c:	f1 f7       	brne	.-4      	; 0x157a <LCD_Init+0x19e>
    157e:	9a 8b       	std	Y+18, r25	; 0x12
    1580:	89 8b       	std	Y+17, r24	; 0x11
		while(__ticks)
		{
			// wait 1/10 ms
			_delay_loop_2(((F_CPU) / 4e3) / 10);
			__ticks --;
    1582:	8b 89       	ldd	r24, Y+19	; 0x13
    1584:	9c 89       	ldd	r25, Y+20	; 0x14
    1586:	01 97       	sbiw	r24, 0x01	; 1
    1588:	9c 8b       	std	Y+20, r25	; 0x14
    158a:	8b 8b       	std	Y+19, r24	; 0x13
		__ticks = 1;
	else if (__tmp > 65535)
	{
		//	__ticks = requested delay in 1/10 ms
		__ticks = (uint16_t) (__ms * 10.0);
		while(__ticks)
    158c:	8b 89       	ldd	r24, Y+19	; 0x13
    158e:	9c 89       	ldd	r25, Y+20	; 0x14
    1590:	00 97       	sbiw	r24, 0x00	; 0
    1592:	69 f7       	brne	.-38     	; 0x156e <LCD_Init+0x192>
    1594:	14 c0       	rjmp	.+40     	; 0x15be <LCD_Init+0x1e2>
			__ticks --;
		}
		return;
	}
	else
		__ticks = (uint16_t)__tmp;
    1596:	6d 89       	ldd	r22, Y+21	; 0x15
    1598:	7e 89       	ldd	r23, Y+22	; 0x16
    159a:	8f 89       	ldd	r24, Y+23	; 0x17
    159c:	98 8d       	ldd	r25, Y+24	; 0x18
    159e:	0e 94 49 00 	call	0x92	; 0x92 <__fixunssfsi>
    15a2:	dc 01       	movw	r26, r24
    15a4:	cb 01       	movw	r24, r22
    15a6:	9c 8b       	std	Y+20, r25	; 0x14
    15a8:	8b 8b       	std	Y+19, r24	; 0x13
    15aa:	8b 89       	ldd	r24, Y+19	; 0x13
    15ac:	9c 89       	ldd	r25, Y+20	; 0x14
    15ae:	98 8b       	std	Y+16, r25	; 0x10
    15b0:	8f 87       	std	Y+15, r24	; 0x0f
    15b2:	8f 85       	ldd	r24, Y+15	; 0x0f
    15b4:	98 89       	ldd	r25, Y+16	; 0x10
    15b6:	01 97       	sbiw	r24, 0x01	; 1
    15b8:	f1 f7       	brne	.-4      	; 0x15b6 <LCD_Init+0x1da>
    15ba:	98 8b       	std	Y+16, r25	; 0x10
    15bc:	8f 87       	std	Y+15, r24	; 0x0f
    _delay_ms(3);
    LCD_WriteCommand(0b00001100);//Display control D display
    15be:	8c e0       	ldi	r24, 0x0C	; 12
    15c0:	0e 94 60 0b 	call	0x16c0	; 0x16c0 <LCD_WriteCommand>
    15c4:	80 e0       	ldi	r24, 0x00	; 0
    15c6:	90 e0       	ldi	r25, 0x00	; 0
    15c8:	a0 e4       	ldi	r26, 0x40	; 64
    15ca:	b0 e4       	ldi	r27, 0x40	; 64
    15cc:	8b 87       	std	Y+11, r24	; 0x0b
    15ce:	9c 87       	std	Y+12, r25	; 0x0c
    15d0:	ad 87       	std	Y+13, r26	; 0x0d
    15d2:	be 87       	std	Y+14, r27	; 0x0e
 */
void
_delay_ms(double __ms)
{
	uint16_t __ticks;
	double __tmp = ((F_CPU) / 4e3) * __ms;
    15d4:	6b 85       	ldd	r22, Y+11	; 0x0b
    15d6:	7c 85       	ldd	r23, Y+12	; 0x0c
    15d8:	8d 85       	ldd	r24, Y+13	; 0x0d
    15da:	9e 85       	ldd	r25, Y+14	; 0x0e
    15dc:	20 e0       	ldi	r18, 0x00	; 0
    15de:	30 e0       	ldi	r19, 0x00	; 0
    15e0:	4a ef       	ldi	r20, 0xFA	; 250
    15e2:	54 e4       	ldi	r21, 0x44	; 68
    15e4:	0e 94 1f 02 	call	0x43e	; 0x43e <__mulsf3>
    15e8:	dc 01       	movw	r26, r24
    15ea:	cb 01       	movw	r24, r22
    15ec:	8f 83       	std	Y+7, r24	; 0x07
    15ee:	98 87       	std	Y+8, r25	; 0x08
    15f0:	a9 87       	std	Y+9, r26	; 0x09
    15f2:	ba 87       	std	Y+10, r27	; 0x0a
	if (__tmp < 1.0)
    15f4:	6f 81       	ldd	r22, Y+7	; 0x07
    15f6:	78 85       	ldd	r23, Y+8	; 0x08
    15f8:	89 85       	ldd	r24, Y+9	; 0x09
    15fa:	9a 85       	ldd	r25, Y+10	; 0x0a
    15fc:	20 e0       	ldi	r18, 0x00	; 0
    15fe:	30 e0       	ldi	r19, 0x00	; 0
    1600:	40 e8       	ldi	r20, 0x80	; 128
    1602:	5f e3       	ldi	r21, 0x3F	; 63
    1604:	0e 94 79 03 	call	0x6f2	; 0x6f2 <__ltsf2>
    1608:	88 23       	and	r24, r24
    160a:	2c f4       	brge	.+10     	; 0x1616 <LCD_Init+0x23a>
		__ticks = 1;
    160c:	81 e0       	ldi	r24, 0x01	; 1
    160e:	90 e0       	ldi	r25, 0x00	; 0
    1610:	9e 83       	std	Y+6, r25	; 0x06
    1612:	8d 83       	std	Y+5, r24	; 0x05
    1614:	3f c0       	rjmp	.+126    	; 0x1694 <LCD_Init+0x2b8>
	else if (__tmp > 65535)
    1616:	6f 81       	ldd	r22, Y+7	; 0x07
    1618:	78 85       	ldd	r23, Y+8	; 0x08
    161a:	89 85       	ldd	r24, Y+9	; 0x09
    161c:	9a 85       	ldd	r25, Y+10	; 0x0a
    161e:	20 e0       	ldi	r18, 0x00	; 0
    1620:	3f ef       	ldi	r19, 0xFF	; 255
    1622:	4f e7       	ldi	r20, 0x7F	; 127
    1624:	57 e4       	ldi	r21, 0x47	; 71
    1626:	0e 94 19 03 	call	0x632	; 0x632 <__gtsf2>
    162a:	18 16       	cp	r1, r24
    162c:	4c f5       	brge	.+82     	; 0x1680 <LCD_Init+0x2a4>
	{
		//	__ticks = requested delay in 1/10 ms
		__ticks = (uint16_t) (__ms * 10.0);
    162e:	6b 85       	ldd	r22, Y+11	; 0x0b
    1630:	7c 85       	ldd	r23, Y+12	; 0x0c
    1632:	8d 85       	ldd	r24, Y+13	; 0x0d
    1634:	9e 85       	ldd	r25, Y+14	; 0x0e
    1636:	20 e0       	ldi	r18, 0x00	; 0
    1638:	30 e0       	ldi	r19, 0x00	; 0
    163a:	40 e2       	ldi	r20, 0x20	; 32
    163c:	51 e4       	ldi	r21, 0x41	; 65
    163e:	0e 94 1f 02 	call	0x43e	; 0x43e <__mulsf3>
    1642:	dc 01       	movw	r26, r24
    1644:	cb 01       	movw	r24, r22
    1646:	bc 01       	movw	r22, r24
    1648:	cd 01       	movw	r24, r26
    164a:	0e 94 49 00 	call	0x92	; 0x92 <__fixunssfsi>
    164e:	dc 01       	movw	r26, r24
    1650:	cb 01       	movw	r24, r22
    1652:	9e 83       	std	Y+6, r25	; 0x06
    1654:	8d 83       	std	Y+5, r24	; 0x05
    1656:	0f c0       	rjmp	.+30     	; 0x1676 <LCD_Init+0x29a>
    1658:	88 ec       	ldi	r24, 0xC8	; 200
    165a:	90 e0       	ldi	r25, 0x00	; 0
    165c:	9c 83       	std	Y+4, r25	; 0x04
    165e:	8b 83       	std	Y+3, r24	; 0x03
    1660:	8b 81       	ldd	r24, Y+3	; 0x03
    1662:	9c 81       	ldd	r25, Y+4	; 0x04
    1664:	01 97       	sbiw	r24, 0x01	; 1
    1666:	f1 f7       	brne	.-4      	; 0x1664 <LCD_Init+0x288>
    1668:	9c 83       	std	Y+4, r25	; 0x04
    166a:	8b 83       	std	Y+3, r24	; 0x03
		while(__ticks)
		{
			// wait 1/10 ms
			_delay_loop_2(((F_CPU) / 4e3) / 10);
			__ticks --;
    166c:	8d 81       	ldd	r24, Y+5	; 0x05
    166e:	9e 81       	ldd	r25, Y+6	; 0x06
    1670:	01 97       	sbiw	r24, 0x01	; 1
    1672:	9e 83       	std	Y+6, r25	; 0x06
    1674:	8d 83       	std	Y+5, r24	; 0x05
		__ticks = 1;
	else if (__tmp > 65535)
	{
		//	__ticks = requested delay in 1/10 ms
		__ticks = (uint16_t) (__ms * 10.0);
		while(__ticks)
    1676:	8d 81       	ldd	r24, Y+5	; 0x05
    1678:	9e 81       	ldd	r25, Y+6	; 0x06
    167a:	00 97       	sbiw	r24, 0x00	; 0
    167c:	69 f7       	brne	.-38     	; 0x1658 <LCD_Init+0x27c>
    167e:	14 c0       	rjmp	.+40     	; 0x16a8 <LCD_Init+0x2cc>
			__ticks --;
		}
		return;
	}
	else
		__ticks = (uint16_t)__tmp;
    1680:	6f 81       	ldd	r22, Y+7	; 0x07
    1682:	78 85       	ldd	r23, Y+8	; 0x08
    1684:	89 85       	ldd	r24, Y+9	; 0x09
    1686:	9a 85       	ldd	r25, Y+10	; 0x0a
    1688:	0e 94 49 00 	call	0x92	; 0x92 <__fixunssfsi>
    168c:	dc 01       	movw	r26, r24
    168e:	cb 01       	movw	r24, r22
    1690:	9e 83       	std	Y+6, r25	; 0x06
    1692:	8d 83       	std	Y+5, r24	; 0x05
    1694:	8d 81       	ldd	r24, Y+5	; 0x05
    1696:	9e 81       	ldd	r25, Y+6	; 0x06
    1698:	9a 83       	std	Y+2, r25	; 0x02
    169a:	89 83       	std	Y+1, r24	; 0x01
    169c:	89 81       	ldd	r24, Y+1	; 0x01
    169e:	9a 81       	ldd	r25, Y+2	; 0x02
    16a0:	01 97       	sbiw	r24, 0x01	; 1
    16a2:	f1 f7       	brne	.-4      	; 0x16a0 <LCD_Init+0x2c4>
    16a4:	9a 83       	std	Y+2, r25	; 0x02
    16a6:	89 83       	std	Y+1, r24	; 0x01
    _delay_ms(3);
    LCD_WriteCommand(0b00000001);//Clear display
    16a8:	81 e0       	ldi	r24, 0x01	; 1
    16aa:	0e 94 60 0b 	call	0x16c0	; 0x16c0 <LCD_WriteCommand>

}
    16ae:	aa 96       	adiw	r28, 0x2a	; 42
    16b0:	0f b6       	in	r0, 0x3f	; 63
    16b2:	f8 94       	cli
    16b4:	de bf       	out	0x3e, r29	; 62
    16b6:	0f be       	out	0x3f, r0	; 63
    16b8:	cd bf       	out	0x3d, r28	; 61
    16ba:	cf 91       	pop	r28
    16bc:	df 91       	pop	r29
    16be:	08 95       	ret

000016c0 <LCD_WriteCommand>:

extern void LCD_WriteCommand(u8 command)
{
    16c0:	df 93       	push	r29
    16c2:	cf 93       	push	r28
    16c4:	cd b7       	in	r28, 0x3d	; 61
    16c6:	de b7       	in	r29, 0x3e	; 62
    16c8:	2f 97       	sbiw	r28, 0x0f	; 15
    16ca:	0f b6       	in	r0, 0x3f	; 63
    16cc:	f8 94       	cli
    16ce:	de bf       	out	0x3e, r29	; 62
    16d0:	0f be       	out	0x3f, r0	; 63
    16d2:	cd bf       	out	0x3d, r28	; 61
    16d4:	8f 87       	std	Y+15, r24	; 0x0f
	CLRBIT(PORTC,5); // rs=0 rs->a0
    16d6:	a5 e3       	ldi	r26, 0x35	; 53
    16d8:	b0 e0       	ldi	r27, 0x00	; 0
    16da:	e5 e3       	ldi	r30, 0x35	; 53
    16dc:	f0 e0       	ldi	r31, 0x00	; 0
    16de:	80 81       	ld	r24, Z
    16e0:	8f 7d       	andi	r24, 0xDF	; 223
    16e2:	8c 93       	st	X, r24
	CLRBIT(PORTC ,6); // rw=0 rw->a1
    16e4:	a5 e3       	ldi	r26, 0x35	; 53
    16e6:	b0 e0       	ldi	r27, 0x00	; 0
    16e8:	e5 e3       	ldi	r30, 0x35	; 53
    16ea:	f0 e0       	ldi	r31, 0x00	; 0
    16ec:	80 81       	ld	r24, Z
    16ee:	8f 7b       	andi	r24, 0xBF	; 191
    16f0:	8c 93       	st	X, r24
	PORTA=command;
    16f2:	eb e3       	ldi	r30, 0x3B	; 59
    16f4:	f0 e0       	ldi	r31, 0x00	; 0
    16f6:	8f 85       	ldd	r24, Y+15	; 0x0f
    16f8:	80 83       	st	Z, r24
	SETBIT(PORTC,7);
    16fa:	a5 e3       	ldi	r26, 0x35	; 53
    16fc:	b0 e0       	ldi	r27, 0x00	; 0
    16fe:	e5 e3       	ldi	r30, 0x35	; 53
    1700:	f0 e0       	ldi	r31, 0x00	; 0
    1702:	80 81       	ld	r24, Z
    1704:	80 68       	ori	r24, 0x80	; 128
    1706:	8c 93       	st	X, r24
    1708:	80 e0       	ldi	r24, 0x00	; 0
    170a:	90 e0       	ldi	r25, 0x00	; 0
    170c:	a0 e0       	ldi	r26, 0x00	; 0
    170e:	b0 e4       	ldi	r27, 0x40	; 64
    1710:	8b 87       	std	Y+11, r24	; 0x0b
    1712:	9c 87       	std	Y+12, r25	; 0x0c
    1714:	ad 87       	std	Y+13, r26	; 0x0d
    1716:	be 87       	std	Y+14, r27	; 0x0e
 */
void
_delay_ms(double __ms)
{
	uint16_t __ticks;
	double __tmp = ((F_CPU) / 4e3) * __ms;
    1718:	6b 85       	ldd	r22, Y+11	; 0x0b
    171a:	7c 85       	ldd	r23, Y+12	; 0x0c
    171c:	8d 85       	ldd	r24, Y+13	; 0x0d
    171e:	9e 85       	ldd	r25, Y+14	; 0x0e
    1720:	20 e0       	ldi	r18, 0x00	; 0
    1722:	30 e0       	ldi	r19, 0x00	; 0
    1724:	4a ef       	ldi	r20, 0xFA	; 250
    1726:	54 e4       	ldi	r21, 0x44	; 68
    1728:	0e 94 1f 02 	call	0x43e	; 0x43e <__mulsf3>
    172c:	dc 01       	movw	r26, r24
    172e:	cb 01       	movw	r24, r22
    1730:	8f 83       	std	Y+7, r24	; 0x07
    1732:	98 87       	std	Y+8, r25	; 0x08
    1734:	a9 87       	std	Y+9, r26	; 0x09
    1736:	ba 87       	std	Y+10, r27	; 0x0a
	if (__tmp < 1.0)
    1738:	6f 81       	ldd	r22, Y+7	; 0x07
    173a:	78 85       	ldd	r23, Y+8	; 0x08
    173c:	89 85       	ldd	r24, Y+9	; 0x09
    173e:	9a 85       	ldd	r25, Y+10	; 0x0a
    1740:	20 e0       	ldi	r18, 0x00	; 0
    1742:	30 e0       	ldi	r19, 0x00	; 0
    1744:	40 e8       	ldi	r20, 0x80	; 128
    1746:	5f e3       	ldi	r21, 0x3F	; 63
    1748:	0e 94 79 03 	call	0x6f2	; 0x6f2 <__ltsf2>
    174c:	88 23       	and	r24, r24
    174e:	2c f4       	brge	.+10     	; 0x175a <LCD_WriteCommand+0x9a>
		__ticks = 1;
    1750:	81 e0       	ldi	r24, 0x01	; 1
    1752:	90 e0       	ldi	r25, 0x00	; 0
    1754:	9e 83       	std	Y+6, r25	; 0x06
    1756:	8d 83       	std	Y+5, r24	; 0x05
    1758:	3f c0       	rjmp	.+126    	; 0x17d8 <LCD_WriteCommand+0x118>
	else if (__tmp > 65535)
    175a:	6f 81       	ldd	r22, Y+7	; 0x07
    175c:	78 85       	ldd	r23, Y+8	; 0x08
    175e:	89 85       	ldd	r24, Y+9	; 0x09
    1760:	9a 85       	ldd	r25, Y+10	; 0x0a
    1762:	20 e0       	ldi	r18, 0x00	; 0
    1764:	3f ef       	ldi	r19, 0xFF	; 255
    1766:	4f e7       	ldi	r20, 0x7F	; 127
    1768:	57 e4       	ldi	r21, 0x47	; 71
    176a:	0e 94 19 03 	call	0x632	; 0x632 <__gtsf2>
    176e:	18 16       	cp	r1, r24
    1770:	4c f5       	brge	.+82     	; 0x17c4 <LCD_WriteCommand+0x104>
	{
		//	__ticks = requested delay in 1/10 ms
		__ticks = (uint16_t) (__ms * 10.0);
    1772:	6b 85       	ldd	r22, Y+11	; 0x0b
    1774:	7c 85       	ldd	r23, Y+12	; 0x0c
    1776:	8d 85       	ldd	r24, Y+13	; 0x0d
    1778:	9e 85       	ldd	r25, Y+14	; 0x0e
    177a:	20 e0       	ldi	r18, 0x00	; 0
    177c:	30 e0       	ldi	r19, 0x00	; 0
    177e:	40 e2       	ldi	r20, 0x20	; 32
    1780:	51 e4       	ldi	r21, 0x41	; 65
    1782:	0e 94 1f 02 	call	0x43e	; 0x43e <__mulsf3>
    1786:	dc 01       	movw	r26, r24
    1788:	cb 01       	movw	r24, r22
    178a:	bc 01       	movw	r22, r24
    178c:	cd 01       	movw	r24, r26
    178e:	0e 94 49 00 	call	0x92	; 0x92 <__fixunssfsi>
    1792:	dc 01       	movw	r26, r24
    1794:	cb 01       	movw	r24, r22
    1796:	9e 83       	std	Y+6, r25	; 0x06
    1798:	8d 83       	std	Y+5, r24	; 0x05
    179a:	0f c0       	rjmp	.+30     	; 0x17ba <LCD_WriteCommand+0xfa>
    179c:	88 ec       	ldi	r24, 0xC8	; 200
    179e:	90 e0       	ldi	r25, 0x00	; 0
    17a0:	9c 83       	std	Y+4, r25	; 0x04
    17a2:	8b 83       	std	Y+3, r24	; 0x03
    17a4:	8b 81       	ldd	r24, Y+3	; 0x03
    17a6:	9c 81       	ldd	r25, Y+4	; 0x04
    17a8:	01 97       	sbiw	r24, 0x01	; 1
    17aa:	f1 f7       	brne	.-4      	; 0x17a8 <LCD_WriteCommand+0xe8>
    17ac:	9c 83       	std	Y+4, r25	; 0x04
    17ae:	8b 83       	std	Y+3, r24	; 0x03
		while(__ticks)
		{
			// wait 1/10 ms
			_delay_loop_2(((F_CPU) / 4e3) / 10);
			__ticks --;
    17b0:	8d 81       	ldd	r24, Y+5	; 0x05
    17b2:	9e 81       	ldd	r25, Y+6	; 0x06
    17b4:	01 97       	sbiw	r24, 0x01	; 1
    17b6:	9e 83       	std	Y+6, r25	; 0x06
    17b8:	8d 83       	std	Y+5, r24	; 0x05
		__ticks = 1;
	else if (__tmp > 65535)
	{
		//	__ticks = requested delay in 1/10 ms
		__ticks = (uint16_t) (__ms * 10.0);
		while(__ticks)
    17ba:	8d 81       	ldd	r24, Y+5	; 0x05
    17bc:	9e 81       	ldd	r25, Y+6	; 0x06
    17be:	00 97       	sbiw	r24, 0x00	; 0
    17c0:	69 f7       	brne	.-38     	; 0x179c <LCD_WriteCommand+0xdc>
    17c2:	14 c0       	rjmp	.+40     	; 0x17ec <LCD_WriteCommand+0x12c>
			__ticks --;
		}
		return;
	}
	else
		__ticks = (uint16_t)__tmp;
    17c4:	6f 81       	ldd	r22, Y+7	; 0x07
    17c6:	78 85       	ldd	r23, Y+8	; 0x08
    17c8:	89 85       	ldd	r24, Y+9	; 0x09
    17ca:	9a 85       	ldd	r25, Y+10	; 0x0a
    17cc:	0e 94 49 00 	call	0x92	; 0x92 <__fixunssfsi>
    17d0:	dc 01       	movw	r26, r24
    17d2:	cb 01       	movw	r24, r22
    17d4:	9e 83       	std	Y+6, r25	; 0x06
    17d6:	8d 83       	std	Y+5, r24	; 0x05
    17d8:	8d 81       	ldd	r24, Y+5	; 0x05
    17da:	9e 81       	ldd	r25, Y+6	; 0x06
    17dc:	9a 83       	std	Y+2, r25	; 0x02
    17de:	89 83       	std	Y+1, r24	; 0x01
    17e0:	89 81       	ldd	r24, Y+1	; 0x01
    17e2:	9a 81       	ldd	r25, Y+2	; 0x02
    17e4:	01 97       	sbiw	r24, 0x01	; 1
    17e6:	f1 f7       	brne	.-4      	; 0x17e4 <LCD_WriteCommand+0x124>
    17e8:	9a 83       	std	Y+2, r25	; 0x02
    17ea:	89 83       	std	Y+1, r24	; 0x01
	_delay_ms(2);
	CLRBIT(PORTC,7);
    17ec:	a5 e3       	ldi	r26, 0x35	; 53
    17ee:	b0 e0       	ldi	r27, 0x00	; 0
    17f0:	e5 e3       	ldi	r30, 0x35	; 53
    17f2:	f0 e0       	ldi	r31, 0x00	; 0
    17f4:	80 81       	ld	r24, Z
    17f6:	8f 77       	andi	r24, 0x7F	; 127
    17f8:	8c 93       	st	X, r24


}
    17fa:	2f 96       	adiw	r28, 0x0f	; 15
    17fc:	0f b6       	in	r0, 0x3f	; 63
    17fe:	f8 94       	cli
    1800:	de bf       	out	0x3e, r29	; 62
    1802:	0f be       	out	0x3f, r0	; 63
    1804:	cd bf       	out	0x3d, r28	; 61
    1806:	cf 91       	pop	r28
    1808:	df 91       	pop	r29
    180a:	08 95       	ret

0000180c <LCD_WriteData>:

extern void LCD_WriteData(u8 data)
{
    180c:	df 93       	push	r29
    180e:	cf 93       	push	r28
    1810:	cd b7       	in	r28, 0x3d	; 61
    1812:	de b7       	in	r29, 0x3e	; 62
    1814:	2f 97       	sbiw	r28, 0x0f	; 15
    1816:	0f b6       	in	r0, 0x3f	; 63
    1818:	f8 94       	cli
    181a:	de bf       	out	0x3e, r29	; 62
    181c:	0f be       	out	0x3f, r0	; 63
    181e:	cd bf       	out	0x3d, r28	; 61
    1820:	8f 87       	std	Y+15, r24	; 0x0f
	SETBIT(PORTC,5); // rs=1 rs->a0
    1822:	a5 e3       	ldi	r26, 0x35	; 53
    1824:	b0 e0       	ldi	r27, 0x00	; 0
    1826:	e5 e3       	ldi	r30, 0x35	; 53
    1828:	f0 e0       	ldi	r31, 0x00	; 0
    182a:	80 81       	ld	r24, Z
    182c:	80 62       	ori	r24, 0x20	; 32
    182e:	8c 93       	st	X, r24
	CLRBIT(PORTC ,6); // rw=0 rw->a1
    1830:	a5 e3       	ldi	r26, 0x35	; 53
    1832:	b0 e0       	ldi	r27, 0x00	; 0
    1834:	e5 e3       	ldi	r30, 0x35	; 53
    1836:	f0 e0       	ldi	r31, 0x00	; 0
    1838:	80 81       	ld	r24, Z
    183a:	8f 7b       	andi	r24, 0xBF	; 191
    183c:	8c 93       	st	X, r24
	PORTA=data;
    183e:	eb e3       	ldi	r30, 0x3B	; 59
    1840:	f0 e0       	ldi	r31, 0x00	; 0
    1842:	8f 85       	ldd	r24, Y+15	; 0x0f
    1844:	80 83       	st	Z, r24
	SETBIT(PORTC,7);
    1846:	a5 e3       	ldi	r26, 0x35	; 53
    1848:	b0 e0       	ldi	r27, 0x00	; 0
    184a:	e5 e3       	ldi	r30, 0x35	; 53
    184c:	f0 e0       	ldi	r31, 0x00	; 0
    184e:	80 81       	ld	r24, Z
    1850:	80 68       	ori	r24, 0x80	; 128
    1852:	8c 93       	st	X, r24
    1854:	80 e0       	ldi	r24, 0x00	; 0
    1856:	90 e0       	ldi	r25, 0x00	; 0
    1858:	a0 e0       	ldi	r26, 0x00	; 0
    185a:	b0 e4       	ldi	r27, 0x40	; 64
    185c:	8b 87       	std	Y+11, r24	; 0x0b
    185e:	9c 87       	std	Y+12, r25	; 0x0c
    1860:	ad 87       	std	Y+13, r26	; 0x0d
    1862:	be 87       	std	Y+14, r27	; 0x0e
 */
void
_delay_ms(double __ms)
{
	uint16_t __ticks;
	double __tmp = ((F_CPU) / 4e3) * __ms;
    1864:	6b 85       	ldd	r22, Y+11	; 0x0b
    1866:	7c 85       	ldd	r23, Y+12	; 0x0c
    1868:	8d 85       	ldd	r24, Y+13	; 0x0d
    186a:	9e 85       	ldd	r25, Y+14	; 0x0e
    186c:	20 e0       	ldi	r18, 0x00	; 0
    186e:	30 e0       	ldi	r19, 0x00	; 0
    1870:	4a ef       	ldi	r20, 0xFA	; 250
    1872:	54 e4       	ldi	r21, 0x44	; 68
    1874:	0e 94 1f 02 	call	0x43e	; 0x43e <__mulsf3>
    1878:	dc 01       	movw	r26, r24
    187a:	cb 01       	movw	r24, r22
    187c:	8f 83       	std	Y+7, r24	; 0x07
    187e:	98 87       	std	Y+8, r25	; 0x08
    1880:	a9 87       	std	Y+9, r26	; 0x09
    1882:	ba 87       	std	Y+10, r27	; 0x0a
	if (__tmp < 1.0)
    1884:	6f 81       	ldd	r22, Y+7	; 0x07
    1886:	78 85       	ldd	r23, Y+8	; 0x08
    1888:	89 85       	ldd	r24, Y+9	; 0x09
    188a:	9a 85       	ldd	r25, Y+10	; 0x0a
    188c:	20 e0       	ldi	r18, 0x00	; 0
    188e:	30 e0       	ldi	r19, 0x00	; 0
    1890:	40 e8       	ldi	r20, 0x80	; 128
    1892:	5f e3       	ldi	r21, 0x3F	; 63
    1894:	0e 94 79 03 	call	0x6f2	; 0x6f2 <__ltsf2>
    1898:	88 23       	and	r24, r24
    189a:	2c f4       	brge	.+10     	; 0x18a6 <LCD_WriteData+0x9a>
		__ticks = 1;
    189c:	81 e0       	ldi	r24, 0x01	; 1
    189e:	90 e0       	ldi	r25, 0x00	; 0
    18a0:	9e 83       	std	Y+6, r25	; 0x06
    18a2:	8d 83       	std	Y+5, r24	; 0x05
    18a4:	3f c0       	rjmp	.+126    	; 0x1924 <LCD_WriteData+0x118>
	else if (__tmp > 65535)
    18a6:	6f 81       	ldd	r22, Y+7	; 0x07
    18a8:	78 85       	ldd	r23, Y+8	; 0x08
    18aa:	89 85       	ldd	r24, Y+9	; 0x09
    18ac:	9a 85       	ldd	r25, Y+10	; 0x0a
    18ae:	20 e0       	ldi	r18, 0x00	; 0
    18b0:	3f ef       	ldi	r19, 0xFF	; 255
    18b2:	4f e7       	ldi	r20, 0x7F	; 127
    18b4:	57 e4       	ldi	r21, 0x47	; 71
    18b6:	0e 94 19 03 	call	0x632	; 0x632 <__gtsf2>
    18ba:	18 16       	cp	r1, r24
    18bc:	4c f5       	brge	.+82     	; 0x1910 <LCD_WriteData+0x104>
	{
		//	__ticks = requested delay in 1/10 ms
		__ticks = (uint16_t) (__ms * 10.0);
    18be:	6b 85       	ldd	r22, Y+11	; 0x0b
    18c0:	7c 85       	ldd	r23, Y+12	; 0x0c
    18c2:	8d 85       	ldd	r24, Y+13	; 0x0d
    18c4:	9e 85       	ldd	r25, Y+14	; 0x0e
    18c6:	20 e0       	ldi	r18, 0x00	; 0
    18c8:	30 e0       	ldi	r19, 0x00	; 0
    18ca:	40 e2       	ldi	r20, 0x20	; 32
    18cc:	51 e4       	ldi	r21, 0x41	; 65
    18ce:	0e 94 1f 02 	call	0x43e	; 0x43e <__mulsf3>
    18d2:	dc 01       	movw	r26, r24
    18d4:	cb 01       	movw	r24, r22
    18d6:	bc 01       	movw	r22, r24
    18d8:	cd 01       	movw	r24, r26
    18da:	0e 94 49 00 	call	0x92	; 0x92 <__fixunssfsi>
    18de:	dc 01       	movw	r26, r24
    18e0:	cb 01       	movw	r24, r22
    18e2:	9e 83       	std	Y+6, r25	; 0x06
    18e4:	8d 83       	std	Y+5, r24	; 0x05
    18e6:	0f c0       	rjmp	.+30     	; 0x1906 <LCD_WriteData+0xfa>
    18e8:	88 ec       	ldi	r24, 0xC8	; 200
    18ea:	90 e0       	ldi	r25, 0x00	; 0
    18ec:	9c 83       	std	Y+4, r25	; 0x04
    18ee:	8b 83       	std	Y+3, r24	; 0x03
    18f0:	8b 81       	ldd	r24, Y+3	; 0x03
    18f2:	9c 81       	ldd	r25, Y+4	; 0x04
    18f4:	01 97       	sbiw	r24, 0x01	; 1
    18f6:	f1 f7       	brne	.-4      	; 0x18f4 <LCD_WriteData+0xe8>
    18f8:	9c 83       	std	Y+4, r25	; 0x04
    18fa:	8b 83       	std	Y+3, r24	; 0x03
		while(__ticks)
		{
			// wait 1/10 ms
			_delay_loop_2(((F_CPU) / 4e3) / 10);
			__ticks --;
    18fc:	8d 81       	ldd	r24, Y+5	; 0x05
    18fe:	9e 81       	ldd	r25, Y+6	; 0x06
    1900:	01 97       	sbiw	r24, 0x01	; 1
    1902:	9e 83       	std	Y+6, r25	; 0x06
    1904:	8d 83       	std	Y+5, r24	; 0x05
		__ticks = 1;
	else if (__tmp > 65535)
	{
		//	__ticks = requested delay in 1/10 ms
		__ticks = (uint16_t) (__ms * 10.0);
		while(__ticks)
    1906:	8d 81       	ldd	r24, Y+5	; 0x05
    1908:	9e 81       	ldd	r25, Y+6	; 0x06
    190a:	00 97       	sbiw	r24, 0x00	; 0
    190c:	69 f7       	brne	.-38     	; 0x18e8 <LCD_WriteData+0xdc>
    190e:	14 c0       	rjmp	.+40     	; 0x1938 <LCD_WriteData+0x12c>
			__ticks --;
		}
		return;
	}
	else
		__ticks = (uint16_t)__tmp;
    1910:	6f 81       	ldd	r22, Y+7	; 0x07
    1912:	78 85       	ldd	r23, Y+8	; 0x08
    1914:	89 85       	ldd	r24, Y+9	; 0x09
    1916:	9a 85       	ldd	r25, Y+10	; 0x0a
    1918:	0e 94 49 00 	call	0x92	; 0x92 <__fixunssfsi>
    191c:	dc 01       	movw	r26, r24
    191e:	cb 01       	movw	r24, r22
    1920:	9e 83       	std	Y+6, r25	; 0x06
    1922:	8d 83       	std	Y+5, r24	; 0x05
    1924:	8d 81       	ldd	r24, Y+5	; 0x05
    1926:	9e 81       	ldd	r25, Y+6	; 0x06
    1928:	9a 83       	std	Y+2, r25	; 0x02
    192a:	89 83       	std	Y+1, r24	; 0x01
    192c:	89 81       	ldd	r24, Y+1	; 0x01
    192e:	9a 81       	ldd	r25, Y+2	; 0x02
    1930:	01 97       	sbiw	r24, 0x01	; 1
    1932:	f1 f7       	brne	.-4      	; 0x1930 <LCD_WriteData+0x124>
    1934:	9a 83       	std	Y+2, r25	; 0x02
    1936:	89 83       	std	Y+1, r24	; 0x01
	_delay_ms(2);
	CLRBIT(PORTC,7);
    1938:	a5 e3       	ldi	r26, 0x35	; 53
    193a:	b0 e0       	ldi	r27, 0x00	; 0
    193c:	e5 e3       	ldi	r30, 0x35	; 53
    193e:	f0 e0       	ldi	r31, 0x00	; 0
    1940:	80 81       	ld	r24, Z
    1942:	8f 77       	andi	r24, 0x7F	; 127
    1944:	8c 93       	st	X, r24


}
    1946:	2f 96       	adiw	r28, 0x0f	; 15
    1948:	0f b6       	in	r0, 0x3f	; 63
    194a:	f8 94       	cli
    194c:	de bf       	out	0x3e, r29	; 62
    194e:	0f be       	out	0x3f, r0	; 63
    1950:	cd bf       	out	0x3d, r28	; 61
    1952:	cf 91       	pop	r28
    1954:	df 91       	pop	r29
    1956:	08 95       	ret

00001958 <TWI_init>:
#include<avr/io.h>
#include"Types.h"
#include"Bit_Math.h"
#include"TWI.h"
void TWI_init(void)
{
    1958:	df 93       	push	r29
    195a:	cf 93       	push	r28
    195c:	cd b7       	in	r28, 0x3d	; 61
    195e:	de b7       	in	r29, 0x3e	; 62
	TWBR=0x02;//value for clk freq eq in page 175
    1960:	e0 e2       	ldi	r30, 0x20	; 32
    1962:	f0 e0       	ldi	r31, 0x00	; 0
    1964:	82 e0       	ldi	r24, 0x02	; 2
    1966:	80 83       	st	Z, r24
	TWSR=0x00;//value for clk freq eq in page 175
    1968:	e1 e2       	ldi	r30, 0x21	; 33
    196a:	f0 e0       	ldi	r31, 0x00	; 0
    196c:	10 82       	st	Z, r1
	TWAR=0b10101010;//the first 7 bits is address and the last bit is for enable Broad cast or no as a slave lw 7d hyb3tli 7aga
    196e:	e2 e2       	ldi	r30, 0x22	; 34
    1970:	f0 e0       	ldi	r31, 0x00	; 0
    1972:	8a ea       	ldi	r24, 0xAA	; 170
    1974:	80 83       	st	Z, r24
	TWCR = (1 << TWEN) | (1 << TWEA);
    1976:	e6 e5       	ldi	r30, 0x56	; 86
    1978:	f0 e0       	ldi	r31, 0x00	; 0
    197a:	84 e4       	ldi	r24, 0x44	; 68
    197c:	80 83       	st	Z, r24
	//Control regester to enable I2C
	//to enable ACK flag "slave"
}
    197e:	cf 91       	pop	r28
    1980:	df 91       	pop	r29
    1982:	08 95       	ret

00001984 <TWI_StartCond>:
void TWI_StartCond(void)
{
    1984:	df 93       	push	r29
    1986:	cf 93       	push	r28
    1988:	cd b7       	in	r28, 0x3d	; 61
    198a:	de b7       	in	r29, 0x3e	; 62
	//CLR flag of interrupt by force it by one
	//start condition
	//3shn akon ana l b take control on bus"Control over the bus"*/
	TWCR = (1 << TWINT) | (1 << TWSTA) | (1 << TWEN);
    198c:	e6 e5       	ldi	r30, 0x56	; 86
    198e:	f0 e0       	ldi	r31, 0x00	; 0
    1990:	84 ea       	ldi	r24, 0xA4	; 164
    1992:	80 83       	st	Z, r24
	while(!GETBIT(TWCR,TWINT));//wait util flag rised up"l flag lma b2rah bynzl"
    1994:	e6 e5       	ldi	r30, 0x56	; 86
    1996:	f0 e0       	ldi	r31, 0x00	; 0
    1998:	80 81       	ld	r24, Z
    199a:	88 23       	and	r24, r24
    199c:	dc f7       	brge	.-10     	; 0x1994 <TWI_StartCond+0x10>

}
    199e:	cf 91       	pop	r28
    19a0:	df 91       	pop	r29
    19a2:	08 95       	ret

000019a4 <TWI_StopCond>:
void TWI_StopCond(void)
{
    19a4:	df 93       	push	r29
    19a6:	cf 93       	push	r28
    19a8:	cd b7       	in	r28, 0x3d	; 61
    19aa:	de b7       	in	r29, 0x3e	; 62
	//CLR flag of interrupt m3 an msh m7tageet nndfo
	//stop condition
	//3shn akon ana l b take control on bus"Control over the bus"*/
/* lan l flag mbytrf3sh f l stop*/
	TWCR = (1 << TWINT) | (1 << TWSTO) | (1 << TWEN);
    19ac:	e6 e5       	ldi	r30, 0x56	; 86
    19ae:	f0 e0       	ldi	r31, 0x00	; 0
    19b0:	84 e9       	ldi	r24, 0x94	; 148
    19b2:	80 83       	st	Z, r24
}
    19b4:	cf 91       	pop	r28
    19b6:	df 91       	pop	r29
    19b8:	08 95       	ret

000019ba <TWI_Write>:
void TWI_Write(u8 u8data)
{
    19ba:	df 93       	push	r29
    19bc:	cf 93       	push	r28
    19be:	0f 92       	push	r0
    19c0:	cd b7       	in	r28, 0x3d	; 61
    19c2:	de b7       	in	r29, 0x3e	; 62
    19c4:	89 83       	std	Y+1, r24	; 0x01
	TWDR=u8data;//move data to buffer
    19c6:	e3 e2       	ldi	r30, 0x23	; 35
    19c8:	f0 e0       	ldi	r31, 0x00	; 0
    19ca:	89 81       	ldd	r24, Y+1	; 0x01
    19cc:	80 83       	st	Z, r24
	//CLR flag which rised after tx byte
	TWCR = (1 << TWINT) | (1 << TWEN);
    19ce:	e6 e5       	ldi	r30, 0x56	; 86
    19d0:	f0 e0       	ldi	r31, 0x00	; 0
    19d2:	84 e8       	ldi	r24, 0x84	; 132
    19d4:	80 83       	st	Z, r24
	while(!GETBIT(TWCR,TWINT));
    19d6:	e6 e5       	ldi	r30, 0x56	; 86
    19d8:	f0 e0       	ldi	r31, 0x00	; 0
    19da:	80 81       	ld	r24, Z
    19dc:	88 23       	and	r24, r24
    19de:	dc f7       	brge	.-10     	; 0x19d6 <TWI_Write+0x1c>
}
    19e0:	0f 90       	pop	r0
    19e2:	cf 91       	pop	r28
    19e4:	df 91       	pop	r29
    19e6:	08 95       	ret

000019e8 <TWI_Read>:
u8 TWI_Read(void)
{
    19e8:	df 93       	push	r29
    19ea:	cf 93       	push	r28
    19ec:	cd b7       	in	r28, 0x3d	; 61
    19ee:	de b7       	in	r29, 0x3e	; 62
	SETBIT(TWCR,TWINT);//CLr flag
    19f0:	a6 e5       	ldi	r26, 0x56	; 86
    19f2:	b0 e0       	ldi	r27, 0x00	; 0
    19f4:	e6 e5       	ldi	r30, 0x56	; 86
    19f6:	f0 e0       	ldi	r31, 0x00	; 0
    19f8:	80 81       	ld	r24, Z
    19fa:	80 68       	ori	r24, 0x80	; 128
    19fc:	8c 93       	st	X, r24
	SETBIT(TWCR,TWEN);//take control
    19fe:	a6 e5       	ldi	r26, 0x56	; 86
    1a00:	b0 e0       	ldi	r27, 0x00	; 0
    1a02:	e6 e5       	ldi	r30, 0x56	; 86
    1a04:	f0 e0       	ldi	r31, 0x00	; 0
    1a06:	80 81       	ld	r24, Z
    1a08:	84 60       	ori	r24, 0x04	; 4
    1a0a:	8c 93       	st	X, r24
	SETBIT(TWCR,TWEA);//ack enable
    1a0c:	a6 e5       	ldi	r26, 0x56	; 86
    1a0e:	b0 e0       	ldi	r27, 0x00	; 0
    1a10:	e6 e5       	ldi	r30, 0x56	; 86
    1a12:	f0 e0       	ldi	r31, 0x00	; 0
    1a14:	80 81       	ld	r24, Z
    1a16:	80 64       	ori	r24, 0x40	; 64
    1a18:	8c 93       	st	X, r24
    while(!GETBIT(TWCR,TWINT));
    1a1a:	e6 e5       	ldi	r30, 0x56	; 86
    1a1c:	f0 e0       	ldi	r31, 0x00	; 0
    1a1e:	80 81       	ld	r24, Z
    1a20:	88 23       	and	r24, r24
    1a22:	dc f7       	brge	.-10     	; 0x1a1a <TWI_Read+0x32>
    return TWDR;
    1a24:	e3 e2       	ldi	r30, 0x23	; 35
    1a26:	f0 e0       	ldi	r31, 0x00	; 0
    1a28:	80 81       	ld	r24, Z
}
    1a2a:	cf 91       	pop	r28
    1a2c:	df 91       	pop	r29
    1a2e:	08 95       	ret

00001a30 <TWI_Read_NACK>:
u8 TWI_Read_NACK(void)
{
    1a30:	df 93       	push	r29
    1a32:	cf 93       	push	r28
    1a34:	cd b7       	in	r28, 0x3d	; 61
    1a36:	de b7       	in	r29, 0x3e	; 62
	//CLr flag
	//take control
	TWCR = (1 << TWINT)| (1 << TWEN);
    1a38:	e6 e5       	ldi	r30, 0x56	; 86
    1a3a:	f0 e0       	ldi	r31, 0x00	; 0
    1a3c:	84 e8       	ldi	r24, 0x84	; 132
    1a3e:	80 83       	st	Z, r24
    while(!GETBIT(TWCR,TWINT));
    1a40:	e6 e5       	ldi	r30, 0x56	; 86
    1a42:	f0 e0       	ldi	r31, 0x00	; 0
    1a44:	80 81       	ld	r24, Z
    1a46:	88 23       	and	r24, r24
    1a48:	dc f7       	brge	.-10     	; 0x1a40 <TWI_Read_NACK+0x10>
    return TWDR;
    1a4a:	e3 e2       	ldi	r30, 0x23	; 35
    1a4c:	f0 e0       	ldi	r31, 0x00	; 0
    1a4e:	80 81       	ld	r24, Z
}
    1a50:	cf 91       	pop	r28
    1a52:	df 91       	pop	r29
    1a54:	08 95       	ret

00001a56 <TWI_GetStatues>:
u8 TWI_GetStatues(void)
{
    1a56:	df 93       	push	r29
    1a58:	cf 93       	push	r28
    1a5a:	0f 92       	push	r0
    1a5c:	cd b7       	in	r28, 0x3d	; 61
    1a5e:	de b7       	in	r29, 0x3e	; 62
	//page 191 in data sheet
	u8 Statues;
	Statues= (TWSR & (0xf8));//Mask for needed 5 bits
    1a60:	e1 e2       	ldi	r30, 0x21	; 33
    1a62:	f0 e0       	ldi	r31, 0x00	; 0
    1a64:	80 81       	ld	r24, Z
    1a66:	88 7f       	andi	r24, 0xF8	; 248
    1a68:	89 83       	std	Y+1, r24	; 0x01
	return Statues;
    1a6a:	89 81       	ldd	r24, Y+1	; 0x01
}
    1a6c:	0f 90       	pop	r0
    1a6e:	cf 91       	pop	r28
    1a70:	df 91       	pop	r29
    1a72:	08 95       	ret

00001a74 <USART_Init>:
/*************************************************************/
/* Description : this function Initialize USART Pheripherial */
/*************************************************************/

void USART_Init(void)
{
    1a74:	df 93       	push	r29
    1a76:	cf 93       	push	r28
    1a78:	cd b7       	in	r28, 0x3d	; 61
    1a7a:	de b7       	in	r29, 0x3e	; 62
		 * 0 --> Disable : Not Take in Calculations of frame format Ninth bit
		 * 1 --> Enable  : Take in Calculations of frame format Ninth bit
	 	 * -------------------------------*
	*/

	UCSRB_Reg = 0b00011000 ;
    1a7c:	ea e2       	ldi	r30, 0x2A	; 42
    1a7e:	f0 e0       	ldi	r31, 0x00	; 0
    1a80:	88 e1       	ldi	r24, 0x18	; 24
    1a82:	80 83       	st	Z, r24
	 * 1 | 0 | 1 --> Reserved
	 * 1 | 1 | 0 --> Reserved
	 * 1 | 1 | 1 --> 9-bit
	 * ----------------------------------*
	 */
	UCSRC_Reg = 0b10000110 ;
    1a84:	e0 e4       	ldi	r30, 0x40	; 64
    1a86:	f0 e0       	ldi	r31, 0x00	; 0
    1a88:	86 e8       	ldi	r24, 0x86	; 134
    1a8a:	80 83       	st	Z, r24
		 * Bit 11:0 – UBRR11:0: USART Baud Rate Register
		 * From Bit 11 to Bit 8 --> UBRRH
		 * From Bit 7  to Bit 0 --> UBRRL
		 * We Adjust Baud Rate From DataSheet Page 163 : 166 according to our frequency of MicroController and Specification
	*/
	UCSRA_Reg=0b11000000;  // The RXC Flag can be used to generate a Receive Complete interrupt ( page: 158 ) -- Enable Normal Tx
    1a8c:	eb e2       	ldi	r30, 0x2B	; 43
    1a8e:	f0 e0       	ldi	r31, 0x00	; 0
    1a90:	80 ec       	ldi	r24, 0xC0	; 192
    1a92:	80 83       	st	Z, r24
	UBRRL_Reg = 52 ;
    1a94:	e9 e2       	ldi	r30, 0x29	; 41
    1a96:	f0 e0       	ldi	r31, 0x00	; 0
    1a98:	84 e3       	ldi	r24, 0x34	; 52
    1a9a:	80 83       	st	Z, r24
	UBRRH_Reg = 0 ;
    1a9c:	e0 e4       	ldi	r30, 0x40	; 64
    1a9e:	f0 e0       	ldi	r31, 0x00	; 0
    1aa0:	10 82       	st	Z, r1

}
    1aa2:	cf 91       	pop	r28
    1aa4:	df 91       	pop	r29
    1aa6:	08 95       	ret

00001aa8 <USART_SendData>:
/***********************************************************************/
/* Description : this function to define USART_SendData functionality  */
/***********************************************************************/

void USART_SendData(u8 Data)
{
    1aa8:	df 93       	push	r29
    1aaa:	cf 93       	push	r28
    1aac:	0f 92       	push	r0
    1aae:	cd b7       	in	r28, 0x3d	; 61
    1ab0:	de b7       	in	r29, 0x3e	; 62
    1ab2:	89 83       	std	Y+1, r24	; 0x01
	   * 0 --> Busy
	 */

	//in this function We check our data register if its become 1 in USCRA we can Transmit Data//

	while(GETBIT(UCSRA_Reg,5)==0); // UDRE: USART Data Register Empty , The UDRE Flag indicates if the transmit buffer (UDR) is ready to receive new data.
    1ab4:	eb e2       	ldi	r30, 0x2B	; 43
    1ab6:	f0 e0       	ldi	r31, 0x00	; 0
    1ab8:	80 81       	ld	r24, Z
    1aba:	88 2f       	mov	r24, r24
    1abc:	90 e0       	ldi	r25, 0x00	; 0
    1abe:	80 72       	andi	r24, 0x20	; 32
    1ac0:	90 70       	andi	r25, 0x00	; 0
    1ac2:	00 97       	sbiw	r24, 0x00	; 0
    1ac4:	b9 f3       	breq	.-18     	; 0x1ab4 <USART_SendData+0xc>
	// when it equal zero that mean that means the register is full of data and can't send now
	UDR_Reg = Data ;
    1ac6:	ec e2       	ldi	r30, 0x2C	; 44
    1ac8:	f0 e0       	ldi	r31, 0x00	; 0
    1aca:	89 81       	ldd	r24, Y+1	; 0x01
    1acc:	80 83       	st	Z, r24
}
    1ace:	0f 90       	pop	r0
    1ad0:	cf 91       	pop	r28
    1ad2:	df 91       	pop	r29
    1ad4:	08 95       	ret

00001ad6 <USART_ReceiveData>:
/*************************************************************************/
/* Description : this function to define USART_ReceiveData functionality */
/*************************************************************************/

u8  USART_ReceiveData(void)
{
    1ad6:	df 93       	push	r29
    1ad8:	cf 93       	push	r28
    1ada:	0f 92       	push	r0
    1adc:	cd b7       	in	r28, 0x3d	; 61
    1ade:	de b7       	in	r29, 0x3e	; 62
		   * 1 --> Data Complete
		   * 0 --> No Data
		 */

		//in this function We check our data register if its become 1 in USCRA we Receive Complete Data//
	while(GETBIT(UCSRA_Reg,7)==0);
    1ae0:	eb e2       	ldi	r30, 0x2B	; 43
    1ae2:	f0 e0       	ldi	r31, 0x00	; 0
    1ae4:	80 81       	ld	r24, Z
    1ae6:	88 23       	and	r24, r24
    1ae8:	dc f7       	brge	.-10     	; 0x1ae0 <USART_ReceiveData+0xa>

	RXData = UDR_Reg ;
    1aea:	ec e2       	ldi	r30, 0x2C	; 44
    1aec:	f0 e0       	ldi	r31, 0x00	; 0
    1aee:	80 81       	ld	r24, Z
    1af0:	89 83       	std	Y+1, r24	; 0x01

	return RXData;
    1af2:	89 81       	ldd	r24, Y+1	; 0x01

}
    1af4:	0f 90       	pop	r0
    1af6:	cf 91       	pop	r28
    1af8:	df 91       	pop	r29
    1afa:	08 95       	ret

00001afc <senddata>:

void senddata(char string[16])
{
    1afc:	df 93       	push	r29
    1afe:	cf 93       	push	r28
    1b00:	00 d0       	rcall	.+0      	; 0x1b02 <senddata+0x6>
    1b02:	00 d0       	rcall	.+0      	; 0x1b04 <senddata+0x8>
    1b04:	00 d0       	rcall	.+0      	; 0x1b06 <senddata+0xa>
    1b06:	cd b7       	in	r28, 0x3d	; 61
    1b08:	de b7       	in	r29, 0x3e	; 62
    1b0a:	9e 83       	std	Y+6, r25	; 0x06
    1b0c:	8d 83       	std	Y+5, r24	; 0x05
  int len,count;
  len = strlen(string);
    1b0e:	8d 81       	ldd	r24, Y+5	; 0x05
    1b10:	9e 81       	ldd	r25, Y+6	; 0x06
    1b12:	0e 94 2e 23 	call	0x465c	; 0x465c <strlen>
    1b16:	9c 83       	std	Y+4, r25	; 0x04
    1b18:	8b 83       	std	Y+3, r24	; 0x03

   for (count=0;count<len;count++)
    1b1a:	1a 82       	std	Y+2, r1	; 0x02
    1b1c:	19 82       	std	Y+1, r1	; 0x01
    1b1e:	0f c0       	rjmp	.+30     	; 0x1b3e <senddata+0x42>
  {
    USART_SendData(string[count]);
    1b20:	29 81       	ldd	r18, Y+1	; 0x01
    1b22:	3a 81       	ldd	r19, Y+2	; 0x02
    1b24:	8d 81       	ldd	r24, Y+5	; 0x05
    1b26:	9e 81       	ldd	r25, Y+6	; 0x06
    1b28:	fc 01       	movw	r30, r24
    1b2a:	e2 0f       	add	r30, r18
    1b2c:	f3 1f       	adc	r31, r19
    1b2e:	80 81       	ld	r24, Z
    1b30:	0e 94 54 0d 	call	0x1aa8	; 0x1aa8 <USART_SendData>
void senddata(char string[16])
{
  int len,count;
  len = strlen(string);

   for (count=0;count<len;count++)
    1b34:	89 81       	ldd	r24, Y+1	; 0x01
    1b36:	9a 81       	ldd	r25, Y+2	; 0x02
    1b38:	01 96       	adiw	r24, 0x01	; 1
    1b3a:	9a 83       	std	Y+2, r25	; 0x02
    1b3c:	89 83       	std	Y+1, r24	; 0x01
    1b3e:	29 81       	ldd	r18, Y+1	; 0x01
    1b40:	3a 81       	ldd	r19, Y+2	; 0x02
    1b42:	8b 81       	ldd	r24, Y+3	; 0x03
    1b44:	9c 81       	ldd	r25, Y+4	; 0x04
    1b46:	28 17       	cp	r18, r24
    1b48:	39 07       	cpc	r19, r25
    1b4a:	54 f3       	brlt	.-44     	; 0x1b20 <senddata+0x24>
  {
    USART_SendData(string[count]);
 }
}
    1b4c:	26 96       	adiw	r28, 0x06	; 6
    1b4e:	0f b6       	in	r0, 0x3f	; 63
    1b50:	f8 94       	cli
    1b52:	de bf       	out	0x3e, r29	; 62
    1b54:	0f be       	out	0x3f, r0	; 63
    1b56:	cd bf       	out	0x3d, r28	; 61
    1b58:	cf 91       	pop	r28
    1b5a:	df 91       	pop	r29
    1b5c:	08 95       	ret

00001b5e <keybad>:
#include"keypad.h"
#define keybad_port PORTB
#define keybad_port_direction DDRB

u8 keybad(void)
{
    1b5e:	df 93       	push	r29
    1b60:	cf 93       	push	r28
    1b62:	cd b7       	in	r28, 0x3d	; 61
    1b64:	de b7       	in	r29, 0x3e	; 62
    1b66:	a5 97       	sbiw	r28, 0x25	; 37
    1b68:	0f b6       	in	r0, 0x3f	; 63
    1b6a:	f8 94       	cli
    1b6c:	de bf       	out	0x3e, r29	; 62
    1b6e:	0f be       	out	0x3f, r0	; 63
    1b70:	cd bf       	out	0x3d, r28	; 61
	u8 array[4][4]={{1,2,3,'*'},{4,5,6,'/'},{7,8,9,'-'},{'%',0,'+','='}} ;
    1b72:	ae 01       	movw	r20, r28
    1b74:	4f 5e       	subi	r20, 0xEF	; 239
    1b76:	5f 4f       	sbci	r21, 0xFF	; 255
    1b78:	5a a3       	std	Y+34, r21	; 0x22
    1b7a:	49 a3       	std	Y+33, r20	; 0x21
    1b7c:	8e ea       	ldi	r24, 0xAE	; 174
    1b7e:	90 e0       	ldi	r25, 0x00	; 0
    1b80:	9c a3       	std	Y+36, r25	; 0x24
    1b82:	8b a3       	std	Y+35, r24	; 0x23
    1b84:	90 e1       	ldi	r25, 0x10	; 16
    1b86:	9d a3       	std	Y+37, r25	; 0x25
    1b88:	eb a1       	ldd	r30, Y+35	; 0x23
    1b8a:	fc a1       	ldd	r31, Y+36	; 0x24
    1b8c:	00 80       	ld	r0, Z
    1b8e:	4b a1       	ldd	r20, Y+35	; 0x23
    1b90:	5c a1       	ldd	r21, Y+36	; 0x24
    1b92:	4f 5f       	subi	r20, 0xFF	; 255
    1b94:	5f 4f       	sbci	r21, 0xFF	; 255
    1b96:	5c a3       	std	Y+36, r21	; 0x24
    1b98:	4b a3       	std	Y+35, r20	; 0x23
    1b9a:	e9 a1       	ldd	r30, Y+33	; 0x21
    1b9c:	fa a1       	ldd	r31, Y+34	; 0x22
    1b9e:	00 82       	st	Z, r0
    1ba0:	49 a1       	ldd	r20, Y+33	; 0x21
    1ba2:	5a a1       	ldd	r21, Y+34	; 0x22
    1ba4:	4f 5f       	subi	r20, 0xFF	; 255
    1ba6:	5f 4f       	sbci	r21, 0xFF	; 255
    1ba8:	5a a3       	std	Y+34, r21	; 0x22
    1baa:	49 a3       	std	Y+33, r20	; 0x21
    1bac:	5d a1       	ldd	r21, Y+37	; 0x25
    1bae:	51 50       	subi	r21, 0x01	; 1
    1bb0:	5d a3       	std	Y+37, r21	; 0x25
    1bb2:	8d a1       	ldd	r24, Y+37	; 0x25
    1bb4:	88 23       	and	r24, r24
    1bb6:	41 f7       	brne	.-48     	; 0x1b88 <keybad+0x2a>
	u8 i,j;

	keybad_port_direction=0x0f;
    1bb8:	e7 e3       	ldi	r30, 0x37	; 55
    1bba:	f0 e0       	ldi	r31, 0x00	; 0
    1bbc:	8f e0       	ldi	r24, 0x0F	; 15
    1bbe:	80 83       	st	Z, r24
	keybad_port=0xff ;
    1bc0:	e8 e3       	ldi	r30, 0x38	; 56
    1bc2:	f0 e0       	ldi	r31, 0x00	; 0
    1bc4:	8f ef       	ldi	r24, 0xFF	; 255
    1bc6:	80 83       	st	Z, r24
	while(1)

	{
		for(i=0;i<4;i++)
    1bc8:	18 8a       	std	Y+16, r1	; 0x10
    1bca:	df c0       	rjmp	.+446    	; 0x1d8a <keybad+0x22c>

		{
			//DIO_u8_SetPinValue(keybad_port_num,0,1) ;
			SETBIT(keybad_port,0);
    1bcc:	a8 e3       	ldi	r26, 0x38	; 56
    1bce:	b0 e0       	ldi	r27, 0x00	; 0
    1bd0:	e8 e3       	ldi	r30, 0x38	; 56
    1bd2:	f0 e0       	ldi	r31, 0x00	; 0
    1bd4:	80 81       	ld	r24, Z
    1bd6:	81 60       	ori	r24, 0x01	; 1
    1bd8:	8c 93       	st	X, r24
			//DIO_u8_SetPinValue(keybad_port_num,1,1) ;
			SETBIT(keybad_port,1);
    1bda:	a8 e3       	ldi	r26, 0x38	; 56
    1bdc:	b0 e0       	ldi	r27, 0x00	; 0
    1bde:	e8 e3       	ldi	r30, 0x38	; 56
    1be0:	f0 e0       	ldi	r31, 0x00	; 0
    1be2:	80 81       	ld	r24, Z
    1be4:	82 60       	ori	r24, 0x02	; 2
    1be6:	8c 93       	st	X, r24
			//DIO_u8_SetPinValue(keybad_port_num,2,1) ;
			SETBIT(keybad_port,2);
    1be8:	a8 e3       	ldi	r26, 0x38	; 56
    1bea:	b0 e0       	ldi	r27, 0x00	; 0
    1bec:	e8 e3       	ldi	r30, 0x38	; 56
    1bee:	f0 e0       	ldi	r31, 0x00	; 0
    1bf0:	80 81       	ld	r24, Z
    1bf2:	84 60       	ori	r24, 0x04	; 4
    1bf4:	8c 93       	st	X, r24
			//DIO_u8_SetPinValue(keybad_port_num,3,1) ;
			SETBIT(keybad_port,3);
    1bf6:	a8 e3       	ldi	r26, 0x38	; 56
    1bf8:	b0 e0       	ldi	r27, 0x00	; 0
    1bfa:	e8 e3       	ldi	r30, 0x38	; 56
    1bfc:	f0 e0       	ldi	r31, 0x00	; 0
    1bfe:	80 81       	ld	r24, Z
    1c00:	88 60       	ori	r24, 0x08	; 8
    1c02:	8c 93       	st	X, r24
			//DIO_u8_SetPinValue(keybad_port_num,i,0) ;
			CLRBIT(keybad_port,i);
    1c04:	a8 e3       	ldi	r26, 0x38	; 56
    1c06:	b0 e0       	ldi	r27, 0x00	; 0
    1c08:	e8 e3       	ldi	r30, 0x38	; 56
    1c0a:	f0 e0       	ldi	r31, 0x00	; 0
    1c0c:	80 81       	ld	r24, Z
    1c0e:	48 2f       	mov	r20, r24
    1c10:	88 89       	ldd	r24, Y+16	; 0x10
    1c12:	28 2f       	mov	r18, r24
    1c14:	30 e0       	ldi	r19, 0x00	; 0
    1c16:	81 e0       	ldi	r24, 0x01	; 1
    1c18:	90 e0       	ldi	r25, 0x00	; 0
    1c1a:	02 2e       	mov	r0, r18
    1c1c:	02 c0       	rjmp	.+4      	; 0x1c22 <keybad+0xc4>
    1c1e:	88 0f       	add	r24, r24
    1c20:	99 1f       	adc	r25, r25
    1c22:	0a 94       	dec	r0
    1c24:	e2 f7       	brpl	.-8      	; 0x1c1e <keybad+0xc0>
    1c26:	80 95       	com	r24
    1c28:	84 23       	and	r24, r20
    1c2a:	8c 93       	st	X, r24



			for(j=0;j<4;j++)
    1c2c:	1f 86       	std	Y+15, r1	; 0x0f
    1c2e:	a6 c0       	rjmp	.+332    	; 0x1d7c <keybad+0x21e>

			{
				if((GETBIT(PINB,(j+4)))==0)
    1c30:	e6 e3       	ldi	r30, 0x36	; 54
    1c32:	f0 e0       	ldi	r31, 0x00	; 0
    1c34:	80 81       	ld	r24, Z
    1c36:	28 2f       	mov	r18, r24
    1c38:	30 e0       	ldi	r19, 0x00	; 0
    1c3a:	8f 85       	ldd	r24, Y+15	; 0x0f
    1c3c:	88 2f       	mov	r24, r24
    1c3e:	90 e0       	ldi	r25, 0x00	; 0
    1c40:	04 96       	adiw	r24, 0x04	; 4
    1c42:	f9 01       	movw	r30, r18
    1c44:	02 c0       	rjmp	.+4      	; 0x1c4a <keybad+0xec>
    1c46:	f5 95       	asr	r31
    1c48:	e7 95       	ror	r30
    1c4a:	8a 95       	dec	r24
    1c4c:	e2 f7       	brpl	.-8      	; 0x1c46 <keybad+0xe8>
    1c4e:	cf 01       	movw	r24, r30
    1c50:	81 70       	andi	r24, 0x01	; 1
    1c52:	90 70       	andi	r25, 0x00	; 0
    1c54:	00 97       	sbiw	r24, 0x00	; 0
    1c56:	09 f0       	breq	.+2      	; 0x1c5a <keybad+0xfc>
    1c58:	8e c0       	rjmp	.+284    	; 0x1d76 <keybad+0x218>
    1c5a:	80 e0       	ldi	r24, 0x00	; 0
    1c5c:	90 e0       	ldi	r25, 0x00	; 0
    1c5e:	aa e7       	ldi	r26, 0x7A	; 122
    1c60:	b3 e4       	ldi	r27, 0x43	; 67
    1c62:	8b 87       	std	Y+11, r24	; 0x0b
    1c64:	9c 87       	std	Y+12, r25	; 0x0c
    1c66:	ad 87       	std	Y+13, r26	; 0x0d
    1c68:	be 87       	std	Y+14, r27	; 0x0e
 */
void
_delay_ms(double __ms)
{
	uint16_t __ticks;
	double __tmp = ((F_CPU) / 4e3) * __ms;
    1c6a:	6b 85       	ldd	r22, Y+11	; 0x0b
    1c6c:	7c 85       	ldd	r23, Y+12	; 0x0c
    1c6e:	8d 85       	ldd	r24, Y+13	; 0x0d
    1c70:	9e 85       	ldd	r25, Y+14	; 0x0e
    1c72:	20 e0       	ldi	r18, 0x00	; 0
    1c74:	30 e0       	ldi	r19, 0x00	; 0
    1c76:	4a ef       	ldi	r20, 0xFA	; 250
    1c78:	54 e4       	ldi	r21, 0x44	; 68
    1c7a:	0e 94 1f 02 	call	0x43e	; 0x43e <__mulsf3>
    1c7e:	dc 01       	movw	r26, r24
    1c80:	cb 01       	movw	r24, r22
    1c82:	8f 83       	std	Y+7, r24	; 0x07
    1c84:	98 87       	std	Y+8, r25	; 0x08
    1c86:	a9 87       	std	Y+9, r26	; 0x09
    1c88:	ba 87       	std	Y+10, r27	; 0x0a
	if (__tmp < 1.0)
    1c8a:	6f 81       	ldd	r22, Y+7	; 0x07
    1c8c:	78 85       	ldd	r23, Y+8	; 0x08
    1c8e:	89 85       	ldd	r24, Y+9	; 0x09
    1c90:	9a 85       	ldd	r25, Y+10	; 0x0a
    1c92:	20 e0       	ldi	r18, 0x00	; 0
    1c94:	30 e0       	ldi	r19, 0x00	; 0
    1c96:	40 e8       	ldi	r20, 0x80	; 128
    1c98:	5f e3       	ldi	r21, 0x3F	; 63
    1c9a:	0e 94 79 03 	call	0x6f2	; 0x6f2 <__ltsf2>
    1c9e:	88 23       	and	r24, r24
    1ca0:	2c f4       	brge	.+10     	; 0x1cac <keybad+0x14e>
		__ticks = 1;
    1ca2:	81 e0       	ldi	r24, 0x01	; 1
    1ca4:	90 e0       	ldi	r25, 0x00	; 0
    1ca6:	9e 83       	std	Y+6, r25	; 0x06
    1ca8:	8d 83       	std	Y+5, r24	; 0x05
    1caa:	3f c0       	rjmp	.+126    	; 0x1d2a <keybad+0x1cc>
	else if (__tmp > 65535)
    1cac:	6f 81       	ldd	r22, Y+7	; 0x07
    1cae:	78 85       	ldd	r23, Y+8	; 0x08
    1cb0:	89 85       	ldd	r24, Y+9	; 0x09
    1cb2:	9a 85       	ldd	r25, Y+10	; 0x0a
    1cb4:	20 e0       	ldi	r18, 0x00	; 0
    1cb6:	3f ef       	ldi	r19, 0xFF	; 255
    1cb8:	4f e7       	ldi	r20, 0x7F	; 127
    1cba:	57 e4       	ldi	r21, 0x47	; 71
    1cbc:	0e 94 19 03 	call	0x632	; 0x632 <__gtsf2>
    1cc0:	18 16       	cp	r1, r24
    1cc2:	4c f5       	brge	.+82     	; 0x1d16 <keybad+0x1b8>
	{
		//	__ticks = requested delay in 1/10 ms
		__ticks = (uint16_t) (__ms * 10.0);
    1cc4:	6b 85       	ldd	r22, Y+11	; 0x0b
    1cc6:	7c 85       	ldd	r23, Y+12	; 0x0c
    1cc8:	8d 85       	ldd	r24, Y+13	; 0x0d
    1cca:	9e 85       	ldd	r25, Y+14	; 0x0e
    1ccc:	20 e0       	ldi	r18, 0x00	; 0
    1cce:	30 e0       	ldi	r19, 0x00	; 0
    1cd0:	40 e2       	ldi	r20, 0x20	; 32
    1cd2:	51 e4       	ldi	r21, 0x41	; 65
    1cd4:	0e 94 1f 02 	call	0x43e	; 0x43e <__mulsf3>
    1cd8:	dc 01       	movw	r26, r24
    1cda:	cb 01       	movw	r24, r22
    1cdc:	bc 01       	movw	r22, r24
    1cde:	cd 01       	movw	r24, r26
    1ce0:	0e 94 49 00 	call	0x92	; 0x92 <__fixunssfsi>
    1ce4:	dc 01       	movw	r26, r24
    1ce6:	cb 01       	movw	r24, r22
    1ce8:	9e 83       	std	Y+6, r25	; 0x06
    1cea:	8d 83       	std	Y+5, r24	; 0x05
    1cec:	0f c0       	rjmp	.+30     	; 0x1d0c <keybad+0x1ae>
    1cee:	88 ec       	ldi	r24, 0xC8	; 200
    1cf0:	90 e0       	ldi	r25, 0x00	; 0
    1cf2:	9c 83       	std	Y+4, r25	; 0x04
    1cf4:	8b 83       	std	Y+3, r24	; 0x03
    1cf6:	8b 81       	ldd	r24, Y+3	; 0x03
    1cf8:	9c 81       	ldd	r25, Y+4	; 0x04
    1cfa:	01 97       	sbiw	r24, 0x01	; 1
    1cfc:	f1 f7       	brne	.-4      	; 0x1cfa <keybad+0x19c>
    1cfe:	9c 83       	std	Y+4, r25	; 0x04
    1d00:	8b 83       	std	Y+3, r24	; 0x03
		while(__ticks)
		{
			// wait 1/10 ms
			_delay_loop_2(((F_CPU) / 4e3) / 10);
			__ticks --;
    1d02:	8d 81       	ldd	r24, Y+5	; 0x05
    1d04:	9e 81       	ldd	r25, Y+6	; 0x06
    1d06:	01 97       	sbiw	r24, 0x01	; 1
    1d08:	9e 83       	std	Y+6, r25	; 0x06
    1d0a:	8d 83       	std	Y+5, r24	; 0x05
		__ticks = 1;
	else if (__tmp > 65535)
	{
		//	__ticks = requested delay in 1/10 ms
		__ticks = (uint16_t) (__ms * 10.0);
		while(__ticks)
    1d0c:	8d 81       	ldd	r24, Y+5	; 0x05
    1d0e:	9e 81       	ldd	r25, Y+6	; 0x06
    1d10:	00 97       	sbiw	r24, 0x00	; 0
    1d12:	69 f7       	brne	.-38     	; 0x1cee <keybad+0x190>
    1d14:	14 c0       	rjmp	.+40     	; 0x1d3e <keybad+0x1e0>
			__ticks --;
		}
		return;
	}
	else
		__ticks = (uint16_t)__tmp;
    1d16:	6f 81       	ldd	r22, Y+7	; 0x07
    1d18:	78 85       	ldd	r23, Y+8	; 0x08
    1d1a:	89 85       	ldd	r24, Y+9	; 0x09
    1d1c:	9a 85       	ldd	r25, Y+10	; 0x0a
    1d1e:	0e 94 49 00 	call	0x92	; 0x92 <__fixunssfsi>
    1d22:	dc 01       	movw	r26, r24
    1d24:	cb 01       	movw	r24, r22
    1d26:	9e 83       	std	Y+6, r25	; 0x06
    1d28:	8d 83       	std	Y+5, r24	; 0x05
    1d2a:	8d 81       	ldd	r24, Y+5	; 0x05
    1d2c:	9e 81       	ldd	r25, Y+6	; 0x06
    1d2e:	9a 83       	std	Y+2, r25	; 0x02
    1d30:	89 83       	std	Y+1, r24	; 0x01
    1d32:	89 81       	ldd	r24, Y+1	; 0x01
    1d34:	9a 81       	ldd	r25, Y+2	; 0x02
    1d36:	01 97       	sbiw	r24, 0x01	; 1
    1d38:	f1 f7       	brne	.-4      	; 0x1d36 <keybad+0x1d8>
    1d3a:	9a 83       	std	Y+2, r25	; 0x02
    1d3c:	89 83       	std	Y+1, r24	; 0x01
				{
					_delay_ms(250);
					return array[i][j];
    1d3e:	88 89       	ldd	r24, Y+16	; 0x10
    1d40:	28 2f       	mov	r18, r24
    1d42:	30 e0       	ldi	r19, 0x00	; 0
    1d44:	8f 85       	ldd	r24, Y+15	; 0x0f
    1d46:	48 2f       	mov	r20, r24
    1d48:	50 e0       	ldi	r21, 0x00	; 0
    1d4a:	22 0f       	add	r18, r18
    1d4c:	33 1f       	adc	r19, r19
    1d4e:	22 0f       	add	r18, r18
    1d50:	33 1f       	adc	r19, r19
    1d52:	ce 01       	movw	r24, r28
    1d54:	01 96       	adiw	r24, 0x01	; 1
    1d56:	82 0f       	add	r24, r18
    1d58:	93 1f       	adc	r25, r19
    1d5a:	84 0f       	add	r24, r20
    1d5c:	95 1f       	adc	r25, r21
    1d5e:	fc 01       	movw	r30, r24
    1d60:	70 96       	adiw	r30, 0x10	; 16
    1d62:	80 81       	ld	r24, Z
				}
			}
		}
	}
	return 0;
}
    1d64:	a5 96       	adiw	r28, 0x25	; 37
    1d66:	0f b6       	in	r0, 0x3f	; 63
    1d68:	f8 94       	cli
    1d6a:	de bf       	out	0x3e, r29	; 62
    1d6c:	0f be       	out	0x3f, r0	; 63
    1d6e:	cd bf       	out	0x3d, r28	; 61
    1d70:	cf 91       	pop	r28
    1d72:	df 91       	pop	r29
    1d74:	08 95       	ret
			//DIO_u8_SetPinValue(keybad_port_num,i,0) ;
			CLRBIT(keybad_port,i);



			for(j=0;j<4;j++)
    1d76:	8f 85       	ldd	r24, Y+15	; 0x0f
    1d78:	8f 5f       	subi	r24, 0xFF	; 255
    1d7a:	8f 87       	std	Y+15, r24	; 0x0f
    1d7c:	8f 85       	ldd	r24, Y+15	; 0x0f
    1d7e:	84 30       	cpi	r24, 0x04	; 4
    1d80:	08 f4       	brcc	.+2      	; 0x1d84 <keybad+0x226>
    1d82:	56 cf       	rjmp	.-340    	; 0x1c30 <keybad+0xd2>
	keybad_port_direction=0x0f;
	keybad_port=0xff ;
	while(1)

	{
		for(i=0;i<4;i++)
    1d84:	88 89       	ldd	r24, Y+16	; 0x10
    1d86:	8f 5f       	subi	r24, 0xFF	; 255
    1d88:	88 8b       	std	Y+16, r24	; 0x10
    1d8a:	88 89       	ldd	r24, Y+16	; 0x10
    1d8c:	84 30       	cpi	r24, 0x04	; 4
    1d8e:	08 f4       	brcc	.+2      	; 0x1d92 <keybad+0x234>
    1d90:	1d cf       	rjmp	.-454    	; 0x1bcc <keybad+0x6e>
    1d92:	1a cf       	rjmp	.-460    	; 0x1bc8 <keybad+0x6a>

00001d94 <main>:
#include"keypad.h"
#include"password.h"
#include "GSM_Sender.h"
/*			NOTE : Password code saved in EEPROM via keybad and displayed on LCD		*/
int main (void)
{
    1d94:	0f 93       	push	r16
    1d96:	1f 93       	push	r17
    1d98:	df 93       	push	r29
    1d9a:	cf 93       	push	r28
    1d9c:	cd b7       	in	r28, 0x3d	; 61
    1d9e:	de b7       	in	r29, 0x3e	; 62
    1da0:	c5 59       	subi	r28, 0x95	; 149
    1da2:	d0 40       	sbci	r29, 0x00	; 0
    1da4:	0f b6       	in	r0, 0x3f	; 63
    1da6:	f8 94       	cli
    1da8:	de bf       	out	0x3e, r29	; 62
    1daa:	0f be       	out	0x3f, r0	; 63
    1dac:	cd bf       	out	0x3d, r28	; 61
	/*	PORTB for keypad	*/
	/*	PORTD PORTA for LCD	*/
	/*	PC0 PC1 for EEPROM	*/
	DDRD=0b11111110;
    1dae:	e1 e3       	ldi	r30, 0x31	; 49
    1db0:	f0 e0       	ldi	r31, 0x00	; 0
    1db2:	8e ef       	ldi	r24, 0xFE	; 254
    1db4:	80 83       	st	Z, r24
	DDRA=0xff;
    1db6:	ea e3       	ldi	r30, 0x3A	; 58
    1db8:	f0 e0       	ldi	r31, 0x00	; 0
    1dba:	8f ef       	ldi	r24, 0xFF	; 255
    1dbc:	80 83       	st	Z, r24
	DDRC=0xff;
    1dbe:	e4 e3       	ldi	r30, 0x34	; 52
    1dc0:	f0 e0       	ldi	r31, 0x00	; 0
    1dc2:	8f ef       	ldi	r24, 0xFF	; 255
    1dc4:	80 83       	st	Z, r24
	u8 Password[4];
	u8 Password_saved[4];
	u8 count=0;
    1dc6:	fe 01       	movw	r30, r28
    1dc8:	e3 57       	subi	r30, 0x73	; 115
    1dca:	ff 4f       	sbci	r31, 0xFF	; 255
    1dcc:	10 82       	st	Z, r1
	LCD_Init();
    1dce:	0e 94 ee 09 	call	0x13dc	; 0x13dc <LCD_Init>
	EEPROM_init();
    1dd2:	0e 94 a3 05 	call	0xb46	; 0xb46 <EEPROM_init>
	password_default ();
    1dd6:	0e 94 82 15 	call	0x2b04	; 0x2b04 <password_default>
	USART_Init();
    1dda:	0e 94 3a 0d 	call	0x1a74	; 0x1a74 <USART_Init>
	while(1)
	{
		/*	Ask user to enter password	*/
		LCD_WriteCommand(0b00000001);
    1dde:	81 e0       	ldi	r24, 0x01	; 1
    1de0:	0e 94 60 0b 	call	0x16c0	; 0x16c0 <LCD_WriteCommand>
		LCD_WriteCommand(0b10000000);
    1de4:	80 e8       	ldi	r24, 0x80	; 128
    1de6:	0e 94 60 0b 	call	0x16c0	; 0x16c0 <LCD_WriteCommand>
		LCD_WriteData('P');
    1dea:	80 e5       	ldi	r24, 0x50	; 80
    1dec:	0e 94 06 0c 	call	0x180c	; 0x180c <LCD_WriteData>
		LCD_WriteData('a');
    1df0:	81 e6       	ldi	r24, 0x61	; 97
    1df2:	0e 94 06 0c 	call	0x180c	; 0x180c <LCD_WriteData>
		LCD_WriteData('s');
    1df6:	83 e7       	ldi	r24, 0x73	; 115
    1df8:	0e 94 06 0c 	call	0x180c	; 0x180c <LCD_WriteData>
		LCD_WriteData('s');
    1dfc:	83 e7       	ldi	r24, 0x73	; 115
    1dfe:	0e 94 06 0c 	call	0x180c	; 0x180c <LCD_WriteData>
		LCD_WriteData('w');
    1e02:	87 e7       	ldi	r24, 0x77	; 119
    1e04:	0e 94 06 0c 	call	0x180c	; 0x180c <LCD_WriteData>
		LCD_WriteData('o');
    1e08:	8f e6       	ldi	r24, 0x6F	; 111
    1e0a:	0e 94 06 0c 	call	0x180c	; 0x180c <LCD_WriteData>
		LCD_WriteData('r');
    1e0e:	82 e7       	ldi	r24, 0x72	; 114
    1e10:	0e 94 06 0c 	call	0x180c	; 0x180c <LCD_WriteData>
		LCD_WriteData('d');
    1e14:	84 e6       	ldi	r24, 0x64	; 100
    1e16:	0e 94 06 0c 	call	0x180c	; 0x180c <LCD_WriteData>
		LCD_WriteData(':');
    1e1a:	8a e3       	ldi	r24, 0x3A	; 58
    1e1c:	0e 94 06 0c 	call	0x180c	; 0x180c <LCD_WriteData>
    1e20:	fe 01       	movw	r30, r28
    1e22:	e7 57       	subi	r30, 0x77	; 119
    1e24:	ff 4f       	sbci	r31, 0xFF	; 255
    1e26:	80 e0       	ldi	r24, 0x00	; 0
    1e28:	90 e0       	ldi	r25, 0x00	; 0
    1e2a:	a8 ec       	ldi	r26, 0xC8	; 200
    1e2c:	b2 e4       	ldi	r27, 0x42	; 66
    1e2e:	80 83       	st	Z, r24
    1e30:	91 83       	std	Z+1, r25	; 0x01
    1e32:	a2 83       	std	Z+2, r26	; 0x02
    1e34:	b3 83       	std	Z+3, r27	; 0x03
 */
void
_delay_ms(double __ms)
{
	uint16_t __ticks;
	double __tmp = ((F_CPU) / 4e3) * __ms;
    1e36:	8e 01       	movw	r16, r28
    1e38:	0b 57       	subi	r16, 0x7B	; 123
    1e3a:	1f 4f       	sbci	r17, 0xFF	; 255
    1e3c:	fe 01       	movw	r30, r28
    1e3e:	e7 57       	subi	r30, 0x77	; 119
    1e40:	ff 4f       	sbci	r31, 0xFF	; 255
    1e42:	60 81       	ld	r22, Z
    1e44:	71 81       	ldd	r23, Z+1	; 0x01
    1e46:	82 81       	ldd	r24, Z+2	; 0x02
    1e48:	93 81       	ldd	r25, Z+3	; 0x03
    1e4a:	20 e0       	ldi	r18, 0x00	; 0
    1e4c:	30 e0       	ldi	r19, 0x00	; 0
    1e4e:	4a ef       	ldi	r20, 0xFA	; 250
    1e50:	54 e4       	ldi	r21, 0x44	; 68
    1e52:	0e 94 1f 02 	call	0x43e	; 0x43e <__mulsf3>
    1e56:	dc 01       	movw	r26, r24
    1e58:	cb 01       	movw	r24, r22
    1e5a:	f8 01       	movw	r30, r16
    1e5c:	80 83       	st	Z, r24
    1e5e:	91 83       	std	Z+1, r25	; 0x01
    1e60:	a2 83       	std	Z+2, r26	; 0x02
    1e62:	b3 83       	std	Z+3, r27	; 0x03
	if (__tmp < 1.0)
    1e64:	fe 01       	movw	r30, r28
    1e66:	eb 57       	subi	r30, 0x7B	; 123
    1e68:	ff 4f       	sbci	r31, 0xFF	; 255
    1e6a:	60 81       	ld	r22, Z
    1e6c:	71 81       	ldd	r23, Z+1	; 0x01
    1e6e:	82 81       	ldd	r24, Z+2	; 0x02
    1e70:	93 81       	ldd	r25, Z+3	; 0x03
    1e72:	20 e0       	ldi	r18, 0x00	; 0
    1e74:	30 e0       	ldi	r19, 0x00	; 0
    1e76:	40 e8       	ldi	r20, 0x80	; 128
    1e78:	5f e3       	ldi	r21, 0x3F	; 63
    1e7a:	0e 94 79 03 	call	0x6f2	; 0x6f2 <__ltsf2>
    1e7e:	88 23       	and	r24, r24
    1e80:	44 f4       	brge	.+16     	; 0x1e92 <main+0xfe>
		__ticks = 1;
    1e82:	fe 01       	movw	r30, r28
    1e84:	ed 57       	subi	r30, 0x7D	; 125
    1e86:	ff 4f       	sbci	r31, 0xFF	; 255
    1e88:	81 e0       	ldi	r24, 0x01	; 1
    1e8a:	90 e0       	ldi	r25, 0x00	; 0
    1e8c:	91 83       	std	Z+1, r25	; 0x01
    1e8e:	80 83       	st	Z, r24
    1e90:	64 c0       	rjmp	.+200    	; 0x1f5a <main+0x1c6>
	else if (__tmp > 65535)
    1e92:	fe 01       	movw	r30, r28
    1e94:	eb 57       	subi	r30, 0x7B	; 123
    1e96:	ff 4f       	sbci	r31, 0xFF	; 255
    1e98:	60 81       	ld	r22, Z
    1e9a:	71 81       	ldd	r23, Z+1	; 0x01
    1e9c:	82 81       	ldd	r24, Z+2	; 0x02
    1e9e:	93 81       	ldd	r25, Z+3	; 0x03
    1ea0:	20 e0       	ldi	r18, 0x00	; 0
    1ea2:	3f ef       	ldi	r19, 0xFF	; 255
    1ea4:	4f e7       	ldi	r20, 0x7F	; 127
    1ea6:	57 e4       	ldi	r21, 0x47	; 71
    1ea8:	0e 94 19 03 	call	0x632	; 0x632 <__gtsf2>
    1eac:	18 16       	cp	r1, r24
    1eae:	0c f0       	brlt	.+2      	; 0x1eb2 <main+0x11e>
    1eb0:	43 c0       	rjmp	.+134    	; 0x1f38 <main+0x1a4>
	{
		//	__ticks = requested delay in 1/10 ms
		__ticks = (uint16_t) (__ms * 10.0);
    1eb2:	fe 01       	movw	r30, r28
    1eb4:	e7 57       	subi	r30, 0x77	; 119
    1eb6:	ff 4f       	sbci	r31, 0xFF	; 255
    1eb8:	60 81       	ld	r22, Z
    1eba:	71 81       	ldd	r23, Z+1	; 0x01
    1ebc:	82 81       	ldd	r24, Z+2	; 0x02
    1ebe:	93 81       	ldd	r25, Z+3	; 0x03
    1ec0:	20 e0       	ldi	r18, 0x00	; 0
    1ec2:	30 e0       	ldi	r19, 0x00	; 0
    1ec4:	40 e2       	ldi	r20, 0x20	; 32
    1ec6:	51 e4       	ldi	r21, 0x41	; 65
    1ec8:	0e 94 1f 02 	call	0x43e	; 0x43e <__mulsf3>
    1ecc:	dc 01       	movw	r26, r24
    1ece:	cb 01       	movw	r24, r22
    1ed0:	8e 01       	movw	r16, r28
    1ed2:	0d 57       	subi	r16, 0x7D	; 125
    1ed4:	1f 4f       	sbci	r17, 0xFF	; 255
    1ed6:	bc 01       	movw	r22, r24
    1ed8:	cd 01       	movw	r24, r26
    1eda:	0e 94 49 00 	call	0x92	; 0x92 <__fixunssfsi>
    1ede:	dc 01       	movw	r26, r24
    1ee0:	cb 01       	movw	r24, r22
    1ee2:	f8 01       	movw	r30, r16
    1ee4:	91 83       	std	Z+1, r25	; 0x01
    1ee6:	80 83       	st	Z, r24
    1ee8:	1f c0       	rjmp	.+62     	; 0x1f28 <main+0x194>
    1eea:	fe 01       	movw	r30, r28
    1eec:	ef 57       	subi	r30, 0x7F	; 127
    1eee:	ff 4f       	sbci	r31, 0xFF	; 255
    1ef0:	88 ec       	ldi	r24, 0xC8	; 200
    1ef2:	90 e0       	ldi	r25, 0x00	; 0
    1ef4:	91 83       	std	Z+1, r25	; 0x01
    1ef6:	80 83       	st	Z, r24
    1ef8:	fe 01       	movw	r30, r28
    1efa:	ef 57       	subi	r30, 0x7F	; 127
    1efc:	ff 4f       	sbci	r31, 0xFF	; 255
    1efe:	80 81       	ld	r24, Z
    1f00:	91 81       	ldd	r25, Z+1	; 0x01
    1f02:	01 97       	sbiw	r24, 0x01	; 1
    1f04:	f1 f7       	brne	.-4      	; 0x1f02 <main+0x16e>
    1f06:	fe 01       	movw	r30, r28
    1f08:	ef 57       	subi	r30, 0x7F	; 127
    1f0a:	ff 4f       	sbci	r31, 0xFF	; 255
    1f0c:	91 83       	std	Z+1, r25	; 0x01
    1f0e:	80 83       	st	Z, r24
		while(__ticks)
		{
			// wait 1/10 ms
			_delay_loop_2(((F_CPU) / 4e3) / 10);
			__ticks --;
    1f10:	de 01       	movw	r26, r28
    1f12:	ad 57       	subi	r26, 0x7D	; 125
    1f14:	bf 4f       	sbci	r27, 0xFF	; 255
    1f16:	fe 01       	movw	r30, r28
    1f18:	ed 57       	subi	r30, 0x7D	; 125
    1f1a:	ff 4f       	sbci	r31, 0xFF	; 255
    1f1c:	80 81       	ld	r24, Z
    1f1e:	91 81       	ldd	r25, Z+1	; 0x01
    1f20:	01 97       	sbiw	r24, 0x01	; 1
    1f22:	11 96       	adiw	r26, 0x01	; 1
    1f24:	9c 93       	st	X, r25
    1f26:	8e 93       	st	-X, r24
		__ticks = 1;
	else if (__tmp > 65535)
	{
		//	__ticks = requested delay in 1/10 ms
		__ticks = (uint16_t) (__ms * 10.0);
		while(__ticks)
    1f28:	fe 01       	movw	r30, r28
    1f2a:	ed 57       	subi	r30, 0x7D	; 125
    1f2c:	ff 4f       	sbci	r31, 0xFF	; 255
    1f2e:	80 81       	ld	r24, Z
    1f30:	91 81       	ldd	r25, Z+1	; 0x01
    1f32:	00 97       	sbiw	r24, 0x00	; 0
    1f34:	d1 f6       	brne	.-76     	; 0x1eea <main+0x156>
    1f36:	27 c0       	rjmp	.+78     	; 0x1f86 <main+0x1f2>
			__ticks --;
		}
		return;
	}
	else
		__ticks = (uint16_t)__tmp;
    1f38:	8e 01       	movw	r16, r28
    1f3a:	0d 57       	subi	r16, 0x7D	; 125
    1f3c:	1f 4f       	sbci	r17, 0xFF	; 255
    1f3e:	fe 01       	movw	r30, r28
    1f40:	eb 57       	subi	r30, 0x7B	; 123
    1f42:	ff 4f       	sbci	r31, 0xFF	; 255
    1f44:	60 81       	ld	r22, Z
    1f46:	71 81       	ldd	r23, Z+1	; 0x01
    1f48:	82 81       	ldd	r24, Z+2	; 0x02
    1f4a:	93 81       	ldd	r25, Z+3	; 0x03
    1f4c:	0e 94 49 00 	call	0x92	; 0x92 <__fixunssfsi>
    1f50:	dc 01       	movw	r26, r24
    1f52:	cb 01       	movw	r24, r22
    1f54:	f8 01       	movw	r30, r16
    1f56:	91 83       	std	Z+1, r25	; 0x01
    1f58:	80 83       	st	Z, r24
    1f5a:	de 01       	movw	r26, r28
    1f5c:	a1 58       	subi	r26, 0x81	; 129
    1f5e:	bf 4f       	sbci	r27, 0xFF	; 255
    1f60:	fe 01       	movw	r30, r28
    1f62:	ed 57       	subi	r30, 0x7D	; 125
    1f64:	ff 4f       	sbci	r31, 0xFF	; 255
    1f66:	80 81       	ld	r24, Z
    1f68:	91 81       	ldd	r25, Z+1	; 0x01
    1f6a:	8d 93       	st	X+, r24
    1f6c:	9c 93       	st	X, r25
    1f6e:	fe 01       	movw	r30, r28
    1f70:	e1 58       	subi	r30, 0x81	; 129
    1f72:	ff 4f       	sbci	r31, 0xFF	; 255
    1f74:	80 81       	ld	r24, Z
    1f76:	91 81       	ldd	r25, Z+1	; 0x01
    1f78:	01 97       	sbiw	r24, 0x01	; 1
    1f7a:	f1 f7       	brne	.-4      	; 0x1f78 <main+0x1e4>
    1f7c:	fe 01       	movw	r30, r28
    1f7e:	e1 58       	subi	r30, 0x81	; 129
    1f80:	ff 4f       	sbci	r31, 0xFF	; 255
    1f82:	91 83       	std	Z+1, r25	; 0x01
    1f84:	80 83       	st	Z, r24
		_delay_ms(100);
		Password[0]=48+keybad();
    1f86:	0e 94 af 0d 	call	0x1b5e	; 0x1b5e <keybad>
    1f8a:	80 5d       	subi	r24, 0xD0	; 208
    1f8c:	fe 01       	movw	r30, r28
    1f8e:	e2 57       	subi	r30, 0x72	; 114
    1f90:	ff 4f       	sbci	r31, 0xFF	; 255
    1f92:	80 83       	st	Z, r24
    1f94:	fe 01       	movw	r30, r28
    1f96:	e5 58       	subi	r30, 0x85	; 133
    1f98:	ff 4f       	sbci	r31, 0xFF	; 255
    1f9a:	80 e0       	ldi	r24, 0x00	; 0
    1f9c:	90 e0       	ldi	r25, 0x00	; 0
    1f9e:	a8 ec       	ldi	r26, 0xC8	; 200
    1fa0:	b2 e4       	ldi	r27, 0x42	; 66
    1fa2:	80 83       	st	Z, r24
    1fa4:	91 83       	std	Z+1, r25	; 0x01
    1fa6:	a2 83       	std	Z+2, r26	; 0x02
    1fa8:	b3 83       	std	Z+3, r27	; 0x03
 */
void
_delay_ms(double __ms)
{
	uint16_t __ticks;
	double __tmp = ((F_CPU) / 4e3) * __ms;
    1faa:	8e 01       	movw	r16, r28
    1fac:	09 58       	subi	r16, 0x89	; 137
    1fae:	1f 4f       	sbci	r17, 0xFF	; 255
    1fb0:	fe 01       	movw	r30, r28
    1fb2:	e5 58       	subi	r30, 0x85	; 133
    1fb4:	ff 4f       	sbci	r31, 0xFF	; 255
    1fb6:	60 81       	ld	r22, Z
    1fb8:	71 81       	ldd	r23, Z+1	; 0x01
    1fba:	82 81       	ldd	r24, Z+2	; 0x02
    1fbc:	93 81       	ldd	r25, Z+3	; 0x03
    1fbe:	20 e0       	ldi	r18, 0x00	; 0
    1fc0:	30 e0       	ldi	r19, 0x00	; 0
    1fc2:	4a ef       	ldi	r20, 0xFA	; 250
    1fc4:	54 e4       	ldi	r21, 0x44	; 68
    1fc6:	0e 94 1f 02 	call	0x43e	; 0x43e <__mulsf3>
    1fca:	dc 01       	movw	r26, r24
    1fcc:	cb 01       	movw	r24, r22
    1fce:	f8 01       	movw	r30, r16
    1fd0:	80 83       	st	Z, r24
    1fd2:	91 83       	std	Z+1, r25	; 0x01
    1fd4:	a2 83       	std	Z+2, r26	; 0x02
    1fd6:	b3 83       	std	Z+3, r27	; 0x03
	if (__tmp < 1.0)
    1fd8:	fe 01       	movw	r30, r28
    1fda:	e9 58       	subi	r30, 0x89	; 137
    1fdc:	ff 4f       	sbci	r31, 0xFF	; 255
    1fde:	60 81       	ld	r22, Z
    1fe0:	71 81       	ldd	r23, Z+1	; 0x01
    1fe2:	82 81       	ldd	r24, Z+2	; 0x02
    1fe4:	93 81       	ldd	r25, Z+3	; 0x03
    1fe6:	20 e0       	ldi	r18, 0x00	; 0
    1fe8:	30 e0       	ldi	r19, 0x00	; 0
    1fea:	40 e8       	ldi	r20, 0x80	; 128
    1fec:	5f e3       	ldi	r21, 0x3F	; 63
    1fee:	0e 94 79 03 	call	0x6f2	; 0x6f2 <__ltsf2>
    1ff2:	88 23       	and	r24, r24
    1ff4:	44 f4       	brge	.+16     	; 0x2006 <main+0x272>
		__ticks = 1;
    1ff6:	fe 01       	movw	r30, r28
    1ff8:	eb 58       	subi	r30, 0x8B	; 139
    1ffa:	ff 4f       	sbci	r31, 0xFF	; 255
    1ffc:	81 e0       	ldi	r24, 0x01	; 1
    1ffe:	90 e0       	ldi	r25, 0x00	; 0
    2000:	91 83       	std	Z+1, r25	; 0x01
    2002:	80 83       	st	Z, r24
    2004:	64 c0       	rjmp	.+200    	; 0x20ce <main+0x33a>
	else if (__tmp > 65535)
    2006:	fe 01       	movw	r30, r28
    2008:	e9 58       	subi	r30, 0x89	; 137
    200a:	ff 4f       	sbci	r31, 0xFF	; 255
    200c:	60 81       	ld	r22, Z
    200e:	71 81       	ldd	r23, Z+1	; 0x01
    2010:	82 81       	ldd	r24, Z+2	; 0x02
    2012:	93 81       	ldd	r25, Z+3	; 0x03
    2014:	20 e0       	ldi	r18, 0x00	; 0
    2016:	3f ef       	ldi	r19, 0xFF	; 255
    2018:	4f e7       	ldi	r20, 0x7F	; 127
    201a:	57 e4       	ldi	r21, 0x47	; 71
    201c:	0e 94 19 03 	call	0x632	; 0x632 <__gtsf2>
    2020:	18 16       	cp	r1, r24
    2022:	0c f0       	brlt	.+2      	; 0x2026 <main+0x292>
    2024:	43 c0       	rjmp	.+134    	; 0x20ac <main+0x318>
	{
		//	__ticks = requested delay in 1/10 ms
		__ticks = (uint16_t) (__ms * 10.0);
    2026:	fe 01       	movw	r30, r28
    2028:	e5 58       	subi	r30, 0x85	; 133
    202a:	ff 4f       	sbci	r31, 0xFF	; 255
    202c:	60 81       	ld	r22, Z
    202e:	71 81       	ldd	r23, Z+1	; 0x01
    2030:	82 81       	ldd	r24, Z+2	; 0x02
    2032:	93 81       	ldd	r25, Z+3	; 0x03
    2034:	20 e0       	ldi	r18, 0x00	; 0
    2036:	30 e0       	ldi	r19, 0x00	; 0
    2038:	40 e2       	ldi	r20, 0x20	; 32
    203a:	51 e4       	ldi	r21, 0x41	; 65
    203c:	0e 94 1f 02 	call	0x43e	; 0x43e <__mulsf3>
    2040:	dc 01       	movw	r26, r24
    2042:	cb 01       	movw	r24, r22
    2044:	8e 01       	movw	r16, r28
    2046:	0b 58       	subi	r16, 0x8B	; 139
    2048:	1f 4f       	sbci	r17, 0xFF	; 255
    204a:	bc 01       	movw	r22, r24
    204c:	cd 01       	movw	r24, r26
    204e:	0e 94 49 00 	call	0x92	; 0x92 <__fixunssfsi>
    2052:	dc 01       	movw	r26, r24
    2054:	cb 01       	movw	r24, r22
    2056:	f8 01       	movw	r30, r16
    2058:	91 83       	std	Z+1, r25	; 0x01
    205a:	80 83       	st	Z, r24
    205c:	1f c0       	rjmp	.+62     	; 0x209c <main+0x308>
    205e:	fe 01       	movw	r30, r28
    2060:	ed 58       	subi	r30, 0x8D	; 141
    2062:	ff 4f       	sbci	r31, 0xFF	; 255
    2064:	88 ec       	ldi	r24, 0xC8	; 200
    2066:	90 e0       	ldi	r25, 0x00	; 0
    2068:	91 83       	std	Z+1, r25	; 0x01
    206a:	80 83       	st	Z, r24
    206c:	fe 01       	movw	r30, r28
    206e:	ed 58       	subi	r30, 0x8D	; 141
    2070:	ff 4f       	sbci	r31, 0xFF	; 255
    2072:	80 81       	ld	r24, Z
    2074:	91 81       	ldd	r25, Z+1	; 0x01
    2076:	01 97       	sbiw	r24, 0x01	; 1
    2078:	f1 f7       	brne	.-4      	; 0x2076 <main+0x2e2>
    207a:	fe 01       	movw	r30, r28
    207c:	ed 58       	subi	r30, 0x8D	; 141
    207e:	ff 4f       	sbci	r31, 0xFF	; 255
    2080:	91 83       	std	Z+1, r25	; 0x01
    2082:	80 83       	st	Z, r24
		while(__ticks)
		{
			// wait 1/10 ms
			_delay_loop_2(((F_CPU) / 4e3) / 10);
			__ticks --;
    2084:	de 01       	movw	r26, r28
    2086:	ab 58       	subi	r26, 0x8B	; 139
    2088:	bf 4f       	sbci	r27, 0xFF	; 255
    208a:	fe 01       	movw	r30, r28
    208c:	eb 58       	subi	r30, 0x8B	; 139
    208e:	ff 4f       	sbci	r31, 0xFF	; 255
    2090:	80 81       	ld	r24, Z
    2092:	91 81       	ldd	r25, Z+1	; 0x01
    2094:	01 97       	sbiw	r24, 0x01	; 1
    2096:	11 96       	adiw	r26, 0x01	; 1
    2098:	9c 93       	st	X, r25
    209a:	8e 93       	st	-X, r24
		__ticks = 1;
	else if (__tmp > 65535)
	{
		//	__ticks = requested delay in 1/10 ms
		__ticks = (uint16_t) (__ms * 10.0);
		while(__ticks)
    209c:	fe 01       	movw	r30, r28
    209e:	eb 58       	subi	r30, 0x8B	; 139
    20a0:	ff 4f       	sbci	r31, 0xFF	; 255
    20a2:	80 81       	ld	r24, Z
    20a4:	91 81       	ldd	r25, Z+1	; 0x01
    20a6:	00 97       	sbiw	r24, 0x00	; 0
    20a8:	d1 f6       	brne	.-76     	; 0x205e <main+0x2ca>
    20aa:	27 c0       	rjmp	.+78     	; 0x20fa <main+0x366>
			__ticks --;
		}
		return;
	}
	else
		__ticks = (uint16_t)__tmp;
    20ac:	8e 01       	movw	r16, r28
    20ae:	0b 58       	subi	r16, 0x8B	; 139
    20b0:	1f 4f       	sbci	r17, 0xFF	; 255
    20b2:	fe 01       	movw	r30, r28
    20b4:	e9 58       	subi	r30, 0x89	; 137
    20b6:	ff 4f       	sbci	r31, 0xFF	; 255
    20b8:	60 81       	ld	r22, Z
    20ba:	71 81       	ldd	r23, Z+1	; 0x01
    20bc:	82 81       	ldd	r24, Z+2	; 0x02
    20be:	93 81       	ldd	r25, Z+3	; 0x03
    20c0:	0e 94 49 00 	call	0x92	; 0x92 <__fixunssfsi>
    20c4:	dc 01       	movw	r26, r24
    20c6:	cb 01       	movw	r24, r22
    20c8:	f8 01       	movw	r30, r16
    20ca:	91 83       	std	Z+1, r25	; 0x01
    20cc:	80 83       	st	Z, r24
    20ce:	de 01       	movw	r26, r28
    20d0:	af 58       	subi	r26, 0x8F	; 143
    20d2:	bf 4f       	sbci	r27, 0xFF	; 255
    20d4:	fe 01       	movw	r30, r28
    20d6:	eb 58       	subi	r30, 0x8B	; 139
    20d8:	ff 4f       	sbci	r31, 0xFF	; 255
    20da:	80 81       	ld	r24, Z
    20dc:	91 81       	ldd	r25, Z+1	; 0x01
    20de:	8d 93       	st	X+, r24
    20e0:	9c 93       	st	X, r25
    20e2:	fe 01       	movw	r30, r28
    20e4:	ef 58       	subi	r30, 0x8F	; 143
    20e6:	ff 4f       	sbci	r31, 0xFF	; 255
    20e8:	80 81       	ld	r24, Z
    20ea:	91 81       	ldd	r25, Z+1	; 0x01
    20ec:	01 97       	sbiw	r24, 0x01	; 1
    20ee:	f1 f7       	brne	.-4      	; 0x20ec <main+0x358>
    20f0:	fe 01       	movw	r30, r28
    20f2:	ef 58       	subi	r30, 0x8F	; 143
    20f4:	ff 4f       	sbci	r31, 0xFF	; 255
    20f6:	91 83       	std	Z+1, r25	; 0x01
    20f8:	80 83       	st	Z, r24
		_delay_ms(100);
		LCD_WriteData(Password[0]);
    20fa:	fe 01       	movw	r30, r28
    20fc:	e2 57       	subi	r30, 0x72	; 114
    20fe:	ff 4f       	sbci	r31, 0xFF	; 255
    2100:	80 81       	ld	r24, Z
    2102:	0e 94 06 0c 	call	0x180c	; 0x180c <LCD_WriteData>
    2106:	fe 01       	movw	r30, r28
    2108:	e3 59       	subi	r30, 0x93	; 147
    210a:	ff 4f       	sbci	r31, 0xFF	; 255
    210c:	80 e0       	ldi	r24, 0x00	; 0
    210e:	90 e0       	ldi	r25, 0x00	; 0
    2110:	a8 ec       	ldi	r26, 0xC8	; 200
    2112:	b2 e4       	ldi	r27, 0x42	; 66
    2114:	80 83       	st	Z, r24
    2116:	91 83       	std	Z+1, r25	; 0x01
    2118:	a2 83       	std	Z+2, r26	; 0x02
    211a:	b3 83       	std	Z+3, r27	; 0x03
 */
void
_delay_ms(double __ms)
{
	uint16_t __ticks;
	double __tmp = ((F_CPU) / 4e3) * __ms;
    211c:	8e 01       	movw	r16, r28
    211e:	07 59       	subi	r16, 0x97	; 151
    2120:	1f 4f       	sbci	r17, 0xFF	; 255
    2122:	fe 01       	movw	r30, r28
    2124:	e3 59       	subi	r30, 0x93	; 147
    2126:	ff 4f       	sbci	r31, 0xFF	; 255
    2128:	60 81       	ld	r22, Z
    212a:	71 81       	ldd	r23, Z+1	; 0x01
    212c:	82 81       	ldd	r24, Z+2	; 0x02
    212e:	93 81       	ldd	r25, Z+3	; 0x03
    2130:	20 e0       	ldi	r18, 0x00	; 0
    2132:	30 e0       	ldi	r19, 0x00	; 0
    2134:	4a ef       	ldi	r20, 0xFA	; 250
    2136:	54 e4       	ldi	r21, 0x44	; 68
    2138:	0e 94 1f 02 	call	0x43e	; 0x43e <__mulsf3>
    213c:	dc 01       	movw	r26, r24
    213e:	cb 01       	movw	r24, r22
    2140:	f8 01       	movw	r30, r16
    2142:	80 83       	st	Z, r24
    2144:	91 83       	std	Z+1, r25	; 0x01
    2146:	a2 83       	std	Z+2, r26	; 0x02
    2148:	b3 83       	std	Z+3, r27	; 0x03
	if (__tmp < 1.0)
    214a:	fe 01       	movw	r30, r28
    214c:	e7 59       	subi	r30, 0x97	; 151
    214e:	ff 4f       	sbci	r31, 0xFF	; 255
    2150:	60 81       	ld	r22, Z
    2152:	71 81       	ldd	r23, Z+1	; 0x01
    2154:	82 81       	ldd	r24, Z+2	; 0x02
    2156:	93 81       	ldd	r25, Z+3	; 0x03
    2158:	20 e0       	ldi	r18, 0x00	; 0
    215a:	30 e0       	ldi	r19, 0x00	; 0
    215c:	40 e8       	ldi	r20, 0x80	; 128
    215e:	5f e3       	ldi	r21, 0x3F	; 63
    2160:	0e 94 79 03 	call	0x6f2	; 0x6f2 <__ltsf2>
    2164:	88 23       	and	r24, r24
    2166:	44 f4       	brge	.+16     	; 0x2178 <main+0x3e4>
		__ticks = 1;
    2168:	fe 01       	movw	r30, r28
    216a:	e9 59       	subi	r30, 0x99	; 153
    216c:	ff 4f       	sbci	r31, 0xFF	; 255
    216e:	81 e0       	ldi	r24, 0x01	; 1
    2170:	90 e0       	ldi	r25, 0x00	; 0
    2172:	91 83       	std	Z+1, r25	; 0x01
    2174:	80 83       	st	Z, r24
    2176:	64 c0       	rjmp	.+200    	; 0x2240 <main+0x4ac>
	else if (__tmp > 65535)
    2178:	fe 01       	movw	r30, r28
    217a:	e7 59       	subi	r30, 0x97	; 151
    217c:	ff 4f       	sbci	r31, 0xFF	; 255
    217e:	60 81       	ld	r22, Z
    2180:	71 81       	ldd	r23, Z+1	; 0x01
    2182:	82 81       	ldd	r24, Z+2	; 0x02
    2184:	93 81       	ldd	r25, Z+3	; 0x03
    2186:	20 e0       	ldi	r18, 0x00	; 0
    2188:	3f ef       	ldi	r19, 0xFF	; 255
    218a:	4f e7       	ldi	r20, 0x7F	; 127
    218c:	57 e4       	ldi	r21, 0x47	; 71
    218e:	0e 94 19 03 	call	0x632	; 0x632 <__gtsf2>
    2192:	18 16       	cp	r1, r24
    2194:	0c f0       	brlt	.+2      	; 0x2198 <main+0x404>
    2196:	43 c0       	rjmp	.+134    	; 0x221e <main+0x48a>
	{
		//	__ticks = requested delay in 1/10 ms
		__ticks = (uint16_t) (__ms * 10.0);
    2198:	fe 01       	movw	r30, r28
    219a:	e3 59       	subi	r30, 0x93	; 147
    219c:	ff 4f       	sbci	r31, 0xFF	; 255
    219e:	60 81       	ld	r22, Z
    21a0:	71 81       	ldd	r23, Z+1	; 0x01
    21a2:	82 81       	ldd	r24, Z+2	; 0x02
    21a4:	93 81       	ldd	r25, Z+3	; 0x03
    21a6:	20 e0       	ldi	r18, 0x00	; 0
    21a8:	30 e0       	ldi	r19, 0x00	; 0
    21aa:	40 e2       	ldi	r20, 0x20	; 32
    21ac:	51 e4       	ldi	r21, 0x41	; 65
    21ae:	0e 94 1f 02 	call	0x43e	; 0x43e <__mulsf3>
    21b2:	dc 01       	movw	r26, r24
    21b4:	cb 01       	movw	r24, r22
    21b6:	8e 01       	movw	r16, r28
    21b8:	09 59       	subi	r16, 0x99	; 153
    21ba:	1f 4f       	sbci	r17, 0xFF	; 255
    21bc:	bc 01       	movw	r22, r24
    21be:	cd 01       	movw	r24, r26
    21c0:	0e 94 49 00 	call	0x92	; 0x92 <__fixunssfsi>
    21c4:	dc 01       	movw	r26, r24
    21c6:	cb 01       	movw	r24, r22
    21c8:	f8 01       	movw	r30, r16
    21ca:	91 83       	std	Z+1, r25	; 0x01
    21cc:	80 83       	st	Z, r24
    21ce:	1f c0       	rjmp	.+62     	; 0x220e <main+0x47a>
    21d0:	fe 01       	movw	r30, r28
    21d2:	eb 59       	subi	r30, 0x9B	; 155
    21d4:	ff 4f       	sbci	r31, 0xFF	; 255
    21d6:	88 ec       	ldi	r24, 0xC8	; 200
    21d8:	90 e0       	ldi	r25, 0x00	; 0
    21da:	91 83       	std	Z+1, r25	; 0x01
    21dc:	80 83       	st	Z, r24
    21de:	fe 01       	movw	r30, r28
    21e0:	eb 59       	subi	r30, 0x9B	; 155
    21e2:	ff 4f       	sbci	r31, 0xFF	; 255
    21e4:	80 81       	ld	r24, Z
    21e6:	91 81       	ldd	r25, Z+1	; 0x01
    21e8:	01 97       	sbiw	r24, 0x01	; 1
    21ea:	f1 f7       	brne	.-4      	; 0x21e8 <main+0x454>
    21ec:	fe 01       	movw	r30, r28
    21ee:	eb 59       	subi	r30, 0x9B	; 155
    21f0:	ff 4f       	sbci	r31, 0xFF	; 255
    21f2:	91 83       	std	Z+1, r25	; 0x01
    21f4:	80 83       	st	Z, r24
		while(__ticks)
		{
			// wait 1/10 ms
			_delay_loop_2(((F_CPU) / 4e3) / 10);
			__ticks --;
    21f6:	de 01       	movw	r26, r28
    21f8:	a9 59       	subi	r26, 0x99	; 153
    21fa:	bf 4f       	sbci	r27, 0xFF	; 255
    21fc:	fe 01       	movw	r30, r28
    21fe:	e9 59       	subi	r30, 0x99	; 153
    2200:	ff 4f       	sbci	r31, 0xFF	; 255
    2202:	80 81       	ld	r24, Z
    2204:	91 81       	ldd	r25, Z+1	; 0x01
    2206:	01 97       	sbiw	r24, 0x01	; 1
    2208:	11 96       	adiw	r26, 0x01	; 1
    220a:	9c 93       	st	X, r25
    220c:	8e 93       	st	-X, r24
		__ticks = 1;
	else if (__tmp > 65535)
	{
		//	__ticks = requested delay in 1/10 ms
		__ticks = (uint16_t) (__ms * 10.0);
		while(__ticks)
    220e:	fe 01       	movw	r30, r28
    2210:	e9 59       	subi	r30, 0x99	; 153
    2212:	ff 4f       	sbci	r31, 0xFF	; 255
    2214:	80 81       	ld	r24, Z
    2216:	91 81       	ldd	r25, Z+1	; 0x01
    2218:	00 97       	sbiw	r24, 0x00	; 0
    221a:	d1 f6       	brne	.-76     	; 0x21d0 <main+0x43c>
    221c:	27 c0       	rjmp	.+78     	; 0x226c <main+0x4d8>
			__ticks --;
		}
		return;
	}
	else
		__ticks = (uint16_t)__tmp;
    221e:	8e 01       	movw	r16, r28
    2220:	09 59       	subi	r16, 0x99	; 153
    2222:	1f 4f       	sbci	r17, 0xFF	; 255
    2224:	fe 01       	movw	r30, r28
    2226:	e7 59       	subi	r30, 0x97	; 151
    2228:	ff 4f       	sbci	r31, 0xFF	; 255
    222a:	60 81       	ld	r22, Z
    222c:	71 81       	ldd	r23, Z+1	; 0x01
    222e:	82 81       	ldd	r24, Z+2	; 0x02
    2230:	93 81       	ldd	r25, Z+3	; 0x03
    2232:	0e 94 49 00 	call	0x92	; 0x92 <__fixunssfsi>
    2236:	dc 01       	movw	r26, r24
    2238:	cb 01       	movw	r24, r22
    223a:	f8 01       	movw	r30, r16
    223c:	91 83       	std	Z+1, r25	; 0x01
    223e:	80 83       	st	Z, r24
    2240:	de 01       	movw	r26, r28
    2242:	ad 59       	subi	r26, 0x9D	; 157
    2244:	bf 4f       	sbci	r27, 0xFF	; 255
    2246:	fe 01       	movw	r30, r28
    2248:	e9 59       	subi	r30, 0x99	; 153
    224a:	ff 4f       	sbci	r31, 0xFF	; 255
    224c:	80 81       	ld	r24, Z
    224e:	91 81       	ldd	r25, Z+1	; 0x01
    2250:	8d 93       	st	X+, r24
    2252:	9c 93       	st	X, r25
    2254:	fe 01       	movw	r30, r28
    2256:	ed 59       	subi	r30, 0x9D	; 157
    2258:	ff 4f       	sbci	r31, 0xFF	; 255
    225a:	80 81       	ld	r24, Z
    225c:	91 81       	ldd	r25, Z+1	; 0x01
    225e:	01 97       	sbiw	r24, 0x01	; 1
    2260:	f1 f7       	brne	.-4      	; 0x225e <main+0x4ca>
    2262:	fe 01       	movw	r30, r28
    2264:	ed 59       	subi	r30, 0x9D	; 157
    2266:	ff 4f       	sbci	r31, 0xFF	; 255
    2268:	91 83       	std	Z+1, r25	; 0x01
    226a:	80 83       	st	Z, r24
		_delay_ms(100);
		Password[1]=48+keybad();
    226c:	0e 94 af 0d 	call	0x1b5e	; 0x1b5e <keybad>
    2270:	80 5d       	subi	r24, 0xD0	; 208
    2272:	fe 01       	movw	r30, r28
    2274:	e2 57       	subi	r30, 0x72	; 114
    2276:	ff 4f       	sbci	r31, 0xFF	; 255
    2278:	81 83       	std	Z+1, r24	; 0x01
    227a:	fe 01       	movw	r30, r28
    227c:	e1 5a       	subi	r30, 0xA1	; 161
    227e:	ff 4f       	sbci	r31, 0xFF	; 255
    2280:	80 e0       	ldi	r24, 0x00	; 0
    2282:	90 e0       	ldi	r25, 0x00	; 0
    2284:	a8 ec       	ldi	r26, 0xC8	; 200
    2286:	b2 e4       	ldi	r27, 0x42	; 66
    2288:	80 83       	st	Z, r24
    228a:	91 83       	std	Z+1, r25	; 0x01
    228c:	a2 83       	std	Z+2, r26	; 0x02
    228e:	b3 83       	std	Z+3, r27	; 0x03
 */
void
_delay_ms(double __ms)
{
	uint16_t __ticks;
	double __tmp = ((F_CPU) / 4e3) * __ms;
    2290:	8e 01       	movw	r16, r28
    2292:	05 5a       	subi	r16, 0xA5	; 165
    2294:	1f 4f       	sbci	r17, 0xFF	; 255
    2296:	fe 01       	movw	r30, r28
    2298:	e1 5a       	subi	r30, 0xA1	; 161
    229a:	ff 4f       	sbci	r31, 0xFF	; 255
    229c:	60 81       	ld	r22, Z
    229e:	71 81       	ldd	r23, Z+1	; 0x01
    22a0:	82 81       	ldd	r24, Z+2	; 0x02
    22a2:	93 81       	ldd	r25, Z+3	; 0x03
    22a4:	20 e0       	ldi	r18, 0x00	; 0
    22a6:	30 e0       	ldi	r19, 0x00	; 0
    22a8:	4a ef       	ldi	r20, 0xFA	; 250
    22aa:	54 e4       	ldi	r21, 0x44	; 68
    22ac:	0e 94 1f 02 	call	0x43e	; 0x43e <__mulsf3>
    22b0:	dc 01       	movw	r26, r24
    22b2:	cb 01       	movw	r24, r22
    22b4:	f8 01       	movw	r30, r16
    22b6:	80 83       	st	Z, r24
    22b8:	91 83       	std	Z+1, r25	; 0x01
    22ba:	a2 83       	std	Z+2, r26	; 0x02
    22bc:	b3 83       	std	Z+3, r27	; 0x03
	if (__tmp < 1.0)
    22be:	fe 01       	movw	r30, r28
    22c0:	e5 5a       	subi	r30, 0xA5	; 165
    22c2:	ff 4f       	sbci	r31, 0xFF	; 255
    22c4:	60 81       	ld	r22, Z
    22c6:	71 81       	ldd	r23, Z+1	; 0x01
    22c8:	82 81       	ldd	r24, Z+2	; 0x02
    22ca:	93 81       	ldd	r25, Z+3	; 0x03
    22cc:	20 e0       	ldi	r18, 0x00	; 0
    22ce:	30 e0       	ldi	r19, 0x00	; 0
    22d0:	40 e8       	ldi	r20, 0x80	; 128
    22d2:	5f e3       	ldi	r21, 0x3F	; 63
    22d4:	0e 94 79 03 	call	0x6f2	; 0x6f2 <__ltsf2>
    22d8:	88 23       	and	r24, r24
    22da:	44 f4       	brge	.+16     	; 0x22ec <main+0x558>
		__ticks = 1;
    22dc:	fe 01       	movw	r30, r28
    22de:	e7 5a       	subi	r30, 0xA7	; 167
    22e0:	ff 4f       	sbci	r31, 0xFF	; 255
    22e2:	81 e0       	ldi	r24, 0x01	; 1
    22e4:	90 e0       	ldi	r25, 0x00	; 0
    22e6:	91 83       	std	Z+1, r25	; 0x01
    22e8:	80 83       	st	Z, r24
    22ea:	64 c0       	rjmp	.+200    	; 0x23b4 <main+0x620>
	else if (__tmp > 65535)
    22ec:	fe 01       	movw	r30, r28
    22ee:	e5 5a       	subi	r30, 0xA5	; 165
    22f0:	ff 4f       	sbci	r31, 0xFF	; 255
    22f2:	60 81       	ld	r22, Z
    22f4:	71 81       	ldd	r23, Z+1	; 0x01
    22f6:	82 81       	ldd	r24, Z+2	; 0x02
    22f8:	93 81       	ldd	r25, Z+3	; 0x03
    22fa:	20 e0       	ldi	r18, 0x00	; 0
    22fc:	3f ef       	ldi	r19, 0xFF	; 255
    22fe:	4f e7       	ldi	r20, 0x7F	; 127
    2300:	57 e4       	ldi	r21, 0x47	; 71
    2302:	0e 94 19 03 	call	0x632	; 0x632 <__gtsf2>
    2306:	18 16       	cp	r1, r24
    2308:	0c f0       	brlt	.+2      	; 0x230c <main+0x578>
    230a:	43 c0       	rjmp	.+134    	; 0x2392 <main+0x5fe>
	{
		//	__ticks = requested delay in 1/10 ms
		__ticks = (uint16_t) (__ms * 10.0);
    230c:	fe 01       	movw	r30, r28
    230e:	e1 5a       	subi	r30, 0xA1	; 161
    2310:	ff 4f       	sbci	r31, 0xFF	; 255
    2312:	60 81       	ld	r22, Z
    2314:	71 81       	ldd	r23, Z+1	; 0x01
    2316:	82 81       	ldd	r24, Z+2	; 0x02
    2318:	93 81       	ldd	r25, Z+3	; 0x03
    231a:	20 e0       	ldi	r18, 0x00	; 0
    231c:	30 e0       	ldi	r19, 0x00	; 0
    231e:	40 e2       	ldi	r20, 0x20	; 32
    2320:	51 e4       	ldi	r21, 0x41	; 65
    2322:	0e 94 1f 02 	call	0x43e	; 0x43e <__mulsf3>
    2326:	dc 01       	movw	r26, r24
    2328:	cb 01       	movw	r24, r22
    232a:	8e 01       	movw	r16, r28
    232c:	07 5a       	subi	r16, 0xA7	; 167
    232e:	1f 4f       	sbci	r17, 0xFF	; 255
    2330:	bc 01       	movw	r22, r24
    2332:	cd 01       	movw	r24, r26
    2334:	0e 94 49 00 	call	0x92	; 0x92 <__fixunssfsi>
    2338:	dc 01       	movw	r26, r24
    233a:	cb 01       	movw	r24, r22
    233c:	f8 01       	movw	r30, r16
    233e:	91 83       	std	Z+1, r25	; 0x01
    2340:	80 83       	st	Z, r24
    2342:	1f c0       	rjmp	.+62     	; 0x2382 <main+0x5ee>
    2344:	fe 01       	movw	r30, r28
    2346:	e9 5a       	subi	r30, 0xA9	; 169
    2348:	ff 4f       	sbci	r31, 0xFF	; 255
    234a:	88 ec       	ldi	r24, 0xC8	; 200
    234c:	90 e0       	ldi	r25, 0x00	; 0
    234e:	91 83       	std	Z+1, r25	; 0x01
    2350:	80 83       	st	Z, r24
    2352:	fe 01       	movw	r30, r28
    2354:	e9 5a       	subi	r30, 0xA9	; 169
    2356:	ff 4f       	sbci	r31, 0xFF	; 255
    2358:	80 81       	ld	r24, Z
    235a:	91 81       	ldd	r25, Z+1	; 0x01
    235c:	01 97       	sbiw	r24, 0x01	; 1
    235e:	f1 f7       	brne	.-4      	; 0x235c <main+0x5c8>
    2360:	fe 01       	movw	r30, r28
    2362:	e9 5a       	subi	r30, 0xA9	; 169
    2364:	ff 4f       	sbci	r31, 0xFF	; 255
    2366:	91 83       	std	Z+1, r25	; 0x01
    2368:	80 83       	st	Z, r24
		while(__ticks)
		{
			// wait 1/10 ms
			_delay_loop_2(((F_CPU) / 4e3) / 10);
			__ticks --;
    236a:	de 01       	movw	r26, r28
    236c:	a7 5a       	subi	r26, 0xA7	; 167
    236e:	bf 4f       	sbci	r27, 0xFF	; 255
    2370:	fe 01       	movw	r30, r28
    2372:	e7 5a       	subi	r30, 0xA7	; 167
    2374:	ff 4f       	sbci	r31, 0xFF	; 255
    2376:	80 81       	ld	r24, Z
    2378:	91 81       	ldd	r25, Z+1	; 0x01
    237a:	01 97       	sbiw	r24, 0x01	; 1
    237c:	11 96       	adiw	r26, 0x01	; 1
    237e:	9c 93       	st	X, r25
    2380:	8e 93       	st	-X, r24
		__ticks = 1;
	else if (__tmp > 65535)
	{
		//	__ticks = requested delay in 1/10 ms
		__ticks = (uint16_t) (__ms * 10.0);
		while(__ticks)
    2382:	fe 01       	movw	r30, r28
    2384:	e7 5a       	subi	r30, 0xA7	; 167
    2386:	ff 4f       	sbci	r31, 0xFF	; 255
    2388:	80 81       	ld	r24, Z
    238a:	91 81       	ldd	r25, Z+1	; 0x01
    238c:	00 97       	sbiw	r24, 0x00	; 0
    238e:	d1 f6       	brne	.-76     	; 0x2344 <main+0x5b0>
    2390:	27 c0       	rjmp	.+78     	; 0x23e0 <main+0x64c>
			__ticks --;
		}
		return;
	}
	else
		__ticks = (uint16_t)__tmp;
    2392:	8e 01       	movw	r16, r28
    2394:	07 5a       	subi	r16, 0xA7	; 167
    2396:	1f 4f       	sbci	r17, 0xFF	; 255
    2398:	fe 01       	movw	r30, r28
    239a:	e5 5a       	subi	r30, 0xA5	; 165
    239c:	ff 4f       	sbci	r31, 0xFF	; 255
    239e:	60 81       	ld	r22, Z
    23a0:	71 81       	ldd	r23, Z+1	; 0x01
    23a2:	82 81       	ldd	r24, Z+2	; 0x02
    23a4:	93 81       	ldd	r25, Z+3	; 0x03
    23a6:	0e 94 49 00 	call	0x92	; 0x92 <__fixunssfsi>
    23aa:	dc 01       	movw	r26, r24
    23ac:	cb 01       	movw	r24, r22
    23ae:	f8 01       	movw	r30, r16
    23b0:	91 83       	std	Z+1, r25	; 0x01
    23b2:	80 83       	st	Z, r24
    23b4:	de 01       	movw	r26, r28
    23b6:	ab 5a       	subi	r26, 0xAB	; 171
    23b8:	bf 4f       	sbci	r27, 0xFF	; 255
    23ba:	fe 01       	movw	r30, r28
    23bc:	e7 5a       	subi	r30, 0xA7	; 167
    23be:	ff 4f       	sbci	r31, 0xFF	; 255
    23c0:	80 81       	ld	r24, Z
    23c2:	91 81       	ldd	r25, Z+1	; 0x01
    23c4:	8d 93       	st	X+, r24
    23c6:	9c 93       	st	X, r25
    23c8:	fe 01       	movw	r30, r28
    23ca:	eb 5a       	subi	r30, 0xAB	; 171
    23cc:	ff 4f       	sbci	r31, 0xFF	; 255
    23ce:	80 81       	ld	r24, Z
    23d0:	91 81       	ldd	r25, Z+1	; 0x01
    23d2:	01 97       	sbiw	r24, 0x01	; 1
    23d4:	f1 f7       	brne	.-4      	; 0x23d2 <main+0x63e>
    23d6:	fe 01       	movw	r30, r28
    23d8:	eb 5a       	subi	r30, 0xAB	; 171
    23da:	ff 4f       	sbci	r31, 0xFF	; 255
    23dc:	91 83       	std	Z+1, r25	; 0x01
    23de:	80 83       	st	Z, r24
		_delay_ms(100);
		LCD_WriteData(Password[1]);
    23e0:	fe 01       	movw	r30, r28
    23e2:	e2 57       	subi	r30, 0x72	; 114
    23e4:	ff 4f       	sbci	r31, 0xFF	; 255
    23e6:	81 81       	ldd	r24, Z+1	; 0x01
    23e8:	0e 94 06 0c 	call	0x180c	; 0x180c <LCD_WriteData>
    23ec:	fe 01       	movw	r30, r28
    23ee:	ef 5a       	subi	r30, 0xAF	; 175
    23f0:	ff 4f       	sbci	r31, 0xFF	; 255
    23f2:	80 e0       	ldi	r24, 0x00	; 0
    23f4:	90 e0       	ldi	r25, 0x00	; 0
    23f6:	a8 ec       	ldi	r26, 0xC8	; 200
    23f8:	b2 e4       	ldi	r27, 0x42	; 66
    23fa:	80 83       	st	Z, r24
    23fc:	91 83       	std	Z+1, r25	; 0x01
    23fe:	a2 83       	std	Z+2, r26	; 0x02
    2400:	b3 83       	std	Z+3, r27	; 0x03
 */
void
_delay_ms(double __ms)
{
	uint16_t __ticks;
	double __tmp = ((F_CPU) / 4e3) * __ms;
    2402:	8e 01       	movw	r16, r28
    2404:	03 5b       	subi	r16, 0xB3	; 179
    2406:	1f 4f       	sbci	r17, 0xFF	; 255
    2408:	fe 01       	movw	r30, r28
    240a:	ef 5a       	subi	r30, 0xAF	; 175
    240c:	ff 4f       	sbci	r31, 0xFF	; 255
    240e:	60 81       	ld	r22, Z
    2410:	71 81       	ldd	r23, Z+1	; 0x01
    2412:	82 81       	ldd	r24, Z+2	; 0x02
    2414:	93 81       	ldd	r25, Z+3	; 0x03
    2416:	20 e0       	ldi	r18, 0x00	; 0
    2418:	30 e0       	ldi	r19, 0x00	; 0
    241a:	4a ef       	ldi	r20, 0xFA	; 250
    241c:	54 e4       	ldi	r21, 0x44	; 68
    241e:	0e 94 1f 02 	call	0x43e	; 0x43e <__mulsf3>
    2422:	dc 01       	movw	r26, r24
    2424:	cb 01       	movw	r24, r22
    2426:	f8 01       	movw	r30, r16
    2428:	80 83       	st	Z, r24
    242a:	91 83       	std	Z+1, r25	; 0x01
    242c:	a2 83       	std	Z+2, r26	; 0x02
    242e:	b3 83       	std	Z+3, r27	; 0x03
	if (__tmp < 1.0)
    2430:	fe 01       	movw	r30, r28
    2432:	e3 5b       	subi	r30, 0xB3	; 179
    2434:	ff 4f       	sbci	r31, 0xFF	; 255
    2436:	60 81       	ld	r22, Z
    2438:	71 81       	ldd	r23, Z+1	; 0x01
    243a:	82 81       	ldd	r24, Z+2	; 0x02
    243c:	93 81       	ldd	r25, Z+3	; 0x03
    243e:	20 e0       	ldi	r18, 0x00	; 0
    2440:	30 e0       	ldi	r19, 0x00	; 0
    2442:	40 e8       	ldi	r20, 0x80	; 128
    2444:	5f e3       	ldi	r21, 0x3F	; 63
    2446:	0e 94 79 03 	call	0x6f2	; 0x6f2 <__ltsf2>
    244a:	88 23       	and	r24, r24
    244c:	44 f4       	brge	.+16     	; 0x245e <main+0x6ca>
		__ticks = 1;
    244e:	fe 01       	movw	r30, r28
    2450:	e5 5b       	subi	r30, 0xB5	; 181
    2452:	ff 4f       	sbci	r31, 0xFF	; 255
    2454:	81 e0       	ldi	r24, 0x01	; 1
    2456:	90 e0       	ldi	r25, 0x00	; 0
    2458:	91 83       	std	Z+1, r25	; 0x01
    245a:	80 83       	st	Z, r24
    245c:	64 c0       	rjmp	.+200    	; 0x2526 <main+0x792>
	else if (__tmp > 65535)
    245e:	fe 01       	movw	r30, r28
    2460:	e3 5b       	subi	r30, 0xB3	; 179
    2462:	ff 4f       	sbci	r31, 0xFF	; 255
    2464:	60 81       	ld	r22, Z
    2466:	71 81       	ldd	r23, Z+1	; 0x01
    2468:	82 81       	ldd	r24, Z+2	; 0x02
    246a:	93 81       	ldd	r25, Z+3	; 0x03
    246c:	20 e0       	ldi	r18, 0x00	; 0
    246e:	3f ef       	ldi	r19, 0xFF	; 255
    2470:	4f e7       	ldi	r20, 0x7F	; 127
    2472:	57 e4       	ldi	r21, 0x47	; 71
    2474:	0e 94 19 03 	call	0x632	; 0x632 <__gtsf2>
    2478:	18 16       	cp	r1, r24
    247a:	0c f0       	brlt	.+2      	; 0x247e <main+0x6ea>
    247c:	43 c0       	rjmp	.+134    	; 0x2504 <main+0x770>
	{
		//	__ticks = requested delay in 1/10 ms
		__ticks = (uint16_t) (__ms * 10.0);
    247e:	fe 01       	movw	r30, r28
    2480:	ef 5a       	subi	r30, 0xAF	; 175
    2482:	ff 4f       	sbci	r31, 0xFF	; 255
    2484:	60 81       	ld	r22, Z
    2486:	71 81       	ldd	r23, Z+1	; 0x01
    2488:	82 81       	ldd	r24, Z+2	; 0x02
    248a:	93 81       	ldd	r25, Z+3	; 0x03
    248c:	20 e0       	ldi	r18, 0x00	; 0
    248e:	30 e0       	ldi	r19, 0x00	; 0
    2490:	40 e2       	ldi	r20, 0x20	; 32
    2492:	51 e4       	ldi	r21, 0x41	; 65
    2494:	0e 94 1f 02 	call	0x43e	; 0x43e <__mulsf3>
    2498:	dc 01       	movw	r26, r24
    249a:	cb 01       	movw	r24, r22
    249c:	8e 01       	movw	r16, r28
    249e:	05 5b       	subi	r16, 0xB5	; 181
    24a0:	1f 4f       	sbci	r17, 0xFF	; 255
    24a2:	bc 01       	movw	r22, r24
    24a4:	cd 01       	movw	r24, r26
    24a6:	0e 94 49 00 	call	0x92	; 0x92 <__fixunssfsi>
    24aa:	dc 01       	movw	r26, r24
    24ac:	cb 01       	movw	r24, r22
    24ae:	f8 01       	movw	r30, r16
    24b0:	91 83       	std	Z+1, r25	; 0x01
    24b2:	80 83       	st	Z, r24
    24b4:	1f c0       	rjmp	.+62     	; 0x24f4 <main+0x760>
    24b6:	fe 01       	movw	r30, r28
    24b8:	e7 5b       	subi	r30, 0xB7	; 183
    24ba:	ff 4f       	sbci	r31, 0xFF	; 255
    24bc:	88 ec       	ldi	r24, 0xC8	; 200
    24be:	90 e0       	ldi	r25, 0x00	; 0
    24c0:	91 83       	std	Z+1, r25	; 0x01
    24c2:	80 83       	st	Z, r24
    24c4:	fe 01       	movw	r30, r28
    24c6:	e7 5b       	subi	r30, 0xB7	; 183
    24c8:	ff 4f       	sbci	r31, 0xFF	; 255
    24ca:	80 81       	ld	r24, Z
    24cc:	91 81       	ldd	r25, Z+1	; 0x01
    24ce:	01 97       	sbiw	r24, 0x01	; 1
    24d0:	f1 f7       	brne	.-4      	; 0x24ce <main+0x73a>
    24d2:	fe 01       	movw	r30, r28
    24d4:	e7 5b       	subi	r30, 0xB7	; 183
    24d6:	ff 4f       	sbci	r31, 0xFF	; 255
    24d8:	91 83       	std	Z+1, r25	; 0x01
    24da:	80 83       	st	Z, r24
		while(__ticks)
		{
			// wait 1/10 ms
			_delay_loop_2(((F_CPU) / 4e3) / 10);
			__ticks --;
    24dc:	de 01       	movw	r26, r28
    24de:	a5 5b       	subi	r26, 0xB5	; 181
    24e0:	bf 4f       	sbci	r27, 0xFF	; 255
    24e2:	fe 01       	movw	r30, r28
    24e4:	e5 5b       	subi	r30, 0xB5	; 181
    24e6:	ff 4f       	sbci	r31, 0xFF	; 255
    24e8:	80 81       	ld	r24, Z
    24ea:	91 81       	ldd	r25, Z+1	; 0x01
    24ec:	01 97       	sbiw	r24, 0x01	; 1
    24ee:	11 96       	adiw	r26, 0x01	; 1
    24f0:	9c 93       	st	X, r25
    24f2:	8e 93       	st	-X, r24
		__ticks = 1;
	else if (__tmp > 65535)
	{
		//	__ticks = requested delay in 1/10 ms
		__ticks = (uint16_t) (__ms * 10.0);
		while(__ticks)
    24f4:	fe 01       	movw	r30, r28
    24f6:	e5 5b       	subi	r30, 0xB5	; 181
    24f8:	ff 4f       	sbci	r31, 0xFF	; 255
    24fa:	80 81       	ld	r24, Z
    24fc:	91 81       	ldd	r25, Z+1	; 0x01
    24fe:	00 97       	sbiw	r24, 0x00	; 0
    2500:	d1 f6       	brne	.-76     	; 0x24b6 <main+0x722>
    2502:	27 c0       	rjmp	.+78     	; 0x2552 <main+0x7be>
			__ticks --;
		}
		return;
	}
	else
		__ticks = (uint16_t)__tmp;
    2504:	8e 01       	movw	r16, r28
    2506:	05 5b       	subi	r16, 0xB5	; 181
    2508:	1f 4f       	sbci	r17, 0xFF	; 255
    250a:	fe 01       	movw	r30, r28
    250c:	e3 5b       	subi	r30, 0xB3	; 179
    250e:	ff 4f       	sbci	r31, 0xFF	; 255
    2510:	60 81       	ld	r22, Z
    2512:	71 81       	ldd	r23, Z+1	; 0x01
    2514:	82 81       	ldd	r24, Z+2	; 0x02
    2516:	93 81       	ldd	r25, Z+3	; 0x03
    2518:	0e 94 49 00 	call	0x92	; 0x92 <__fixunssfsi>
    251c:	dc 01       	movw	r26, r24
    251e:	cb 01       	movw	r24, r22
    2520:	f8 01       	movw	r30, r16
    2522:	91 83       	std	Z+1, r25	; 0x01
    2524:	80 83       	st	Z, r24
    2526:	de 01       	movw	r26, r28
    2528:	a9 5b       	subi	r26, 0xB9	; 185
    252a:	bf 4f       	sbci	r27, 0xFF	; 255
    252c:	fe 01       	movw	r30, r28
    252e:	e5 5b       	subi	r30, 0xB5	; 181
    2530:	ff 4f       	sbci	r31, 0xFF	; 255
    2532:	80 81       	ld	r24, Z
    2534:	91 81       	ldd	r25, Z+1	; 0x01
    2536:	8d 93       	st	X+, r24
    2538:	9c 93       	st	X, r25
    253a:	fe 01       	movw	r30, r28
    253c:	e9 5b       	subi	r30, 0xB9	; 185
    253e:	ff 4f       	sbci	r31, 0xFF	; 255
    2540:	80 81       	ld	r24, Z
    2542:	91 81       	ldd	r25, Z+1	; 0x01
    2544:	01 97       	sbiw	r24, 0x01	; 1
    2546:	f1 f7       	brne	.-4      	; 0x2544 <main+0x7b0>
    2548:	fe 01       	movw	r30, r28
    254a:	e9 5b       	subi	r30, 0xB9	; 185
    254c:	ff 4f       	sbci	r31, 0xFF	; 255
    254e:	91 83       	std	Z+1, r25	; 0x01
    2550:	80 83       	st	Z, r24
		_delay_ms(100);
		Password[2]=48+keybad();
    2552:	0e 94 af 0d 	call	0x1b5e	; 0x1b5e <keybad>
    2556:	80 5d       	subi	r24, 0xD0	; 208
    2558:	fe 01       	movw	r30, r28
    255a:	e2 57       	subi	r30, 0x72	; 114
    255c:	ff 4f       	sbci	r31, 0xFF	; 255
    255e:	82 83       	std	Z+2, r24	; 0x02
    2560:	fe 01       	movw	r30, r28
    2562:	ed 5b       	subi	r30, 0xBD	; 189
    2564:	ff 4f       	sbci	r31, 0xFF	; 255
    2566:	80 e0       	ldi	r24, 0x00	; 0
    2568:	90 e0       	ldi	r25, 0x00	; 0
    256a:	a8 ec       	ldi	r26, 0xC8	; 200
    256c:	b2 e4       	ldi	r27, 0x42	; 66
    256e:	80 83       	st	Z, r24
    2570:	91 83       	std	Z+1, r25	; 0x01
    2572:	a2 83       	std	Z+2, r26	; 0x02
    2574:	b3 83       	std	Z+3, r27	; 0x03
 */
void
_delay_ms(double __ms)
{
	uint16_t __ticks;
	double __tmp = ((F_CPU) / 4e3) * __ms;
    2576:	8e 01       	movw	r16, r28
    2578:	01 5c       	subi	r16, 0xC1	; 193
    257a:	1f 4f       	sbci	r17, 0xFF	; 255
    257c:	fe 01       	movw	r30, r28
    257e:	ed 5b       	subi	r30, 0xBD	; 189
    2580:	ff 4f       	sbci	r31, 0xFF	; 255
    2582:	60 81       	ld	r22, Z
    2584:	71 81       	ldd	r23, Z+1	; 0x01
    2586:	82 81       	ldd	r24, Z+2	; 0x02
    2588:	93 81       	ldd	r25, Z+3	; 0x03
    258a:	20 e0       	ldi	r18, 0x00	; 0
    258c:	30 e0       	ldi	r19, 0x00	; 0
    258e:	4a ef       	ldi	r20, 0xFA	; 250
    2590:	54 e4       	ldi	r21, 0x44	; 68
    2592:	0e 94 1f 02 	call	0x43e	; 0x43e <__mulsf3>
    2596:	dc 01       	movw	r26, r24
    2598:	cb 01       	movw	r24, r22
    259a:	f8 01       	movw	r30, r16
    259c:	80 83       	st	Z, r24
    259e:	91 83       	std	Z+1, r25	; 0x01
    25a0:	a2 83       	std	Z+2, r26	; 0x02
    25a2:	b3 83       	std	Z+3, r27	; 0x03
	if (__tmp < 1.0)
    25a4:	fe 01       	movw	r30, r28
    25a6:	ff 96       	adiw	r30, 0x3f	; 63
    25a8:	60 81       	ld	r22, Z
    25aa:	71 81       	ldd	r23, Z+1	; 0x01
    25ac:	82 81       	ldd	r24, Z+2	; 0x02
    25ae:	93 81       	ldd	r25, Z+3	; 0x03
    25b0:	20 e0       	ldi	r18, 0x00	; 0
    25b2:	30 e0       	ldi	r19, 0x00	; 0
    25b4:	40 e8       	ldi	r20, 0x80	; 128
    25b6:	5f e3       	ldi	r21, 0x3F	; 63
    25b8:	0e 94 79 03 	call	0x6f2	; 0x6f2 <__ltsf2>
    25bc:	88 23       	and	r24, r24
    25be:	2c f4       	brge	.+10     	; 0x25ca <main+0x836>
		__ticks = 1;
    25c0:	81 e0       	ldi	r24, 0x01	; 1
    25c2:	90 e0       	ldi	r25, 0x00	; 0
    25c4:	9e af       	std	Y+62, r25	; 0x3e
    25c6:	8d af       	std	Y+61, r24	; 0x3d
    25c8:	46 c0       	rjmp	.+140    	; 0x2656 <main+0x8c2>
	else if (__tmp > 65535)
    25ca:	fe 01       	movw	r30, r28
    25cc:	ff 96       	adiw	r30, 0x3f	; 63
    25ce:	60 81       	ld	r22, Z
    25d0:	71 81       	ldd	r23, Z+1	; 0x01
    25d2:	82 81       	ldd	r24, Z+2	; 0x02
    25d4:	93 81       	ldd	r25, Z+3	; 0x03
    25d6:	20 e0       	ldi	r18, 0x00	; 0
    25d8:	3f ef       	ldi	r19, 0xFF	; 255
    25da:	4f e7       	ldi	r20, 0x7F	; 127
    25dc:	57 e4       	ldi	r21, 0x47	; 71
    25de:	0e 94 19 03 	call	0x632	; 0x632 <__gtsf2>
    25e2:	18 16       	cp	r1, r24
    25e4:	64 f5       	brge	.+88     	; 0x263e <main+0x8aa>
	{
		//	__ticks = requested delay in 1/10 ms
		__ticks = (uint16_t) (__ms * 10.0);
    25e6:	fe 01       	movw	r30, r28
    25e8:	ed 5b       	subi	r30, 0xBD	; 189
    25ea:	ff 4f       	sbci	r31, 0xFF	; 255
    25ec:	60 81       	ld	r22, Z
    25ee:	71 81       	ldd	r23, Z+1	; 0x01
    25f0:	82 81       	ldd	r24, Z+2	; 0x02
    25f2:	93 81       	ldd	r25, Z+3	; 0x03
    25f4:	20 e0       	ldi	r18, 0x00	; 0
    25f6:	30 e0       	ldi	r19, 0x00	; 0
    25f8:	40 e2       	ldi	r20, 0x20	; 32
    25fa:	51 e4       	ldi	r21, 0x41	; 65
    25fc:	0e 94 1f 02 	call	0x43e	; 0x43e <__mulsf3>
    2600:	dc 01       	movw	r26, r24
    2602:	cb 01       	movw	r24, r22
    2604:	bc 01       	movw	r22, r24
    2606:	cd 01       	movw	r24, r26
    2608:	0e 94 49 00 	call	0x92	; 0x92 <__fixunssfsi>
    260c:	dc 01       	movw	r26, r24
    260e:	cb 01       	movw	r24, r22
    2610:	9e af       	std	Y+62, r25	; 0x3e
    2612:	8d af       	std	Y+61, r24	; 0x3d
    2614:	0f c0       	rjmp	.+30     	; 0x2634 <main+0x8a0>
    2616:	88 ec       	ldi	r24, 0xC8	; 200
    2618:	90 e0       	ldi	r25, 0x00	; 0
    261a:	9c af       	std	Y+60, r25	; 0x3c
    261c:	8b af       	std	Y+59, r24	; 0x3b
    261e:	8b ad       	ldd	r24, Y+59	; 0x3b
    2620:	9c ad       	ldd	r25, Y+60	; 0x3c
    2622:	01 97       	sbiw	r24, 0x01	; 1
    2624:	f1 f7       	brne	.-4      	; 0x2622 <main+0x88e>
    2626:	9c af       	std	Y+60, r25	; 0x3c
    2628:	8b af       	std	Y+59, r24	; 0x3b
		while(__ticks)
		{
			// wait 1/10 ms
			_delay_loop_2(((F_CPU) / 4e3) / 10);
			__ticks --;
    262a:	8d ad       	ldd	r24, Y+61	; 0x3d
    262c:	9e ad       	ldd	r25, Y+62	; 0x3e
    262e:	01 97       	sbiw	r24, 0x01	; 1
    2630:	9e af       	std	Y+62, r25	; 0x3e
    2632:	8d af       	std	Y+61, r24	; 0x3d
		__ticks = 1;
	else if (__tmp > 65535)
	{
		//	__ticks = requested delay in 1/10 ms
		__ticks = (uint16_t) (__ms * 10.0);
		while(__ticks)
    2634:	8d ad       	ldd	r24, Y+61	; 0x3d
    2636:	9e ad       	ldd	r25, Y+62	; 0x3e
    2638:	00 97       	sbiw	r24, 0x00	; 0
    263a:	69 f7       	brne	.-38     	; 0x2616 <main+0x882>
    263c:	16 c0       	rjmp	.+44     	; 0x266a <main+0x8d6>
			__ticks --;
		}
		return;
	}
	else
		__ticks = (uint16_t)__tmp;
    263e:	fe 01       	movw	r30, r28
    2640:	ff 96       	adiw	r30, 0x3f	; 63
    2642:	60 81       	ld	r22, Z
    2644:	71 81       	ldd	r23, Z+1	; 0x01
    2646:	82 81       	ldd	r24, Z+2	; 0x02
    2648:	93 81       	ldd	r25, Z+3	; 0x03
    264a:	0e 94 49 00 	call	0x92	; 0x92 <__fixunssfsi>
    264e:	dc 01       	movw	r26, r24
    2650:	cb 01       	movw	r24, r22
    2652:	9e af       	std	Y+62, r25	; 0x3e
    2654:	8d af       	std	Y+61, r24	; 0x3d
    2656:	8d ad       	ldd	r24, Y+61	; 0x3d
    2658:	9e ad       	ldd	r25, Y+62	; 0x3e
    265a:	9a af       	std	Y+58, r25	; 0x3a
    265c:	89 af       	std	Y+57, r24	; 0x39
    265e:	89 ad       	ldd	r24, Y+57	; 0x39
    2660:	9a ad       	ldd	r25, Y+58	; 0x3a
    2662:	01 97       	sbiw	r24, 0x01	; 1
    2664:	f1 f7       	brne	.-4      	; 0x2662 <main+0x8ce>
    2666:	9a af       	std	Y+58, r25	; 0x3a
    2668:	89 af       	std	Y+57, r24	; 0x39
		_delay_ms(100);
		LCD_WriteData(Password[2]);
    266a:	fe 01       	movw	r30, r28
    266c:	e2 57       	subi	r30, 0x72	; 114
    266e:	ff 4f       	sbci	r31, 0xFF	; 255
    2670:	82 81       	ldd	r24, Z+2	; 0x02
    2672:	0e 94 06 0c 	call	0x180c	; 0x180c <LCD_WriteData>
    2676:	80 e0       	ldi	r24, 0x00	; 0
    2678:	90 e0       	ldi	r25, 0x00	; 0
    267a:	a8 ec       	ldi	r26, 0xC8	; 200
    267c:	b2 e4       	ldi	r27, 0x42	; 66
    267e:	8d ab       	std	Y+53, r24	; 0x35
    2680:	9e ab       	std	Y+54, r25	; 0x36
    2682:	af ab       	std	Y+55, r26	; 0x37
    2684:	b8 af       	std	Y+56, r27	; 0x38
 */
void
_delay_ms(double __ms)
{
	uint16_t __ticks;
	double __tmp = ((F_CPU) / 4e3) * __ms;
    2686:	6d a9       	ldd	r22, Y+53	; 0x35
    2688:	7e a9       	ldd	r23, Y+54	; 0x36
    268a:	8f a9       	ldd	r24, Y+55	; 0x37
    268c:	98 ad       	ldd	r25, Y+56	; 0x38
    268e:	20 e0       	ldi	r18, 0x00	; 0
    2690:	30 e0       	ldi	r19, 0x00	; 0
    2692:	4a ef       	ldi	r20, 0xFA	; 250
    2694:	54 e4       	ldi	r21, 0x44	; 68
    2696:	0e 94 1f 02 	call	0x43e	; 0x43e <__mulsf3>
    269a:	dc 01       	movw	r26, r24
    269c:	cb 01       	movw	r24, r22
    269e:	89 ab       	std	Y+49, r24	; 0x31
    26a0:	9a ab       	std	Y+50, r25	; 0x32
    26a2:	ab ab       	std	Y+51, r26	; 0x33
    26a4:	bc ab       	std	Y+52, r27	; 0x34
	if (__tmp < 1.0)
    26a6:	69 a9       	ldd	r22, Y+49	; 0x31
    26a8:	7a a9       	ldd	r23, Y+50	; 0x32
    26aa:	8b a9       	ldd	r24, Y+51	; 0x33
    26ac:	9c a9       	ldd	r25, Y+52	; 0x34
    26ae:	20 e0       	ldi	r18, 0x00	; 0
    26b0:	30 e0       	ldi	r19, 0x00	; 0
    26b2:	40 e8       	ldi	r20, 0x80	; 128
    26b4:	5f e3       	ldi	r21, 0x3F	; 63
    26b6:	0e 94 79 03 	call	0x6f2	; 0x6f2 <__ltsf2>
    26ba:	88 23       	and	r24, r24
    26bc:	2c f4       	brge	.+10     	; 0x26c8 <main+0x934>
		__ticks = 1;
    26be:	81 e0       	ldi	r24, 0x01	; 1
    26c0:	90 e0       	ldi	r25, 0x00	; 0
    26c2:	98 ab       	std	Y+48, r25	; 0x30
    26c4:	8f a7       	std	Y+47, r24	; 0x2f
    26c6:	3f c0       	rjmp	.+126    	; 0x2746 <main+0x9b2>
	else if (__tmp > 65535)
    26c8:	69 a9       	ldd	r22, Y+49	; 0x31
    26ca:	7a a9       	ldd	r23, Y+50	; 0x32
    26cc:	8b a9       	ldd	r24, Y+51	; 0x33
    26ce:	9c a9       	ldd	r25, Y+52	; 0x34
    26d0:	20 e0       	ldi	r18, 0x00	; 0
    26d2:	3f ef       	ldi	r19, 0xFF	; 255
    26d4:	4f e7       	ldi	r20, 0x7F	; 127
    26d6:	57 e4       	ldi	r21, 0x47	; 71
    26d8:	0e 94 19 03 	call	0x632	; 0x632 <__gtsf2>
    26dc:	18 16       	cp	r1, r24
    26de:	4c f5       	brge	.+82     	; 0x2732 <main+0x99e>
	{
		//	__ticks = requested delay in 1/10 ms
		__ticks = (uint16_t) (__ms * 10.0);
    26e0:	6d a9       	ldd	r22, Y+53	; 0x35
    26e2:	7e a9       	ldd	r23, Y+54	; 0x36
    26e4:	8f a9       	ldd	r24, Y+55	; 0x37
    26e6:	98 ad       	ldd	r25, Y+56	; 0x38
    26e8:	20 e0       	ldi	r18, 0x00	; 0
    26ea:	30 e0       	ldi	r19, 0x00	; 0
    26ec:	40 e2       	ldi	r20, 0x20	; 32
    26ee:	51 e4       	ldi	r21, 0x41	; 65
    26f0:	0e 94 1f 02 	call	0x43e	; 0x43e <__mulsf3>
    26f4:	dc 01       	movw	r26, r24
    26f6:	cb 01       	movw	r24, r22
    26f8:	bc 01       	movw	r22, r24
    26fa:	cd 01       	movw	r24, r26
    26fc:	0e 94 49 00 	call	0x92	; 0x92 <__fixunssfsi>
    2700:	dc 01       	movw	r26, r24
    2702:	cb 01       	movw	r24, r22
    2704:	98 ab       	std	Y+48, r25	; 0x30
    2706:	8f a7       	std	Y+47, r24	; 0x2f
    2708:	0f c0       	rjmp	.+30     	; 0x2728 <main+0x994>
    270a:	88 ec       	ldi	r24, 0xC8	; 200
    270c:	90 e0       	ldi	r25, 0x00	; 0
    270e:	9e a7       	std	Y+46, r25	; 0x2e
    2710:	8d a7       	std	Y+45, r24	; 0x2d
    2712:	8d a5       	ldd	r24, Y+45	; 0x2d
    2714:	9e a5       	ldd	r25, Y+46	; 0x2e
    2716:	01 97       	sbiw	r24, 0x01	; 1
    2718:	f1 f7       	brne	.-4      	; 0x2716 <main+0x982>
    271a:	9e a7       	std	Y+46, r25	; 0x2e
    271c:	8d a7       	std	Y+45, r24	; 0x2d
		while(__ticks)
		{
			// wait 1/10 ms
			_delay_loop_2(((F_CPU) / 4e3) / 10);
			__ticks --;
    271e:	8f a5       	ldd	r24, Y+47	; 0x2f
    2720:	98 a9       	ldd	r25, Y+48	; 0x30
    2722:	01 97       	sbiw	r24, 0x01	; 1
    2724:	98 ab       	std	Y+48, r25	; 0x30
    2726:	8f a7       	std	Y+47, r24	; 0x2f
		__ticks = 1;
	else if (__tmp > 65535)
	{
		//	__ticks = requested delay in 1/10 ms
		__ticks = (uint16_t) (__ms * 10.0);
		while(__ticks)
    2728:	8f a5       	ldd	r24, Y+47	; 0x2f
    272a:	98 a9       	ldd	r25, Y+48	; 0x30
    272c:	00 97       	sbiw	r24, 0x00	; 0
    272e:	69 f7       	brne	.-38     	; 0x270a <main+0x976>
    2730:	14 c0       	rjmp	.+40     	; 0x275a <main+0x9c6>
			__ticks --;
		}
		return;
	}
	else
		__ticks = (uint16_t)__tmp;
    2732:	69 a9       	ldd	r22, Y+49	; 0x31
    2734:	7a a9       	ldd	r23, Y+50	; 0x32
    2736:	8b a9       	ldd	r24, Y+51	; 0x33
    2738:	9c a9       	ldd	r25, Y+52	; 0x34
    273a:	0e 94 49 00 	call	0x92	; 0x92 <__fixunssfsi>
    273e:	dc 01       	movw	r26, r24
    2740:	cb 01       	movw	r24, r22
    2742:	98 ab       	std	Y+48, r25	; 0x30
    2744:	8f a7       	std	Y+47, r24	; 0x2f
    2746:	8f a5       	ldd	r24, Y+47	; 0x2f
    2748:	98 a9       	ldd	r25, Y+48	; 0x30
    274a:	9c a7       	std	Y+44, r25	; 0x2c
    274c:	8b a7       	std	Y+43, r24	; 0x2b
    274e:	8b a5       	ldd	r24, Y+43	; 0x2b
    2750:	9c a5       	ldd	r25, Y+44	; 0x2c
    2752:	01 97       	sbiw	r24, 0x01	; 1
    2754:	f1 f7       	brne	.-4      	; 0x2752 <main+0x9be>
    2756:	9c a7       	std	Y+44, r25	; 0x2c
    2758:	8b a7       	std	Y+43, r24	; 0x2b
		_delay_ms(100);
		Password[3]=48+keybad();
    275a:	0e 94 af 0d 	call	0x1b5e	; 0x1b5e <keybad>
    275e:	80 5d       	subi	r24, 0xD0	; 208
    2760:	fe 01       	movw	r30, r28
    2762:	e2 57       	subi	r30, 0x72	; 114
    2764:	ff 4f       	sbci	r31, 0xFF	; 255
    2766:	83 83       	std	Z+3, r24	; 0x03
    2768:	80 e0       	ldi	r24, 0x00	; 0
    276a:	90 e0       	ldi	r25, 0x00	; 0
    276c:	a8 ec       	ldi	r26, 0xC8	; 200
    276e:	b2 e4       	ldi	r27, 0x42	; 66
    2770:	8f a3       	std	Y+39, r24	; 0x27
    2772:	98 a7       	std	Y+40, r25	; 0x28
    2774:	a9 a7       	std	Y+41, r26	; 0x29
    2776:	ba a7       	std	Y+42, r27	; 0x2a
 */
void
_delay_ms(double __ms)
{
	uint16_t __ticks;
	double __tmp = ((F_CPU) / 4e3) * __ms;
    2778:	6f a1       	ldd	r22, Y+39	; 0x27
    277a:	78 a5       	ldd	r23, Y+40	; 0x28
    277c:	89 a5       	ldd	r24, Y+41	; 0x29
    277e:	9a a5       	ldd	r25, Y+42	; 0x2a
    2780:	20 e0       	ldi	r18, 0x00	; 0
    2782:	30 e0       	ldi	r19, 0x00	; 0
    2784:	4a ef       	ldi	r20, 0xFA	; 250
    2786:	54 e4       	ldi	r21, 0x44	; 68
    2788:	0e 94 1f 02 	call	0x43e	; 0x43e <__mulsf3>
    278c:	dc 01       	movw	r26, r24
    278e:	cb 01       	movw	r24, r22
    2790:	8b a3       	std	Y+35, r24	; 0x23
    2792:	9c a3       	std	Y+36, r25	; 0x24
    2794:	ad a3       	std	Y+37, r26	; 0x25
    2796:	be a3       	std	Y+38, r27	; 0x26
	if (__tmp < 1.0)
    2798:	6b a1       	ldd	r22, Y+35	; 0x23
    279a:	7c a1       	ldd	r23, Y+36	; 0x24
    279c:	8d a1       	ldd	r24, Y+37	; 0x25
    279e:	9e a1       	ldd	r25, Y+38	; 0x26
    27a0:	20 e0       	ldi	r18, 0x00	; 0
    27a2:	30 e0       	ldi	r19, 0x00	; 0
    27a4:	40 e8       	ldi	r20, 0x80	; 128
    27a6:	5f e3       	ldi	r21, 0x3F	; 63
    27a8:	0e 94 79 03 	call	0x6f2	; 0x6f2 <__ltsf2>
    27ac:	88 23       	and	r24, r24
    27ae:	2c f4       	brge	.+10     	; 0x27ba <main+0xa26>
		__ticks = 1;
    27b0:	81 e0       	ldi	r24, 0x01	; 1
    27b2:	90 e0       	ldi	r25, 0x00	; 0
    27b4:	9a a3       	std	Y+34, r25	; 0x22
    27b6:	89 a3       	std	Y+33, r24	; 0x21
    27b8:	3f c0       	rjmp	.+126    	; 0x2838 <main+0xaa4>
	else if (__tmp > 65535)
    27ba:	6b a1       	ldd	r22, Y+35	; 0x23
    27bc:	7c a1       	ldd	r23, Y+36	; 0x24
    27be:	8d a1       	ldd	r24, Y+37	; 0x25
    27c0:	9e a1       	ldd	r25, Y+38	; 0x26
    27c2:	20 e0       	ldi	r18, 0x00	; 0
    27c4:	3f ef       	ldi	r19, 0xFF	; 255
    27c6:	4f e7       	ldi	r20, 0x7F	; 127
    27c8:	57 e4       	ldi	r21, 0x47	; 71
    27ca:	0e 94 19 03 	call	0x632	; 0x632 <__gtsf2>
    27ce:	18 16       	cp	r1, r24
    27d0:	4c f5       	brge	.+82     	; 0x2824 <main+0xa90>
	{
		//	__ticks = requested delay in 1/10 ms
		__ticks = (uint16_t) (__ms * 10.0);
    27d2:	6f a1       	ldd	r22, Y+39	; 0x27
    27d4:	78 a5       	ldd	r23, Y+40	; 0x28
    27d6:	89 a5       	ldd	r24, Y+41	; 0x29
    27d8:	9a a5       	ldd	r25, Y+42	; 0x2a
    27da:	20 e0       	ldi	r18, 0x00	; 0
    27dc:	30 e0       	ldi	r19, 0x00	; 0
    27de:	40 e2       	ldi	r20, 0x20	; 32
    27e0:	51 e4       	ldi	r21, 0x41	; 65
    27e2:	0e 94 1f 02 	call	0x43e	; 0x43e <__mulsf3>
    27e6:	dc 01       	movw	r26, r24
    27e8:	cb 01       	movw	r24, r22
    27ea:	bc 01       	movw	r22, r24
    27ec:	cd 01       	movw	r24, r26
    27ee:	0e 94 49 00 	call	0x92	; 0x92 <__fixunssfsi>
    27f2:	dc 01       	movw	r26, r24
    27f4:	cb 01       	movw	r24, r22
    27f6:	9a a3       	std	Y+34, r25	; 0x22
    27f8:	89 a3       	std	Y+33, r24	; 0x21
    27fa:	0f c0       	rjmp	.+30     	; 0x281a <main+0xa86>
    27fc:	88 ec       	ldi	r24, 0xC8	; 200
    27fe:	90 e0       	ldi	r25, 0x00	; 0
    2800:	98 a3       	std	Y+32, r25	; 0x20
    2802:	8f 8f       	std	Y+31, r24	; 0x1f
    2804:	8f 8d       	ldd	r24, Y+31	; 0x1f
    2806:	98 a1       	ldd	r25, Y+32	; 0x20
    2808:	01 97       	sbiw	r24, 0x01	; 1
    280a:	f1 f7       	brne	.-4      	; 0x2808 <main+0xa74>
    280c:	98 a3       	std	Y+32, r25	; 0x20
    280e:	8f 8f       	std	Y+31, r24	; 0x1f
		while(__ticks)
		{
			// wait 1/10 ms
			_delay_loop_2(((F_CPU) / 4e3) / 10);
			__ticks --;
    2810:	89 a1       	ldd	r24, Y+33	; 0x21
    2812:	9a a1       	ldd	r25, Y+34	; 0x22
    2814:	01 97       	sbiw	r24, 0x01	; 1
    2816:	9a a3       	std	Y+34, r25	; 0x22
    2818:	89 a3       	std	Y+33, r24	; 0x21
		__ticks = 1;
	else if (__tmp > 65535)
	{
		//	__ticks = requested delay in 1/10 ms
		__ticks = (uint16_t) (__ms * 10.0);
		while(__ticks)
    281a:	89 a1       	ldd	r24, Y+33	; 0x21
    281c:	9a a1       	ldd	r25, Y+34	; 0x22
    281e:	00 97       	sbiw	r24, 0x00	; 0
    2820:	69 f7       	brne	.-38     	; 0x27fc <main+0xa68>
    2822:	14 c0       	rjmp	.+40     	; 0x284c <main+0xab8>
			__ticks --;
		}
		return;
	}
	else
		__ticks = (uint16_t)__tmp;
    2824:	6b a1       	ldd	r22, Y+35	; 0x23
    2826:	7c a1       	ldd	r23, Y+36	; 0x24
    2828:	8d a1       	ldd	r24, Y+37	; 0x25
    282a:	9e a1       	ldd	r25, Y+38	; 0x26
    282c:	0e 94 49 00 	call	0x92	; 0x92 <__fixunssfsi>
    2830:	dc 01       	movw	r26, r24
    2832:	cb 01       	movw	r24, r22
    2834:	9a a3       	std	Y+34, r25	; 0x22
    2836:	89 a3       	std	Y+33, r24	; 0x21
    2838:	89 a1       	ldd	r24, Y+33	; 0x21
    283a:	9a a1       	ldd	r25, Y+34	; 0x22
    283c:	9e 8f       	std	Y+30, r25	; 0x1e
    283e:	8d 8f       	std	Y+29, r24	; 0x1d
    2840:	8d 8d       	ldd	r24, Y+29	; 0x1d
    2842:	9e 8d       	ldd	r25, Y+30	; 0x1e
    2844:	01 97       	sbiw	r24, 0x01	; 1
    2846:	f1 f7       	brne	.-4      	; 0x2844 <main+0xab0>
    2848:	9e 8f       	std	Y+30, r25	; 0x1e
    284a:	8d 8f       	std	Y+29, r24	; 0x1d
		_delay_ms(100);
		LCD_WriteData(Password[3]);
    284c:	fe 01       	movw	r30, r28
    284e:	e2 57       	subi	r30, 0x72	; 114
    2850:	ff 4f       	sbci	r31, 0xFF	; 255
    2852:	83 81       	ldd	r24, Z+3	; 0x03
    2854:	0e 94 06 0c 	call	0x180c	; 0x180c <LCD_WriteData>
    2858:	80 e0       	ldi	r24, 0x00	; 0
    285a:	90 e0       	ldi	r25, 0x00	; 0
    285c:	a8 ec       	ldi	r26, 0xC8	; 200
    285e:	b2 e4       	ldi	r27, 0x42	; 66
    2860:	89 8f       	std	Y+25, r24	; 0x19
    2862:	9a 8f       	std	Y+26, r25	; 0x1a
    2864:	ab 8f       	std	Y+27, r26	; 0x1b
    2866:	bc 8f       	std	Y+28, r27	; 0x1c
 */
void
_delay_ms(double __ms)
{
	uint16_t __ticks;
	double __tmp = ((F_CPU) / 4e3) * __ms;
    2868:	69 8d       	ldd	r22, Y+25	; 0x19
    286a:	7a 8d       	ldd	r23, Y+26	; 0x1a
    286c:	8b 8d       	ldd	r24, Y+27	; 0x1b
    286e:	9c 8d       	ldd	r25, Y+28	; 0x1c
    2870:	20 e0       	ldi	r18, 0x00	; 0
    2872:	30 e0       	ldi	r19, 0x00	; 0
    2874:	4a ef       	ldi	r20, 0xFA	; 250
    2876:	54 e4       	ldi	r21, 0x44	; 68
    2878:	0e 94 1f 02 	call	0x43e	; 0x43e <__mulsf3>
    287c:	dc 01       	movw	r26, r24
    287e:	cb 01       	movw	r24, r22
    2880:	8d 8b       	std	Y+21, r24	; 0x15
    2882:	9e 8b       	std	Y+22, r25	; 0x16
    2884:	af 8b       	std	Y+23, r26	; 0x17
    2886:	b8 8f       	std	Y+24, r27	; 0x18
	if (__tmp < 1.0)
    2888:	6d 89       	ldd	r22, Y+21	; 0x15
    288a:	7e 89       	ldd	r23, Y+22	; 0x16
    288c:	8f 89       	ldd	r24, Y+23	; 0x17
    288e:	98 8d       	ldd	r25, Y+24	; 0x18
    2890:	20 e0       	ldi	r18, 0x00	; 0
    2892:	30 e0       	ldi	r19, 0x00	; 0
    2894:	40 e8       	ldi	r20, 0x80	; 128
    2896:	5f e3       	ldi	r21, 0x3F	; 63
    2898:	0e 94 79 03 	call	0x6f2	; 0x6f2 <__ltsf2>
    289c:	88 23       	and	r24, r24
    289e:	2c f4       	brge	.+10     	; 0x28aa <main+0xb16>
		__ticks = 1;
    28a0:	81 e0       	ldi	r24, 0x01	; 1
    28a2:	90 e0       	ldi	r25, 0x00	; 0
    28a4:	9c 8b       	std	Y+20, r25	; 0x14
    28a6:	8b 8b       	std	Y+19, r24	; 0x13
    28a8:	3f c0       	rjmp	.+126    	; 0x2928 <main+0xb94>
	else if (__tmp > 65535)
    28aa:	6d 89       	ldd	r22, Y+21	; 0x15
    28ac:	7e 89       	ldd	r23, Y+22	; 0x16
    28ae:	8f 89       	ldd	r24, Y+23	; 0x17
    28b0:	98 8d       	ldd	r25, Y+24	; 0x18
    28b2:	20 e0       	ldi	r18, 0x00	; 0
    28b4:	3f ef       	ldi	r19, 0xFF	; 255
    28b6:	4f e7       	ldi	r20, 0x7F	; 127
    28b8:	57 e4       	ldi	r21, 0x47	; 71
    28ba:	0e 94 19 03 	call	0x632	; 0x632 <__gtsf2>
    28be:	18 16       	cp	r1, r24
    28c0:	4c f5       	brge	.+82     	; 0x2914 <main+0xb80>
	{
		//	__ticks = requested delay in 1/10 ms
		__ticks = (uint16_t) (__ms * 10.0);
    28c2:	69 8d       	ldd	r22, Y+25	; 0x19
    28c4:	7a 8d       	ldd	r23, Y+26	; 0x1a
    28c6:	8b 8d       	ldd	r24, Y+27	; 0x1b
    28c8:	9c 8d       	ldd	r25, Y+28	; 0x1c
    28ca:	20 e0       	ldi	r18, 0x00	; 0
    28cc:	30 e0       	ldi	r19, 0x00	; 0
    28ce:	40 e2       	ldi	r20, 0x20	; 32
    28d0:	51 e4       	ldi	r21, 0x41	; 65
    28d2:	0e 94 1f 02 	call	0x43e	; 0x43e <__mulsf3>
    28d6:	dc 01       	movw	r26, r24
    28d8:	cb 01       	movw	r24, r22
    28da:	bc 01       	movw	r22, r24
    28dc:	cd 01       	movw	r24, r26
    28de:	0e 94 49 00 	call	0x92	; 0x92 <__fixunssfsi>
    28e2:	dc 01       	movw	r26, r24
    28e4:	cb 01       	movw	r24, r22
    28e6:	9c 8b       	std	Y+20, r25	; 0x14
    28e8:	8b 8b       	std	Y+19, r24	; 0x13
    28ea:	0f c0       	rjmp	.+30     	; 0x290a <main+0xb76>
    28ec:	88 ec       	ldi	r24, 0xC8	; 200
    28ee:	90 e0       	ldi	r25, 0x00	; 0
    28f0:	9a 8b       	std	Y+18, r25	; 0x12
    28f2:	89 8b       	std	Y+17, r24	; 0x11
    28f4:	89 89       	ldd	r24, Y+17	; 0x11
    28f6:	9a 89       	ldd	r25, Y+18	; 0x12
    28f8:	01 97       	sbiw	r24, 0x01	; 1
    28fa:	f1 f7       	brne	.-4      	; 0x28f8 <main+0xb64>
    28fc:	9a 8b       	std	Y+18, r25	; 0x12
    28fe:	89 8b       	std	Y+17, r24	; 0x11
		while(__ticks)
		{
			// wait 1/10 ms
			_delay_loop_2(((F_CPU) / 4e3) / 10);
			__ticks --;
    2900:	8b 89       	ldd	r24, Y+19	; 0x13
    2902:	9c 89       	ldd	r25, Y+20	; 0x14
    2904:	01 97       	sbiw	r24, 0x01	; 1
    2906:	9c 8b       	std	Y+20, r25	; 0x14
    2908:	8b 8b       	std	Y+19, r24	; 0x13
		__ticks = 1;
	else if (__tmp > 65535)
	{
		//	__ticks = requested delay in 1/10 ms
		__ticks = (uint16_t) (__ms * 10.0);
		while(__ticks)
    290a:	8b 89       	ldd	r24, Y+19	; 0x13
    290c:	9c 89       	ldd	r25, Y+20	; 0x14
    290e:	00 97       	sbiw	r24, 0x00	; 0
    2910:	69 f7       	brne	.-38     	; 0x28ec <main+0xb58>
    2912:	14 c0       	rjmp	.+40     	; 0x293c <main+0xba8>
			__ticks --;
		}
		return;
	}
	else
		__ticks = (uint16_t)__tmp;
    2914:	6d 89       	ldd	r22, Y+21	; 0x15
    2916:	7e 89       	ldd	r23, Y+22	; 0x16
    2918:	8f 89       	ldd	r24, Y+23	; 0x17
    291a:	98 8d       	ldd	r25, Y+24	; 0x18
    291c:	0e 94 49 00 	call	0x92	; 0x92 <__fixunssfsi>
    2920:	dc 01       	movw	r26, r24
    2922:	cb 01       	movw	r24, r22
    2924:	9c 8b       	std	Y+20, r25	; 0x14
    2926:	8b 8b       	std	Y+19, r24	; 0x13
    2928:	8b 89       	ldd	r24, Y+19	; 0x13
    292a:	9c 89       	ldd	r25, Y+20	; 0x14
    292c:	98 8b       	std	Y+16, r25	; 0x10
    292e:	8f 87       	std	Y+15, r24	; 0x0f
    2930:	8f 85       	ldd	r24, Y+15	; 0x0f
    2932:	98 89       	ldd	r25, Y+16	; 0x10
    2934:	01 97       	sbiw	r24, 0x01	; 1
    2936:	f1 f7       	brne	.-4      	; 0x2934 <main+0xba0>
    2938:	98 8b       	std	Y+16, r25	; 0x10
    293a:	8f 87       	std	Y+15, r24	; 0x0f
		_delay_ms(100);
		/*	Read the saved password from EEPROM	*/
		Password_saved[0]=EEPROM_Read_Data(0x0f);
    293c:	8f e0       	ldi	r24, 0x0F	; 15
    293e:	0e 94 c5 05 	call	0xb8a	; 0xb8a <EEPROM_Read_Data>
    2942:	fe 01       	movw	r30, r28
    2944:	ee 56       	subi	r30, 0x6E	; 110
    2946:	ff 4f       	sbci	r31, 0xFF	; 255
    2948:	80 83       	st	Z, r24
		Password_saved[1]=EEPROM_Read_Data(0x1f);
    294a:	8f e1       	ldi	r24, 0x1F	; 31
    294c:	0e 94 c5 05 	call	0xb8a	; 0xb8a <EEPROM_Read_Data>
    2950:	fe 01       	movw	r30, r28
    2952:	ee 56       	subi	r30, 0x6E	; 110
    2954:	ff 4f       	sbci	r31, 0xFF	; 255
    2956:	81 83       	std	Z+1, r24	; 0x01
		Password_saved[2]=EEPROM_Read_Data(0x2f);
    2958:	8f e2       	ldi	r24, 0x2F	; 47
    295a:	0e 94 c5 05 	call	0xb8a	; 0xb8a <EEPROM_Read_Data>
    295e:	fe 01       	movw	r30, r28
    2960:	ee 56       	subi	r30, 0x6E	; 110
    2962:	ff 4f       	sbci	r31, 0xFF	; 255
    2964:	82 83       	std	Z+2, r24	; 0x02
		Password_saved[3]=EEPROM_Read_Data(0x3f);
    2966:	8f e3       	ldi	r24, 0x3F	; 63
    2968:	0e 94 c5 05 	call	0xb8a	; 0xb8a <EEPROM_Read_Data>
    296c:	fe 01       	movw	r30, r28
    296e:	ee 56       	subi	r30, 0x6E	; 110
    2970:	ff 4f       	sbci	r31, 0xFF	; 255
    2972:	83 83       	std	Z+3, r24	; 0x03

		/*	Check if password is correct or not	*/
		if(Password[0]==Password_saved[0] && Password[1]==Password_saved[1] && Password[2]==Password_saved[2] && Password[3]==Password_saved[3])
    2974:	fe 01       	movw	r30, r28
    2976:	e2 57       	subi	r30, 0x72	; 114
    2978:	ff 4f       	sbci	r31, 0xFF	; 255
    297a:	90 81       	ld	r25, Z
    297c:	fe 01       	movw	r30, r28
    297e:	ee 56       	subi	r30, 0x6E	; 110
    2980:	ff 4f       	sbci	r31, 0xFF	; 255
    2982:	80 81       	ld	r24, Z
    2984:	98 17       	cp	r25, r24
    2986:	09 f0       	breq	.+2      	; 0x298a <main+0xbf6>
    2988:	a8 c0       	rjmp	.+336    	; 0x2ada <main+0xd46>
    298a:	fe 01       	movw	r30, r28
    298c:	e2 57       	subi	r30, 0x72	; 114
    298e:	ff 4f       	sbci	r31, 0xFF	; 255
    2990:	91 81       	ldd	r25, Z+1	; 0x01
    2992:	fe 01       	movw	r30, r28
    2994:	ee 56       	subi	r30, 0x6E	; 110
    2996:	ff 4f       	sbci	r31, 0xFF	; 255
    2998:	81 81       	ldd	r24, Z+1	; 0x01
    299a:	98 17       	cp	r25, r24
    299c:	09 f0       	breq	.+2      	; 0x29a0 <main+0xc0c>
    299e:	9d c0       	rjmp	.+314    	; 0x2ada <main+0xd46>
    29a0:	fe 01       	movw	r30, r28
    29a2:	e2 57       	subi	r30, 0x72	; 114
    29a4:	ff 4f       	sbci	r31, 0xFF	; 255
    29a6:	92 81       	ldd	r25, Z+2	; 0x02
    29a8:	fe 01       	movw	r30, r28
    29aa:	ee 56       	subi	r30, 0x6E	; 110
    29ac:	ff 4f       	sbci	r31, 0xFF	; 255
    29ae:	82 81       	ldd	r24, Z+2	; 0x02
    29b0:	98 17       	cp	r25, r24
    29b2:	09 f0       	breq	.+2      	; 0x29b6 <main+0xc22>
    29b4:	92 c0       	rjmp	.+292    	; 0x2ada <main+0xd46>
    29b6:	fe 01       	movw	r30, r28
    29b8:	e2 57       	subi	r30, 0x72	; 114
    29ba:	ff 4f       	sbci	r31, 0xFF	; 255
    29bc:	93 81       	ldd	r25, Z+3	; 0x03
    29be:	fe 01       	movw	r30, r28
    29c0:	ee 56       	subi	r30, 0x6E	; 110
    29c2:	ff 4f       	sbci	r31, 0xFF	; 255
    29c4:	83 81       	ldd	r24, Z+3	; 0x03
    29c6:	98 17       	cp	r25, r24
    29c8:	09 f0       	breq	.+2      	; 0x29cc <main+0xc38>
    29ca:	87 c0       	rjmp	.+270    	; 0x2ada <main+0xd46>
		{
			count=0;
    29cc:	fe 01       	movw	r30, r28
    29ce:	e3 57       	subi	r30, 0x73	; 115
    29d0:	ff 4f       	sbci	r31, 0xFF	; 255
    29d2:	10 82       	st	Z, r1
			SETBIT(PORTD,7);
    29d4:	a2 e3       	ldi	r26, 0x32	; 50
    29d6:	b0 e0       	ldi	r27, 0x00	; 0
    29d8:	e2 e3       	ldi	r30, 0x32	; 50
    29da:	f0 e0       	ldi	r31, 0x00	; 0
    29dc:	80 81       	ld	r24, Z
    29de:	80 68       	ori	r24, 0x80	; 128
    29e0:	8c 93       	st	X, r24
    29e2:	80 e0       	ldi	r24, 0x00	; 0
    29e4:	90 e0       	ldi	r25, 0x00	; 0
    29e6:	aa ef       	ldi	r26, 0xFA	; 250
    29e8:	b3 e4       	ldi	r27, 0x43	; 67
    29ea:	8b 87       	std	Y+11, r24	; 0x0b
    29ec:	9c 87       	std	Y+12, r25	; 0x0c
    29ee:	ad 87       	std	Y+13, r26	; 0x0d
    29f0:	be 87       	std	Y+14, r27	; 0x0e
 */
void
_delay_ms(double __ms)
{
	uint16_t __ticks;
	double __tmp = ((F_CPU) / 4e3) * __ms;
    29f2:	6b 85       	ldd	r22, Y+11	; 0x0b
    29f4:	7c 85       	ldd	r23, Y+12	; 0x0c
    29f6:	8d 85       	ldd	r24, Y+13	; 0x0d
    29f8:	9e 85       	ldd	r25, Y+14	; 0x0e
    29fa:	20 e0       	ldi	r18, 0x00	; 0
    29fc:	30 e0       	ldi	r19, 0x00	; 0
    29fe:	4a ef       	ldi	r20, 0xFA	; 250
    2a00:	54 e4       	ldi	r21, 0x44	; 68
    2a02:	0e 94 1f 02 	call	0x43e	; 0x43e <__mulsf3>
    2a06:	dc 01       	movw	r26, r24
    2a08:	cb 01       	movw	r24, r22
    2a0a:	8f 83       	std	Y+7, r24	; 0x07
    2a0c:	98 87       	std	Y+8, r25	; 0x08
    2a0e:	a9 87       	std	Y+9, r26	; 0x09
    2a10:	ba 87       	std	Y+10, r27	; 0x0a
	if (__tmp < 1.0)
    2a12:	6f 81       	ldd	r22, Y+7	; 0x07
    2a14:	78 85       	ldd	r23, Y+8	; 0x08
    2a16:	89 85       	ldd	r24, Y+9	; 0x09
    2a18:	9a 85       	ldd	r25, Y+10	; 0x0a
    2a1a:	20 e0       	ldi	r18, 0x00	; 0
    2a1c:	30 e0       	ldi	r19, 0x00	; 0
    2a1e:	40 e8       	ldi	r20, 0x80	; 128
    2a20:	5f e3       	ldi	r21, 0x3F	; 63
    2a22:	0e 94 79 03 	call	0x6f2	; 0x6f2 <__ltsf2>
    2a26:	88 23       	and	r24, r24
    2a28:	2c f4       	brge	.+10     	; 0x2a34 <main+0xca0>
		__ticks = 1;
    2a2a:	81 e0       	ldi	r24, 0x01	; 1
    2a2c:	90 e0       	ldi	r25, 0x00	; 0
    2a2e:	9e 83       	std	Y+6, r25	; 0x06
    2a30:	8d 83       	std	Y+5, r24	; 0x05
    2a32:	3f c0       	rjmp	.+126    	; 0x2ab2 <main+0xd1e>
	else if (__tmp > 65535)
    2a34:	6f 81       	ldd	r22, Y+7	; 0x07
    2a36:	78 85       	ldd	r23, Y+8	; 0x08
    2a38:	89 85       	ldd	r24, Y+9	; 0x09
    2a3a:	9a 85       	ldd	r25, Y+10	; 0x0a
    2a3c:	20 e0       	ldi	r18, 0x00	; 0
    2a3e:	3f ef       	ldi	r19, 0xFF	; 255
    2a40:	4f e7       	ldi	r20, 0x7F	; 127
    2a42:	57 e4       	ldi	r21, 0x47	; 71
    2a44:	0e 94 19 03 	call	0x632	; 0x632 <__gtsf2>
    2a48:	18 16       	cp	r1, r24
    2a4a:	4c f5       	brge	.+82     	; 0x2a9e <main+0xd0a>
	{
		//	__ticks = requested delay in 1/10 ms
		__ticks = (uint16_t) (__ms * 10.0);
    2a4c:	6b 85       	ldd	r22, Y+11	; 0x0b
    2a4e:	7c 85       	ldd	r23, Y+12	; 0x0c
    2a50:	8d 85       	ldd	r24, Y+13	; 0x0d
    2a52:	9e 85       	ldd	r25, Y+14	; 0x0e
    2a54:	20 e0       	ldi	r18, 0x00	; 0
    2a56:	30 e0       	ldi	r19, 0x00	; 0
    2a58:	40 e2       	ldi	r20, 0x20	; 32
    2a5a:	51 e4       	ldi	r21, 0x41	; 65
    2a5c:	0e 94 1f 02 	call	0x43e	; 0x43e <__mulsf3>
    2a60:	dc 01       	movw	r26, r24
    2a62:	cb 01       	movw	r24, r22
    2a64:	bc 01       	movw	r22, r24
    2a66:	cd 01       	movw	r24, r26
    2a68:	0e 94 49 00 	call	0x92	; 0x92 <__fixunssfsi>
    2a6c:	dc 01       	movw	r26, r24
    2a6e:	cb 01       	movw	r24, r22
    2a70:	9e 83       	std	Y+6, r25	; 0x06
    2a72:	8d 83       	std	Y+5, r24	; 0x05
    2a74:	0f c0       	rjmp	.+30     	; 0x2a94 <main+0xd00>
    2a76:	88 ec       	ldi	r24, 0xC8	; 200
    2a78:	90 e0       	ldi	r25, 0x00	; 0
    2a7a:	9c 83       	std	Y+4, r25	; 0x04
    2a7c:	8b 83       	std	Y+3, r24	; 0x03
    2a7e:	8b 81       	ldd	r24, Y+3	; 0x03
    2a80:	9c 81       	ldd	r25, Y+4	; 0x04
    2a82:	01 97       	sbiw	r24, 0x01	; 1
    2a84:	f1 f7       	brne	.-4      	; 0x2a82 <main+0xcee>
    2a86:	9c 83       	std	Y+4, r25	; 0x04
    2a88:	8b 83       	std	Y+3, r24	; 0x03
		while(__ticks)
		{
			// wait 1/10 ms
			_delay_loop_2(((F_CPU) / 4e3) / 10);
			__ticks --;
    2a8a:	8d 81       	ldd	r24, Y+5	; 0x05
    2a8c:	9e 81       	ldd	r25, Y+6	; 0x06
    2a8e:	01 97       	sbiw	r24, 0x01	; 1
    2a90:	9e 83       	std	Y+6, r25	; 0x06
    2a92:	8d 83       	std	Y+5, r24	; 0x05
		__ticks = 1;
	else if (__tmp > 65535)
	{
		//	__ticks = requested delay in 1/10 ms
		__ticks = (uint16_t) (__ms * 10.0);
		while(__ticks)
    2a94:	8d 81       	ldd	r24, Y+5	; 0x05
    2a96:	9e 81       	ldd	r25, Y+6	; 0x06
    2a98:	00 97       	sbiw	r24, 0x00	; 0
    2a9a:	69 f7       	brne	.-38     	; 0x2a76 <main+0xce2>
    2a9c:	14 c0       	rjmp	.+40     	; 0x2ac6 <main+0xd32>
			__ticks --;
		}
		return;
	}
	else
		__ticks = (uint16_t)__tmp;
    2a9e:	6f 81       	ldd	r22, Y+7	; 0x07
    2aa0:	78 85       	ldd	r23, Y+8	; 0x08
    2aa2:	89 85       	ldd	r24, Y+9	; 0x09
    2aa4:	9a 85       	ldd	r25, Y+10	; 0x0a
    2aa6:	0e 94 49 00 	call	0x92	; 0x92 <__fixunssfsi>
    2aaa:	dc 01       	movw	r26, r24
    2aac:	cb 01       	movw	r24, r22
    2aae:	9e 83       	std	Y+6, r25	; 0x06
    2ab0:	8d 83       	std	Y+5, r24	; 0x05
    2ab2:	8d 81       	ldd	r24, Y+5	; 0x05
    2ab4:	9e 81       	ldd	r25, Y+6	; 0x06
    2ab6:	9a 83       	std	Y+2, r25	; 0x02
    2ab8:	89 83       	std	Y+1, r24	; 0x01
    2aba:	89 81       	ldd	r24, Y+1	; 0x01
    2abc:	9a 81       	ldd	r25, Y+2	; 0x02
    2abe:	01 97       	sbiw	r24, 0x01	; 1
    2ac0:	f1 f7       	brne	.-4      	; 0x2abe <main+0xd2a>
    2ac2:	9a 83       	std	Y+2, r25	; 0x02
    2ac4:	89 83       	std	Y+1, r24	; 0x01
			_delay_ms(500);
			CLRBIT(PORTD,7);
    2ac6:	a2 e3       	ldi	r26, 0x32	; 50
    2ac8:	b0 e0       	ldi	r27, 0x00	; 0
    2aca:	e2 e3       	ldi	r30, 0x32	; 50
    2acc:	f0 e0       	ldi	r31, 0x00	; 0
    2ace:	80 81       	ld	r24, Z
    2ad0:	8f 77       	andi	r24, 0x7F	; 127
    2ad2:	8c 93       	st	X, r24
			welcome_change_password ();
    2ad4:	0e 94 ae 20 	call	0x415c	; 0x415c <welcome_change_password>
    2ad8:	82 c9       	rjmp	.-3324   	; 0x1dde <main+0x4a>

		}
		else
		{
			count++;
    2ada:	de 01       	movw	r26, r28
    2adc:	a3 57       	subi	r26, 0x73	; 115
    2ade:	bf 4f       	sbci	r27, 0xFF	; 255
    2ae0:	fe 01       	movw	r30, r28
    2ae2:	e3 57       	subi	r30, 0x73	; 115
    2ae4:	ff 4f       	sbci	r31, 0xFF	; 255
    2ae6:	80 81       	ld	r24, Z
    2ae8:	8f 5f       	subi	r24, 0xFF	; 255
    2aea:	8c 93       	st	X, r24
			if(count<3)
    2aec:	fe 01       	movw	r30, r28
    2aee:	e3 57       	subi	r30, 0x73	; 115
    2af0:	ff 4f       	sbci	r31, 0xFF	; 255
    2af2:	80 81       	ld	r24, Z
    2af4:	83 30       	cpi	r24, 0x03	; 3
    2af6:	18 f4       	brcc	.+6      	; 0x2afe <main+0xd6a>
			{
				wrong_tryagain();
    2af8:	0e 94 5d 1f 	call	0x3eba	; 0x3eba <wrong_tryagain>
    2afc:	70 c9       	rjmp	.-3360   	; 0x1dde <main+0x4a>
			}
			else
			{
				not_allowed();
    2afe:	0e 94 9c 21 	call	0x4338	; 0x4338 <not_allowed>
    2b02:	6d c9       	rjmp	.-3366   	; 0x1dde <main+0x4a>

00002b04 <password_default>:
#include"EEPROM_Driver.h"
#include"keypad.h"
#include"password.h"
#include "GSM_Sender.h"

void password_default(void) {
    2b04:	df 93       	push	r29
    2b06:	cf 93       	push	r28
    2b08:	cd b7       	in	r28, 0x3d	; 61
    2b0a:	de b7       	in	r29, 0x3e	; 62
    2b0c:	e8 97       	sbiw	r28, 0x38	; 56
    2b0e:	0f b6       	in	r0, 0x3f	; 63
    2b10:	f8 94       	cli
    2b12:	de bf       	out	0x3e, r29	; 62
    2b14:	0f be       	out	0x3f, r0	; 63
    2b16:	cd bf       	out	0x3d, r28	; 61
	/*	Write default password in EEPROM 1234	*/
	EEPROM_Write_Data(0x0f, 49);
    2b18:	8f e0       	ldi	r24, 0x0F	; 15
    2b1a:	61 e3       	ldi	r22, 0x31	; 49
    2b1c:	0e 94 ac 05 	call	0xb58	; 0xb58 <EEPROM_Write_Data>
    2b20:	80 e0       	ldi	r24, 0x00	; 0
    2b22:	90 e0       	ldi	r25, 0x00	; 0
    2b24:	a8 e4       	ldi	r26, 0x48	; 72
    2b26:	b2 e4       	ldi	r27, 0x42	; 66
    2b28:	8d ab       	std	Y+53, r24	; 0x35
    2b2a:	9e ab       	std	Y+54, r25	; 0x36
    2b2c:	af ab       	std	Y+55, r26	; 0x37
    2b2e:	b8 af       	std	Y+56, r27	; 0x38
 */
void
_delay_ms(double __ms)
{
	uint16_t __ticks;
	double __tmp = ((F_CPU) / 4e3) * __ms;
    2b30:	6d a9       	ldd	r22, Y+53	; 0x35
    2b32:	7e a9       	ldd	r23, Y+54	; 0x36
    2b34:	8f a9       	ldd	r24, Y+55	; 0x37
    2b36:	98 ad       	ldd	r25, Y+56	; 0x38
    2b38:	20 e0       	ldi	r18, 0x00	; 0
    2b3a:	30 e0       	ldi	r19, 0x00	; 0
    2b3c:	4a ef       	ldi	r20, 0xFA	; 250
    2b3e:	54 e4       	ldi	r21, 0x44	; 68
    2b40:	0e 94 1f 02 	call	0x43e	; 0x43e <__mulsf3>
    2b44:	dc 01       	movw	r26, r24
    2b46:	cb 01       	movw	r24, r22
    2b48:	89 ab       	std	Y+49, r24	; 0x31
    2b4a:	9a ab       	std	Y+50, r25	; 0x32
    2b4c:	ab ab       	std	Y+51, r26	; 0x33
    2b4e:	bc ab       	std	Y+52, r27	; 0x34
	if (__tmp < 1.0)
    2b50:	69 a9       	ldd	r22, Y+49	; 0x31
    2b52:	7a a9       	ldd	r23, Y+50	; 0x32
    2b54:	8b a9       	ldd	r24, Y+51	; 0x33
    2b56:	9c a9       	ldd	r25, Y+52	; 0x34
    2b58:	20 e0       	ldi	r18, 0x00	; 0
    2b5a:	30 e0       	ldi	r19, 0x00	; 0
    2b5c:	40 e8       	ldi	r20, 0x80	; 128
    2b5e:	5f e3       	ldi	r21, 0x3F	; 63
    2b60:	0e 94 79 03 	call	0x6f2	; 0x6f2 <__ltsf2>
    2b64:	88 23       	and	r24, r24
    2b66:	2c f4       	brge	.+10     	; 0x2b72 <password_default+0x6e>
		__ticks = 1;
    2b68:	81 e0       	ldi	r24, 0x01	; 1
    2b6a:	90 e0       	ldi	r25, 0x00	; 0
    2b6c:	98 ab       	std	Y+48, r25	; 0x30
    2b6e:	8f a7       	std	Y+47, r24	; 0x2f
    2b70:	3f c0       	rjmp	.+126    	; 0x2bf0 <password_default+0xec>
	else if (__tmp > 65535)
    2b72:	69 a9       	ldd	r22, Y+49	; 0x31
    2b74:	7a a9       	ldd	r23, Y+50	; 0x32
    2b76:	8b a9       	ldd	r24, Y+51	; 0x33
    2b78:	9c a9       	ldd	r25, Y+52	; 0x34
    2b7a:	20 e0       	ldi	r18, 0x00	; 0
    2b7c:	3f ef       	ldi	r19, 0xFF	; 255
    2b7e:	4f e7       	ldi	r20, 0x7F	; 127
    2b80:	57 e4       	ldi	r21, 0x47	; 71
    2b82:	0e 94 19 03 	call	0x632	; 0x632 <__gtsf2>
    2b86:	18 16       	cp	r1, r24
    2b88:	4c f5       	brge	.+82     	; 0x2bdc <password_default+0xd8>
	{
		//	__ticks = requested delay in 1/10 ms
		__ticks = (uint16_t) (__ms * 10.0);
    2b8a:	6d a9       	ldd	r22, Y+53	; 0x35
    2b8c:	7e a9       	ldd	r23, Y+54	; 0x36
    2b8e:	8f a9       	ldd	r24, Y+55	; 0x37
    2b90:	98 ad       	ldd	r25, Y+56	; 0x38
    2b92:	20 e0       	ldi	r18, 0x00	; 0
    2b94:	30 e0       	ldi	r19, 0x00	; 0
    2b96:	40 e2       	ldi	r20, 0x20	; 32
    2b98:	51 e4       	ldi	r21, 0x41	; 65
    2b9a:	0e 94 1f 02 	call	0x43e	; 0x43e <__mulsf3>
    2b9e:	dc 01       	movw	r26, r24
    2ba0:	cb 01       	movw	r24, r22
    2ba2:	bc 01       	movw	r22, r24
    2ba4:	cd 01       	movw	r24, r26
    2ba6:	0e 94 49 00 	call	0x92	; 0x92 <__fixunssfsi>
    2baa:	dc 01       	movw	r26, r24
    2bac:	cb 01       	movw	r24, r22
    2bae:	98 ab       	std	Y+48, r25	; 0x30
    2bb0:	8f a7       	std	Y+47, r24	; 0x2f
    2bb2:	0f c0       	rjmp	.+30     	; 0x2bd2 <password_default+0xce>
    2bb4:	88 ec       	ldi	r24, 0xC8	; 200
    2bb6:	90 e0       	ldi	r25, 0x00	; 0
    2bb8:	9e a7       	std	Y+46, r25	; 0x2e
    2bba:	8d a7       	std	Y+45, r24	; 0x2d
    2bbc:	8d a5       	ldd	r24, Y+45	; 0x2d
    2bbe:	9e a5       	ldd	r25, Y+46	; 0x2e
    2bc0:	01 97       	sbiw	r24, 0x01	; 1
    2bc2:	f1 f7       	brne	.-4      	; 0x2bc0 <password_default+0xbc>
    2bc4:	9e a7       	std	Y+46, r25	; 0x2e
    2bc6:	8d a7       	std	Y+45, r24	; 0x2d
		while(__ticks)
		{
			// wait 1/10 ms
			_delay_loop_2(((F_CPU) / 4e3) / 10);
			__ticks --;
    2bc8:	8f a5       	ldd	r24, Y+47	; 0x2f
    2bca:	98 a9       	ldd	r25, Y+48	; 0x30
    2bcc:	01 97       	sbiw	r24, 0x01	; 1
    2bce:	98 ab       	std	Y+48, r25	; 0x30
    2bd0:	8f a7       	std	Y+47, r24	; 0x2f
		__ticks = 1;
	else if (__tmp > 65535)
	{
		//	__ticks = requested delay in 1/10 ms
		__ticks = (uint16_t) (__ms * 10.0);
		while(__ticks)
    2bd2:	8f a5       	ldd	r24, Y+47	; 0x2f
    2bd4:	98 a9       	ldd	r25, Y+48	; 0x30
    2bd6:	00 97       	sbiw	r24, 0x00	; 0
    2bd8:	69 f7       	brne	.-38     	; 0x2bb4 <password_default+0xb0>
    2bda:	14 c0       	rjmp	.+40     	; 0x2c04 <password_default+0x100>
			__ticks --;
		}
		return;
	}
	else
		__ticks = (uint16_t)__tmp;
    2bdc:	69 a9       	ldd	r22, Y+49	; 0x31
    2bde:	7a a9       	ldd	r23, Y+50	; 0x32
    2be0:	8b a9       	ldd	r24, Y+51	; 0x33
    2be2:	9c a9       	ldd	r25, Y+52	; 0x34
    2be4:	0e 94 49 00 	call	0x92	; 0x92 <__fixunssfsi>
    2be8:	dc 01       	movw	r26, r24
    2bea:	cb 01       	movw	r24, r22
    2bec:	98 ab       	std	Y+48, r25	; 0x30
    2bee:	8f a7       	std	Y+47, r24	; 0x2f
    2bf0:	8f a5       	ldd	r24, Y+47	; 0x2f
    2bf2:	98 a9       	ldd	r25, Y+48	; 0x30
    2bf4:	9c a7       	std	Y+44, r25	; 0x2c
    2bf6:	8b a7       	std	Y+43, r24	; 0x2b
    2bf8:	8b a5       	ldd	r24, Y+43	; 0x2b
    2bfa:	9c a5       	ldd	r25, Y+44	; 0x2c
    2bfc:	01 97       	sbiw	r24, 0x01	; 1
    2bfe:	f1 f7       	brne	.-4      	; 0x2bfc <password_default+0xf8>
    2c00:	9c a7       	std	Y+44, r25	; 0x2c
    2c02:	8b a7       	std	Y+43, r24	; 0x2b
	_delay_ms(50);
	EEPROM_Write_Data(0x1f, 50);
    2c04:	8f e1       	ldi	r24, 0x1F	; 31
    2c06:	62 e3       	ldi	r22, 0x32	; 50
    2c08:	0e 94 ac 05 	call	0xb58	; 0xb58 <EEPROM_Write_Data>
    2c0c:	80 e0       	ldi	r24, 0x00	; 0
    2c0e:	90 e0       	ldi	r25, 0x00	; 0
    2c10:	a8 e4       	ldi	r26, 0x48	; 72
    2c12:	b2 e4       	ldi	r27, 0x42	; 66
    2c14:	8f a3       	std	Y+39, r24	; 0x27
    2c16:	98 a7       	std	Y+40, r25	; 0x28
    2c18:	a9 a7       	std	Y+41, r26	; 0x29
    2c1a:	ba a7       	std	Y+42, r27	; 0x2a
 */
void
_delay_ms(double __ms)
{
	uint16_t __ticks;
	double __tmp = ((F_CPU) / 4e3) * __ms;
    2c1c:	6f a1       	ldd	r22, Y+39	; 0x27
    2c1e:	78 a5       	ldd	r23, Y+40	; 0x28
    2c20:	89 a5       	ldd	r24, Y+41	; 0x29
    2c22:	9a a5       	ldd	r25, Y+42	; 0x2a
    2c24:	20 e0       	ldi	r18, 0x00	; 0
    2c26:	30 e0       	ldi	r19, 0x00	; 0
    2c28:	4a ef       	ldi	r20, 0xFA	; 250
    2c2a:	54 e4       	ldi	r21, 0x44	; 68
    2c2c:	0e 94 1f 02 	call	0x43e	; 0x43e <__mulsf3>
    2c30:	dc 01       	movw	r26, r24
    2c32:	cb 01       	movw	r24, r22
    2c34:	8b a3       	std	Y+35, r24	; 0x23
    2c36:	9c a3       	std	Y+36, r25	; 0x24
    2c38:	ad a3       	std	Y+37, r26	; 0x25
    2c3a:	be a3       	std	Y+38, r27	; 0x26
	if (__tmp < 1.0)
    2c3c:	6b a1       	ldd	r22, Y+35	; 0x23
    2c3e:	7c a1       	ldd	r23, Y+36	; 0x24
    2c40:	8d a1       	ldd	r24, Y+37	; 0x25
    2c42:	9e a1       	ldd	r25, Y+38	; 0x26
    2c44:	20 e0       	ldi	r18, 0x00	; 0
    2c46:	30 e0       	ldi	r19, 0x00	; 0
    2c48:	40 e8       	ldi	r20, 0x80	; 128
    2c4a:	5f e3       	ldi	r21, 0x3F	; 63
    2c4c:	0e 94 79 03 	call	0x6f2	; 0x6f2 <__ltsf2>
    2c50:	88 23       	and	r24, r24
    2c52:	2c f4       	brge	.+10     	; 0x2c5e <password_default+0x15a>
		__ticks = 1;
    2c54:	81 e0       	ldi	r24, 0x01	; 1
    2c56:	90 e0       	ldi	r25, 0x00	; 0
    2c58:	9a a3       	std	Y+34, r25	; 0x22
    2c5a:	89 a3       	std	Y+33, r24	; 0x21
    2c5c:	3f c0       	rjmp	.+126    	; 0x2cdc <password_default+0x1d8>
	else if (__tmp > 65535)
    2c5e:	6b a1       	ldd	r22, Y+35	; 0x23
    2c60:	7c a1       	ldd	r23, Y+36	; 0x24
    2c62:	8d a1       	ldd	r24, Y+37	; 0x25
    2c64:	9e a1       	ldd	r25, Y+38	; 0x26
    2c66:	20 e0       	ldi	r18, 0x00	; 0
    2c68:	3f ef       	ldi	r19, 0xFF	; 255
    2c6a:	4f e7       	ldi	r20, 0x7F	; 127
    2c6c:	57 e4       	ldi	r21, 0x47	; 71
    2c6e:	0e 94 19 03 	call	0x632	; 0x632 <__gtsf2>
    2c72:	18 16       	cp	r1, r24
    2c74:	4c f5       	brge	.+82     	; 0x2cc8 <password_default+0x1c4>
	{
		//	__ticks = requested delay in 1/10 ms
		__ticks = (uint16_t) (__ms * 10.0);
    2c76:	6f a1       	ldd	r22, Y+39	; 0x27
    2c78:	78 a5       	ldd	r23, Y+40	; 0x28
    2c7a:	89 a5       	ldd	r24, Y+41	; 0x29
    2c7c:	9a a5       	ldd	r25, Y+42	; 0x2a
    2c7e:	20 e0       	ldi	r18, 0x00	; 0
    2c80:	30 e0       	ldi	r19, 0x00	; 0
    2c82:	40 e2       	ldi	r20, 0x20	; 32
    2c84:	51 e4       	ldi	r21, 0x41	; 65
    2c86:	0e 94 1f 02 	call	0x43e	; 0x43e <__mulsf3>
    2c8a:	dc 01       	movw	r26, r24
    2c8c:	cb 01       	movw	r24, r22
    2c8e:	bc 01       	movw	r22, r24
    2c90:	cd 01       	movw	r24, r26
    2c92:	0e 94 49 00 	call	0x92	; 0x92 <__fixunssfsi>
    2c96:	dc 01       	movw	r26, r24
    2c98:	cb 01       	movw	r24, r22
    2c9a:	9a a3       	std	Y+34, r25	; 0x22
    2c9c:	89 a3       	std	Y+33, r24	; 0x21
    2c9e:	0f c0       	rjmp	.+30     	; 0x2cbe <password_default+0x1ba>
    2ca0:	88 ec       	ldi	r24, 0xC8	; 200
    2ca2:	90 e0       	ldi	r25, 0x00	; 0
    2ca4:	98 a3       	std	Y+32, r25	; 0x20
    2ca6:	8f 8f       	std	Y+31, r24	; 0x1f
    2ca8:	8f 8d       	ldd	r24, Y+31	; 0x1f
    2caa:	98 a1       	ldd	r25, Y+32	; 0x20
    2cac:	01 97       	sbiw	r24, 0x01	; 1
    2cae:	f1 f7       	brne	.-4      	; 0x2cac <password_default+0x1a8>
    2cb0:	98 a3       	std	Y+32, r25	; 0x20
    2cb2:	8f 8f       	std	Y+31, r24	; 0x1f
		while(__ticks)
		{
			// wait 1/10 ms
			_delay_loop_2(((F_CPU) / 4e3) / 10);
			__ticks --;
    2cb4:	89 a1       	ldd	r24, Y+33	; 0x21
    2cb6:	9a a1       	ldd	r25, Y+34	; 0x22
    2cb8:	01 97       	sbiw	r24, 0x01	; 1
    2cba:	9a a3       	std	Y+34, r25	; 0x22
    2cbc:	89 a3       	std	Y+33, r24	; 0x21
		__ticks = 1;
	else if (__tmp > 65535)
	{
		//	__ticks = requested delay in 1/10 ms
		__ticks = (uint16_t) (__ms * 10.0);
		while(__ticks)
    2cbe:	89 a1       	ldd	r24, Y+33	; 0x21
    2cc0:	9a a1       	ldd	r25, Y+34	; 0x22
    2cc2:	00 97       	sbiw	r24, 0x00	; 0
    2cc4:	69 f7       	brne	.-38     	; 0x2ca0 <password_default+0x19c>
    2cc6:	14 c0       	rjmp	.+40     	; 0x2cf0 <password_default+0x1ec>
			__ticks --;
		}
		return;
	}
	else
		__ticks = (uint16_t)__tmp;
    2cc8:	6b a1       	ldd	r22, Y+35	; 0x23
    2cca:	7c a1       	ldd	r23, Y+36	; 0x24
    2ccc:	8d a1       	ldd	r24, Y+37	; 0x25
    2cce:	9e a1       	ldd	r25, Y+38	; 0x26
    2cd0:	0e 94 49 00 	call	0x92	; 0x92 <__fixunssfsi>
    2cd4:	dc 01       	movw	r26, r24
    2cd6:	cb 01       	movw	r24, r22
    2cd8:	9a a3       	std	Y+34, r25	; 0x22
    2cda:	89 a3       	std	Y+33, r24	; 0x21
    2cdc:	89 a1       	ldd	r24, Y+33	; 0x21
    2cde:	9a a1       	ldd	r25, Y+34	; 0x22
    2ce0:	9e 8f       	std	Y+30, r25	; 0x1e
    2ce2:	8d 8f       	std	Y+29, r24	; 0x1d
    2ce4:	8d 8d       	ldd	r24, Y+29	; 0x1d
    2ce6:	9e 8d       	ldd	r25, Y+30	; 0x1e
    2ce8:	01 97       	sbiw	r24, 0x01	; 1
    2cea:	f1 f7       	brne	.-4      	; 0x2ce8 <password_default+0x1e4>
    2cec:	9e 8f       	std	Y+30, r25	; 0x1e
    2cee:	8d 8f       	std	Y+29, r24	; 0x1d
	_delay_ms(50);
	EEPROM_Write_Data(0x2f, 51);
    2cf0:	8f e2       	ldi	r24, 0x2F	; 47
    2cf2:	63 e3       	ldi	r22, 0x33	; 51
    2cf4:	0e 94 ac 05 	call	0xb58	; 0xb58 <EEPROM_Write_Data>
    2cf8:	80 e0       	ldi	r24, 0x00	; 0
    2cfa:	90 e0       	ldi	r25, 0x00	; 0
    2cfc:	a8 e4       	ldi	r26, 0x48	; 72
    2cfe:	b2 e4       	ldi	r27, 0x42	; 66
    2d00:	89 8f       	std	Y+25, r24	; 0x19
    2d02:	9a 8f       	std	Y+26, r25	; 0x1a
    2d04:	ab 8f       	std	Y+27, r26	; 0x1b
    2d06:	bc 8f       	std	Y+28, r27	; 0x1c
 */
void
_delay_ms(double __ms)
{
	uint16_t __ticks;
	double __tmp = ((F_CPU) / 4e3) * __ms;
    2d08:	69 8d       	ldd	r22, Y+25	; 0x19
    2d0a:	7a 8d       	ldd	r23, Y+26	; 0x1a
    2d0c:	8b 8d       	ldd	r24, Y+27	; 0x1b
    2d0e:	9c 8d       	ldd	r25, Y+28	; 0x1c
    2d10:	20 e0       	ldi	r18, 0x00	; 0
    2d12:	30 e0       	ldi	r19, 0x00	; 0
    2d14:	4a ef       	ldi	r20, 0xFA	; 250
    2d16:	54 e4       	ldi	r21, 0x44	; 68
    2d18:	0e 94 1f 02 	call	0x43e	; 0x43e <__mulsf3>
    2d1c:	dc 01       	movw	r26, r24
    2d1e:	cb 01       	movw	r24, r22
    2d20:	8d 8b       	std	Y+21, r24	; 0x15
    2d22:	9e 8b       	std	Y+22, r25	; 0x16
    2d24:	af 8b       	std	Y+23, r26	; 0x17
    2d26:	b8 8f       	std	Y+24, r27	; 0x18
	if (__tmp < 1.0)
    2d28:	6d 89       	ldd	r22, Y+21	; 0x15
    2d2a:	7e 89       	ldd	r23, Y+22	; 0x16
    2d2c:	8f 89       	ldd	r24, Y+23	; 0x17
    2d2e:	98 8d       	ldd	r25, Y+24	; 0x18
    2d30:	20 e0       	ldi	r18, 0x00	; 0
    2d32:	30 e0       	ldi	r19, 0x00	; 0
    2d34:	40 e8       	ldi	r20, 0x80	; 128
    2d36:	5f e3       	ldi	r21, 0x3F	; 63
    2d38:	0e 94 79 03 	call	0x6f2	; 0x6f2 <__ltsf2>
    2d3c:	88 23       	and	r24, r24
    2d3e:	2c f4       	brge	.+10     	; 0x2d4a <password_default+0x246>
		__ticks = 1;
    2d40:	81 e0       	ldi	r24, 0x01	; 1
    2d42:	90 e0       	ldi	r25, 0x00	; 0
    2d44:	9c 8b       	std	Y+20, r25	; 0x14
    2d46:	8b 8b       	std	Y+19, r24	; 0x13
    2d48:	3f c0       	rjmp	.+126    	; 0x2dc8 <password_default+0x2c4>
	else if (__tmp > 65535)
    2d4a:	6d 89       	ldd	r22, Y+21	; 0x15
    2d4c:	7e 89       	ldd	r23, Y+22	; 0x16
    2d4e:	8f 89       	ldd	r24, Y+23	; 0x17
    2d50:	98 8d       	ldd	r25, Y+24	; 0x18
    2d52:	20 e0       	ldi	r18, 0x00	; 0
    2d54:	3f ef       	ldi	r19, 0xFF	; 255
    2d56:	4f e7       	ldi	r20, 0x7F	; 127
    2d58:	57 e4       	ldi	r21, 0x47	; 71
    2d5a:	0e 94 19 03 	call	0x632	; 0x632 <__gtsf2>
    2d5e:	18 16       	cp	r1, r24
    2d60:	4c f5       	brge	.+82     	; 0x2db4 <password_default+0x2b0>
	{
		//	__ticks = requested delay in 1/10 ms
		__ticks = (uint16_t) (__ms * 10.0);
    2d62:	69 8d       	ldd	r22, Y+25	; 0x19
    2d64:	7a 8d       	ldd	r23, Y+26	; 0x1a
    2d66:	8b 8d       	ldd	r24, Y+27	; 0x1b
    2d68:	9c 8d       	ldd	r25, Y+28	; 0x1c
    2d6a:	20 e0       	ldi	r18, 0x00	; 0
    2d6c:	30 e0       	ldi	r19, 0x00	; 0
    2d6e:	40 e2       	ldi	r20, 0x20	; 32
    2d70:	51 e4       	ldi	r21, 0x41	; 65
    2d72:	0e 94 1f 02 	call	0x43e	; 0x43e <__mulsf3>
    2d76:	dc 01       	movw	r26, r24
    2d78:	cb 01       	movw	r24, r22
    2d7a:	bc 01       	movw	r22, r24
    2d7c:	cd 01       	movw	r24, r26
    2d7e:	0e 94 49 00 	call	0x92	; 0x92 <__fixunssfsi>
    2d82:	dc 01       	movw	r26, r24
    2d84:	cb 01       	movw	r24, r22
    2d86:	9c 8b       	std	Y+20, r25	; 0x14
    2d88:	8b 8b       	std	Y+19, r24	; 0x13
    2d8a:	0f c0       	rjmp	.+30     	; 0x2daa <password_default+0x2a6>
    2d8c:	88 ec       	ldi	r24, 0xC8	; 200
    2d8e:	90 e0       	ldi	r25, 0x00	; 0
    2d90:	9a 8b       	std	Y+18, r25	; 0x12
    2d92:	89 8b       	std	Y+17, r24	; 0x11
    2d94:	89 89       	ldd	r24, Y+17	; 0x11
    2d96:	9a 89       	ldd	r25, Y+18	; 0x12
    2d98:	01 97       	sbiw	r24, 0x01	; 1
    2d9a:	f1 f7       	brne	.-4      	; 0x2d98 <password_default+0x294>
    2d9c:	9a 8b       	std	Y+18, r25	; 0x12
    2d9e:	89 8b       	std	Y+17, r24	; 0x11
		while(__ticks)
		{
			// wait 1/10 ms
			_delay_loop_2(((F_CPU) / 4e3) / 10);
			__ticks --;
    2da0:	8b 89       	ldd	r24, Y+19	; 0x13
    2da2:	9c 89       	ldd	r25, Y+20	; 0x14
    2da4:	01 97       	sbiw	r24, 0x01	; 1
    2da6:	9c 8b       	std	Y+20, r25	; 0x14
    2da8:	8b 8b       	std	Y+19, r24	; 0x13
		__ticks = 1;
	else if (__tmp > 65535)
	{
		//	__ticks = requested delay in 1/10 ms
		__ticks = (uint16_t) (__ms * 10.0);
		while(__ticks)
    2daa:	8b 89       	ldd	r24, Y+19	; 0x13
    2dac:	9c 89       	ldd	r25, Y+20	; 0x14
    2dae:	00 97       	sbiw	r24, 0x00	; 0
    2db0:	69 f7       	brne	.-38     	; 0x2d8c <password_default+0x288>
    2db2:	14 c0       	rjmp	.+40     	; 0x2ddc <password_default+0x2d8>
			__ticks --;
		}
		return;
	}
	else
		__ticks = (uint16_t)__tmp;
    2db4:	6d 89       	ldd	r22, Y+21	; 0x15
    2db6:	7e 89       	ldd	r23, Y+22	; 0x16
    2db8:	8f 89       	ldd	r24, Y+23	; 0x17
    2dba:	98 8d       	ldd	r25, Y+24	; 0x18
    2dbc:	0e 94 49 00 	call	0x92	; 0x92 <__fixunssfsi>
    2dc0:	dc 01       	movw	r26, r24
    2dc2:	cb 01       	movw	r24, r22
    2dc4:	9c 8b       	std	Y+20, r25	; 0x14
    2dc6:	8b 8b       	std	Y+19, r24	; 0x13
    2dc8:	8b 89       	ldd	r24, Y+19	; 0x13
    2dca:	9c 89       	ldd	r25, Y+20	; 0x14
    2dcc:	98 8b       	std	Y+16, r25	; 0x10
    2dce:	8f 87       	std	Y+15, r24	; 0x0f
    2dd0:	8f 85       	ldd	r24, Y+15	; 0x0f
    2dd2:	98 89       	ldd	r25, Y+16	; 0x10
    2dd4:	01 97       	sbiw	r24, 0x01	; 1
    2dd6:	f1 f7       	brne	.-4      	; 0x2dd4 <password_default+0x2d0>
    2dd8:	98 8b       	std	Y+16, r25	; 0x10
    2dda:	8f 87       	std	Y+15, r24	; 0x0f
	_delay_ms(50);
	EEPROM_Write_Data(0x3f, 52);
    2ddc:	8f e3       	ldi	r24, 0x3F	; 63
    2dde:	64 e3       	ldi	r22, 0x34	; 52
    2de0:	0e 94 ac 05 	call	0xb58	; 0xb58 <EEPROM_Write_Data>
    2de4:	80 e0       	ldi	r24, 0x00	; 0
    2de6:	90 e0       	ldi	r25, 0x00	; 0
    2de8:	a8 e4       	ldi	r26, 0x48	; 72
    2dea:	b2 e4       	ldi	r27, 0x42	; 66
    2dec:	8b 87       	std	Y+11, r24	; 0x0b
    2dee:	9c 87       	std	Y+12, r25	; 0x0c
    2df0:	ad 87       	std	Y+13, r26	; 0x0d
    2df2:	be 87       	std	Y+14, r27	; 0x0e
 */
void
_delay_ms(double __ms)
{
	uint16_t __ticks;
	double __tmp = ((F_CPU) / 4e3) * __ms;
    2df4:	6b 85       	ldd	r22, Y+11	; 0x0b
    2df6:	7c 85       	ldd	r23, Y+12	; 0x0c
    2df8:	8d 85       	ldd	r24, Y+13	; 0x0d
    2dfa:	9e 85       	ldd	r25, Y+14	; 0x0e
    2dfc:	20 e0       	ldi	r18, 0x00	; 0
    2dfe:	30 e0       	ldi	r19, 0x00	; 0
    2e00:	4a ef       	ldi	r20, 0xFA	; 250
    2e02:	54 e4       	ldi	r21, 0x44	; 68
    2e04:	0e 94 1f 02 	call	0x43e	; 0x43e <__mulsf3>
    2e08:	dc 01       	movw	r26, r24
    2e0a:	cb 01       	movw	r24, r22
    2e0c:	8f 83       	std	Y+7, r24	; 0x07
    2e0e:	98 87       	std	Y+8, r25	; 0x08
    2e10:	a9 87       	std	Y+9, r26	; 0x09
    2e12:	ba 87       	std	Y+10, r27	; 0x0a
	if (__tmp < 1.0)
    2e14:	6f 81       	ldd	r22, Y+7	; 0x07
    2e16:	78 85       	ldd	r23, Y+8	; 0x08
    2e18:	89 85       	ldd	r24, Y+9	; 0x09
    2e1a:	9a 85       	ldd	r25, Y+10	; 0x0a
    2e1c:	20 e0       	ldi	r18, 0x00	; 0
    2e1e:	30 e0       	ldi	r19, 0x00	; 0
    2e20:	40 e8       	ldi	r20, 0x80	; 128
    2e22:	5f e3       	ldi	r21, 0x3F	; 63
    2e24:	0e 94 79 03 	call	0x6f2	; 0x6f2 <__ltsf2>
    2e28:	88 23       	and	r24, r24
    2e2a:	2c f4       	brge	.+10     	; 0x2e36 <password_default+0x332>
		__ticks = 1;
    2e2c:	81 e0       	ldi	r24, 0x01	; 1
    2e2e:	90 e0       	ldi	r25, 0x00	; 0
    2e30:	9e 83       	std	Y+6, r25	; 0x06
    2e32:	8d 83       	std	Y+5, r24	; 0x05
    2e34:	3f c0       	rjmp	.+126    	; 0x2eb4 <password_default+0x3b0>
	else if (__tmp > 65535)
    2e36:	6f 81       	ldd	r22, Y+7	; 0x07
    2e38:	78 85       	ldd	r23, Y+8	; 0x08
    2e3a:	89 85       	ldd	r24, Y+9	; 0x09
    2e3c:	9a 85       	ldd	r25, Y+10	; 0x0a
    2e3e:	20 e0       	ldi	r18, 0x00	; 0
    2e40:	3f ef       	ldi	r19, 0xFF	; 255
    2e42:	4f e7       	ldi	r20, 0x7F	; 127
    2e44:	57 e4       	ldi	r21, 0x47	; 71
    2e46:	0e 94 19 03 	call	0x632	; 0x632 <__gtsf2>
    2e4a:	18 16       	cp	r1, r24
    2e4c:	4c f5       	brge	.+82     	; 0x2ea0 <password_default+0x39c>
	{
		//	__ticks = requested delay in 1/10 ms
		__ticks = (uint16_t) (__ms * 10.0);
    2e4e:	6b 85       	ldd	r22, Y+11	; 0x0b
    2e50:	7c 85       	ldd	r23, Y+12	; 0x0c
    2e52:	8d 85       	ldd	r24, Y+13	; 0x0d
    2e54:	9e 85       	ldd	r25, Y+14	; 0x0e
    2e56:	20 e0       	ldi	r18, 0x00	; 0
    2e58:	30 e0       	ldi	r19, 0x00	; 0
    2e5a:	40 e2       	ldi	r20, 0x20	; 32
    2e5c:	51 e4       	ldi	r21, 0x41	; 65
    2e5e:	0e 94 1f 02 	call	0x43e	; 0x43e <__mulsf3>
    2e62:	dc 01       	movw	r26, r24
    2e64:	cb 01       	movw	r24, r22
    2e66:	bc 01       	movw	r22, r24
    2e68:	cd 01       	movw	r24, r26
    2e6a:	0e 94 49 00 	call	0x92	; 0x92 <__fixunssfsi>
    2e6e:	dc 01       	movw	r26, r24
    2e70:	cb 01       	movw	r24, r22
    2e72:	9e 83       	std	Y+6, r25	; 0x06
    2e74:	8d 83       	std	Y+5, r24	; 0x05
    2e76:	0f c0       	rjmp	.+30     	; 0x2e96 <password_default+0x392>
    2e78:	88 ec       	ldi	r24, 0xC8	; 200
    2e7a:	90 e0       	ldi	r25, 0x00	; 0
    2e7c:	9c 83       	std	Y+4, r25	; 0x04
    2e7e:	8b 83       	std	Y+3, r24	; 0x03
    2e80:	8b 81       	ldd	r24, Y+3	; 0x03
    2e82:	9c 81       	ldd	r25, Y+4	; 0x04
    2e84:	01 97       	sbiw	r24, 0x01	; 1
    2e86:	f1 f7       	brne	.-4      	; 0x2e84 <password_default+0x380>
    2e88:	9c 83       	std	Y+4, r25	; 0x04
    2e8a:	8b 83       	std	Y+3, r24	; 0x03
		while(__ticks)
		{
			// wait 1/10 ms
			_delay_loop_2(((F_CPU) / 4e3) / 10);
			__ticks --;
    2e8c:	8d 81       	ldd	r24, Y+5	; 0x05
    2e8e:	9e 81       	ldd	r25, Y+6	; 0x06
    2e90:	01 97       	sbiw	r24, 0x01	; 1
    2e92:	9e 83       	std	Y+6, r25	; 0x06
    2e94:	8d 83       	std	Y+5, r24	; 0x05
		__ticks = 1;
	else if (__tmp > 65535)
	{
		//	__ticks = requested delay in 1/10 ms
		__ticks = (uint16_t) (__ms * 10.0);
		while(__ticks)
    2e96:	8d 81       	ldd	r24, Y+5	; 0x05
    2e98:	9e 81       	ldd	r25, Y+6	; 0x06
    2e9a:	00 97       	sbiw	r24, 0x00	; 0
    2e9c:	69 f7       	brne	.-38     	; 0x2e78 <password_default+0x374>
    2e9e:	14 c0       	rjmp	.+40     	; 0x2ec8 <password_default+0x3c4>
			__ticks --;
		}
		return;
	}
	else
		__ticks = (uint16_t)__tmp;
    2ea0:	6f 81       	ldd	r22, Y+7	; 0x07
    2ea2:	78 85       	ldd	r23, Y+8	; 0x08
    2ea4:	89 85       	ldd	r24, Y+9	; 0x09
    2ea6:	9a 85       	ldd	r25, Y+10	; 0x0a
    2ea8:	0e 94 49 00 	call	0x92	; 0x92 <__fixunssfsi>
    2eac:	dc 01       	movw	r26, r24
    2eae:	cb 01       	movw	r24, r22
    2eb0:	9e 83       	std	Y+6, r25	; 0x06
    2eb2:	8d 83       	std	Y+5, r24	; 0x05
    2eb4:	8d 81       	ldd	r24, Y+5	; 0x05
    2eb6:	9e 81       	ldd	r25, Y+6	; 0x06
    2eb8:	9a 83       	std	Y+2, r25	; 0x02
    2eba:	89 83       	std	Y+1, r24	; 0x01
    2ebc:	89 81       	ldd	r24, Y+1	; 0x01
    2ebe:	9a 81       	ldd	r25, Y+2	; 0x02
    2ec0:	01 97       	sbiw	r24, 0x01	; 1
    2ec2:	f1 f7       	brne	.-4      	; 0x2ec0 <password_default+0x3bc>
    2ec4:	9a 83       	std	Y+2, r25	; 0x02
    2ec6:	89 83       	std	Y+1, r24	; 0x01
	_delay_ms(50);

}
    2ec8:	e8 96       	adiw	r28, 0x38	; 56
    2eca:	0f b6       	in	r0, 0x3f	; 63
    2ecc:	f8 94       	cli
    2ece:	de bf       	out	0x3e, r29	; 62
    2ed0:	0f be       	out	0x3f, r0	; 63
    2ed2:	cd bf       	out	0x3d, r28	; 61
    2ed4:	cf 91       	pop	r28
    2ed6:	df 91       	pop	r29
    2ed8:	08 95       	ret

00002eda <password_change>:
void password_change(void) { /*	To change the default password	*/
    2eda:	0f 93       	push	r16
    2edc:	1f 93       	push	r17
    2ede:	df 93       	push	r29
    2ee0:	cf 93       	push	r28
    2ee2:	cd b7       	in	r28, 0x3d	; 61
    2ee4:	de b7       	in	r29, 0x3e	; 62
    2ee6:	cc 5a       	subi	r28, 0xAC	; 172
    2ee8:	d0 40       	sbci	r29, 0x00	; 0
    2eea:	0f b6       	in	r0, 0x3f	; 63
    2eec:	f8 94       	cli
    2eee:	de bf       	out	0x3e, r29	; 62
    2ef0:	0f be       	out	0x3f, r0	; 63
    2ef2:	cd bf       	out	0x3d, r28	; 61
	u8 New_password[4];
	LCD_WriteCommand(0b00000001);
    2ef4:	81 e0       	ldi	r24, 0x01	; 1
    2ef6:	0e 94 60 0b 	call	0x16c0	; 0x16c0 <LCD_WriteCommand>
	LCD_WriteCommand(0b10000000);
    2efa:	80 e8       	ldi	r24, 0x80	; 128
    2efc:	0e 94 60 0b 	call	0x16c0	; 0x16c0 <LCD_WriteCommand>
	LCD_WriteData(' ');
    2f00:	80 e2       	ldi	r24, 0x20	; 32
    2f02:	0e 94 06 0c 	call	0x180c	; 0x180c <LCD_WriteData>
	LCD_WriteData(' ');
    2f06:	80 e2       	ldi	r24, 0x20	; 32
    2f08:	0e 94 06 0c 	call	0x180c	; 0x180c <LCD_WriteData>
	LCD_WriteData(' ');
    2f0c:	80 e2       	ldi	r24, 0x20	; 32
    2f0e:	0e 94 06 0c 	call	0x180c	; 0x180c <LCD_WriteData>
	LCD_WriteData('E');
    2f12:	85 e4       	ldi	r24, 0x45	; 69
    2f14:	0e 94 06 0c 	call	0x180c	; 0x180c <LCD_WriteData>
	LCD_WriteData('n');
    2f18:	8e e6       	ldi	r24, 0x6E	; 110
    2f1a:	0e 94 06 0c 	call	0x180c	; 0x180c <LCD_WriteData>
	LCD_WriteData('t');
    2f1e:	84 e7       	ldi	r24, 0x74	; 116
    2f20:	0e 94 06 0c 	call	0x180c	; 0x180c <LCD_WriteData>
	LCD_WriteData('e');
    2f24:	85 e6       	ldi	r24, 0x65	; 101
    2f26:	0e 94 06 0c 	call	0x180c	; 0x180c <LCD_WriteData>
	LCD_WriteData('r');
    2f2a:	82 e7       	ldi	r24, 0x72	; 114
    2f2c:	0e 94 06 0c 	call	0x180c	; 0x180c <LCD_WriteData>
	LCD_WriteData(' ');
    2f30:	80 e2       	ldi	r24, 0x20	; 32
    2f32:	0e 94 06 0c 	call	0x180c	; 0x180c <LCD_WriteData>
	LCD_WriteData('n');
    2f36:	8e e6       	ldi	r24, 0x6E	; 110
    2f38:	0e 94 06 0c 	call	0x180c	; 0x180c <LCD_WriteData>
	LCD_WriteData('e');
    2f3c:	85 e6       	ldi	r24, 0x65	; 101
    2f3e:	0e 94 06 0c 	call	0x180c	; 0x180c <LCD_WriteData>
	LCD_WriteData('w');
    2f42:	87 e7       	ldi	r24, 0x77	; 119
    2f44:	0e 94 06 0c 	call	0x180c	; 0x180c <LCD_WriteData>
	LCD_WriteData(' ');
    2f48:	80 e2       	ldi	r24, 0x20	; 32
    2f4a:	0e 94 06 0c 	call	0x180c	; 0x180c <LCD_WriteData>
	LCD_WriteCommand(0b11000000);
    2f4e:	80 ec       	ldi	r24, 0xC0	; 192
    2f50:	0e 94 60 0b 	call	0x16c0	; 0x16c0 <LCD_WriteCommand>
	LCD_WriteData(' ');
    2f54:	80 e2       	ldi	r24, 0x20	; 32
    2f56:	0e 94 06 0c 	call	0x180c	; 0x180c <LCD_WriteData>
	LCD_WriteData(' ');
    2f5a:	80 e2       	ldi	r24, 0x20	; 32
    2f5c:	0e 94 06 0c 	call	0x180c	; 0x180c <LCD_WriteData>
	LCD_WriteData('p');
    2f60:	80 e7       	ldi	r24, 0x70	; 112
    2f62:	0e 94 06 0c 	call	0x180c	; 0x180c <LCD_WriteData>
	LCD_WriteData('a');
    2f66:	81 e6       	ldi	r24, 0x61	; 97
    2f68:	0e 94 06 0c 	call	0x180c	; 0x180c <LCD_WriteData>
	LCD_WriteData('s');
    2f6c:	83 e7       	ldi	r24, 0x73	; 115
    2f6e:	0e 94 06 0c 	call	0x180c	; 0x180c <LCD_WriteData>
	LCD_WriteData('s');
    2f72:	83 e7       	ldi	r24, 0x73	; 115
    2f74:	0e 94 06 0c 	call	0x180c	; 0x180c <LCD_WriteData>
	LCD_WriteData('w');
    2f78:	87 e7       	ldi	r24, 0x77	; 119
    2f7a:	0e 94 06 0c 	call	0x180c	; 0x180c <LCD_WriteData>
	LCD_WriteData('o');
    2f7e:	8f e6       	ldi	r24, 0x6F	; 111
    2f80:	0e 94 06 0c 	call	0x180c	; 0x180c <LCD_WriteData>
	LCD_WriteData('r');
    2f84:	82 e7       	ldi	r24, 0x72	; 114
    2f86:	0e 94 06 0c 	call	0x180c	; 0x180c <LCD_WriteData>
	LCD_WriteData('d');
    2f8a:	84 e6       	ldi	r24, 0x64	; 100
    2f8c:	0e 94 06 0c 	call	0x180c	; 0x180c <LCD_WriteData>
	LCD_WriteData(':');
    2f90:	8a e3       	ldi	r24, 0x3A	; 58
    2f92:	0e 94 06 0c 	call	0x180c	; 0x180c <LCD_WriteData>
	New_password[0] = 48 + keybad();
    2f96:	0e 94 af 0d 	call	0x1b5e	; 0x1b5e <keybad>
    2f9a:	80 5d       	subi	r24, 0xD0	; 208
    2f9c:	fe 01       	movw	r30, r28
    2f9e:	e7 55       	subi	r30, 0x57	; 87
    2fa0:	ff 4f       	sbci	r31, 0xFF	; 255
    2fa2:	80 83       	st	Z, r24
    2fa4:	fe 01       	movw	r30, r28
    2fa6:	eb 55       	subi	r30, 0x5B	; 91
    2fa8:	ff 4f       	sbci	r31, 0xFF	; 255
    2faa:	80 e0       	ldi	r24, 0x00	; 0
    2fac:	90 e0       	ldi	r25, 0x00	; 0
    2fae:	a8 ec       	ldi	r26, 0xC8	; 200
    2fb0:	b2 e4       	ldi	r27, 0x42	; 66
    2fb2:	80 83       	st	Z, r24
    2fb4:	91 83       	std	Z+1, r25	; 0x01
    2fb6:	a2 83       	std	Z+2, r26	; 0x02
    2fb8:	b3 83       	std	Z+3, r27	; 0x03
 */
void
_delay_ms(double __ms)
{
	uint16_t __ticks;
	double __tmp = ((F_CPU) / 4e3) * __ms;
    2fba:	8e 01       	movw	r16, r28
    2fbc:	0f 55       	subi	r16, 0x5F	; 95
    2fbe:	1f 4f       	sbci	r17, 0xFF	; 255
    2fc0:	fe 01       	movw	r30, r28
    2fc2:	eb 55       	subi	r30, 0x5B	; 91
    2fc4:	ff 4f       	sbci	r31, 0xFF	; 255
    2fc6:	60 81       	ld	r22, Z
    2fc8:	71 81       	ldd	r23, Z+1	; 0x01
    2fca:	82 81       	ldd	r24, Z+2	; 0x02
    2fcc:	93 81       	ldd	r25, Z+3	; 0x03
    2fce:	20 e0       	ldi	r18, 0x00	; 0
    2fd0:	30 e0       	ldi	r19, 0x00	; 0
    2fd2:	4a ef       	ldi	r20, 0xFA	; 250
    2fd4:	54 e4       	ldi	r21, 0x44	; 68
    2fd6:	0e 94 1f 02 	call	0x43e	; 0x43e <__mulsf3>
    2fda:	dc 01       	movw	r26, r24
    2fdc:	cb 01       	movw	r24, r22
    2fde:	f8 01       	movw	r30, r16
    2fe0:	80 83       	st	Z, r24
    2fe2:	91 83       	std	Z+1, r25	; 0x01
    2fe4:	a2 83       	std	Z+2, r26	; 0x02
    2fe6:	b3 83       	std	Z+3, r27	; 0x03
	if (__tmp < 1.0)
    2fe8:	fe 01       	movw	r30, r28
    2fea:	ef 55       	subi	r30, 0x5F	; 95
    2fec:	ff 4f       	sbci	r31, 0xFF	; 255
    2fee:	60 81       	ld	r22, Z
    2ff0:	71 81       	ldd	r23, Z+1	; 0x01
    2ff2:	82 81       	ldd	r24, Z+2	; 0x02
    2ff4:	93 81       	ldd	r25, Z+3	; 0x03
    2ff6:	20 e0       	ldi	r18, 0x00	; 0
    2ff8:	30 e0       	ldi	r19, 0x00	; 0
    2ffa:	40 e8       	ldi	r20, 0x80	; 128
    2ffc:	5f e3       	ldi	r21, 0x3F	; 63
    2ffe:	0e 94 79 03 	call	0x6f2	; 0x6f2 <__ltsf2>
    3002:	88 23       	and	r24, r24
    3004:	44 f4       	brge	.+16     	; 0x3016 <password_change+0x13c>
		__ticks = 1;
    3006:	fe 01       	movw	r30, r28
    3008:	e1 56       	subi	r30, 0x61	; 97
    300a:	ff 4f       	sbci	r31, 0xFF	; 255
    300c:	81 e0       	ldi	r24, 0x01	; 1
    300e:	90 e0       	ldi	r25, 0x00	; 0
    3010:	91 83       	std	Z+1, r25	; 0x01
    3012:	80 83       	st	Z, r24
    3014:	64 c0       	rjmp	.+200    	; 0x30de <password_change+0x204>
	else if (__tmp > 65535)
    3016:	fe 01       	movw	r30, r28
    3018:	ef 55       	subi	r30, 0x5F	; 95
    301a:	ff 4f       	sbci	r31, 0xFF	; 255
    301c:	60 81       	ld	r22, Z
    301e:	71 81       	ldd	r23, Z+1	; 0x01
    3020:	82 81       	ldd	r24, Z+2	; 0x02
    3022:	93 81       	ldd	r25, Z+3	; 0x03
    3024:	20 e0       	ldi	r18, 0x00	; 0
    3026:	3f ef       	ldi	r19, 0xFF	; 255
    3028:	4f e7       	ldi	r20, 0x7F	; 127
    302a:	57 e4       	ldi	r21, 0x47	; 71
    302c:	0e 94 19 03 	call	0x632	; 0x632 <__gtsf2>
    3030:	18 16       	cp	r1, r24
    3032:	0c f0       	brlt	.+2      	; 0x3036 <password_change+0x15c>
    3034:	43 c0       	rjmp	.+134    	; 0x30bc <password_change+0x1e2>
	{
		//	__ticks = requested delay in 1/10 ms
		__ticks = (uint16_t) (__ms * 10.0);
    3036:	fe 01       	movw	r30, r28
    3038:	eb 55       	subi	r30, 0x5B	; 91
    303a:	ff 4f       	sbci	r31, 0xFF	; 255
    303c:	60 81       	ld	r22, Z
    303e:	71 81       	ldd	r23, Z+1	; 0x01
    3040:	82 81       	ldd	r24, Z+2	; 0x02
    3042:	93 81       	ldd	r25, Z+3	; 0x03
    3044:	20 e0       	ldi	r18, 0x00	; 0
    3046:	30 e0       	ldi	r19, 0x00	; 0
    3048:	40 e2       	ldi	r20, 0x20	; 32
    304a:	51 e4       	ldi	r21, 0x41	; 65
    304c:	0e 94 1f 02 	call	0x43e	; 0x43e <__mulsf3>
    3050:	dc 01       	movw	r26, r24
    3052:	cb 01       	movw	r24, r22
    3054:	8e 01       	movw	r16, r28
    3056:	01 56       	subi	r16, 0x61	; 97
    3058:	1f 4f       	sbci	r17, 0xFF	; 255
    305a:	bc 01       	movw	r22, r24
    305c:	cd 01       	movw	r24, r26
    305e:	0e 94 49 00 	call	0x92	; 0x92 <__fixunssfsi>
    3062:	dc 01       	movw	r26, r24
    3064:	cb 01       	movw	r24, r22
    3066:	f8 01       	movw	r30, r16
    3068:	91 83       	std	Z+1, r25	; 0x01
    306a:	80 83       	st	Z, r24
    306c:	1f c0       	rjmp	.+62     	; 0x30ac <password_change+0x1d2>
    306e:	fe 01       	movw	r30, r28
    3070:	e3 56       	subi	r30, 0x63	; 99
    3072:	ff 4f       	sbci	r31, 0xFF	; 255
    3074:	88 ec       	ldi	r24, 0xC8	; 200
    3076:	90 e0       	ldi	r25, 0x00	; 0
    3078:	91 83       	std	Z+1, r25	; 0x01
    307a:	80 83       	st	Z, r24
    307c:	fe 01       	movw	r30, r28
    307e:	e3 56       	subi	r30, 0x63	; 99
    3080:	ff 4f       	sbci	r31, 0xFF	; 255
    3082:	80 81       	ld	r24, Z
    3084:	91 81       	ldd	r25, Z+1	; 0x01
    3086:	01 97       	sbiw	r24, 0x01	; 1
    3088:	f1 f7       	brne	.-4      	; 0x3086 <password_change+0x1ac>
    308a:	fe 01       	movw	r30, r28
    308c:	e3 56       	subi	r30, 0x63	; 99
    308e:	ff 4f       	sbci	r31, 0xFF	; 255
    3090:	91 83       	std	Z+1, r25	; 0x01
    3092:	80 83       	st	Z, r24
		while(__ticks)
		{
			// wait 1/10 ms
			_delay_loop_2(((F_CPU) / 4e3) / 10);
			__ticks --;
    3094:	de 01       	movw	r26, r28
    3096:	a1 56       	subi	r26, 0x61	; 97
    3098:	bf 4f       	sbci	r27, 0xFF	; 255
    309a:	fe 01       	movw	r30, r28
    309c:	e1 56       	subi	r30, 0x61	; 97
    309e:	ff 4f       	sbci	r31, 0xFF	; 255
    30a0:	80 81       	ld	r24, Z
    30a2:	91 81       	ldd	r25, Z+1	; 0x01
    30a4:	01 97       	sbiw	r24, 0x01	; 1
    30a6:	11 96       	adiw	r26, 0x01	; 1
    30a8:	9c 93       	st	X, r25
    30aa:	8e 93       	st	-X, r24
		__ticks = 1;
	else if (__tmp > 65535)
	{
		//	__ticks = requested delay in 1/10 ms
		__ticks = (uint16_t) (__ms * 10.0);
		while(__ticks)
    30ac:	fe 01       	movw	r30, r28
    30ae:	e1 56       	subi	r30, 0x61	; 97
    30b0:	ff 4f       	sbci	r31, 0xFF	; 255
    30b2:	80 81       	ld	r24, Z
    30b4:	91 81       	ldd	r25, Z+1	; 0x01
    30b6:	00 97       	sbiw	r24, 0x00	; 0
    30b8:	d1 f6       	brne	.-76     	; 0x306e <password_change+0x194>
    30ba:	27 c0       	rjmp	.+78     	; 0x310a <password_change+0x230>
			__ticks --;
		}
		return;
	}
	else
		__ticks = (uint16_t)__tmp;
    30bc:	8e 01       	movw	r16, r28
    30be:	01 56       	subi	r16, 0x61	; 97
    30c0:	1f 4f       	sbci	r17, 0xFF	; 255
    30c2:	fe 01       	movw	r30, r28
    30c4:	ef 55       	subi	r30, 0x5F	; 95
    30c6:	ff 4f       	sbci	r31, 0xFF	; 255
    30c8:	60 81       	ld	r22, Z
    30ca:	71 81       	ldd	r23, Z+1	; 0x01
    30cc:	82 81       	ldd	r24, Z+2	; 0x02
    30ce:	93 81       	ldd	r25, Z+3	; 0x03
    30d0:	0e 94 49 00 	call	0x92	; 0x92 <__fixunssfsi>
    30d4:	dc 01       	movw	r26, r24
    30d6:	cb 01       	movw	r24, r22
    30d8:	f8 01       	movw	r30, r16
    30da:	91 83       	std	Z+1, r25	; 0x01
    30dc:	80 83       	st	Z, r24
    30de:	de 01       	movw	r26, r28
    30e0:	a5 56       	subi	r26, 0x65	; 101
    30e2:	bf 4f       	sbci	r27, 0xFF	; 255
    30e4:	fe 01       	movw	r30, r28
    30e6:	e1 56       	subi	r30, 0x61	; 97
    30e8:	ff 4f       	sbci	r31, 0xFF	; 255
    30ea:	80 81       	ld	r24, Z
    30ec:	91 81       	ldd	r25, Z+1	; 0x01
    30ee:	8d 93       	st	X+, r24
    30f0:	9c 93       	st	X, r25
    30f2:	fe 01       	movw	r30, r28
    30f4:	e5 56       	subi	r30, 0x65	; 101
    30f6:	ff 4f       	sbci	r31, 0xFF	; 255
    30f8:	80 81       	ld	r24, Z
    30fa:	91 81       	ldd	r25, Z+1	; 0x01
    30fc:	01 97       	sbiw	r24, 0x01	; 1
    30fe:	f1 f7       	brne	.-4      	; 0x30fc <password_change+0x222>
    3100:	fe 01       	movw	r30, r28
    3102:	e5 56       	subi	r30, 0x65	; 101
    3104:	ff 4f       	sbci	r31, 0xFF	; 255
    3106:	91 83       	std	Z+1, r25	; 0x01
    3108:	80 83       	st	Z, r24
	_delay_ms(100);
	EEPROM_Write_Data(0x0f, New_password[0]);
    310a:	fe 01       	movw	r30, r28
    310c:	e7 55       	subi	r30, 0x57	; 87
    310e:	ff 4f       	sbci	r31, 0xFF	; 255
    3110:	90 81       	ld	r25, Z
    3112:	8f e0       	ldi	r24, 0x0F	; 15
    3114:	69 2f       	mov	r22, r25
    3116:	0e 94 ac 05 	call	0xb58	; 0xb58 <EEPROM_Write_Data>
    311a:	fe 01       	movw	r30, r28
    311c:	e9 56       	subi	r30, 0x69	; 105
    311e:	ff 4f       	sbci	r31, 0xFF	; 255
    3120:	80 e0       	ldi	r24, 0x00	; 0
    3122:	90 e0       	ldi	r25, 0x00	; 0
    3124:	a8 ec       	ldi	r26, 0xC8	; 200
    3126:	b2 e4       	ldi	r27, 0x42	; 66
    3128:	80 83       	st	Z, r24
    312a:	91 83       	std	Z+1, r25	; 0x01
    312c:	a2 83       	std	Z+2, r26	; 0x02
    312e:	b3 83       	std	Z+3, r27	; 0x03
 */
void
_delay_ms(double __ms)
{
	uint16_t __ticks;
	double __tmp = ((F_CPU) / 4e3) * __ms;
    3130:	8e 01       	movw	r16, r28
    3132:	0d 56       	subi	r16, 0x6D	; 109
    3134:	1f 4f       	sbci	r17, 0xFF	; 255
    3136:	fe 01       	movw	r30, r28
    3138:	e9 56       	subi	r30, 0x69	; 105
    313a:	ff 4f       	sbci	r31, 0xFF	; 255
    313c:	60 81       	ld	r22, Z
    313e:	71 81       	ldd	r23, Z+1	; 0x01
    3140:	82 81       	ldd	r24, Z+2	; 0x02
    3142:	93 81       	ldd	r25, Z+3	; 0x03
    3144:	20 e0       	ldi	r18, 0x00	; 0
    3146:	30 e0       	ldi	r19, 0x00	; 0
    3148:	4a ef       	ldi	r20, 0xFA	; 250
    314a:	54 e4       	ldi	r21, 0x44	; 68
    314c:	0e 94 1f 02 	call	0x43e	; 0x43e <__mulsf3>
    3150:	dc 01       	movw	r26, r24
    3152:	cb 01       	movw	r24, r22
    3154:	f8 01       	movw	r30, r16
    3156:	80 83       	st	Z, r24
    3158:	91 83       	std	Z+1, r25	; 0x01
    315a:	a2 83       	std	Z+2, r26	; 0x02
    315c:	b3 83       	std	Z+3, r27	; 0x03
	if (__tmp < 1.0)
    315e:	fe 01       	movw	r30, r28
    3160:	ed 56       	subi	r30, 0x6D	; 109
    3162:	ff 4f       	sbci	r31, 0xFF	; 255
    3164:	60 81       	ld	r22, Z
    3166:	71 81       	ldd	r23, Z+1	; 0x01
    3168:	82 81       	ldd	r24, Z+2	; 0x02
    316a:	93 81       	ldd	r25, Z+3	; 0x03
    316c:	20 e0       	ldi	r18, 0x00	; 0
    316e:	30 e0       	ldi	r19, 0x00	; 0
    3170:	40 e8       	ldi	r20, 0x80	; 128
    3172:	5f e3       	ldi	r21, 0x3F	; 63
    3174:	0e 94 79 03 	call	0x6f2	; 0x6f2 <__ltsf2>
    3178:	88 23       	and	r24, r24
    317a:	44 f4       	brge	.+16     	; 0x318c <password_change+0x2b2>
		__ticks = 1;
    317c:	fe 01       	movw	r30, r28
    317e:	ef 56       	subi	r30, 0x6F	; 111
    3180:	ff 4f       	sbci	r31, 0xFF	; 255
    3182:	81 e0       	ldi	r24, 0x01	; 1
    3184:	90 e0       	ldi	r25, 0x00	; 0
    3186:	91 83       	std	Z+1, r25	; 0x01
    3188:	80 83       	st	Z, r24
    318a:	64 c0       	rjmp	.+200    	; 0x3254 <password_change+0x37a>
	else if (__tmp > 65535)
    318c:	fe 01       	movw	r30, r28
    318e:	ed 56       	subi	r30, 0x6D	; 109
    3190:	ff 4f       	sbci	r31, 0xFF	; 255
    3192:	60 81       	ld	r22, Z
    3194:	71 81       	ldd	r23, Z+1	; 0x01
    3196:	82 81       	ldd	r24, Z+2	; 0x02
    3198:	93 81       	ldd	r25, Z+3	; 0x03
    319a:	20 e0       	ldi	r18, 0x00	; 0
    319c:	3f ef       	ldi	r19, 0xFF	; 255
    319e:	4f e7       	ldi	r20, 0x7F	; 127
    31a0:	57 e4       	ldi	r21, 0x47	; 71
    31a2:	0e 94 19 03 	call	0x632	; 0x632 <__gtsf2>
    31a6:	18 16       	cp	r1, r24
    31a8:	0c f0       	brlt	.+2      	; 0x31ac <password_change+0x2d2>
    31aa:	43 c0       	rjmp	.+134    	; 0x3232 <password_change+0x358>
	{
		//	__ticks = requested delay in 1/10 ms
		__ticks = (uint16_t) (__ms * 10.0);
    31ac:	fe 01       	movw	r30, r28
    31ae:	e9 56       	subi	r30, 0x69	; 105
    31b0:	ff 4f       	sbci	r31, 0xFF	; 255
    31b2:	60 81       	ld	r22, Z
    31b4:	71 81       	ldd	r23, Z+1	; 0x01
    31b6:	82 81       	ldd	r24, Z+2	; 0x02
    31b8:	93 81       	ldd	r25, Z+3	; 0x03
    31ba:	20 e0       	ldi	r18, 0x00	; 0
    31bc:	30 e0       	ldi	r19, 0x00	; 0
    31be:	40 e2       	ldi	r20, 0x20	; 32
    31c0:	51 e4       	ldi	r21, 0x41	; 65
    31c2:	0e 94 1f 02 	call	0x43e	; 0x43e <__mulsf3>
    31c6:	dc 01       	movw	r26, r24
    31c8:	cb 01       	movw	r24, r22
    31ca:	8e 01       	movw	r16, r28
    31cc:	0f 56       	subi	r16, 0x6F	; 111
    31ce:	1f 4f       	sbci	r17, 0xFF	; 255
    31d0:	bc 01       	movw	r22, r24
    31d2:	cd 01       	movw	r24, r26
    31d4:	0e 94 49 00 	call	0x92	; 0x92 <__fixunssfsi>
    31d8:	dc 01       	movw	r26, r24
    31da:	cb 01       	movw	r24, r22
    31dc:	f8 01       	movw	r30, r16
    31de:	91 83       	std	Z+1, r25	; 0x01
    31e0:	80 83       	st	Z, r24
    31e2:	1f c0       	rjmp	.+62     	; 0x3222 <password_change+0x348>
    31e4:	fe 01       	movw	r30, r28
    31e6:	e1 57       	subi	r30, 0x71	; 113
    31e8:	ff 4f       	sbci	r31, 0xFF	; 255
    31ea:	88 ec       	ldi	r24, 0xC8	; 200
    31ec:	90 e0       	ldi	r25, 0x00	; 0
    31ee:	91 83       	std	Z+1, r25	; 0x01
    31f0:	80 83       	st	Z, r24
    31f2:	fe 01       	movw	r30, r28
    31f4:	e1 57       	subi	r30, 0x71	; 113
    31f6:	ff 4f       	sbci	r31, 0xFF	; 255
    31f8:	80 81       	ld	r24, Z
    31fa:	91 81       	ldd	r25, Z+1	; 0x01
    31fc:	01 97       	sbiw	r24, 0x01	; 1
    31fe:	f1 f7       	brne	.-4      	; 0x31fc <password_change+0x322>
    3200:	fe 01       	movw	r30, r28
    3202:	e1 57       	subi	r30, 0x71	; 113
    3204:	ff 4f       	sbci	r31, 0xFF	; 255
    3206:	91 83       	std	Z+1, r25	; 0x01
    3208:	80 83       	st	Z, r24
		while(__ticks)
		{
			// wait 1/10 ms
			_delay_loop_2(((F_CPU) / 4e3) / 10);
			__ticks --;
    320a:	de 01       	movw	r26, r28
    320c:	af 56       	subi	r26, 0x6F	; 111
    320e:	bf 4f       	sbci	r27, 0xFF	; 255
    3210:	fe 01       	movw	r30, r28
    3212:	ef 56       	subi	r30, 0x6F	; 111
    3214:	ff 4f       	sbci	r31, 0xFF	; 255
    3216:	80 81       	ld	r24, Z
    3218:	91 81       	ldd	r25, Z+1	; 0x01
    321a:	01 97       	sbiw	r24, 0x01	; 1
    321c:	11 96       	adiw	r26, 0x01	; 1
    321e:	9c 93       	st	X, r25
    3220:	8e 93       	st	-X, r24
		__ticks = 1;
	else if (__tmp > 65535)
	{
		//	__ticks = requested delay in 1/10 ms
		__ticks = (uint16_t) (__ms * 10.0);
		while(__ticks)
    3222:	fe 01       	movw	r30, r28
    3224:	ef 56       	subi	r30, 0x6F	; 111
    3226:	ff 4f       	sbci	r31, 0xFF	; 255
    3228:	80 81       	ld	r24, Z
    322a:	91 81       	ldd	r25, Z+1	; 0x01
    322c:	00 97       	sbiw	r24, 0x00	; 0
    322e:	d1 f6       	brne	.-76     	; 0x31e4 <password_change+0x30a>
    3230:	27 c0       	rjmp	.+78     	; 0x3280 <password_change+0x3a6>
			__ticks --;
		}
		return;
	}
	else
		__ticks = (uint16_t)__tmp;
    3232:	8e 01       	movw	r16, r28
    3234:	0f 56       	subi	r16, 0x6F	; 111
    3236:	1f 4f       	sbci	r17, 0xFF	; 255
    3238:	fe 01       	movw	r30, r28
    323a:	ed 56       	subi	r30, 0x6D	; 109
    323c:	ff 4f       	sbci	r31, 0xFF	; 255
    323e:	60 81       	ld	r22, Z
    3240:	71 81       	ldd	r23, Z+1	; 0x01
    3242:	82 81       	ldd	r24, Z+2	; 0x02
    3244:	93 81       	ldd	r25, Z+3	; 0x03
    3246:	0e 94 49 00 	call	0x92	; 0x92 <__fixunssfsi>
    324a:	dc 01       	movw	r26, r24
    324c:	cb 01       	movw	r24, r22
    324e:	f8 01       	movw	r30, r16
    3250:	91 83       	std	Z+1, r25	; 0x01
    3252:	80 83       	st	Z, r24
    3254:	de 01       	movw	r26, r28
    3256:	a3 57       	subi	r26, 0x73	; 115
    3258:	bf 4f       	sbci	r27, 0xFF	; 255
    325a:	fe 01       	movw	r30, r28
    325c:	ef 56       	subi	r30, 0x6F	; 111
    325e:	ff 4f       	sbci	r31, 0xFF	; 255
    3260:	80 81       	ld	r24, Z
    3262:	91 81       	ldd	r25, Z+1	; 0x01
    3264:	8d 93       	st	X+, r24
    3266:	9c 93       	st	X, r25
    3268:	fe 01       	movw	r30, r28
    326a:	e3 57       	subi	r30, 0x73	; 115
    326c:	ff 4f       	sbci	r31, 0xFF	; 255
    326e:	80 81       	ld	r24, Z
    3270:	91 81       	ldd	r25, Z+1	; 0x01
    3272:	01 97       	sbiw	r24, 0x01	; 1
    3274:	f1 f7       	brne	.-4      	; 0x3272 <password_change+0x398>
    3276:	fe 01       	movw	r30, r28
    3278:	e3 57       	subi	r30, 0x73	; 115
    327a:	ff 4f       	sbci	r31, 0xFF	; 255
    327c:	91 83       	std	Z+1, r25	; 0x01
    327e:	80 83       	st	Z, r24
	_delay_ms(100);
	LCD_WriteData(New_password[0]);
    3280:	fe 01       	movw	r30, r28
    3282:	e7 55       	subi	r30, 0x57	; 87
    3284:	ff 4f       	sbci	r31, 0xFF	; 255
    3286:	80 81       	ld	r24, Z
    3288:	0e 94 06 0c 	call	0x180c	; 0x180c <LCD_WriteData>
    328c:	fe 01       	movw	r30, r28
    328e:	e7 57       	subi	r30, 0x77	; 119
    3290:	ff 4f       	sbci	r31, 0xFF	; 255
    3292:	80 e0       	ldi	r24, 0x00	; 0
    3294:	90 e0       	ldi	r25, 0x00	; 0
    3296:	a8 ec       	ldi	r26, 0xC8	; 200
    3298:	b2 e4       	ldi	r27, 0x42	; 66
    329a:	80 83       	st	Z, r24
    329c:	91 83       	std	Z+1, r25	; 0x01
    329e:	a2 83       	std	Z+2, r26	; 0x02
    32a0:	b3 83       	std	Z+3, r27	; 0x03
 */
void
_delay_ms(double __ms)
{
	uint16_t __ticks;
	double __tmp = ((F_CPU) / 4e3) * __ms;
    32a2:	8e 01       	movw	r16, r28
    32a4:	0b 57       	subi	r16, 0x7B	; 123
    32a6:	1f 4f       	sbci	r17, 0xFF	; 255
    32a8:	fe 01       	movw	r30, r28
    32aa:	e7 57       	subi	r30, 0x77	; 119
    32ac:	ff 4f       	sbci	r31, 0xFF	; 255
    32ae:	60 81       	ld	r22, Z
    32b0:	71 81       	ldd	r23, Z+1	; 0x01
    32b2:	82 81       	ldd	r24, Z+2	; 0x02
    32b4:	93 81       	ldd	r25, Z+3	; 0x03
    32b6:	20 e0       	ldi	r18, 0x00	; 0
    32b8:	30 e0       	ldi	r19, 0x00	; 0
    32ba:	4a ef       	ldi	r20, 0xFA	; 250
    32bc:	54 e4       	ldi	r21, 0x44	; 68
    32be:	0e 94 1f 02 	call	0x43e	; 0x43e <__mulsf3>
    32c2:	dc 01       	movw	r26, r24
    32c4:	cb 01       	movw	r24, r22
    32c6:	f8 01       	movw	r30, r16
    32c8:	80 83       	st	Z, r24
    32ca:	91 83       	std	Z+1, r25	; 0x01
    32cc:	a2 83       	std	Z+2, r26	; 0x02
    32ce:	b3 83       	std	Z+3, r27	; 0x03
	if (__tmp < 1.0)
    32d0:	fe 01       	movw	r30, r28
    32d2:	eb 57       	subi	r30, 0x7B	; 123
    32d4:	ff 4f       	sbci	r31, 0xFF	; 255
    32d6:	60 81       	ld	r22, Z
    32d8:	71 81       	ldd	r23, Z+1	; 0x01
    32da:	82 81       	ldd	r24, Z+2	; 0x02
    32dc:	93 81       	ldd	r25, Z+3	; 0x03
    32de:	20 e0       	ldi	r18, 0x00	; 0
    32e0:	30 e0       	ldi	r19, 0x00	; 0
    32e2:	40 e8       	ldi	r20, 0x80	; 128
    32e4:	5f e3       	ldi	r21, 0x3F	; 63
    32e6:	0e 94 79 03 	call	0x6f2	; 0x6f2 <__ltsf2>
    32ea:	88 23       	and	r24, r24
    32ec:	44 f4       	brge	.+16     	; 0x32fe <password_change+0x424>
		__ticks = 1;
    32ee:	fe 01       	movw	r30, r28
    32f0:	ed 57       	subi	r30, 0x7D	; 125
    32f2:	ff 4f       	sbci	r31, 0xFF	; 255
    32f4:	81 e0       	ldi	r24, 0x01	; 1
    32f6:	90 e0       	ldi	r25, 0x00	; 0
    32f8:	91 83       	std	Z+1, r25	; 0x01
    32fa:	80 83       	st	Z, r24
    32fc:	64 c0       	rjmp	.+200    	; 0x33c6 <password_change+0x4ec>
	else if (__tmp > 65535)
    32fe:	fe 01       	movw	r30, r28
    3300:	eb 57       	subi	r30, 0x7B	; 123
    3302:	ff 4f       	sbci	r31, 0xFF	; 255
    3304:	60 81       	ld	r22, Z
    3306:	71 81       	ldd	r23, Z+1	; 0x01
    3308:	82 81       	ldd	r24, Z+2	; 0x02
    330a:	93 81       	ldd	r25, Z+3	; 0x03
    330c:	20 e0       	ldi	r18, 0x00	; 0
    330e:	3f ef       	ldi	r19, 0xFF	; 255
    3310:	4f e7       	ldi	r20, 0x7F	; 127
    3312:	57 e4       	ldi	r21, 0x47	; 71
    3314:	0e 94 19 03 	call	0x632	; 0x632 <__gtsf2>
    3318:	18 16       	cp	r1, r24
    331a:	0c f0       	brlt	.+2      	; 0x331e <password_change+0x444>
    331c:	43 c0       	rjmp	.+134    	; 0x33a4 <password_change+0x4ca>
	{
		//	__ticks = requested delay in 1/10 ms
		__ticks = (uint16_t) (__ms * 10.0);
    331e:	fe 01       	movw	r30, r28
    3320:	e7 57       	subi	r30, 0x77	; 119
    3322:	ff 4f       	sbci	r31, 0xFF	; 255
    3324:	60 81       	ld	r22, Z
    3326:	71 81       	ldd	r23, Z+1	; 0x01
    3328:	82 81       	ldd	r24, Z+2	; 0x02
    332a:	93 81       	ldd	r25, Z+3	; 0x03
    332c:	20 e0       	ldi	r18, 0x00	; 0
    332e:	30 e0       	ldi	r19, 0x00	; 0
    3330:	40 e2       	ldi	r20, 0x20	; 32
    3332:	51 e4       	ldi	r21, 0x41	; 65
    3334:	0e 94 1f 02 	call	0x43e	; 0x43e <__mulsf3>
    3338:	dc 01       	movw	r26, r24
    333a:	cb 01       	movw	r24, r22
    333c:	8e 01       	movw	r16, r28
    333e:	0d 57       	subi	r16, 0x7D	; 125
    3340:	1f 4f       	sbci	r17, 0xFF	; 255
    3342:	bc 01       	movw	r22, r24
    3344:	cd 01       	movw	r24, r26
    3346:	0e 94 49 00 	call	0x92	; 0x92 <__fixunssfsi>
    334a:	dc 01       	movw	r26, r24
    334c:	cb 01       	movw	r24, r22
    334e:	f8 01       	movw	r30, r16
    3350:	91 83       	std	Z+1, r25	; 0x01
    3352:	80 83       	st	Z, r24
    3354:	1f c0       	rjmp	.+62     	; 0x3394 <password_change+0x4ba>
    3356:	fe 01       	movw	r30, r28
    3358:	ef 57       	subi	r30, 0x7F	; 127
    335a:	ff 4f       	sbci	r31, 0xFF	; 255
    335c:	88 ec       	ldi	r24, 0xC8	; 200
    335e:	90 e0       	ldi	r25, 0x00	; 0
    3360:	91 83       	std	Z+1, r25	; 0x01
    3362:	80 83       	st	Z, r24
    3364:	fe 01       	movw	r30, r28
    3366:	ef 57       	subi	r30, 0x7F	; 127
    3368:	ff 4f       	sbci	r31, 0xFF	; 255
    336a:	80 81       	ld	r24, Z
    336c:	91 81       	ldd	r25, Z+1	; 0x01
    336e:	01 97       	sbiw	r24, 0x01	; 1
    3370:	f1 f7       	brne	.-4      	; 0x336e <password_change+0x494>
    3372:	fe 01       	movw	r30, r28
    3374:	ef 57       	subi	r30, 0x7F	; 127
    3376:	ff 4f       	sbci	r31, 0xFF	; 255
    3378:	91 83       	std	Z+1, r25	; 0x01
    337a:	80 83       	st	Z, r24
		while(__ticks)
		{
			// wait 1/10 ms
			_delay_loop_2(((F_CPU) / 4e3) / 10);
			__ticks --;
    337c:	de 01       	movw	r26, r28
    337e:	ad 57       	subi	r26, 0x7D	; 125
    3380:	bf 4f       	sbci	r27, 0xFF	; 255
    3382:	fe 01       	movw	r30, r28
    3384:	ed 57       	subi	r30, 0x7D	; 125
    3386:	ff 4f       	sbci	r31, 0xFF	; 255
    3388:	80 81       	ld	r24, Z
    338a:	91 81       	ldd	r25, Z+1	; 0x01
    338c:	01 97       	sbiw	r24, 0x01	; 1
    338e:	11 96       	adiw	r26, 0x01	; 1
    3390:	9c 93       	st	X, r25
    3392:	8e 93       	st	-X, r24
		__ticks = 1;
	else if (__tmp > 65535)
	{
		//	__ticks = requested delay in 1/10 ms
		__ticks = (uint16_t) (__ms * 10.0);
		while(__ticks)
    3394:	fe 01       	movw	r30, r28
    3396:	ed 57       	subi	r30, 0x7D	; 125
    3398:	ff 4f       	sbci	r31, 0xFF	; 255
    339a:	80 81       	ld	r24, Z
    339c:	91 81       	ldd	r25, Z+1	; 0x01
    339e:	00 97       	sbiw	r24, 0x00	; 0
    33a0:	d1 f6       	brne	.-76     	; 0x3356 <password_change+0x47c>
    33a2:	27 c0       	rjmp	.+78     	; 0x33f2 <password_change+0x518>
			__ticks --;
		}
		return;
	}
	else
		__ticks = (uint16_t)__tmp;
    33a4:	8e 01       	movw	r16, r28
    33a6:	0d 57       	subi	r16, 0x7D	; 125
    33a8:	1f 4f       	sbci	r17, 0xFF	; 255
    33aa:	fe 01       	movw	r30, r28
    33ac:	eb 57       	subi	r30, 0x7B	; 123
    33ae:	ff 4f       	sbci	r31, 0xFF	; 255
    33b0:	60 81       	ld	r22, Z
    33b2:	71 81       	ldd	r23, Z+1	; 0x01
    33b4:	82 81       	ldd	r24, Z+2	; 0x02
    33b6:	93 81       	ldd	r25, Z+3	; 0x03
    33b8:	0e 94 49 00 	call	0x92	; 0x92 <__fixunssfsi>
    33bc:	dc 01       	movw	r26, r24
    33be:	cb 01       	movw	r24, r22
    33c0:	f8 01       	movw	r30, r16
    33c2:	91 83       	std	Z+1, r25	; 0x01
    33c4:	80 83       	st	Z, r24
    33c6:	de 01       	movw	r26, r28
    33c8:	a1 58       	subi	r26, 0x81	; 129
    33ca:	bf 4f       	sbci	r27, 0xFF	; 255
    33cc:	fe 01       	movw	r30, r28
    33ce:	ed 57       	subi	r30, 0x7D	; 125
    33d0:	ff 4f       	sbci	r31, 0xFF	; 255
    33d2:	80 81       	ld	r24, Z
    33d4:	91 81       	ldd	r25, Z+1	; 0x01
    33d6:	8d 93       	st	X+, r24
    33d8:	9c 93       	st	X, r25
    33da:	fe 01       	movw	r30, r28
    33dc:	e1 58       	subi	r30, 0x81	; 129
    33de:	ff 4f       	sbci	r31, 0xFF	; 255
    33e0:	80 81       	ld	r24, Z
    33e2:	91 81       	ldd	r25, Z+1	; 0x01
    33e4:	01 97       	sbiw	r24, 0x01	; 1
    33e6:	f1 f7       	brne	.-4      	; 0x33e4 <password_change+0x50a>
    33e8:	fe 01       	movw	r30, r28
    33ea:	e1 58       	subi	r30, 0x81	; 129
    33ec:	ff 4f       	sbci	r31, 0xFF	; 255
    33ee:	91 83       	std	Z+1, r25	; 0x01
    33f0:	80 83       	st	Z, r24
	_delay_ms(100);
	New_password[1] = 48 + keybad();
    33f2:	0e 94 af 0d 	call	0x1b5e	; 0x1b5e <keybad>
    33f6:	80 5d       	subi	r24, 0xD0	; 208
    33f8:	fe 01       	movw	r30, r28
    33fa:	e7 55       	subi	r30, 0x57	; 87
    33fc:	ff 4f       	sbci	r31, 0xFF	; 255
    33fe:	81 83       	std	Z+1, r24	; 0x01
    3400:	fe 01       	movw	r30, r28
    3402:	e5 58       	subi	r30, 0x85	; 133
    3404:	ff 4f       	sbci	r31, 0xFF	; 255
    3406:	80 e0       	ldi	r24, 0x00	; 0
    3408:	90 e0       	ldi	r25, 0x00	; 0
    340a:	a8 ec       	ldi	r26, 0xC8	; 200
    340c:	b2 e4       	ldi	r27, 0x42	; 66
    340e:	80 83       	st	Z, r24
    3410:	91 83       	std	Z+1, r25	; 0x01
    3412:	a2 83       	std	Z+2, r26	; 0x02
    3414:	b3 83       	std	Z+3, r27	; 0x03
 */
void
_delay_ms(double __ms)
{
	uint16_t __ticks;
	double __tmp = ((F_CPU) / 4e3) * __ms;
    3416:	8e 01       	movw	r16, r28
    3418:	09 58       	subi	r16, 0x89	; 137
    341a:	1f 4f       	sbci	r17, 0xFF	; 255
    341c:	fe 01       	movw	r30, r28
    341e:	e5 58       	subi	r30, 0x85	; 133
    3420:	ff 4f       	sbci	r31, 0xFF	; 255
    3422:	60 81       	ld	r22, Z
    3424:	71 81       	ldd	r23, Z+1	; 0x01
    3426:	82 81       	ldd	r24, Z+2	; 0x02
    3428:	93 81       	ldd	r25, Z+3	; 0x03
    342a:	20 e0       	ldi	r18, 0x00	; 0
    342c:	30 e0       	ldi	r19, 0x00	; 0
    342e:	4a ef       	ldi	r20, 0xFA	; 250
    3430:	54 e4       	ldi	r21, 0x44	; 68
    3432:	0e 94 1f 02 	call	0x43e	; 0x43e <__mulsf3>
    3436:	dc 01       	movw	r26, r24
    3438:	cb 01       	movw	r24, r22
    343a:	f8 01       	movw	r30, r16
    343c:	80 83       	st	Z, r24
    343e:	91 83       	std	Z+1, r25	; 0x01
    3440:	a2 83       	std	Z+2, r26	; 0x02
    3442:	b3 83       	std	Z+3, r27	; 0x03
	if (__tmp < 1.0)
    3444:	fe 01       	movw	r30, r28
    3446:	e9 58       	subi	r30, 0x89	; 137
    3448:	ff 4f       	sbci	r31, 0xFF	; 255
    344a:	60 81       	ld	r22, Z
    344c:	71 81       	ldd	r23, Z+1	; 0x01
    344e:	82 81       	ldd	r24, Z+2	; 0x02
    3450:	93 81       	ldd	r25, Z+3	; 0x03
    3452:	20 e0       	ldi	r18, 0x00	; 0
    3454:	30 e0       	ldi	r19, 0x00	; 0
    3456:	40 e8       	ldi	r20, 0x80	; 128
    3458:	5f e3       	ldi	r21, 0x3F	; 63
    345a:	0e 94 79 03 	call	0x6f2	; 0x6f2 <__ltsf2>
    345e:	88 23       	and	r24, r24
    3460:	44 f4       	brge	.+16     	; 0x3472 <password_change+0x598>
		__ticks = 1;
    3462:	fe 01       	movw	r30, r28
    3464:	eb 58       	subi	r30, 0x8B	; 139
    3466:	ff 4f       	sbci	r31, 0xFF	; 255
    3468:	81 e0       	ldi	r24, 0x01	; 1
    346a:	90 e0       	ldi	r25, 0x00	; 0
    346c:	91 83       	std	Z+1, r25	; 0x01
    346e:	80 83       	st	Z, r24
    3470:	64 c0       	rjmp	.+200    	; 0x353a <password_change+0x660>
	else if (__tmp > 65535)
    3472:	fe 01       	movw	r30, r28
    3474:	e9 58       	subi	r30, 0x89	; 137
    3476:	ff 4f       	sbci	r31, 0xFF	; 255
    3478:	60 81       	ld	r22, Z
    347a:	71 81       	ldd	r23, Z+1	; 0x01
    347c:	82 81       	ldd	r24, Z+2	; 0x02
    347e:	93 81       	ldd	r25, Z+3	; 0x03
    3480:	20 e0       	ldi	r18, 0x00	; 0
    3482:	3f ef       	ldi	r19, 0xFF	; 255
    3484:	4f e7       	ldi	r20, 0x7F	; 127
    3486:	57 e4       	ldi	r21, 0x47	; 71
    3488:	0e 94 19 03 	call	0x632	; 0x632 <__gtsf2>
    348c:	18 16       	cp	r1, r24
    348e:	0c f0       	brlt	.+2      	; 0x3492 <password_change+0x5b8>
    3490:	43 c0       	rjmp	.+134    	; 0x3518 <password_change+0x63e>
	{
		//	__ticks = requested delay in 1/10 ms
		__ticks = (uint16_t) (__ms * 10.0);
    3492:	fe 01       	movw	r30, r28
    3494:	e5 58       	subi	r30, 0x85	; 133
    3496:	ff 4f       	sbci	r31, 0xFF	; 255
    3498:	60 81       	ld	r22, Z
    349a:	71 81       	ldd	r23, Z+1	; 0x01
    349c:	82 81       	ldd	r24, Z+2	; 0x02
    349e:	93 81       	ldd	r25, Z+3	; 0x03
    34a0:	20 e0       	ldi	r18, 0x00	; 0
    34a2:	30 e0       	ldi	r19, 0x00	; 0
    34a4:	40 e2       	ldi	r20, 0x20	; 32
    34a6:	51 e4       	ldi	r21, 0x41	; 65
    34a8:	0e 94 1f 02 	call	0x43e	; 0x43e <__mulsf3>
    34ac:	dc 01       	movw	r26, r24
    34ae:	cb 01       	movw	r24, r22
    34b0:	8e 01       	movw	r16, r28
    34b2:	0b 58       	subi	r16, 0x8B	; 139
    34b4:	1f 4f       	sbci	r17, 0xFF	; 255
    34b6:	bc 01       	movw	r22, r24
    34b8:	cd 01       	movw	r24, r26
    34ba:	0e 94 49 00 	call	0x92	; 0x92 <__fixunssfsi>
    34be:	dc 01       	movw	r26, r24
    34c0:	cb 01       	movw	r24, r22
    34c2:	f8 01       	movw	r30, r16
    34c4:	91 83       	std	Z+1, r25	; 0x01
    34c6:	80 83       	st	Z, r24
    34c8:	1f c0       	rjmp	.+62     	; 0x3508 <password_change+0x62e>
    34ca:	fe 01       	movw	r30, r28
    34cc:	ed 58       	subi	r30, 0x8D	; 141
    34ce:	ff 4f       	sbci	r31, 0xFF	; 255
    34d0:	88 ec       	ldi	r24, 0xC8	; 200
    34d2:	90 e0       	ldi	r25, 0x00	; 0
    34d4:	91 83       	std	Z+1, r25	; 0x01
    34d6:	80 83       	st	Z, r24
    34d8:	fe 01       	movw	r30, r28
    34da:	ed 58       	subi	r30, 0x8D	; 141
    34dc:	ff 4f       	sbci	r31, 0xFF	; 255
    34de:	80 81       	ld	r24, Z
    34e0:	91 81       	ldd	r25, Z+1	; 0x01
    34e2:	01 97       	sbiw	r24, 0x01	; 1
    34e4:	f1 f7       	brne	.-4      	; 0x34e2 <password_change+0x608>
    34e6:	fe 01       	movw	r30, r28
    34e8:	ed 58       	subi	r30, 0x8D	; 141
    34ea:	ff 4f       	sbci	r31, 0xFF	; 255
    34ec:	91 83       	std	Z+1, r25	; 0x01
    34ee:	80 83       	st	Z, r24
		while(__ticks)
		{
			// wait 1/10 ms
			_delay_loop_2(((F_CPU) / 4e3) / 10);
			__ticks --;
    34f0:	de 01       	movw	r26, r28
    34f2:	ab 58       	subi	r26, 0x8B	; 139
    34f4:	bf 4f       	sbci	r27, 0xFF	; 255
    34f6:	fe 01       	movw	r30, r28
    34f8:	eb 58       	subi	r30, 0x8B	; 139
    34fa:	ff 4f       	sbci	r31, 0xFF	; 255
    34fc:	80 81       	ld	r24, Z
    34fe:	91 81       	ldd	r25, Z+1	; 0x01
    3500:	01 97       	sbiw	r24, 0x01	; 1
    3502:	11 96       	adiw	r26, 0x01	; 1
    3504:	9c 93       	st	X, r25
    3506:	8e 93       	st	-X, r24
		__ticks = 1;
	else if (__tmp > 65535)
	{
		//	__ticks = requested delay in 1/10 ms
		__ticks = (uint16_t) (__ms * 10.0);
		while(__ticks)
    3508:	fe 01       	movw	r30, r28
    350a:	eb 58       	subi	r30, 0x8B	; 139
    350c:	ff 4f       	sbci	r31, 0xFF	; 255
    350e:	80 81       	ld	r24, Z
    3510:	91 81       	ldd	r25, Z+1	; 0x01
    3512:	00 97       	sbiw	r24, 0x00	; 0
    3514:	d1 f6       	brne	.-76     	; 0x34ca <password_change+0x5f0>
    3516:	27 c0       	rjmp	.+78     	; 0x3566 <password_change+0x68c>
			__ticks --;
		}
		return;
	}
	else
		__ticks = (uint16_t)__tmp;
    3518:	8e 01       	movw	r16, r28
    351a:	0b 58       	subi	r16, 0x8B	; 139
    351c:	1f 4f       	sbci	r17, 0xFF	; 255
    351e:	fe 01       	movw	r30, r28
    3520:	e9 58       	subi	r30, 0x89	; 137
    3522:	ff 4f       	sbci	r31, 0xFF	; 255
    3524:	60 81       	ld	r22, Z
    3526:	71 81       	ldd	r23, Z+1	; 0x01
    3528:	82 81       	ldd	r24, Z+2	; 0x02
    352a:	93 81       	ldd	r25, Z+3	; 0x03
    352c:	0e 94 49 00 	call	0x92	; 0x92 <__fixunssfsi>
    3530:	dc 01       	movw	r26, r24
    3532:	cb 01       	movw	r24, r22
    3534:	f8 01       	movw	r30, r16
    3536:	91 83       	std	Z+1, r25	; 0x01
    3538:	80 83       	st	Z, r24
    353a:	de 01       	movw	r26, r28
    353c:	af 58       	subi	r26, 0x8F	; 143
    353e:	bf 4f       	sbci	r27, 0xFF	; 255
    3540:	fe 01       	movw	r30, r28
    3542:	eb 58       	subi	r30, 0x8B	; 139
    3544:	ff 4f       	sbci	r31, 0xFF	; 255
    3546:	80 81       	ld	r24, Z
    3548:	91 81       	ldd	r25, Z+1	; 0x01
    354a:	8d 93       	st	X+, r24
    354c:	9c 93       	st	X, r25
    354e:	fe 01       	movw	r30, r28
    3550:	ef 58       	subi	r30, 0x8F	; 143
    3552:	ff 4f       	sbci	r31, 0xFF	; 255
    3554:	80 81       	ld	r24, Z
    3556:	91 81       	ldd	r25, Z+1	; 0x01
    3558:	01 97       	sbiw	r24, 0x01	; 1
    355a:	f1 f7       	brne	.-4      	; 0x3558 <password_change+0x67e>
    355c:	fe 01       	movw	r30, r28
    355e:	ef 58       	subi	r30, 0x8F	; 143
    3560:	ff 4f       	sbci	r31, 0xFF	; 255
    3562:	91 83       	std	Z+1, r25	; 0x01
    3564:	80 83       	st	Z, r24
	_delay_ms(100);
	EEPROM_Write_Data(0x1f, New_password[1]);
    3566:	fe 01       	movw	r30, r28
    3568:	e7 55       	subi	r30, 0x57	; 87
    356a:	ff 4f       	sbci	r31, 0xFF	; 255
    356c:	91 81       	ldd	r25, Z+1	; 0x01
    356e:	8f e1       	ldi	r24, 0x1F	; 31
    3570:	69 2f       	mov	r22, r25
    3572:	0e 94 ac 05 	call	0xb58	; 0xb58 <EEPROM_Write_Data>
    3576:	fe 01       	movw	r30, r28
    3578:	e3 59       	subi	r30, 0x93	; 147
    357a:	ff 4f       	sbci	r31, 0xFF	; 255
    357c:	80 e0       	ldi	r24, 0x00	; 0
    357e:	90 e0       	ldi	r25, 0x00	; 0
    3580:	a8 ec       	ldi	r26, 0xC8	; 200
    3582:	b2 e4       	ldi	r27, 0x42	; 66
    3584:	80 83       	st	Z, r24
    3586:	91 83       	std	Z+1, r25	; 0x01
    3588:	a2 83       	std	Z+2, r26	; 0x02
    358a:	b3 83       	std	Z+3, r27	; 0x03
 */
void
_delay_ms(double __ms)
{
	uint16_t __ticks;
	double __tmp = ((F_CPU) / 4e3) * __ms;
    358c:	8e 01       	movw	r16, r28
    358e:	07 59       	subi	r16, 0x97	; 151
    3590:	1f 4f       	sbci	r17, 0xFF	; 255
    3592:	fe 01       	movw	r30, r28
    3594:	e3 59       	subi	r30, 0x93	; 147
    3596:	ff 4f       	sbci	r31, 0xFF	; 255
    3598:	60 81       	ld	r22, Z
    359a:	71 81       	ldd	r23, Z+1	; 0x01
    359c:	82 81       	ldd	r24, Z+2	; 0x02
    359e:	93 81       	ldd	r25, Z+3	; 0x03
    35a0:	20 e0       	ldi	r18, 0x00	; 0
    35a2:	30 e0       	ldi	r19, 0x00	; 0
    35a4:	4a ef       	ldi	r20, 0xFA	; 250
    35a6:	54 e4       	ldi	r21, 0x44	; 68
    35a8:	0e 94 1f 02 	call	0x43e	; 0x43e <__mulsf3>
    35ac:	dc 01       	movw	r26, r24
    35ae:	cb 01       	movw	r24, r22
    35b0:	f8 01       	movw	r30, r16
    35b2:	80 83       	st	Z, r24
    35b4:	91 83       	std	Z+1, r25	; 0x01
    35b6:	a2 83       	std	Z+2, r26	; 0x02
    35b8:	b3 83       	std	Z+3, r27	; 0x03
	if (__tmp < 1.0)
    35ba:	fe 01       	movw	r30, r28
    35bc:	e7 59       	subi	r30, 0x97	; 151
    35be:	ff 4f       	sbci	r31, 0xFF	; 255
    35c0:	60 81       	ld	r22, Z
    35c2:	71 81       	ldd	r23, Z+1	; 0x01
    35c4:	82 81       	ldd	r24, Z+2	; 0x02
    35c6:	93 81       	ldd	r25, Z+3	; 0x03
    35c8:	20 e0       	ldi	r18, 0x00	; 0
    35ca:	30 e0       	ldi	r19, 0x00	; 0
    35cc:	40 e8       	ldi	r20, 0x80	; 128
    35ce:	5f e3       	ldi	r21, 0x3F	; 63
    35d0:	0e 94 79 03 	call	0x6f2	; 0x6f2 <__ltsf2>
    35d4:	88 23       	and	r24, r24
    35d6:	44 f4       	brge	.+16     	; 0x35e8 <password_change+0x70e>
		__ticks = 1;
    35d8:	fe 01       	movw	r30, r28
    35da:	e9 59       	subi	r30, 0x99	; 153
    35dc:	ff 4f       	sbci	r31, 0xFF	; 255
    35de:	81 e0       	ldi	r24, 0x01	; 1
    35e0:	90 e0       	ldi	r25, 0x00	; 0
    35e2:	91 83       	std	Z+1, r25	; 0x01
    35e4:	80 83       	st	Z, r24
    35e6:	64 c0       	rjmp	.+200    	; 0x36b0 <password_change+0x7d6>
	else if (__tmp > 65535)
    35e8:	fe 01       	movw	r30, r28
    35ea:	e7 59       	subi	r30, 0x97	; 151
    35ec:	ff 4f       	sbci	r31, 0xFF	; 255
    35ee:	60 81       	ld	r22, Z
    35f0:	71 81       	ldd	r23, Z+1	; 0x01
    35f2:	82 81       	ldd	r24, Z+2	; 0x02
    35f4:	93 81       	ldd	r25, Z+3	; 0x03
    35f6:	20 e0       	ldi	r18, 0x00	; 0
    35f8:	3f ef       	ldi	r19, 0xFF	; 255
    35fa:	4f e7       	ldi	r20, 0x7F	; 127
    35fc:	57 e4       	ldi	r21, 0x47	; 71
    35fe:	0e 94 19 03 	call	0x632	; 0x632 <__gtsf2>
    3602:	18 16       	cp	r1, r24
    3604:	0c f0       	brlt	.+2      	; 0x3608 <password_change+0x72e>
    3606:	43 c0       	rjmp	.+134    	; 0x368e <password_change+0x7b4>
	{
		//	__ticks = requested delay in 1/10 ms
		__ticks = (uint16_t) (__ms * 10.0);
    3608:	fe 01       	movw	r30, r28
    360a:	e3 59       	subi	r30, 0x93	; 147
    360c:	ff 4f       	sbci	r31, 0xFF	; 255
    360e:	60 81       	ld	r22, Z
    3610:	71 81       	ldd	r23, Z+1	; 0x01
    3612:	82 81       	ldd	r24, Z+2	; 0x02
    3614:	93 81       	ldd	r25, Z+3	; 0x03
    3616:	20 e0       	ldi	r18, 0x00	; 0
    3618:	30 e0       	ldi	r19, 0x00	; 0
    361a:	40 e2       	ldi	r20, 0x20	; 32
    361c:	51 e4       	ldi	r21, 0x41	; 65
    361e:	0e 94 1f 02 	call	0x43e	; 0x43e <__mulsf3>
    3622:	dc 01       	movw	r26, r24
    3624:	cb 01       	movw	r24, r22
    3626:	8e 01       	movw	r16, r28
    3628:	09 59       	subi	r16, 0x99	; 153
    362a:	1f 4f       	sbci	r17, 0xFF	; 255
    362c:	bc 01       	movw	r22, r24
    362e:	cd 01       	movw	r24, r26
    3630:	0e 94 49 00 	call	0x92	; 0x92 <__fixunssfsi>
    3634:	dc 01       	movw	r26, r24
    3636:	cb 01       	movw	r24, r22
    3638:	f8 01       	movw	r30, r16
    363a:	91 83       	std	Z+1, r25	; 0x01
    363c:	80 83       	st	Z, r24
    363e:	1f c0       	rjmp	.+62     	; 0x367e <password_change+0x7a4>
    3640:	fe 01       	movw	r30, r28
    3642:	eb 59       	subi	r30, 0x9B	; 155
    3644:	ff 4f       	sbci	r31, 0xFF	; 255
    3646:	88 ec       	ldi	r24, 0xC8	; 200
    3648:	90 e0       	ldi	r25, 0x00	; 0
    364a:	91 83       	std	Z+1, r25	; 0x01
    364c:	80 83       	st	Z, r24
    364e:	fe 01       	movw	r30, r28
    3650:	eb 59       	subi	r30, 0x9B	; 155
    3652:	ff 4f       	sbci	r31, 0xFF	; 255
    3654:	80 81       	ld	r24, Z
    3656:	91 81       	ldd	r25, Z+1	; 0x01
    3658:	01 97       	sbiw	r24, 0x01	; 1
    365a:	f1 f7       	brne	.-4      	; 0x3658 <password_change+0x77e>
    365c:	fe 01       	movw	r30, r28
    365e:	eb 59       	subi	r30, 0x9B	; 155
    3660:	ff 4f       	sbci	r31, 0xFF	; 255
    3662:	91 83       	std	Z+1, r25	; 0x01
    3664:	80 83       	st	Z, r24
		while(__ticks)
		{
			// wait 1/10 ms
			_delay_loop_2(((F_CPU) / 4e3) / 10);
			__ticks --;
    3666:	de 01       	movw	r26, r28
    3668:	a9 59       	subi	r26, 0x99	; 153
    366a:	bf 4f       	sbci	r27, 0xFF	; 255
    366c:	fe 01       	movw	r30, r28
    366e:	e9 59       	subi	r30, 0x99	; 153
    3670:	ff 4f       	sbci	r31, 0xFF	; 255
    3672:	80 81       	ld	r24, Z
    3674:	91 81       	ldd	r25, Z+1	; 0x01
    3676:	01 97       	sbiw	r24, 0x01	; 1
    3678:	11 96       	adiw	r26, 0x01	; 1
    367a:	9c 93       	st	X, r25
    367c:	8e 93       	st	-X, r24
		__ticks = 1;
	else if (__tmp > 65535)
	{
		//	__ticks = requested delay in 1/10 ms
		__ticks = (uint16_t) (__ms * 10.0);
		while(__ticks)
    367e:	fe 01       	movw	r30, r28
    3680:	e9 59       	subi	r30, 0x99	; 153
    3682:	ff 4f       	sbci	r31, 0xFF	; 255
    3684:	80 81       	ld	r24, Z
    3686:	91 81       	ldd	r25, Z+1	; 0x01
    3688:	00 97       	sbiw	r24, 0x00	; 0
    368a:	d1 f6       	brne	.-76     	; 0x3640 <password_change+0x766>
    368c:	27 c0       	rjmp	.+78     	; 0x36dc <password_change+0x802>
			__ticks --;
		}
		return;
	}
	else
		__ticks = (uint16_t)__tmp;
    368e:	8e 01       	movw	r16, r28
    3690:	09 59       	subi	r16, 0x99	; 153
    3692:	1f 4f       	sbci	r17, 0xFF	; 255
    3694:	fe 01       	movw	r30, r28
    3696:	e7 59       	subi	r30, 0x97	; 151
    3698:	ff 4f       	sbci	r31, 0xFF	; 255
    369a:	60 81       	ld	r22, Z
    369c:	71 81       	ldd	r23, Z+1	; 0x01
    369e:	82 81       	ldd	r24, Z+2	; 0x02
    36a0:	93 81       	ldd	r25, Z+3	; 0x03
    36a2:	0e 94 49 00 	call	0x92	; 0x92 <__fixunssfsi>
    36a6:	dc 01       	movw	r26, r24
    36a8:	cb 01       	movw	r24, r22
    36aa:	f8 01       	movw	r30, r16
    36ac:	91 83       	std	Z+1, r25	; 0x01
    36ae:	80 83       	st	Z, r24
    36b0:	de 01       	movw	r26, r28
    36b2:	ad 59       	subi	r26, 0x9D	; 157
    36b4:	bf 4f       	sbci	r27, 0xFF	; 255
    36b6:	fe 01       	movw	r30, r28
    36b8:	e9 59       	subi	r30, 0x99	; 153
    36ba:	ff 4f       	sbci	r31, 0xFF	; 255
    36bc:	80 81       	ld	r24, Z
    36be:	91 81       	ldd	r25, Z+1	; 0x01
    36c0:	8d 93       	st	X+, r24
    36c2:	9c 93       	st	X, r25
    36c4:	fe 01       	movw	r30, r28
    36c6:	ed 59       	subi	r30, 0x9D	; 157
    36c8:	ff 4f       	sbci	r31, 0xFF	; 255
    36ca:	80 81       	ld	r24, Z
    36cc:	91 81       	ldd	r25, Z+1	; 0x01
    36ce:	01 97       	sbiw	r24, 0x01	; 1
    36d0:	f1 f7       	brne	.-4      	; 0x36ce <password_change+0x7f4>
    36d2:	fe 01       	movw	r30, r28
    36d4:	ed 59       	subi	r30, 0x9D	; 157
    36d6:	ff 4f       	sbci	r31, 0xFF	; 255
    36d8:	91 83       	std	Z+1, r25	; 0x01
    36da:	80 83       	st	Z, r24
	_delay_ms(100);
	LCD_WriteData(New_password[1]);
    36dc:	fe 01       	movw	r30, r28
    36de:	e7 55       	subi	r30, 0x57	; 87
    36e0:	ff 4f       	sbci	r31, 0xFF	; 255
    36e2:	81 81       	ldd	r24, Z+1	; 0x01
    36e4:	0e 94 06 0c 	call	0x180c	; 0x180c <LCD_WriteData>
    36e8:	fe 01       	movw	r30, r28
    36ea:	e1 5a       	subi	r30, 0xA1	; 161
    36ec:	ff 4f       	sbci	r31, 0xFF	; 255
    36ee:	80 e0       	ldi	r24, 0x00	; 0
    36f0:	90 e0       	ldi	r25, 0x00	; 0
    36f2:	a8 ec       	ldi	r26, 0xC8	; 200
    36f4:	b2 e4       	ldi	r27, 0x42	; 66
    36f6:	80 83       	st	Z, r24
    36f8:	91 83       	std	Z+1, r25	; 0x01
    36fa:	a2 83       	std	Z+2, r26	; 0x02
    36fc:	b3 83       	std	Z+3, r27	; 0x03
 */
void
_delay_ms(double __ms)
{
	uint16_t __ticks;
	double __tmp = ((F_CPU) / 4e3) * __ms;
    36fe:	8e 01       	movw	r16, r28
    3700:	05 5a       	subi	r16, 0xA5	; 165
    3702:	1f 4f       	sbci	r17, 0xFF	; 255
    3704:	fe 01       	movw	r30, r28
    3706:	e1 5a       	subi	r30, 0xA1	; 161
    3708:	ff 4f       	sbci	r31, 0xFF	; 255
    370a:	60 81       	ld	r22, Z
    370c:	71 81       	ldd	r23, Z+1	; 0x01
    370e:	82 81       	ldd	r24, Z+2	; 0x02
    3710:	93 81       	ldd	r25, Z+3	; 0x03
    3712:	20 e0       	ldi	r18, 0x00	; 0
    3714:	30 e0       	ldi	r19, 0x00	; 0
    3716:	4a ef       	ldi	r20, 0xFA	; 250
    3718:	54 e4       	ldi	r21, 0x44	; 68
    371a:	0e 94 1f 02 	call	0x43e	; 0x43e <__mulsf3>
    371e:	dc 01       	movw	r26, r24
    3720:	cb 01       	movw	r24, r22
    3722:	f8 01       	movw	r30, r16
    3724:	80 83       	st	Z, r24
    3726:	91 83       	std	Z+1, r25	; 0x01
    3728:	a2 83       	std	Z+2, r26	; 0x02
    372a:	b3 83       	std	Z+3, r27	; 0x03
	if (__tmp < 1.0)
    372c:	fe 01       	movw	r30, r28
    372e:	e5 5a       	subi	r30, 0xA5	; 165
    3730:	ff 4f       	sbci	r31, 0xFF	; 255
    3732:	60 81       	ld	r22, Z
    3734:	71 81       	ldd	r23, Z+1	; 0x01
    3736:	82 81       	ldd	r24, Z+2	; 0x02
    3738:	93 81       	ldd	r25, Z+3	; 0x03
    373a:	20 e0       	ldi	r18, 0x00	; 0
    373c:	30 e0       	ldi	r19, 0x00	; 0
    373e:	40 e8       	ldi	r20, 0x80	; 128
    3740:	5f e3       	ldi	r21, 0x3F	; 63
    3742:	0e 94 79 03 	call	0x6f2	; 0x6f2 <__ltsf2>
    3746:	88 23       	and	r24, r24
    3748:	44 f4       	brge	.+16     	; 0x375a <password_change+0x880>
		__ticks = 1;
    374a:	fe 01       	movw	r30, r28
    374c:	e7 5a       	subi	r30, 0xA7	; 167
    374e:	ff 4f       	sbci	r31, 0xFF	; 255
    3750:	81 e0       	ldi	r24, 0x01	; 1
    3752:	90 e0       	ldi	r25, 0x00	; 0
    3754:	91 83       	std	Z+1, r25	; 0x01
    3756:	80 83       	st	Z, r24
    3758:	64 c0       	rjmp	.+200    	; 0x3822 <password_change+0x948>
	else if (__tmp > 65535)
    375a:	fe 01       	movw	r30, r28
    375c:	e5 5a       	subi	r30, 0xA5	; 165
    375e:	ff 4f       	sbci	r31, 0xFF	; 255
    3760:	60 81       	ld	r22, Z
    3762:	71 81       	ldd	r23, Z+1	; 0x01
    3764:	82 81       	ldd	r24, Z+2	; 0x02
    3766:	93 81       	ldd	r25, Z+3	; 0x03
    3768:	20 e0       	ldi	r18, 0x00	; 0
    376a:	3f ef       	ldi	r19, 0xFF	; 255
    376c:	4f e7       	ldi	r20, 0x7F	; 127
    376e:	57 e4       	ldi	r21, 0x47	; 71
    3770:	0e 94 19 03 	call	0x632	; 0x632 <__gtsf2>
    3774:	18 16       	cp	r1, r24
    3776:	0c f0       	brlt	.+2      	; 0x377a <password_change+0x8a0>
    3778:	43 c0       	rjmp	.+134    	; 0x3800 <password_change+0x926>
	{
		//	__ticks = requested delay in 1/10 ms
		__ticks = (uint16_t) (__ms * 10.0);
    377a:	fe 01       	movw	r30, r28
    377c:	e1 5a       	subi	r30, 0xA1	; 161
    377e:	ff 4f       	sbci	r31, 0xFF	; 255
    3780:	60 81       	ld	r22, Z
    3782:	71 81       	ldd	r23, Z+1	; 0x01
    3784:	82 81       	ldd	r24, Z+2	; 0x02
    3786:	93 81       	ldd	r25, Z+3	; 0x03
    3788:	20 e0       	ldi	r18, 0x00	; 0
    378a:	30 e0       	ldi	r19, 0x00	; 0
    378c:	40 e2       	ldi	r20, 0x20	; 32
    378e:	51 e4       	ldi	r21, 0x41	; 65
    3790:	0e 94 1f 02 	call	0x43e	; 0x43e <__mulsf3>
    3794:	dc 01       	movw	r26, r24
    3796:	cb 01       	movw	r24, r22
    3798:	8e 01       	movw	r16, r28
    379a:	07 5a       	subi	r16, 0xA7	; 167
    379c:	1f 4f       	sbci	r17, 0xFF	; 255
    379e:	bc 01       	movw	r22, r24
    37a0:	cd 01       	movw	r24, r26
    37a2:	0e 94 49 00 	call	0x92	; 0x92 <__fixunssfsi>
    37a6:	dc 01       	movw	r26, r24
    37a8:	cb 01       	movw	r24, r22
    37aa:	f8 01       	movw	r30, r16
    37ac:	91 83       	std	Z+1, r25	; 0x01
    37ae:	80 83       	st	Z, r24
    37b0:	1f c0       	rjmp	.+62     	; 0x37f0 <password_change+0x916>
    37b2:	fe 01       	movw	r30, r28
    37b4:	e9 5a       	subi	r30, 0xA9	; 169
    37b6:	ff 4f       	sbci	r31, 0xFF	; 255
    37b8:	88 ec       	ldi	r24, 0xC8	; 200
    37ba:	90 e0       	ldi	r25, 0x00	; 0
    37bc:	91 83       	std	Z+1, r25	; 0x01
    37be:	80 83       	st	Z, r24
    37c0:	fe 01       	movw	r30, r28
    37c2:	e9 5a       	subi	r30, 0xA9	; 169
    37c4:	ff 4f       	sbci	r31, 0xFF	; 255
    37c6:	80 81       	ld	r24, Z
    37c8:	91 81       	ldd	r25, Z+1	; 0x01
    37ca:	01 97       	sbiw	r24, 0x01	; 1
    37cc:	f1 f7       	brne	.-4      	; 0x37ca <password_change+0x8f0>
    37ce:	fe 01       	movw	r30, r28
    37d0:	e9 5a       	subi	r30, 0xA9	; 169
    37d2:	ff 4f       	sbci	r31, 0xFF	; 255
    37d4:	91 83       	std	Z+1, r25	; 0x01
    37d6:	80 83       	st	Z, r24
		while(__ticks)
		{
			// wait 1/10 ms
			_delay_loop_2(((F_CPU) / 4e3) / 10);
			__ticks --;
    37d8:	de 01       	movw	r26, r28
    37da:	a7 5a       	subi	r26, 0xA7	; 167
    37dc:	bf 4f       	sbci	r27, 0xFF	; 255
    37de:	fe 01       	movw	r30, r28
    37e0:	e7 5a       	subi	r30, 0xA7	; 167
    37e2:	ff 4f       	sbci	r31, 0xFF	; 255
    37e4:	80 81       	ld	r24, Z
    37e6:	91 81       	ldd	r25, Z+1	; 0x01
    37e8:	01 97       	sbiw	r24, 0x01	; 1
    37ea:	11 96       	adiw	r26, 0x01	; 1
    37ec:	9c 93       	st	X, r25
    37ee:	8e 93       	st	-X, r24
		__ticks = 1;
	else if (__tmp > 65535)
	{
		//	__ticks = requested delay in 1/10 ms
		__ticks = (uint16_t) (__ms * 10.0);
		while(__ticks)
    37f0:	fe 01       	movw	r30, r28
    37f2:	e7 5a       	subi	r30, 0xA7	; 167
    37f4:	ff 4f       	sbci	r31, 0xFF	; 255
    37f6:	80 81       	ld	r24, Z
    37f8:	91 81       	ldd	r25, Z+1	; 0x01
    37fa:	00 97       	sbiw	r24, 0x00	; 0
    37fc:	d1 f6       	brne	.-76     	; 0x37b2 <password_change+0x8d8>
    37fe:	27 c0       	rjmp	.+78     	; 0x384e <password_change+0x974>
			__ticks --;
		}
		return;
	}
	else
		__ticks = (uint16_t)__tmp;
    3800:	8e 01       	movw	r16, r28
    3802:	07 5a       	subi	r16, 0xA7	; 167
    3804:	1f 4f       	sbci	r17, 0xFF	; 255
    3806:	fe 01       	movw	r30, r28
    3808:	e5 5a       	subi	r30, 0xA5	; 165
    380a:	ff 4f       	sbci	r31, 0xFF	; 255
    380c:	60 81       	ld	r22, Z
    380e:	71 81       	ldd	r23, Z+1	; 0x01
    3810:	82 81       	ldd	r24, Z+2	; 0x02
    3812:	93 81       	ldd	r25, Z+3	; 0x03
    3814:	0e 94 49 00 	call	0x92	; 0x92 <__fixunssfsi>
    3818:	dc 01       	movw	r26, r24
    381a:	cb 01       	movw	r24, r22
    381c:	f8 01       	movw	r30, r16
    381e:	91 83       	std	Z+1, r25	; 0x01
    3820:	80 83       	st	Z, r24
    3822:	de 01       	movw	r26, r28
    3824:	ab 5a       	subi	r26, 0xAB	; 171
    3826:	bf 4f       	sbci	r27, 0xFF	; 255
    3828:	fe 01       	movw	r30, r28
    382a:	e7 5a       	subi	r30, 0xA7	; 167
    382c:	ff 4f       	sbci	r31, 0xFF	; 255
    382e:	80 81       	ld	r24, Z
    3830:	91 81       	ldd	r25, Z+1	; 0x01
    3832:	8d 93       	st	X+, r24
    3834:	9c 93       	st	X, r25
    3836:	fe 01       	movw	r30, r28
    3838:	eb 5a       	subi	r30, 0xAB	; 171
    383a:	ff 4f       	sbci	r31, 0xFF	; 255
    383c:	80 81       	ld	r24, Z
    383e:	91 81       	ldd	r25, Z+1	; 0x01
    3840:	01 97       	sbiw	r24, 0x01	; 1
    3842:	f1 f7       	brne	.-4      	; 0x3840 <password_change+0x966>
    3844:	fe 01       	movw	r30, r28
    3846:	eb 5a       	subi	r30, 0xAB	; 171
    3848:	ff 4f       	sbci	r31, 0xFF	; 255
    384a:	91 83       	std	Z+1, r25	; 0x01
    384c:	80 83       	st	Z, r24
	_delay_ms(100);
	New_password[2] = 48 + keybad();
    384e:	0e 94 af 0d 	call	0x1b5e	; 0x1b5e <keybad>
    3852:	80 5d       	subi	r24, 0xD0	; 208
    3854:	fe 01       	movw	r30, r28
    3856:	e7 55       	subi	r30, 0x57	; 87
    3858:	ff 4f       	sbci	r31, 0xFF	; 255
    385a:	82 83       	std	Z+2, r24	; 0x02
    385c:	fe 01       	movw	r30, r28
    385e:	ef 5a       	subi	r30, 0xAF	; 175
    3860:	ff 4f       	sbci	r31, 0xFF	; 255
    3862:	80 e0       	ldi	r24, 0x00	; 0
    3864:	90 e0       	ldi	r25, 0x00	; 0
    3866:	a8 ec       	ldi	r26, 0xC8	; 200
    3868:	b2 e4       	ldi	r27, 0x42	; 66
    386a:	80 83       	st	Z, r24
    386c:	91 83       	std	Z+1, r25	; 0x01
    386e:	a2 83       	std	Z+2, r26	; 0x02
    3870:	b3 83       	std	Z+3, r27	; 0x03
 */
void
_delay_ms(double __ms)
{
	uint16_t __ticks;
	double __tmp = ((F_CPU) / 4e3) * __ms;
    3872:	8e 01       	movw	r16, r28
    3874:	03 5b       	subi	r16, 0xB3	; 179
    3876:	1f 4f       	sbci	r17, 0xFF	; 255
    3878:	fe 01       	movw	r30, r28
    387a:	ef 5a       	subi	r30, 0xAF	; 175
    387c:	ff 4f       	sbci	r31, 0xFF	; 255
    387e:	60 81       	ld	r22, Z
    3880:	71 81       	ldd	r23, Z+1	; 0x01
    3882:	82 81       	ldd	r24, Z+2	; 0x02
    3884:	93 81       	ldd	r25, Z+3	; 0x03
    3886:	20 e0       	ldi	r18, 0x00	; 0
    3888:	30 e0       	ldi	r19, 0x00	; 0
    388a:	4a ef       	ldi	r20, 0xFA	; 250
    388c:	54 e4       	ldi	r21, 0x44	; 68
    388e:	0e 94 1f 02 	call	0x43e	; 0x43e <__mulsf3>
    3892:	dc 01       	movw	r26, r24
    3894:	cb 01       	movw	r24, r22
    3896:	f8 01       	movw	r30, r16
    3898:	80 83       	st	Z, r24
    389a:	91 83       	std	Z+1, r25	; 0x01
    389c:	a2 83       	std	Z+2, r26	; 0x02
    389e:	b3 83       	std	Z+3, r27	; 0x03
	if (__tmp < 1.0)
    38a0:	fe 01       	movw	r30, r28
    38a2:	e3 5b       	subi	r30, 0xB3	; 179
    38a4:	ff 4f       	sbci	r31, 0xFF	; 255
    38a6:	60 81       	ld	r22, Z
    38a8:	71 81       	ldd	r23, Z+1	; 0x01
    38aa:	82 81       	ldd	r24, Z+2	; 0x02
    38ac:	93 81       	ldd	r25, Z+3	; 0x03
    38ae:	20 e0       	ldi	r18, 0x00	; 0
    38b0:	30 e0       	ldi	r19, 0x00	; 0
    38b2:	40 e8       	ldi	r20, 0x80	; 128
    38b4:	5f e3       	ldi	r21, 0x3F	; 63
    38b6:	0e 94 79 03 	call	0x6f2	; 0x6f2 <__ltsf2>
    38ba:	88 23       	and	r24, r24
    38bc:	44 f4       	brge	.+16     	; 0x38ce <password_change+0x9f4>
		__ticks = 1;
    38be:	fe 01       	movw	r30, r28
    38c0:	e5 5b       	subi	r30, 0xB5	; 181
    38c2:	ff 4f       	sbci	r31, 0xFF	; 255
    38c4:	81 e0       	ldi	r24, 0x01	; 1
    38c6:	90 e0       	ldi	r25, 0x00	; 0
    38c8:	91 83       	std	Z+1, r25	; 0x01
    38ca:	80 83       	st	Z, r24
    38cc:	64 c0       	rjmp	.+200    	; 0x3996 <password_change+0xabc>
	else if (__tmp > 65535)
    38ce:	fe 01       	movw	r30, r28
    38d0:	e3 5b       	subi	r30, 0xB3	; 179
    38d2:	ff 4f       	sbci	r31, 0xFF	; 255
    38d4:	60 81       	ld	r22, Z
    38d6:	71 81       	ldd	r23, Z+1	; 0x01
    38d8:	82 81       	ldd	r24, Z+2	; 0x02
    38da:	93 81       	ldd	r25, Z+3	; 0x03
    38dc:	20 e0       	ldi	r18, 0x00	; 0
    38de:	3f ef       	ldi	r19, 0xFF	; 255
    38e0:	4f e7       	ldi	r20, 0x7F	; 127
    38e2:	57 e4       	ldi	r21, 0x47	; 71
    38e4:	0e 94 19 03 	call	0x632	; 0x632 <__gtsf2>
    38e8:	18 16       	cp	r1, r24
    38ea:	0c f0       	brlt	.+2      	; 0x38ee <password_change+0xa14>
    38ec:	43 c0       	rjmp	.+134    	; 0x3974 <password_change+0xa9a>
	{
		//	__ticks = requested delay in 1/10 ms
		__ticks = (uint16_t) (__ms * 10.0);
    38ee:	fe 01       	movw	r30, r28
    38f0:	ef 5a       	subi	r30, 0xAF	; 175
    38f2:	ff 4f       	sbci	r31, 0xFF	; 255
    38f4:	60 81       	ld	r22, Z
    38f6:	71 81       	ldd	r23, Z+1	; 0x01
    38f8:	82 81       	ldd	r24, Z+2	; 0x02
    38fa:	93 81       	ldd	r25, Z+3	; 0x03
    38fc:	20 e0       	ldi	r18, 0x00	; 0
    38fe:	30 e0       	ldi	r19, 0x00	; 0
    3900:	40 e2       	ldi	r20, 0x20	; 32
    3902:	51 e4       	ldi	r21, 0x41	; 65
    3904:	0e 94 1f 02 	call	0x43e	; 0x43e <__mulsf3>
    3908:	dc 01       	movw	r26, r24
    390a:	cb 01       	movw	r24, r22
    390c:	8e 01       	movw	r16, r28
    390e:	05 5b       	subi	r16, 0xB5	; 181
    3910:	1f 4f       	sbci	r17, 0xFF	; 255
    3912:	bc 01       	movw	r22, r24
    3914:	cd 01       	movw	r24, r26
    3916:	0e 94 49 00 	call	0x92	; 0x92 <__fixunssfsi>
    391a:	dc 01       	movw	r26, r24
    391c:	cb 01       	movw	r24, r22
    391e:	f8 01       	movw	r30, r16
    3920:	91 83       	std	Z+1, r25	; 0x01
    3922:	80 83       	st	Z, r24
    3924:	1f c0       	rjmp	.+62     	; 0x3964 <password_change+0xa8a>
    3926:	fe 01       	movw	r30, r28
    3928:	e7 5b       	subi	r30, 0xB7	; 183
    392a:	ff 4f       	sbci	r31, 0xFF	; 255
    392c:	88 ec       	ldi	r24, 0xC8	; 200
    392e:	90 e0       	ldi	r25, 0x00	; 0
    3930:	91 83       	std	Z+1, r25	; 0x01
    3932:	80 83       	st	Z, r24
    3934:	fe 01       	movw	r30, r28
    3936:	e7 5b       	subi	r30, 0xB7	; 183
    3938:	ff 4f       	sbci	r31, 0xFF	; 255
    393a:	80 81       	ld	r24, Z
    393c:	91 81       	ldd	r25, Z+1	; 0x01
    393e:	01 97       	sbiw	r24, 0x01	; 1
    3940:	f1 f7       	brne	.-4      	; 0x393e <password_change+0xa64>
    3942:	fe 01       	movw	r30, r28
    3944:	e7 5b       	subi	r30, 0xB7	; 183
    3946:	ff 4f       	sbci	r31, 0xFF	; 255
    3948:	91 83       	std	Z+1, r25	; 0x01
    394a:	80 83       	st	Z, r24
		while(__ticks)
		{
			// wait 1/10 ms
			_delay_loop_2(((F_CPU) / 4e3) / 10);
			__ticks --;
    394c:	de 01       	movw	r26, r28
    394e:	a5 5b       	subi	r26, 0xB5	; 181
    3950:	bf 4f       	sbci	r27, 0xFF	; 255
    3952:	fe 01       	movw	r30, r28
    3954:	e5 5b       	subi	r30, 0xB5	; 181
    3956:	ff 4f       	sbci	r31, 0xFF	; 255
    3958:	80 81       	ld	r24, Z
    395a:	91 81       	ldd	r25, Z+1	; 0x01
    395c:	01 97       	sbiw	r24, 0x01	; 1
    395e:	11 96       	adiw	r26, 0x01	; 1
    3960:	9c 93       	st	X, r25
    3962:	8e 93       	st	-X, r24
		__ticks = 1;
	else if (__tmp > 65535)
	{
		//	__ticks = requested delay in 1/10 ms
		__ticks = (uint16_t) (__ms * 10.0);
		while(__ticks)
    3964:	fe 01       	movw	r30, r28
    3966:	e5 5b       	subi	r30, 0xB5	; 181
    3968:	ff 4f       	sbci	r31, 0xFF	; 255
    396a:	80 81       	ld	r24, Z
    396c:	91 81       	ldd	r25, Z+1	; 0x01
    396e:	00 97       	sbiw	r24, 0x00	; 0
    3970:	d1 f6       	brne	.-76     	; 0x3926 <password_change+0xa4c>
    3972:	27 c0       	rjmp	.+78     	; 0x39c2 <password_change+0xae8>
			__ticks --;
		}
		return;
	}
	else
		__ticks = (uint16_t)__tmp;
    3974:	8e 01       	movw	r16, r28
    3976:	05 5b       	subi	r16, 0xB5	; 181
    3978:	1f 4f       	sbci	r17, 0xFF	; 255
    397a:	fe 01       	movw	r30, r28
    397c:	e3 5b       	subi	r30, 0xB3	; 179
    397e:	ff 4f       	sbci	r31, 0xFF	; 255
    3980:	60 81       	ld	r22, Z
    3982:	71 81       	ldd	r23, Z+1	; 0x01
    3984:	82 81       	ldd	r24, Z+2	; 0x02
    3986:	93 81       	ldd	r25, Z+3	; 0x03
    3988:	0e 94 49 00 	call	0x92	; 0x92 <__fixunssfsi>
    398c:	dc 01       	movw	r26, r24
    398e:	cb 01       	movw	r24, r22
    3990:	f8 01       	movw	r30, r16
    3992:	91 83       	std	Z+1, r25	; 0x01
    3994:	80 83       	st	Z, r24
    3996:	de 01       	movw	r26, r28
    3998:	a9 5b       	subi	r26, 0xB9	; 185
    399a:	bf 4f       	sbci	r27, 0xFF	; 255
    399c:	fe 01       	movw	r30, r28
    399e:	e5 5b       	subi	r30, 0xB5	; 181
    39a0:	ff 4f       	sbci	r31, 0xFF	; 255
    39a2:	80 81       	ld	r24, Z
    39a4:	91 81       	ldd	r25, Z+1	; 0x01
    39a6:	8d 93       	st	X+, r24
    39a8:	9c 93       	st	X, r25
    39aa:	fe 01       	movw	r30, r28
    39ac:	e9 5b       	subi	r30, 0xB9	; 185
    39ae:	ff 4f       	sbci	r31, 0xFF	; 255
    39b0:	80 81       	ld	r24, Z
    39b2:	91 81       	ldd	r25, Z+1	; 0x01
    39b4:	01 97       	sbiw	r24, 0x01	; 1
    39b6:	f1 f7       	brne	.-4      	; 0x39b4 <password_change+0xada>
    39b8:	fe 01       	movw	r30, r28
    39ba:	e9 5b       	subi	r30, 0xB9	; 185
    39bc:	ff 4f       	sbci	r31, 0xFF	; 255
    39be:	91 83       	std	Z+1, r25	; 0x01
    39c0:	80 83       	st	Z, r24
	_delay_ms(100);
	EEPROM_Write_Data(0x2f, New_password[2]);
    39c2:	fe 01       	movw	r30, r28
    39c4:	e7 55       	subi	r30, 0x57	; 87
    39c6:	ff 4f       	sbci	r31, 0xFF	; 255
    39c8:	92 81       	ldd	r25, Z+2	; 0x02
    39ca:	8f e2       	ldi	r24, 0x2F	; 47
    39cc:	69 2f       	mov	r22, r25
    39ce:	0e 94 ac 05 	call	0xb58	; 0xb58 <EEPROM_Write_Data>
    39d2:	fe 01       	movw	r30, r28
    39d4:	ed 5b       	subi	r30, 0xBD	; 189
    39d6:	ff 4f       	sbci	r31, 0xFF	; 255
    39d8:	80 e0       	ldi	r24, 0x00	; 0
    39da:	90 e0       	ldi	r25, 0x00	; 0
    39dc:	a8 ec       	ldi	r26, 0xC8	; 200
    39de:	b2 e4       	ldi	r27, 0x42	; 66
    39e0:	80 83       	st	Z, r24
    39e2:	91 83       	std	Z+1, r25	; 0x01
    39e4:	a2 83       	std	Z+2, r26	; 0x02
    39e6:	b3 83       	std	Z+3, r27	; 0x03
 */
void
_delay_ms(double __ms)
{
	uint16_t __ticks;
	double __tmp = ((F_CPU) / 4e3) * __ms;
    39e8:	8e 01       	movw	r16, r28
    39ea:	01 5c       	subi	r16, 0xC1	; 193
    39ec:	1f 4f       	sbci	r17, 0xFF	; 255
    39ee:	fe 01       	movw	r30, r28
    39f0:	ed 5b       	subi	r30, 0xBD	; 189
    39f2:	ff 4f       	sbci	r31, 0xFF	; 255
    39f4:	60 81       	ld	r22, Z
    39f6:	71 81       	ldd	r23, Z+1	; 0x01
    39f8:	82 81       	ldd	r24, Z+2	; 0x02
    39fa:	93 81       	ldd	r25, Z+3	; 0x03
    39fc:	20 e0       	ldi	r18, 0x00	; 0
    39fe:	30 e0       	ldi	r19, 0x00	; 0
    3a00:	4a ef       	ldi	r20, 0xFA	; 250
    3a02:	54 e4       	ldi	r21, 0x44	; 68
    3a04:	0e 94 1f 02 	call	0x43e	; 0x43e <__mulsf3>
    3a08:	dc 01       	movw	r26, r24
    3a0a:	cb 01       	movw	r24, r22
    3a0c:	f8 01       	movw	r30, r16
    3a0e:	80 83       	st	Z, r24
    3a10:	91 83       	std	Z+1, r25	; 0x01
    3a12:	a2 83       	std	Z+2, r26	; 0x02
    3a14:	b3 83       	std	Z+3, r27	; 0x03
	if (__tmp < 1.0)
    3a16:	fe 01       	movw	r30, r28
    3a18:	ff 96       	adiw	r30, 0x3f	; 63
    3a1a:	60 81       	ld	r22, Z
    3a1c:	71 81       	ldd	r23, Z+1	; 0x01
    3a1e:	82 81       	ldd	r24, Z+2	; 0x02
    3a20:	93 81       	ldd	r25, Z+3	; 0x03
    3a22:	20 e0       	ldi	r18, 0x00	; 0
    3a24:	30 e0       	ldi	r19, 0x00	; 0
    3a26:	40 e8       	ldi	r20, 0x80	; 128
    3a28:	5f e3       	ldi	r21, 0x3F	; 63
    3a2a:	0e 94 79 03 	call	0x6f2	; 0x6f2 <__ltsf2>
    3a2e:	88 23       	and	r24, r24
    3a30:	2c f4       	brge	.+10     	; 0x3a3c <password_change+0xb62>
		__ticks = 1;
    3a32:	81 e0       	ldi	r24, 0x01	; 1
    3a34:	90 e0       	ldi	r25, 0x00	; 0
    3a36:	9e af       	std	Y+62, r25	; 0x3e
    3a38:	8d af       	std	Y+61, r24	; 0x3d
    3a3a:	46 c0       	rjmp	.+140    	; 0x3ac8 <password_change+0xbee>
	else if (__tmp > 65535)
    3a3c:	fe 01       	movw	r30, r28
    3a3e:	ff 96       	adiw	r30, 0x3f	; 63
    3a40:	60 81       	ld	r22, Z
    3a42:	71 81       	ldd	r23, Z+1	; 0x01
    3a44:	82 81       	ldd	r24, Z+2	; 0x02
    3a46:	93 81       	ldd	r25, Z+3	; 0x03
    3a48:	20 e0       	ldi	r18, 0x00	; 0
    3a4a:	3f ef       	ldi	r19, 0xFF	; 255
    3a4c:	4f e7       	ldi	r20, 0x7F	; 127
    3a4e:	57 e4       	ldi	r21, 0x47	; 71
    3a50:	0e 94 19 03 	call	0x632	; 0x632 <__gtsf2>
    3a54:	18 16       	cp	r1, r24
    3a56:	64 f5       	brge	.+88     	; 0x3ab0 <password_change+0xbd6>
	{
		//	__ticks = requested delay in 1/10 ms
		__ticks = (uint16_t) (__ms * 10.0);
    3a58:	fe 01       	movw	r30, r28
    3a5a:	ed 5b       	subi	r30, 0xBD	; 189
    3a5c:	ff 4f       	sbci	r31, 0xFF	; 255
    3a5e:	60 81       	ld	r22, Z
    3a60:	71 81       	ldd	r23, Z+1	; 0x01
    3a62:	82 81       	ldd	r24, Z+2	; 0x02
    3a64:	93 81       	ldd	r25, Z+3	; 0x03
    3a66:	20 e0       	ldi	r18, 0x00	; 0
    3a68:	30 e0       	ldi	r19, 0x00	; 0
    3a6a:	40 e2       	ldi	r20, 0x20	; 32
    3a6c:	51 e4       	ldi	r21, 0x41	; 65
    3a6e:	0e 94 1f 02 	call	0x43e	; 0x43e <__mulsf3>
    3a72:	dc 01       	movw	r26, r24
    3a74:	cb 01       	movw	r24, r22
    3a76:	bc 01       	movw	r22, r24
    3a78:	cd 01       	movw	r24, r26
    3a7a:	0e 94 49 00 	call	0x92	; 0x92 <__fixunssfsi>
    3a7e:	dc 01       	movw	r26, r24
    3a80:	cb 01       	movw	r24, r22
    3a82:	9e af       	std	Y+62, r25	; 0x3e
    3a84:	8d af       	std	Y+61, r24	; 0x3d
    3a86:	0f c0       	rjmp	.+30     	; 0x3aa6 <password_change+0xbcc>
    3a88:	88 ec       	ldi	r24, 0xC8	; 200
    3a8a:	90 e0       	ldi	r25, 0x00	; 0
    3a8c:	9c af       	std	Y+60, r25	; 0x3c
    3a8e:	8b af       	std	Y+59, r24	; 0x3b
    3a90:	8b ad       	ldd	r24, Y+59	; 0x3b
    3a92:	9c ad       	ldd	r25, Y+60	; 0x3c
    3a94:	01 97       	sbiw	r24, 0x01	; 1
    3a96:	f1 f7       	brne	.-4      	; 0x3a94 <password_change+0xbba>
    3a98:	9c af       	std	Y+60, r25	; 0x3c
    3a9a:	8b af       	std	Y+59, r24	; 0x3b
		while(__ticks)
		{
			// wait 1/10 ms
			_delay_loop_2(((F_CPU) / 4e3) / 10);
			__ticks --;
    3a9c:	8d ad       	ldd	r24, Y+61	; 0x3d
    3a9e:	9e ad       	ldd	r25, Y+62	; 0x3e
    3aa0:	01 97       	sbiw	r24, 0x01	; 1
    3aa2:	9e af       	std	Y+62, r25	; 0x3e
    3aa4:	8d af       	std	Y+61, r24	; 0x3d
		__ticks = 1;
	else if (__tmp > 65535)
	{
		//	__ticks = requested delay in 1/10 ms
		__ticks = (uint16_t) (__ms * 10.0);
		while(__ticks)
    3aa6:	8d ad       	ldd	r24, Y+61	; 0x3d
    3aa8:	9e ad       	ldd	r25, Y+62	; 0x3e
    3aaa:	00 97       	sbiw	r24, 0x00	; 0
    3aac:	69 f7       	brne	.-38     	; 0x3a88 <password_change+0xbae>
    3aae:	16 c0       	rjmp	.+44     	; 0x3adc <password_change+0xc02>
			__ticks --;
		}
		return;
	}
	else
		__ticks = (uint16_t)__tmp;
    3ab0:	fe 01       	movw	r30, r28
    3ab2:	ff 96       	adiw	r30, 0x3f	; 63
    3ab4:	60 81       	ld	r22, Z
    3ab6:	71 81       	ldd	r23, Z+1	; 0x01
    3ab8:	82 81       	ldd	r24, Z+2	; 0x02
    3aba:	93 81       	ldd	r25, Z+3	; 0x03
    3abc:	0e 94 49 00 	call	0x92	; 0x92 <__fixunssfsi>
    3ac0:	dc 01       	movw	r26, r24
    3ac2:	cb 01       	movw	r24, r22
    3ac4:	9e af       	std	Y+62, r25	; 0x3e
    3ac6:	8d af       	std	Y+61, r24	; 0x3d
    3ac8:	8d ad       	ldd	r24, Y+61	; 0x3d
    3aca:	9e ad       	ldd	r25, Y+62	; 0x3e
    3acc:	9a af       	std	Y+58, r25	; 0x3a
    3ace:	89 af       	std	Y+57, r24	; 0x39
    3ad0:	89 ad       	ldd	r24, Y+57	; 0x39
    3ad2:	9a ad       	ldd	r25, Y+58	; 0x3a
    3ad4:	01 97       	sbiw	r24, 0x01	; 1
    3ad6:	f1 f7       	brne	.-4      	; 0x3ad4 <password_change+0xbfa>
    3ad8:	9a af       	std	Y+58, r25	; 0x3a
    3ada:	89 af       	std	Y+57, r24	; 0x39
	_delay_ms(100);
	LCD_WriteData(New_password[2]);
    3adc:	fe 01       	movw	r30, r28
    3ade:	e7 55       	subi	r30, 0x57	; 87
    3ae0:	ff 4f       	sbci	r31, 0xFF	; 255
    3ae2:	82 81       	ldd	r24, Z+2	; 0x02
    3ae4:	0e 94 06 0c 	call	0x180c	; 0x180c <LCD_WriteData>
    3ae8:	80 e0       	ldi	r24, 0x00	; 0
    3aea:	90 e0       	ldi	r25, 0x00	; 0
    3aec:	a8 ec       	ldi	r26, 0xC8	; 200
    3aee:	b2 e4       	ldi	r27, 0x42	; 66
    3af0:	8d ab       	std	Y+53, r24	; 0x35
    3af2:	9e ab       	std	Y+54, r25	; 0x36
    3af4:	af ab       	std	Y+55, r26	; 0x37
    3af6:	b8 af       	std	Y+56, r27	; 0x38
 */
void
_delay_ms(double __ms)
{
	uint16_t __ticks;
	double __tmp = ((F_CPU) / 4e3) * __ms;
    3af8:	6d a9       	ldd	r22, Y+53	; 0x35
    3afa:	7e a9       	ldd	r23, Y+54	; 0x36
    3afc:	8f a9       	ldd	r24, Y+55	; 0x37
    3afe:	98 ad       	ldd	r25, Y+56	; 0x38
    3b00:	20 e0       	ldi	r18, 0x00	; 0
    3b02:	30 e0       	ldi	r19, 0x00	; 0
    3b04:	4a ef       	ldi	r20, 0xFA	; 250
    3b06:	54 e4       	ldi	r21, 0x44	; 68
    3b08:	0e 94 1f 02 	call	0x43e	; 0x43e <__mulsf3>
    3b0c:	dc 01       	movw	r26, r24
    3b0e:	cb 01       	movw	r24, r22
    3b10:	89 ab       	std	Y+49, r24	; 0x31
    3b12:	9a ab       	std	Y+50, r25	; 0x32
    3b14:	ab ab       	std	Y+51, r26	; 0x33
    3b16:	bc ab       	std	Y+52, r27	; 0x34
	if (__tmp < 1.0)
    3b18:	69 a9       	ldd	r22, Y+49	; 0x31
    3b1a:	7a a9       	ldd	r23, Y+50	; 0x32
    3b1c:	8b a9       	ldd	r24, Y+51	; 0x33
    3b1e:	9c a9       	ldd	r25, Y+52	; 0x34
    3b20:	20 e0       	ldi	r18, 0x00	; 0
    3b22:	30 e0       	ldi	r19, 0x00	; 0
    3b24:	40 e8       	ldi	r20, 0x80	; 128
    3b26:	5f e3       	ldi	r21, 0x3F	; 63
    3b28:	0e 94 79 03 	call	0x6f2	; 0x6f2 <__ltsf2>
    3b2c:	88 23       	and	r24, r24
    3b2e:	2c f4       	brge	.+10     	; 0x3b3a <password_change+0xc60>
		__ticks = 1;
    3b30:	81 e0       	ldi	r24, 0x01	; 1
    3b32:	90 e0       	ldi	r25, 0x00	; 0
    3b34:	98 ab       	std	Y+48, r25	; 0x30
    3b36:	8f a7       	std	Y+47, r24	; 0x2f
    3b38:	3f c0       	rjmp	.+126    	; 0x3bb8 <password_change+0xcde>
	else if (__tmp > 65535)
    3b3a:	69 a9       	ldd	r22, Y+49	; 0x31
    3b3c:	7a a9       	ldd	r23, Y+50	; 0x32
    3b3e:	8b a9       	ldd	r24, Y+51	; 0x33
    3b40:	9c a9       	ldd	r25, Y+52	; 0x34
    3b42:	20 e0       	ldi	r18, 0x00	; 0
    3b44:	3f ef       	ldi	r19, 0xFF	; 255
    3b46:	4f e7       	ldi	r20, 0x7F	; 127
    3b48:	57 e4       	ldi	r21, 0x47	; 71
    3b4a:	0e 94 19 03 	call	0x632	; 0x632 <__gtsf2>
    3b4e:	18 16       	cp	r1, r24
    3b50:	4c f5       	brge	.+82     	; 0x3ba4 <password_change+0xcca>
	{
		//	__ticks = requested delay in 1/10 ms
		__ticks = (uint16_t) (__ms * 10.0);
    3b52:	6d a9       	ldd	r22, Y+53	; 0x35
    3b54:	7e a9       	ldd	r23, Y+54	; 0x36
    3b56:	8f a9       	ldd	r24, Y+55	; 0x37
    3b58:	98 ad       	ldd	r25, Y+56	; 0x38
    3b5a:	20 e0       	ldi	r18, 0x00	; 0
    3b5c:	30 e0       	ldi	r19, 0x00	; 0
    3b5e:	40 e2       	ldi	r20, 0x20	; 32
    3b60:	51 e4       	ldi	r21, 0x41	; 65
    3b62:	0e 94 1f 02 	call	0x43e	; 0x43e <__mulsf3>
    3b66:	dc 01       	movw	r26, r24
    3b68:	cb 01       	movw	r24, r22
    3b6a:	bc 01       	movw	r22, r24
    3b6c:	cd 01       	movw	r24, r26
    3b6e:	0e 94 49 00 	call	0x92	; 0x92 <__fixunssfsi>
    3b72:	dc 01       	movw	r26, r24
    3b74:	cb 01       	movw	r24, r22
    3b76:	98 ab       	std	Y+48, r25	; 0x30
    3b78:	8f a7       	std	Y+47, r24	; 0x2f
    3b7a:	0f c0       	rjmp	.+30     	; 0x3b9a <password_change+0xcc0>
    3b7c:	88 ec       	ldi	r24, 0xC8	; 200
    3b7e:	90 e0       	ldi	r25, 0x00	; 0
    3b80:	9e a7       	std	Y+46, r25	; 0x2e
    3b82:	8d a7       	std	Y+45, r24	; 0x2d
    3b84:	8d a5       	ldd	r24, Y+45	; 0x2d
    3b86:	9e a5       	ldd	r25, Y+46	; 0x2e
    3b88:	01 97       	sbiw	r24, 0x01	; 1
    3b8a:	f1 f7       	brne	.-4      	; 0x3b88 <password_change+0xcae>
    3b8c:	9e a7       	std	Y+46, r25	; 0x2e
    3b8e:	8d a7       	std	Y+45, r24	; 0x2d
		while(__ticks)
		{
			// wait 1/10 ms
			_delay_loop_2(((F_CPU) / 4e3) / 10);
			__ticks --;
    3b90:	8f a5       	ldd	r24, Y+47	; 0x2f
    3b92:	98 a9       	ldd	r25, Y+48	; 0x30
    3b94:	01 97       	sbiw	r24, 0x01	; 1
    3b96:	98 ab       	std	Y+48, r25	; 0x30
    3b98:	8f a7       	std	Y+47, r24	; 0x2f
		__ticks = 1;
	else if (__tmp > 65535)
	{
		//	__ticks = requested delay in 1/10 ms
		__ticks = (uint16_t) (__ms * 10.0);
		while(__ticks)
    3b9a:	8f a5       	ldd	r24, Y+47	; 0x2f
    3b9c:	98 a9       	ldd	r25, Y+48	; 0x30
    3b9e:	00 97       	sbiw	r24, 0x00	; 0
    3ba0:	69 f7       	brne	.-38     	; 0x3b7c <password_change+0xca2>
    3ba2:	14 c0       	rjmp	.+40     	; 0x3bcc <password_change+0xcf2>
			__ticks --;
		}
		return;
	}
	else
		__ticks = (uint16_t)__tmp;
    3ba4:	69 a9       	ldd	r22, Y+49	; 0x31
    3ba6:	7a a9       	ldd	r23, Y+50	; 0x32
    3ba8:	8b a9       	ldd	r24, Y+51	; 0x33
    3baa:	9c a9       	ldd	r25, Y+52	; 0x34
    3bac:	0e 94 49 00 	call	0x92	; 0x92 <__fixunssfsi>
    3bb0:	dc 01       	movw	r26, r24
    3bb2:	cb 01       	movw	r24, r22
    3bb4:	98 ab       	std	Y+48, r25	; 0x30
    3bb6:	8f a7       	std	Y+47, r24	; 0x2f
    3bb8:	8f a5       	ldd	r24, Y+47	; 0x2f
    3bba:	98 a9       	ldd	r25, Y+48	; 0x30
    3bbc:	9c a7       	std	Y+44, r25	; 0x2c
    3bbe:	8b a7       	std	Y+43, r24	; 0x2b
    3bc0:	8b a5       	ldd	r24, Y+43	; 0x2b
    3bc2:	9c a5       	ldd	r25, Y+44	; 0x2c
    3bc4:	01 97       	sbiw	r24, 0x01	; 1
    3bc6:	f1 f7       	brne	.-4      	; 0x3bc4 <password_change+0xcea>
    3bc8:	9c a7       	std	Y+44, r25	; 0x2c
    3bca:	8b a7       	std	Y+43, r24	; 0x2b
	_delay_ms(100);
	New_password[3] = 48 + keybad();
    3bcc:	0e 94 af 0d 	call	0x1b5e	; 0x1b5e <keybad>
    3bd0:	80 5d       	subi	r24, 0xD0	; 208
    3bd2:	fe 01       	movw	r30, r28
    3bd4:	e7 55       	subi	r30, 0x57	; 87
    3bd6:	ff 4f       	sbci	r31, 0xFF	; 255
    3bd8:	83 83       	std	Z+3, r24	; 0x03
    3bda:	80 e0       	ldi	r24, 0x00	; 0
    3bdc:	90 e0       	ldi	r25, 0x00	; 0
    3bde:	a8 ec       	ldi	r26, 0xC8	; 200
    3be0:	b2 e4       	ldi	r27, 0x42	; 66
    3be2:	8f a3       	std	Y+39, r24	; 0x27
    3be4:	98 a7       	std	Y+40, r25	; 0x28
    3be6:	a9 a7       	std	Y+41, r26	; 0x29
    3be8:	ba a7       	std	Y+42, r27	; 0x2a
 */
void
_delay_ms(double __ms)
{
	uint16_t __ticks;
	double __tmp = ((F_CPU) / 4e3) * __ms;
    3bea:	6f a1       	ldd	r22, Y+39	; 0x27
    3bec:	78 a5       	ldd	r23, Y+40	; 0x28
    3bee:	89 a5       	ldd	r24, Y+41	; 0x29
    3bf0:	9a a5       	ldd	r25, Y+42	; 0x2a
    3bf2:	20 e0       	ldi	r18, 0x00	; 0
    3bf4:	30 e0       	ldi	r19, 0x00	; 0
    3bf6:	4a ef       	ldi	r20, 0xFA	; 250
    3bf8:	54 e4       	ldi	r21, 0x44	; 68
    3bfa:	0e 94 1f 02 	call	0x43e	; 0x43e <__mulsf3>
    3bfe:	dc 01       	movw	r26, r24
    3c00:	cb 01       	movw	r24, r22
    3c02:	8b a3       	std	Y+35, r24	; 0x23
    3c04:	9c a3       	std	Y+36, r25	; 0x24
    3c06:	ad a3       	std	Y+37, r26	; 0x25
    3c08:	be a3       	std	Y+38, r27	; 0x26
	if (__tmp < 1.0)
    3c0a:	6b a1       	ldd	r22, Y+35	; 0x23
    3c0c:	7c a1       	ldd	r23, Y+36	; 0x24
    3c0e:	8d a1       	ldd	r24, Y+37	; 0x25
    3c10:	9e a1       	ldd	r25, Y+38	; 0x26
    3c12:	20 e0       	ldi	r18, 0x00	; 0
    3c14:	30 e0       	ldi	r19, 0x00	; 0
    3c16:	40 e8       	ldi	r20, 0x80	; 128
    3c18:	5f e3       	ldi	r21, 0x3F	; 63
    3c1a:	0e 94 79 03 	call	0x6f2	; 0x6f2 <__ltsf2>
    3c1e:	88 23       	and	r24, r24
    3c20:	2c f4       	brge	.+10     	; 0x3c2c <password_change+0xd52>
		__ticks = 1;
    3c22:	81 e0       	ldi	r24, 0x01	; 1
    3c24:	90 e0       	ldi	r25, 0x00	; 0
    3c26:	9a a3       	std	Y+34, r25	; 0x22
    3c28:	89 a3       	std	Y+33, r24	; 0x21
    3c2a:	3f c0       	rjmp	.+126    	; 0x3caa <password_change+0xdd0>
	else if (__tmp > 65535)
    3c2c:	6b a1       	ldd	r22, Y+35	; 0x23
    3c2e:	7c a1       	ldd	r23, Y+36	; 0x24
    3c30:	8d a1       	ldd	r24, Y+37	; 0x25
    3c32:	9e a1       	ldd	r25, Y+38	; 0x26
    3c34:	20 e0       	ldi	r18, 0x00	; 0
    3c36:	3f ef       	ldi	r19, 0xFF	; 255
    3c38:	4f e7       	ldi	r20, 0x7F	; 127
    3c3a:	57 e4       	ldi	r21, 0x47	; 71
    3c3c:	0e 94 19 03 	call	0x632	; 0x632 <__gtsf2>
    3c40:	18 16       	cp	r1, r24
    3c42:	4c f5       	brge	.+82     	; 0x3c96 <password_change+0xdbc>
	{
		//	__ticks = requested delay in 1/10 ms
		__ticks = (uint16_t) (__ms * 10.0);
    3c44:	6f a1       	ldd	r22, Y+39	; 0x27
    3c46:	78 a5       	ldd	r23, Y+40	; 0x28
    3c48:	89 a5       	ldd	r24, Y+41	; 0x29
    3c4a:	9a a5       	ldd	r25, Y+42	; 0x2a
    3c4c:	20 e0       	ldi	r18, 0x00	; 0
    3c4e:	30 e0       	ldi	r19, 0x00	; 0
    3c50:	40 e2       	ldi	r20, 0x20	; 32
    3c52:	51 e4       	ldi	r21, 0x41	; 65
    3c54:	0e 94 1f 02 	call	0x43e	; 0x43e <__mulsf3>
    3c58:	dc 01       	movw	r26, r24
    3c5a:	cb 01       	movw	r24, r22
    3c5c:	bc 01       	movw	r22, r24
    3c5e:	cd 01       	movw	r24, r26
    3c60:	0e 94 49 00 	call	0x92	; 0x92 <__fixunssfsi>
    3c64:	dc 01       	movw	r26, r24
    3c66:	cb 01       	movw	r24, r22
    3c68:	9a a3       	std	Y+34, r25	; 0x22
    3c6a:	89 a3       	std	Y+33, r24	; 0x21
    3c6c:	0f c0       	rjmp	.+30     	; 0x3c8c <password_change+0xdb2>
    3c6e:	88 ec       	ldi	r24, 0xC8	; 200
    3c70:	90 e0       	ldi	r25, 0x00	; 0
    3c72:	98 a3       	std	Y+32, r25	; 0x20
    3c74:	8f 8f       	std	Y+31, r24	; 0x1f
    3c76:	8f 8d       	ldd	r24, Y+31	; 0x1f
    3c78:	98 a1       	ldd	r25, Y+32	; 0x20
    3c7a:	01 97       	sbiw	r24, 0x01	; 1
    3c7c:	f1 f7       	brne	.-4      	; 0x3c7a <password_change+0xda0>
    3c7e:	98 a3       	std	Y+32, r25	; 0x20
    3c80:	8f 8f       	std	Y+31, r24	; 0x1f
		while(__ticks)
		{
			// wait 1/10 ms
			_delay_loop_2(((F_CPU) / 4e3) / 10);
			__ticks --;
    3c82:	89 a1       	ldd	r24, Y+33	; 0x21
    3c84:	9a a1       	ldd	r25, Y+34	; 0x22
    3c86:	01 97       	sbiw	r24, 0x01	; 1
    3c88:	9a a3       	std	Y+34, r25	; 0x22
    3c8a:	89 a3       	std	Y+33, r24	; 0x21
		__ticks = 1;
	else if (__tmp > 65535)
	{
		//	__ticks = requested delay in 1/10 ms
		__ticks = (uint16_t) (__ms * 10.0);
		while(__ticks)
    3c8c:	89 a1       	ldd	r24, Y+33	; 0x21
    3c8e:	9a a1       	ldd	r25, Y+34	; 0x22
    3c90:	00 97       	sbiw	r24, 0x00	; 0
    3c92:	69 f7       	brne	.-38     	; 0x3c6e <password_change+0xd94>
    3c94:	14 c0       	rjmp	.+40     	; 0x3cbe <password_change+0xde4>
			__ticks --;
		}
		return;
	}
	else
		__ticks = (uint16_t)__tmp;
    3c96:	6b a1       	ldd	r22, Y+35	; 0x23
    3c98:	7c a1       	ldd	r23, Y+36	; 0x24
    3c9a:	8d a1       	ldd	r24, Y+37	; 0x25
    3c9c:	9e a1       	ldd	r25, Y+38	; 0x26
    3c9e:	0e 94 49 00 	call	0x92	; 0x92 <__fixunssfsi>
    3ca2:	dc 01       	movw	r26, r24
    3ca4:	cb 01       	movw	r24, r22
    3ca6:	9a a3       	std	Y+34, r25	; 0x22
    3ca8:	89 a3       	std	Y+33, r24	; 0x21
    3caa:	89 a1       	ldd	r24, Y+33	; 0x21
    3cac:	9a a1       	ldd	r25, Y+34	; 0x22
    3cae:	9e 8f       	std	Y+30, r25	; 0x1e
    3cb0:	8d 8f       	std	Y+29, r24	; 0x1d
    3cb2:	8d 8d       	ldd	r24, Y+29	; 0x1d
    3cb4:	9e 8d       	ldd	r25, Y+30	; 0x1e
    3cb6:	01 97       	sbiw	r24, 0x01	; 1
    3cb8:	f1 f7       	brne	.-4      	; 0x3cb6 <password_change+0xddc>
    3cba:	9e 8f       	std	Y+30, r25	; 0x1e
    3cbc:	8d 8f       	std	Y+29, r24	; 0x1d
	_delay_ms(100);
	EEPROM_Write_Data(0x3f, New_password[3]);
    3cbe:	fe 01       	movw	r30, r28
    3cc0:	e7 55       	subi	r30, 0x57	; 87
    3cc2:	ff 4f       	sbci	r31, 0xFF	; 255
    3cc4:	93 81       	ldd	r25, Z+3	; 0x03
    3cc6:	8f e3       	ldi	r24, 0x3F	; 63
    3cc8:	69 2f       	mov	r22, r25
    3cca:	0e 94 ac 05 	call	0xb58	; 0xb58 <EEPROM_Write_Data>
    3cce:	80 e0       	ldi	r24, 0x00	; 0
    3cd0:	90 e0       	ldi	r25, 0x00	; 0
    3cd2:	a8 ec       	ldi	r26, 0xC8	; 200
    3cd4:	b2 e4       	ldi	r27, 0x42	; 66
    3cd6:	89 8f       	std	Y+25, r24	; 0x19
    3cd8:	9a 8f       	std	Y+26, r25	; 0x1a
    3cda:	ab 8f       	std	Y+27, r26	; 0x1b
    3cdc:	bc 8f       	std	Y+28, r27	; 0x1c
 */
void
_delay_ms(double __ms)
{
	uint16_t __ticks;
	double __tmp = ((F_CPU) / 4e3) * __ms;
    3cde:	69 8d       	ldd	r22, Y+25	; 0x19
    3ce0:	7a 8d       	ldd	r23, Y+26	; 0x1a
    3ce2:	8b 8d       	ldd	r24, Y+27	; 0x1b
    3ce4:	9c 8d       	ldd	r25, Y+28	; 0x1c
    3ce6:	20 e0       	ldi	r18, 0x00	; 0
    3ce8:	30 e0       	ldi	r19, 0x00	; 0
    3cea:	4a ef       	ldi	r20, 0xFA	; 250
    3cec:	54 e4       	ldi	r21, 0x44	; 68
    3cee:	0e 94 1f 02 	call	0x43e	; 0x43e <__mulsf3>
    3cf2:	dc 01       	movw	r26, r24
    3cf4:	cb 01       	movw	r24, r22
    3cf6:	8d 8b       	std	Y+21, r24	; 0x15
    3cf8:	9e 8b       	std	Y+22, r25	; 0x16
    3cfa:	af 8b       	std	Y+23, r26	; 0x17
    3cfc:	b8 8f       	std	Y+24, r27	; 0x18
	if (__tmp < 1.0)
    3cfe:	6d 89       	ldd	r22, Y+21	; 0x15
    3d00:	7e 89       	ldd	r23, Y+22	; 0x16
    3d02:	8f 89       	ldd	r24, Y+23	; 0x17
    3d04:	98 8d       	ldd	r25, Y+24	; 0x18
    3d06:	20 e0       	ldi	r18, 0x00	; 0
    3d08:	30 e0       	ldi	r19, 0x00	; 0
    3d0a:	40 e8       	ldi	r20, 0x80	; 128
    3d0c:	5f e3       	ldi	r21, 0x3F	; 63
    3d0e:	0e 94 79 03 	call	0x6f2	; 0x6f2 <__ltsf2>
    3d12:	88 23       	and	r24, r24
    3d14:	2c f4       	brge	.+10     	; 0x3d20 <password_change+0xe46>
		__ticks = 1;
    3d16:	81 e0       	ldi	r24, 0x01	; 1
    3d18:	90 e0       	ldi	r25, 0x00	; 0
    3d1a:	9c 8b       	std	Y+20, r25	; 0x14
    3d1c:	8b 8b       	std	Y+19, r24	; 0x13
    3d1e:	3f c0       	rjmp	.+126    	; 0x3d9e <password_change+0xec4>
	else if (__tmp > 65535)
    3d20:	6d 89       	ldd	r22, Y+21	; 0x15
    3d22:	7e 89       	ldd	r23, Y+22	; 0x16
    3d24:	8f 89       	ldd	r24, Y+23	; 0x17
    3d26:	98 8d       	ldd	r25, Y+24	; 0x18
    3d28:	20 e0       	ldi	r18, 0x00	; 0
    3d2a:	3f ef       	ldi	r19, 0xFF	; 255
    3d2c:	4f e7       	ldi	r20, 0x7F	; 127
    3d2e:	57 e4       	ldi	r21, 0x47	; 71
    3d30:	0e 94 19 03 	call	0x632	; 0x632 <__gtsf2>
    3d34:	18 16       	cp	r1, r24
    3d36:	4c f5       	brge	.+82     	; 0x3d8a <password_change+0xeb0>
	{
		//	__ticks = requested delay in 1/10 ms
		__ticks = (uint16_t) (__ms * 10.0);
    3d38:	69 8d       	ldd	r22, Y+25	; 0x19
    3d3a:	7a 8d       	ldd	r23, Y+26	; 0x1a
    3d3c:	8b 8d       	ldd	r24, Y+27	; 0x1b
    3d3e:	9c 8d       	ldd	r25, Y+28	; 0x1c
    3d40:	20 e0       	ldi	r18, 0x00	; 0
    3d42:	30 e0       	ldi	r19, 0x00	; 0
    3d44:	40 e2       	ldi	r20, 0x20	; 32
    3d46:	51 e4       	ldi	r21, 0x41	; 65
    3d48:	0e 94 1f 02 	call	0x43e	; 0x43e <__mulsf3>
    3d4c:	dc 01       	movw	r26, r24
    3d4e:	cb 01       	movw	r24, r22
    3d50:	bc 01       	movw	r22, r24
    3d52:	cd 01       	movw	r24, r26
    3d54:	0e 94 49 00 	call	0x92	; 0x92 <__fixunssfsi>
    3d58:	dc 01       	movw	r26, r24
    3d5a:	cb 01       	movw	r24, r22
    3d5c:	9c 8b       	std	Y+20, r25	; 0x14
    3d5e:	8b 8b       	std	Y+19, r24	; 0x13
    3d60:	0f c0       	rjmp	.+30     	; 0x3d80 <password_change+0xea6>
    3d62:	88 ec       	ldi	r24, 0xC8	; 200
    3d64:	90 e0       	ldi	r25, 0x00	; 0
    3d66:	9a 8b       	std	Y+18, r25	; 0x12
    3d68:	89 8b       	std	Y+17, r24	; 0x11
    3d6a:	89 89       	ldd	r24, Y+17	; 0x11
    3d6c:	9a 89       	ldd	r25, Y+18	; 0x12
    3d6e:	01 97       	sbiw	r24, 0x01	; 1
    3d70:	f1 f7       	brne	.-4      	; 0x3d6e <password_change+0xe94>
    3d72:	9a 8b       	std	Y+18, r25	; 0x12
    3d74:	89 8b       	std	Y+17, r24	; 0x11
		while(__ticks)
		{
			// wait 1/10 ms
			_delay_loop_2(((F_CPU) / 4e3) / 10);
			__ticks --;
    3d76:	8b 89       	ldd	r24, Y+19	; 0x13
    3d78:	9c 89       	ldd	r25, Y+20	; 0x14
    3d7a:	01 97       	sbiw	r24, 0x01	; 1
    3d7c:	9c 8b       	std	Y+20, r25	; 0x14
    3d7e:	8b 8b       	std	Y+19, r24	; 0x13
		__ticks = 1;
	else if (__tmp > 65535)
	{
		//	__ticks = requested delay in 1/10 ms
		__ticks = (uint16_t) (__ms * 10.0);
		while(__ticks)
    3d80:	8b 89       	ldd	r24, Y+19	; 0x13
    3d82:	9c 89       	ldd	r25, Y+20	; 0x14
    3d84:	00 97       	sbiw	r24, 0x00	; 0
    3d86:	69 f7       	brne	.-38     	; 0x3d62 <password_change+0xe88>
    3d88:	14 c0       	rjmp	.+40     	; 0x3db2 <password_change+0xed8>
			__ticks --;
		}
		return;
	}
	else
		__ticks = (uint16_t)__tmp;
    3d8a:	6d 89       	ldd	r22, Y+21	; 0x15
    3d8c:	7e 89       	ldd	r23, Y+22	; 0x16
    3d8e:	8f 89       	ldd	r24, Y+23	; 0x17
    3d90:	98 8d       	ldd	r25, Y+24	; 0x18
    3d92:	0e 94 49 00 	call	0x92	; 0x92 <__fixunssfsi>
    3d96:	dc 01       	movw	r26, r24
    3d98:	cb 01       	movw	r24, r22
    3d9a:	9c 8b       	std	Y+20, r25	; 0x14
    3d9c:	8b 8b       	std	Y+19, r24	; 0x13
    3d9e:	8b 89       	ldd	r24, Y+19	; 0x13
    3da0:	9c 89       	ldd	r25, Y+20	; 0x14
    3da2:	98 8b       	std	Y+16, r25	; 0x10
    3da4:	8f 87       	std	Y+15, r24	; 0x0f
    3da6:	8f 85       	ldd	r24, Y+15	; 0x0f
    3da8:	98 89       	ldd	r25, Y+16	; 0x10
    3daa:	01 97       	sbiw	r24, 0x01	; 1
    3dac:	f1 f7       	brne	.-4      	; 0x3daa <password_change+0xed0>
    3dae:	98 8b       	std	Y+16, r25	; 0x10
    3db0:	8f 87       	std	Y+15, r24	; 0x0f
	_delay_ms(100);
	LCD_WriteData(New_password[3]);
    3db2:	fe 01       	movw	r30, r28
    3db4:	e7 55       	subi	r30, 0x57	; 87
    3db6:	ff 4f       	sbci	r31, 0xFF	; 255
    3db8:	83 81       	ldd	r24, Z+3	; 0x03
    3dba:	0e 94 06 0c 	call	0x180c	; 0x180c <LCD_WriteData>
    3dbe:	80 e0       	ldi	r24, 0x00	; 0
    3dc0:	90 e0       	ldi	r25, 0x00	; 0
    3dc2:	aa e7       	ldi	r26, 0x7A	; 122
    3dc4:	b3 e4       	ldi	r27, 0x43	; 67
    3dc6:	8b 87       	std	Y+11, r24	; 0x0b
    3dc8:	9c 87       	std	Y+12, r25	; 0x0c
    3dca:	ad 87       	std	Y+13, r26	; 0x0d
    3dcc:	be 87       	std	Y+14, r27	; 0x0e
 */
void
_delay_ms(double __ms)
{
	uint16_t __ticks;
	double __tmp = ((F_CPU) / 4e3) * __ms;
    3dce:	6b 85       	ldd	r22, Y+11	; 0x0b
    3dd0:	7c 85       	ldd	r23, Y+12	; 0x0c
    3dd2:	8d 85       	ldd	r24, Y+13	; 0x0d
    3dd4:	9e 85       	ldd	r25, Y+14	; 0x0e
    3dd6:	20 e0       	ldi	r18, 0x00	; 0
    3dd8:	30 e0       	ldi	r19, 0x00	; 0
    3dda:	4a ef       	ldi	r20, 0xFA	; 250
    3ddc:	54 e4       	ldi	r21, 0x44	; 68
    3dde:	0e 94 1f 02 	call	0x43e	; 0x43e <__mulsf3>
    3de2:	dc 01       	movw	r26, r24
    3de4:	cb 01       	movw	r24, r22
    3de6:	8f 83       	std	Y+7, r24	; 0x07
    3de8:	98 87       	std	Y+8, r25	; 0x08
    3dea:	a9 87       	std	Y+9, r26	; 0x09
    3dec:	ba 87       	std	Y+10, r27	; 0x0a
	if (__tmp < 1.0)
    3dee:	6f 81       	ldd	r22, Y+7	; 0x07
    3df0:	78 85       	ldd	r23, Y+8	; 0x08
    3df2:	89 85       	ldd	r24, Y+9	; 0x09
    3df4:	9a 85       	ldd	r25, Y+10	; 0x0a
    3df6:	20 e0       	ldi	r18, 0x00	; 0
    3df8:	30 e0       	ldi	r19, 0x00	; 0
    3dfa:	40 e8       	ldi	r20, 0x80	; 128
    3dfc:	5f e3       	ldi	r21, 0x3F	; 63
    3dfe:	0e 94 79 03 	call	0x6f2	; 0x6f2 <__ltsf2>
    3e02:	88 23       	and	r24, r24
    3e04:	2c f4       	brge	.+10     	; 0x3e10 <password_change+0xf36>
		__ticks = 1;
    3e06:	81 e0       	ldi	r24, 0x01	; 1
    3e08:	90 e0       	ldi	r25, 0x00	; 0
    3e0a:	9e 83       	std	Y+6, r25	; 0x06
    3e0c:	8d 83       	std	Y+5, r24	; 0x05
    3e0e:	3f c0       	rjmp	.+126    	; 0x3e8e <password_change+0xfb4>
	else if (__tmp > 65535)
    3e10:	6f 81       	ldd	r22, Y+7	; 0x07
    3e12:	78 85       	ldd	r23, Y+8	; 0x08
    3e14:	89 85       	ldd	r24, Y+9	; 0x09
    3e16:	9a 85       	ldd	r25, Y+10	; 0x0a
    3e18:	20 e0       	ldi	r18, 0x00	; 0
    3e1a:	3f ef       	ldi	r19, 0xFF	; 255
    3e1c:	4f e7       	ldi	r20, 0x7F	; 127
    3e1e:	57 e4       	ldi	r21, 0x47	; 71
    3e20:	0e 94 19 03 	call	0x632	; 0x632 <__gtsf2>
    3e24:	18 16       	cp	r1, r24
    3e26:	4c f5       	brge	.+82     	; 0x3e7a <password_change+0xfa0>
	{
		//	__ticks = requested delay in 1/10 ms
		__ticks = (uint16_t) (__ms * 10.0);
    3e28:	6b 85       	ldd	r22, Y+11	; 0x0b
    3e2a:	7c 85       	ldd	r23, Y+12	; 0x0c
    3e2c:	8d 85       	ldd	r24, Y+13	; 0x0d
    3e2e:	9e 85       	ldd	r25, Y+14	; 0x0e
    3e30:	20 e0       	ldi	r18, 0x00	; 0
    3e32:	30 e0       	ldi	r19, 0x00	; 0
    3e34:	40 e2       	ldi	r20, 0x20	; 32
    3e36:	51 e4       	ldi	r21, 0x41	; 65
    3e38:	0e 94 1f 02 	call	0x43e	; 0x43e <__mulsf3>
    3e3c:	dc 01       	movw	r26, r24
    3e3e:	cb 01       	movw	r24, r22
    3e40:	bc 01       	movw	r22, r24
    3e42:	cd 01       	movw	r24, r26
    3e44:	0e 94 49 00 	call	0x92	; 0x92 <__fixunssfsi>
    3e48:	dc 01       	movw	r26, r24
    3e4a:	cb 01       	movw	r24, r22
    3e4c:	9e 83       	std	Y+6, r25	; 0x06
    3e4e:	8d 83       	std	Y+5, r24	; 0x05
    3e50:	0f c0       	rjmp	.+30     	; 0x3e70 <password_change+0xf96>
    3e52:	88 ec       	ldi	r24, 0xC8	; 200
    3e54:	90 e0       	ldi	r25, 0x00	; 0
    3e56:	9c 83       	std	Y+4, r25	; 0x04
    3e58:	8b 83       	std	Y+3, r24	; 0x03
    3e5a:	8b 81       	ldd	r24, Y+3	; 0x03
    3e5c:	9c 81       	ldd	r25, Y+4	; 0x04
    3e5e:	01 97       	sbiw	r24, 0x01	; 1
    3e60:	f1 f7       	brne	.-4      	; 0x3e5e <password_change+0xf84>
    3e62:	9c 83       	std	Y+4, r25	; 0x04
    3e64:	8b 83       	std	Y+3, r24	; 0x03
		while(__ticks)
		{
			// wait 1/10 ms
			_delay_loop_2(((F_CPU) / 4e3) / 10);
			__ticks --;
    3e66:	8d 81       	ldd	r24, Y+5	; 0x05
    3e68:	9e 81       	ldd	r25, Y+6	; 0x06
    3e6a:	01 97       	sbiw	r24, 0x01	; 1
    3e6c:	9e 83       	std	Y+6, r25	; 0x06
    3e6e:	8d 83       	std	Y+5, r24	; 0x05
		__ticks = 1;
	else if (__tmp > 65535)
	{
		//	__ticks = requested delay in 1/10 ms
		__ticks = (uint16_t) (__ms * 10.0);
		while(__ticks)
    3e70:	8d 81       	ldd	r24, Y+5	; 0x05
    3e72:	9e 81       	ldd	r25, Y+6	; 0x06
    3e74:	00 97       	sbiw	r24, 0x00	; 0
    3e76:	69 f7       	brne	.-38     	; 0x3e52 <password_change+0xf78>
    3e78:	14 c0       	rjmp	.+40     	; 0x3ea2 <password_change+0xfc8>
			__ticks --;
		}
		return;
	}
	else
		__ticks = (uint16_t)__tmp;
    3e7a:	6f 81       	ldd	r22, Y+7	; 0x07
    3e7c:	78 85       	ldd	r23, Y+8	; 0x08
    3e7e:	89 85       	ldd	r24, Y+9	; 0x09
    3e80:	9a 85       	ldd	r25, Y+10	; 0x0a
    3e82:	0e 94 49 00 	call	0x92	; 0x92 <__fixunssfsi>
    3e86:	dc 01       	movw	r26, r24
    3e88:	cb 01       	movw	r24, r22
    3e8a:	9e 83       	std	Y+6, r25	; 0x06
    3e8c:	8d 83       	std	Y+5, r24	; 0x05
    3e8e:	8d 81       	ldd	r24, Y+5	; 0x05
    3e90:	9e 81       	ldd	r25, Y+6	; 0x06
    3e92:	9a 83       	std	Y+2, r25	; 0x02
    3e94:	89 83       	std	Y+1, r24	; 0x01
    3e96:	89 81       	ldd	r24, Y+1	; 0x01
    3e98:	9a 81       	ldd	r25, Y+2	; 0x02
    3e9a:	01 97       	sbiw	r24, 0x01	; 1
    3e9c:	f1 f7       	brne	.-4      	; 0x3e9a <password_change+0xfc0>
    3e9e:	9a 83       	std	Y+2, r25	; 0x02
    3ea0:	89 83       	std	Y+1, r24	; 0x01
	_delay_ms(250);

}
    3ea2:	c4 55       	subi	r28, 0x54	; 84
    3ea4:	df 4f       	sbci	r29, 0xFF	; 255
    3ea6:	0f b6       	in	r0, 0x3f	; 63
    3ea8:	f8 94       	cli
    3eaa:	de bf       	out	0x3e, r29	; 62
    3eac:	0f be       	out	0x3f, r0	; 63
    3eae:	cd bf       	out	0x3d, r28	; 61
    3eb0:	cf 91       	pop	r28
    3eb2:	df 91       	pop	r29
    3eb4:	1f 91       	pop	r17
    3eb6:	0f 91       	pop	r16
    3eb8:	08 95       	ret

00003eba <wrong_tryagain>:

void wrong_tryagain(void) { /*	 wrong password message and Try again	*/
    3eba:	df 93       	push	r29
    3ebc:	cf 93       	push	r28
    3ebe:	cd b7       	in	r28, 0x3d	; 61
    3ec0:	de b7       	in	r29, 0x3e	; 62
    3ec2:	6c 97       	sbiw	r28, 0x1c	; 28
    3ec4:	0f b6       	in	r0, 0x3f	; 63
    3ec6:	f8 94       	cli
    3ec8:	de bf       	out	0x3e, r29	; 62
    3eca:	0f be       	out	0x3f, r0	; 63
    3ecc:	cd bf       	out	0x3d, r28	; 61
	LCD_WriteCommand(0b00000001);
    3ece:	81 e0       	ldi	r24, 0x01	; 1
    3ed0:	0e 94 60 0b 	call	0x16c0	; 0x16c0 <LCD_WriteCommand>
	LCD_WriteCommand(0b10000000);
    3ed4:	80 e8       	ldi	r24, 0x80	; 128
    3ed6:	0e 94 60 0b 	call	0x16c0	; 0x16c0 <LCD_WriteCommand>
	LCD_WriteData(' ');
    3eda:	80 e2       	ldi	r24, 0x20	; 32
    3edc:	0e 94 06 0c 	call	0x180c	; 0x180c <LCD_WriteData>
	LCD_WriteData(' ');
    3ee0:	80 e2       	ldi	r24, 0x20	; 32
    3ee2:	0e 94 06 0c 	call	0x180c	; 0x180c <LCD_WriteData>
	LCD_WriteData(' ');
    3ee6:	80 e2       	ldi	r24, 0x20	; 32
    3ee8:	0e 94 06 0c 	call	0x180c	; 0x180c <LCD_WriteData>
	LCD_WriteData(' ');
    3eec:	80 e2       	ldi	r24, 0x20	; 32
    3eee:	0e 94 06 0c 	call	0x180c	; 0x180c <LCD_WriteData>
	LCD_WriteData(' ');
    3ef2:	80 e2       	ldi	r24, 0x20	; 32
    3ef4:	0e 94 06 0c 	call	0x180c	; 0x180c <LCD_WriteData>
	LCD_WriteData(' ');
    3ef8:	80 e2       	ldi	r24, 0x20	; 32
    3efa:	0e 94 06 0c 	call	0x180c	; 0x180c <LCD_WriteData>
	LCD_WriteData('W');
    3efe:	87 e5       	ldi	r24, 0x57	; 87
    3f00:	0e 94 06 0c 	call	0x180c	; 0x180c <LCD_WriteData>
	LCD_WriteData('r');
    3f04:	82 e7       	ldi	r24, 0x72	; 114
    3f06:	0e 94 06 0c 	call	0x180c	; 0x180c <LCD_WriteData>
	LCD_WriteData('o');
    3f0a:	8f e6       	ldi	r24, 0x6F	; 111
    3f0c:	0e 94 06 0c 	call	0x180c	; 0x180c <LCD_WriteData>
	LCD_WriteData('n');
    3f10:	8e e6       	ldi	r24, 0x6E	; 110
    3f12:	0e 94 06 0c 	call	0x180c	; 0x180c <LCD_WriteData>
	LCD_WriteData('g');
    3f16:	87 e6       	ldi	r24, 0x67	; 103
    3f18:	0e 94 06 0c 	call	0x180c	; 0x180c <LCD_WriteData>
	LCD_WriteData(' ');
    3f1c:	80 e2       	ldi	r24, 0x20	; 32
    3f1e:	0e 94 06 0c 	call	0x180c	; 0x180c <LCD_WriteData>
	LCD_WriteData(' ');
    3f22:	80 e2       	ldi	r24, 0x20	; 32
    3f24:	0e 94 06 0c 	call	0x180c	; 0x180c <LCD_WriteData>
    3f28:	80 e0       	ldi	r24, 0x00	; 0
    3f2a:	90 e0       	ldi	r25, 0x00	; 0
    3f2c:	aa e7       	ldi	r26, 0x7A	; 122
    3f2e:	b4 e4       	ldi	r27, 0x44	; 68
    3f30:	89 8f       	std	Y+25, r24	; 0x19
    3f32:	9a 8f       	std	Y+26, r25	; 0x1a
    3f34:	ab 8f       	std	Y+27, r26	; 0x1b
    3f36:	bc 8f       	std	Y+28, r27	; 0x1c
 */
void
_delay_ms(double __ms)
{
	uint16_t __ticks;
	double __tmp = ((F_CPU) / 4e3) * __ms;
    3f38:	69 8d       	ldd	r22, Y+25	; 0x19
    3f3a:	7a 8d       	ldd	r23, Y+26	; 0x1a
    3f3c:	8b 8d       	ldd	r24, Y+27	; 0x1b
    3f3e:	9c 8d       	ldd	r25, Y+28	; 0x1c
    3f40:	20 e0       	ldi	r18, 0x00	; 0
    3f42:	30 e0       	ldi	r19, 0x00	; 0
    3f44:	4a ef       	ldi	r20, 0xFA	; 250
    3f46:	54 e4       	ldi	r21, 0x44	; 68
    3f48:	0e 94 1f 02 	call	0x43e	; 0x43e <__mulsf3>
    3f4c:	dc 01       	movw	r26, r24
    3f4e:	cb 01       	movw	r24, r22
    3f50:	8d 8b       	std	Y+21, r24	; 0x15
    3f52:	9e 8b       	std	Y+22, r25	; 0x16
    3f54:	af 8b       	std	Y+23, r26	; 0x17
    3f56:	b8 8f       	std	Y+24, r27	; 0x18
	if (__tmp < 1.0)
    3f58:	6d 89       	ldd	r22, Y+21	; 0x15
    3f5a:	7e 89       	ldd	r23, Y+22	; 0x16
    3f5c:	8f 89       	ldd	r24, Y+23	; 0x17
    3f5e:	98 8d       	ldd	r25, Y+24	; 0x18
    3f60:	20 e0       	ldi	r18, 0x00	; 0
    3f62:	30 e0       	ldi	r19, 0x00	; 0
    3f64:	40 e8       	ldi	r20, 0x80	; 128
    3f66:	5f e3       	ldi	r21, 0x3F	; 63
    3f68:	0e 94 79 03 	call	0x6f2	; 0x6f2 <__ltsf2>
    3f6c:	88 23       	and	r24, r24
    3f6e:	2c f4       	brge	.+10     	; 0x3f7a <wrong_tryagain+0xc0>
		__ticks = 1;
    3f70:	81 e0       	ldi	r24, 0x01	; 1
    3f72:	90 e0       	ldi	r25, 0x00	; 0
    3f74:	9c 8b       	std	Y+20, r25	; 0x14
    3f76:	8b 8b       	std	Y+19, r24	; 0x13
    3f78:	3f c0       	rjmp	.+126    	; 0x3ff8 <wrong_tryagain+0x13e>
	else if (__tmp > 65535)
    3f7a:	6d 89       	ldd	r22, Y+21	; 0x15
    3f7c:	7e 89       	ldd	r23, Y+22	; 0x16
    3f7e:	8f 89       	ldd	r24, Y+23	; 0x17
    3f80:	98 8d       	ldd	r25, Y+24	; 0x18
    3f82:	20 e0       	ldi	r18, 0x00	; 0
    3f84:	3f ef       	ldi	r19, 0xFF	; 255
    3f86:	4f e7       	ldi	r20, 0x7F	; 127
    3f88:	57 e4       	ldi	r21, 0x47	; 71
    3f8a:	0e 94 19 03 	call	0x632	; 0x632 <__gtsf2>
    3f8e:	18 16       	cp	r1, r24
    3f90:	4c f5       	brge	.+82     	; 0x3fe4 <wrong_tryagain+0x12a>
	{
		//	__ticks = requested delay in 1/10 ms
		__ticks = (uint16_t) (__ms * 10.0);
    3f92:	69 8d       	ldd	r22, Y+25	; 0x19
    3f94:	7a 8d       	ldd	r23, Y+26	; 0x1a
    3f96:	8b 8d       	ldd	r24, Y+27	; 0x1b
    3f98:	9c 8d       	ldd	r25, Y+28	; 0x1c
    3f9a:	20 e0       	ldi	r18, 0x00	; 0
    3f9c:	30 e0       	ldi	r19, 0x00	; 0
    3f9e:	40 e2       	ldi	r20, 0x20	; 32
    3fa0:	51 e4       	ldi	r21, 0x41	; 65
    3fa2:	0e 94 1f 02 	call	0x43e	; 0x43e <__mulsf3>
    3fa6:	dc 01       	movw	r26, r24
    3fa8:	cb 01       	movw	r24, r22
    3faa:	bc 01       	movw	r22, r24
    3fac:	cd 01       	movw	r24, r26
    3fae:	0e 94 49 00 	call	0x92	; 0x92 <__fixunssfsi>
    3fb2:	dc 01       	movw	r26, r24
    3fb4:	cb 01       	movw	r24, r22
    3fb6:	9c 8b       	std	Y+20, r25	; 0x14
    3fb8:	8b 8b       	std	Y+19, r24	; 0x13
    3fba:	0f c0       	rjmp	.+30     	; 0x3fda <wrong_tryagain+0x120>
    3fbc:	88 ec       	ldi	r24, 0xC8	; 200
    3fbe:	90 e0       	ldi	r25, 0x00	; 0
    3fc0:	9a 8b       	std	Y+18, r25	; 0x12
    3fc2:	89 8b       	std	Y+17, r24	; 0x11
    3fc4:	89 89       	ldd	r24, Y+17	; 0x11
    3fc6:	9a 89       	ldd	r25, Y+18	; 0x12
    3fc8:	01 97       	sbiw	r24, 0x01	; 1
    3fca:	f1 f7       	brne	.-4      	; 0x3fc8 <wrong_tryagain+0x10e>
    3fcc:	9a 8b       	std	Y+18, r25	; 0x12
    3fce:	89 8b       	std	Y+17, r24	; 0x11
		while(__ticks)
		{
			// wait 1/10 ms
			_delay_loop_2(((F_CPU) / 4e3) / 10);
			__ticks --;
    3fd0:	8b 89       	ldd	r24, Y+19	; 0x13
    3fd2:	9c 89       	ldd	r25, Y+20	; 0x14
    3fd4:	01 97       	sbiw	r24, 0x01	; 1
    3fd6:	9c 8b       	std	Y+20, r25	; 0x14
    3fd8:	8b 8b       	std	Y+19, r24	; 0x13
		__ticks = 1;
	else if (__tmp > 65535)
	{
		//	__ticks = requested delay in 1/10 ms
		__ticks = (uint16_t) (__ms * 10.0);
		while(__ticks)
    3fda:	8b 89       	ldd	r24, Y+19	; 0x13
    3fdc:	9c 89       	ldd	r25, Y+20	; 0x14
    3fde:	00 97       	sbiw	r24, 0x00	; 0
    3fe0:	69 f7       	brne	.-38     	; 0x3fbc <wrong_tryagain+0x102>
    3fe2:	14 c0       	rjmp	.+40     	; 0x400c <wrong_tryagain+0x152>
			__ticks --;
		}
		return;
	}
	else
		__ticks = (uint16_t)__tmp;
    3fe4:	6d 89       	ldd	r22, Y+21	; 0x15
    3fe6:	7e 89       	ldd	r23, Y+22	; 0x16
    3fe8:	8f 89       	ldd	r24, Y+23	; 0x17
    3fea:	98 8d       	ldd	r25, Y+24	; 0x18
    3fec:	0e 94 49 00 	call	0x92	; 0x92 <__fixunssfsi>
    3ff0:	dc 01       	movw	r26, r24
    3ff2:	cb 01       	movw	r24, r22
    3ff4:	9c 8b       	std	Y+20, r25	; 0x14
    3ff6:	8b 8b       	std	Y+19, r24	; 0x13
    3ff8:	8b 89       	ldd	r24, Y+19	; 0x13
    3ffa:	9c 89       	ldd	r25, Y+20	; 0x14
    3ffc:	98 8b       	std	Y+16, r25	; 0x10
    3ffe:	8f 87       	std	Y+15, r24	; 0x0f
    4000:	8f 85       	ldd	r24, Y+15	; 0x0f
    4002:	98 89       	ldd	r25, Y+16	; 0x10
    4004:	01 97       	sbiw	r24, 0x01	; 1
    4006:	f1 f7       	brne	.-4      	; 0x4004 <wrong_tryagain+0x14a>
    4008:	98 8b       	std	Y+16, r25	; 0x10
    400a:	8f 87       	std	Y+15, r24	; 0x0f
	_delay_ms(1000);
	LCD_WriteCommand(0b00000001);
    400c:	81 e0       	ldi	r24, 0x01	; 1
    400e:	0e 94 60 0b 	call	0x16c0	; 0x16c0 <LCD_WriteCommand>
	LCD_WriteCommand(0b10000000);
    4012:	80 e8       	ldi	r24, 0x80	; 128
    4014:	0e 94 60 0b 	call	0x16c0	; 0x16c0 <LCD_WriteCommand>
	LCD_WriteData(' ');
    4018:	80 e2       	ldi	r24, 0x20	; 32
    401a:	0e 94 06 0c 	call	0x180c	; 0x180c <LCD_WriteData>
	LCD_WriteData(' ');
    401e:	80 e2       	ldi	r24, 0x20	; 32
    4020:	0e 94 06 0c 	call	0x180c	; 0x180c <LCD_WriteData>
	LCD_WriteData(' ');
    4024:	80 e2       	ldi	r24, 0x20	; 32
    4026:	0e 94 06 0c 	call	0x180c	; 0x180c <LCD_WriteData>
	LCD_WriteData('T');
    402a:	84 e5       	ldi	r24, 0x54	; 84
    402c:	0e 94 06 0c 	call	0x180c	; 0x180c <LCD_WriteData>
	LCD_WriteData('r');
    4030:	82 e7       	ldi	r24, 0x72	; 114
    4032:	0e 94 06 0c 	call	0x180c	; 0x180c <LCD_WriteData>
	LCD_WriteData('y');
    4036:	89 e7       	ldi	r24, 0x79	; 121
    4038:	0e 94 06 0c 	call	0x180c	; 0x180c <LCD_WriteData>
	LCD_WriteData(' ');
    403c:	80 e2       	ldi	r24, 0x20	; 32
    403e:	0e 94 06 0c 	call	0x180c	; 0x180c <LCD_WriteData>
	LCD_WriteData('a');
    4042:	81 e6       	ldi	r24, 0x61	; 97
    4044:	0e 94 06 0c 	call	0x180c	; 0x180c <LCD_WriteData>
	LCD_WriteData('g');
    4048:	87 e6       	ldi	r24, 0x67	; 103
    404a:	0e 94 06 0c 	call	0x180c	; 0x180c <LCD_WriteData>
	LCD_WriteData('a');
    404e:	81 e6       	ldi	r24, 0x61	; 97
    4050:	0e 94 06 0c 	call	0x180c	; 0x180c <LCD_WriteData>
	LCD_WriteData('i');
    4054:	89 e6       	ldi	r24, 0x69	; 105
    4056:	0e 94 06 0c 	call	0x180c	; 0x180c <LCD_WriteData>
	LCD_WriteData('n');
    405a:	8e e6       	ldi	r24, 0x6E	; 110
    405c:	0e 94 06 0c 	call	0x180c	; 0x180c <LCD_WriteData>
	LCD_WriteData(' ');
    4060:	80 e2       	ldi	r24, 0x20	; 32
    4062:	0e 94 06 0c 	call	0x180c	; 0x180c <LCD_WriteData>
    4066:	80 e0       	ldi	r24, 0x00	; 0
    4068:	90 e0       	ldi	r25, 0x00	; 0
    406a:	aa e7       	ldi	r26, 0x7A	; 122
    406c:	b4 e4       	ldi	r27, 0x44	; 68
    406e:	8b 87       	std	Y+11, r24	; 0x0b
    4070:	9c 87       	std	Y+12, r25	; 0x0c
    4072:	ad 87       	std	Y+13, r26	; 0x0d
    4074:	be 87       	std	Y+14, r27	; 0x0e
 */
void
_delay_ms(double __ms)
{
	uint16_t __ticks;
	double __tmp = ((F_CPU) / 4e3) * __ms;
    4076:	6b 85       	ldd	r22, Y+11	; 0x0b
    4078:	7c 85       	ldd	r23, Y+12	; 0x0c
    407a:	8d 85       	ldd	r24, Y+13	; 0x0d
    407c:	9e 85       	ldd	r25, Y+14	; 0x0e
    407e:	20 e0       	ldi	r18, 0x00	; 0
    4080:	30 e0       	ldi	r19, 0x00	; 0
    4082:	4a ef       	ldi	r20, 0xFA	; 250
    4084:	54 e4       	ldi	r21, 0x44	; 68
    4086:	0e 94 1f 02 	call	0x43e	; 0x43e <__mulsf3>
    408a:	dc 01       	movw	r26, r24
    408c:	cb 01       	movw	r24, r22
    408e:	8f 83       	std	Y+7, r24	; 0x07
    4090:	98 87       	std	Y+8, r25	; 0x08
    4092:	a9 87       	std	Y+9, r26	; 0x09
    4094:	ba 87       	std	Y+10, r27	; 0x0a
	if (__tmp < 1.0)
    4096:	6f 81       	ldd	r22, Y+7	; 0x07
    4098:	78 85       	ldd	r23, Y+8	; 0x08
    409a:	89 85       	ldd	r24, Y+9	; 0x09
    409c:	9a 85       	ldd	r25, Y+10	; 0x0a
    409e:	20 e0       	ldi	r18, 0x00	; 0
    40a0:	30 e0       	ldi	r19, 0x00	; 0
    40a2:	40 e8       	ldi	r20, 0x80	; 128
    40a4:	5f e3       	ldi	r21, 0x3F	; 63
    40a6:	0e 94 79 03 	call	0x6f2	; 0x6f2 <__ltsf2>
    40aa:	88 23       	and	r24, r24
    40ac:	2c f4       	brge	.+10     	; 0x40b8 <wrong_tryagain+0x1fe>
		__ticks = 1;
    40ae:	81 e0       	ldi	r24, 0x01	; 1
    40b0:	90 e0       	ldi	r25, 0x00	; 0
    40b2:	9e 83       	std	Y+6, r25	; 0x06
    40b4:	8d 83       	std	Y+5, r24	; 0x05
    40b6:	3f c0       	rjmp	.+126    	; 0x4136 <wrong_tryagain+0x27c>
	else if (__tmp > 65535)
    40b8:	6f 81       	ldd	r22, Y+7	; 0x07
    40ba:	78 85       	ldd	r23, Y+8	; 0x08
    40bc:	89 85       	ldd	r24, Y+9	; 0x09
    40be:	9a 85       	ldd	r25, Y+10	; 0x0a
    40c0:	20 e0       	ldi	r18, 0x00	; 0
    40c2:	3f ef       	ldi	r19, 0xFF	; 255
    40c4:	4f e7       	ldi	r20, 0x7F	; 127
    40c6:	57 e4       	ldi	r21, 0x47	; 71
    40c8:	0e 94 19 03 	call	0x632	; 0x632 <__gtsf2>
    40cc:	18 16       	cp	r1, r24
    40ce:	4c f5       	brge	.+82     	; 0x4122 <wrong_tryagain+0x268>
	{
		//	__ticks = requested delay in 1/10 ms
		__ticks = (uint16_t) (__ms * 10.0);
    40d0:	6b 85       	ldd	r22, Y+11	; 0x0b
    40d2:	7c 85       	ldd	r23, Y+12	; 0x0c
    40d4:	8d 85       	ldd	r24, Y+13	; 0x0d
    40d6:	9e 85       	ldd	r25, Y+14	; 0x0e
    40d8:	20 e0       	ldi	r18, 0x00	; 0
    40da:	30 e0       	ldi	r19, 0x00	; 0
    40dc:	40 e2       	ldi	r20, 0x20	; 32
    40de:	51 e4       	ldi	r21, 0x41	; 65
    40e0:	0e 94 1f 02 	call	0x43e	; 0x43e <__mulsf3>
    40e4:	dc 01       	movw	r26, r24
    40e6:	cb 01       	movw	r24, r22
    40e8:	bc 01       	movw	r22, r24
    40ea:	cd 01       	movw	r24, r26
    40ec:	0e 94 49 00 	call	0x92	; 0x92 <__fixunssfsi>
    40f0:	dc 01       	movw	r26, r24
    40f2:	cb 01       	movw	r24, r22
    40f4:	9e 83       	std	Y+6, r25	; 0x06
    40f6:	8d 83       	std	Y+5, r24	; 0x05
    40f8:	0f c0       	rjmp	.+30     	; 0x4118 <wrong_tryagain+0x25e>
    40fa:	88 ec       	ldi	r24, 0xC8	; 200
    40fc:	90 e0       	ldi	r25, 0x00	; 0
    40fe:	9c 83       	std	Y+4, r25	; 0x04
    4100:	8b 83       	std	Y+3, r24	; 0x03
    4102:	8b 81       	ldd	r24, Y+3	; 0x03
    4104:	9c 81       	ldd	r25, Y+4	; 0x04
    4106:	01 97       	sbiw	r24, 0x01	; 1
    4108:	f1 f7       	brne	.-4      	; 0x4106 <wrong_tryagain+0x24c>
    410a:	9c 83       	std	Y+4, r25	; 0x04
    410c:	8b 83       	std	Y+3, r24	; 0x03
		while(__ticks)
		{
			// wait 1/10 ms
			_delay_loop_2(((F_CPU) / 4e3) / 10);
			__ticks --;
    410e:	8d 81       	ldd	r24, Y+5	; 0x05
    4110:	9e 81       	ldd	r25, Y+6	; 0x06
    4112:	01 97       	sbiw	r24, 0x01	; 1
    4114:	9e 83       	std	Y+6, r25	; 0x06
    4116:	8d 83       	std	Y+5, r24	; 0x05
		__ticks = 1;
	else if (__tmp > 65535)
	{
		//	__ticks = requested delay in 1/10 ms
		__ticks = (uint16_t) (__ms * 10.0);
		while(__ticks)
    4118:	8d 81       	ldd	r24, Y+5	; 0x05
    411a:	9e 81       	ldd	r25, Y+6	; 0x06
    411c:	00 97       	sbiw	r24, 0x00	; 0
    411e:	69 f7       	brne	.-38     	; 0x40fa <wrong_tryagain+0x240>
    4120:	14 c0       	rjmp	.+40     	; 0x414a <wrong_tryagain+0x290>
			__ticks --;
		}
		return;
	}
	else
		__ticks = (uint16_t)__tmp;
    4122:	6f 81       	ldd	r22, Y+7	; 0x07
    4124:	78 85       	ldd	r23, Y+8	; 0x08
    4126:	89 85       	ldd	r24, Y+9	; 0x09
    4128:	9a 85       	ldd	r25, Y+10	; 0x0a
    412a:	0e 94 49 00 	call	0x92	; 0x92 <__fixunssfsi>
    412e:	dc 01       	movw	r26, r24
    4130:	cb 01       	movw	r24, r22
    4132:	9e 83       	std	Y+6, r25	; 0x06
    4134:	8d 83       	std	Y+5, r24	; 0x05
    4136:	8d 81       	ldd	r24, Y+5	; 0x05
    4138:	9e 81       	ldd	r25, Y+6	; 0x06
    413a:	9a 83       	std	Y+2, r25	; 0x02
    413c:	89 83       	std	Y+1, r24	; 0x01
    413e:	89 81       	ldd	r24, Y+1	; 0x01
    4140:	9a 81       	ldd	r25, Y+2	; 0x02
    4142:	01 97       	sbiw	r24, 0x01	; 1
    4144:	f1 f7       	brne	.-4      	; 0x4142 <wrong_tryagain+0x288>
    4146:	9a 83       	std	Y+2, r25	; 0x02
    4148:	89 83       	std	Y+1, r24	; 0x01
	_delay_ms(1000);

}
    414a:	6c 96       	adiw	r28, 0x1c	; 28
    414c:	0f b6       	in	r0, 0x3f	; 63
    414e:	f8 94       	cli
    4150:	de bf       	out	0x3e, r29	; 62
    4152:	0f be       	out	0x3f, r0	; 63
    4154:	cd bf       	out	0x3d, r28	; 61
    4156:	cf 91       	pop	r28
    4158:	df 91       	pop	r29
    415a:	08 95       	ret

0000415c <welcome_change_password>:
void welcome_change_password(void) { /*		Welcome message and password change message		*/
    415c:	df 93       	push	r29
    415e:	cf 93       	push	r28
    4160:	cd b7       	in	r28, 0x3d	; 61
    4162:	de b7       	in	r29, 0x3e	; 62
    4164:	2f 97       	sbiw	r28, 0x0f	; 15
    4166:	0f b6       	in	r0, 0x3f	; 63
    4168:	f8 94       	cli
    416a:	de bf       	out	0x3e, r29	; 62
    416c:	0f be       	out	0x3f, r0	; 63
    416e:	cd bf       	out	0x3d, r28	; 61
	u8 change_password;
	LCD_WriteCommand(0b00000001);
    4170:	81 e0       	ldi	r24, 0x01	; 1
    4172:	0e 94 60 0b 	call	0x16c0	; 0x16c0 <LCD_WriteCommand>
	LCD_WriteCommand(0b10000000);
    4176:	80 e8       	ldi	r24, 0x80	; 128
    4178:	0e 94 60 0b 	call	0x16c0	; 0x16c0 <LCD_WriteCommand>
	LCD_WriteData(' ');
    417c:	80 e2       	ldi	r24, 0x20	; 32
    417e:	0e 94 06 0c 	call	0x180c	; 0x180c <LCD_WriteData>
	LCD_WriteData(' ');
    4182:	80 e2       	ldi	r24, 0x20	; 32
    4184:	0e 94 06 0c 	call	0x180c	; 0x180c <LCD_WriteData>
	LCD_WriteData(' ');
    4188:	80 e2       	ldi	r24, 0x20	; 32
    418a:	0e 94 06 0c 	call	0x180c	; 0x180c <LCD_WriteData>
	LCD_WriteData(' ');
    418e:	80 e2       	ldi	r24, 0x20	; 32
    4190:	0e 94 06 0c 	call	0x180c	; 0x180c <LCD_WriteData>
	LCD_WriteData('W');
    4194:	87 e5       	ldi	r24, 0x57	; 87
    4196:	0e 94 06 0c 	call	0x180c	; 0x180c <LCD_WriteData>
	LCD_WriteData('e');
    419a:	85 e6       	ldi	r24, 0x65	; 101
    419c:	0e 94 06 0c 	call	0x180c	; 0x180c <LCD_WriteData>
	LCD_WriteData('l');
    41a0:	8c e6       	ldi	r24, 0x6C	; 108
    41a2:	0e 94 06 0c 	call	0x180c	; 0x180c <LCD_WriteData>
	LCD_WriteData('c');
    41a6:	83 e6       	ldi	r24, 0x63	; 99
    41a8:	0e 94 06 0c 	call	0x180c	; 0x180c <LCD_WriteData>
	LCD_WriteData('o');
    41ac:	8f e6       	ldi	r24, 0x6F	; 111
    41ae:	0e 94 06 0c 	call	0x180c	; 0x180c <LCD_WriteData>
	LCD_WriteData('m');
    41b2:	8d e6       	ldi	r24, 0x6D	; 109
    41b4:	0e 94 06 0c 	call	0x180c	; 0x180c <LCD_WriteData>
	LCD_WriteData('e');
    41b8:	85 e6       	ldi	r24, 0x65	; 101
    41ba:	0e 94 06 0c 	call	0x180c	; 0x180c <LCD_WriteData>
	LCD_WriteData(' ');
    41be:	80 e2       	ldi	r24, 0x20	; 32
    41c0:	0e 94 06 0c 	call	0x180c	; 0x180c <LCD_WriteData>
	LCD_WriteData(' ');
    41c4:	80 e2       	ldi	r24, 0x20	; 32
    41c6:	0e 94 06 0c 	call	0x180c	; 0x180c <LCD_WriteData>
	LCD_WriteCommand(0b11000000);
    41ca:	80 ec       	ldi	r24, 0xC0	; 192
    41cc:	0e 94 60 0b 	call	0x16c0	; 0x16c0 <LCD_WriteCommand>
	LCD_WriteData('p');
    41d0:	80 e7       	ldi	r24, 0x70	; 112
    41d2:	0e 94 06 0c 	call	0x180c	; 0x180c <LCD_WriteData>
	LCD_WriteData('r');
    41d6:	82 e7       	ldi	r24, 0x72	; 114
    41d8:	0e 94 06 0c 	call	0x180c	; 0x180c <LCD_WriteData>
	LCD_WriteData('e');
    41dc:	85 e6       	ldi	r24, 0x65	; 101
    41de:	0e 94 06 0c 	call	0x180c	; 0x180c <LCD_WriteData>
	LCD_WriteData('s');
    41e2:	83 e7       	ldi	r24, 0x73	; 115
    41e4:	0e 94 06 0c 	call	0x180c	; 0x180c <LCD_WriteData>
	LCD_WriteData('s');
    41e8:	83 e7       	ldi	r24, 0x73	; 115
    41ea:	0e 94 06 0c 	call	0x180c	; 0x180c <LCD_WriteData>
	LCD_WriteData('2');
    41ee:	82 e3       	ldi	r24, 0x32	; 50
    41f0:	0e 94 06 0c 	call	0x180c	; 0x180c <LCD_WriteData>
	LCD_WriteData(' ');
    41f4:	80 e2       	ldi	r24, 0x20	; 32
    41f6:	0e 94 06 0c 	call	0x180c	; 0x180c <LCD_WriteData>
	LCD_WriteData('t');
    41fa:	84 e7       	ldi	r24, 0x74	; 116
    41fc:	0e 94 06 0c 	call	0x180c	; 0x180c <LCD_WriteData>
	LCD_WriteData('o');
    4200:	8f e6       	ldi	r24, 0x6F	; 111
    4202:	0e 94 06 0c 	call	0x180c	; 0x180c <LCD_WriteData>
	LCD_WriteData(' ');
    4206:	80 e2       	ldi	r24, 0x20	; 32
    4208:	0e 94 06 0c 	call	0x180c	; 0x180c <LCD_WriteData>
	LCD_WriteData('c');
    420c:	83 e6       	ldi	r24, 0x63	; 99
    420e:	0e 94 06 0c 	call	0x180c	; 0x180c <LCD_WriteData>
	LCD_WriteData('h');
    4212:	88 e6       	ldi	r24, 0x68	; 104
    4214:	0e 94 06 0c 	call	0x180c	; 0x180c <LCD_WriteData>
	LCD_WriteData('a');
    4218:	81 e6       	ldi	r24, 0x61	; 97
    421a:	0e 94 06 0c 	call	0x180c	; 0x180c <LCD_WriteData>
	LCD_WriteData('n');
    421e:	8e e6       	ldi	r24, 0x6E	; 110
    4220:	0e 94 06 0c 	call	0x180c	; 0x180c <LCD_WriteData>
	LCD_WriteData('g');
    4224:	87 e6       	ldi	r24, 0x67	; 103
    4226:	0e 94 06 0c 	call	0x180c	; 0x180c <LCD_WriteData>
	LCD_WriteData('e');
    422a:	85 e6       	ldi	r24, 0x65	; 101
    422c:	0e 94 06 0c 	call	0x180c	; 0x180c <LCD_WriteData>
	change_password = keybad();
    4230:	0e 94 af 0d 	call	0x1b5e	; 0x1b5e <keybad>
    4234:	8f 87       	std	Y+15, r24	; 0x0f
	if (change_password == 2) {
    4236:	8f 85       	ldd	r24, Y+15	; 0x0f
    4238:	82 30       	cpi	r24, 0x02	; 2
    423a:	19 f4       	brne	.+6      	; 0x4242 <welcome_change_password+0xe6>
		password_change();
    423c:	0e 94 6d 17 	call	0x2eda	; 0x2eda <password_change>
    4240:	72 c0       	rjmp	.+228    	; 0x4326 <welcome_change_password+0x1ca>
    4242:	80 e0       	ldi	r24, 0x00	; 0
    4244:	90 e0       	ldi	r25, 0x00	; 0
    4246:	a8 ec       	ldi	r26, 0xC8	; 200
    4248:	b2 e4       	ldi	r27, 0x42	; 66
    424a:	8b 87       	std	Y+11, r24	; 0x0b
    424c:	9c 87       	std	Y+12, r25	; 0x0c
    424e:	ad 87       	std	Y+13, r26	; 0x0d
    4250:	be 87       	std	Y+14, r27	; 0x0e
 */
void
_delay_ms(double __ms)
{
	uint16_t __ticks;
	double __tmp = ((F_CPU) / 4e3) * __ms;
    4252:	6b 85       	ldd	r22, Y+11	; 0x0b
    4254:	7c 85       	ldd	r23, Y+12	; 0x0c
    4256:	8d 85       	ldd	r24, Y+13	; 0x0d
    4258:	9e 85       	ldd	r25, Y+14	; 0x0e
    425a:	20 e0       	ldi	r18, 0x00	; 0
    425c:	30 e0       	ldi	r19, 0x00	; 0
    425e:	4a ef       	ldi	r20, 0xFA	; 250
    4260:	54 e4       	ldi	r21, 0x44	; 68
    4262:	0e 94 1f 02 	call	0x43e	; 0x43e <__mulsf3>
    4266:	dc 01       	movw	r26, r24
    4268:	cb 01       	movw	r24, r22
    426a:	8f 83       	std	Y+7, r24	; 0x07
    426c:	98 87       	std	Y+8, r25	; 0x08
    426e:	a9 87       	std	Y+9, r26	; 0x09
    4270:	ba 87       	std	Y+10, r27	; 0x0a
	if (__tmp < 1.0)
    4272:	6f 81       	ldd	r22, Y+7	; 0x07
    4274:	78 85       	ldd	r23, Y+8	; 0x08
    4276:	89 85       	ldd	r24, Y+9	; 0x09
    4278:	9a 85       	ldd	r25, Y+10	; 0x0a
    427a:	20 e0       	ldi	r18, 0x00	; 0
    427c:	30 e0       	ldi	r19, 0x00	; 0
    427e:	40 e8       	ldi	r20, 0x80	; 128
    4280:	5f e3       	ldi	r21, 0x3F	; 63
    4282:	0e 94 79 03 	call	0x6f2	; 0x6f2 <__ltsf2>
    4286:	88 23       	and	r24, r24
    4288:	2c f4       	brge	.+10     	; 0x4294 <welcome_change_password+0x138>
		__ticks = 1;
    428a:	81 e0       	ldi	r24, 0x01	; 1
    428c:	90 e0       	ldi	r25, 0x00	; 0
    428e:	9e 83       	std	Y+6, r25	; 0x06
    4290:	8d 83       	std	Y+5, r24	; 0x05
    4292:	3f c0       	rjmp	.+126    	; 0x4312 <welcome_change_password+0x1b6>
	else if (__tmp > 65535)
    4294:	6f 81       	ldd	r22, Y+7	; 0x07
    4296:	78 85       	ldd	r23, Y+8	; 0x08
    4298:	89 85       	ldd	r24, Y+9	; 0x09
    429a:	9a 85       	ldd	r25, Y+10	; 0x0a
    429c:	20 e0       	ldi	r18, 0x00	; 0
    429e:	3f ef       	ldi	r19, 0xFF	; 255
    42a0:	4f e7       	ldi	r20, 0x7F	; 127
    42a2:	57 e4       	ldi	r21, 0x47	; 71
    42a4:	0e 94 19 03 	call	0x632	; 0x632 <__gtsf2>
    42a8:	18 16       	cp	r1, r24
    42aa:	4c f5       	brge	.+82     	; 0x42fe <welcome_change_password+0x1a2>
	{
		//	__ticks = requested delay in 1/10 ms
		__ticks = (uint16_t) (__ms * 10.0);
    42ac:	6b 85       	ldd	r22, Y+11	; 0x0b
    42ae:	7c 85       	ldd	r23, Y+12	; 0x0c
    42b0:	8d 85       	ldd	r24, Y+13	; 0x0d
    42b2:	9e 85       	ldd	r25, Y+14	; 0x0e
    42b4:	20 e0       	ldi	r18, 0x00	; 0
    42b6:	30 e0       	ldi	r19, 0x00	; 0
    42b8:	40 e2       	ldi	r20, 0x20	; 32
    42ba:	51 e4       	ldi	r21, 0x41	; 65
    42bc:	0e 94 1f 02 	call	0x43e	; 0x43e <__mulsf3>
    42c0:	dc 01       	movw	r26, r24
    42c2:	cb 01       	movw	r24, r22
    42c4:	bc 01       	movw	r22, r24
    42c6:	cd 01       	movw	r24, r26
    42c8:	0e 94 49 00 	call	0x92	; 0x92 <__fixunssfsi>
    42cc:	dc 01       	movw	r26, r24
    42ce:	cb 01       	movw	r24, r22
    42d0:	9e 83       	std	Y+6, r25	; 0x06
    42d2:	8d 83       	std	Y+5, r24	; 0x05
    42d4:	0f c0       	rjmp	.+30     	; 0x42f4 <welcome_change_password+0x198>
    42d6:	88 ec       	ldi	r24, 0xC8	; 200
    42d8:	90 e0       	ldi	r25, 0x00	; 0
    42da:	9c 83       	std	Y+4, r25	; 0x04
    42dc:	8b 83       	std	Y+3, r24	; 0x03
    42de:	8b 81       	ldd	r24, Y+3	; 0x03
    42e0:	9c 81       	ldd	r25, Y+4	; 0x04
    42e2:	01 97       	sbiw	r24, 0x01	; 1
    42e4:	f1 f7       	brne	.-4      	; 0x42e2 <welcome_change_password+0x186>
    42e6:	9c 83       	std	Y+4, r25	; 0x04
    42e8:	8b 83       	std	Y+3, r24	; 0x03
		while(__ticks)
		{
			// wait 1/10 ms
			_delay_loop_2(((F_CPU) / 4e3) / 10);
			__ticks --;
    42ea:	8d 81       	ldd	r24, Y+5	; 0x05
    42ec:	9e 81       	ldd	r25, Y+6	; 0x06
    42ee:	01 97       	sbiw	r24, 0x01	; 1
    42f0:	9e 83       	std	Y+6, r25	; 0x06
    42f2:	8d 83       	std	Y+5, r24	; 0x05
		__ticks = 1;
	else if (__tmp > 65535)
	{
		//	__ticks = requested delay in 1/10 ms
		__ticks = (uint16_t) (__ms * 10.0);
		while(__ticks)
    42f4:	8d 81       	ldd	r24, Y+5	; 0x05
    42f6:	9e 81       	ldd	r25, Y+6	; 0x06
    42f8:	00 97       	sbiw	r24, 0x00	; 0
    42fa:	69 f7       	brne	.-38     	; 0x42d6 <welcome_change_password+0x17a>
    42fc:	14 c0       	rjmp	.+40     	; 0x4326 <welcome_change_password+0x1ca>
			__ticks --;
		}
		return;
	}
	else
		__ticks = (uint16_t)__tmp;
    42fe:	6f 81       	ldd	r22, Y+7	; 0x07
    4300:	78 85       	ldd	r23, Y+8	; 0x08
    4302:	89 85       	ldd	r24, Y+9	; 0x09
    4304:	9a 85       	ldd	r25, Y+10	; 0x0a
    4306:	0e 94 49 00 	call	0x92	; 0x92 <__fixunssfsi>
    430a:	dc 01       	movw	r26, r24
    430c:	cb 01       	movw	r24, r22
    430e:	9e 83       	std	Y+6, r25	; 0x06
    4310:	8d 83       	std	Y+5, r24	; 0x05
    4312:	8d 81       	ldd	r24, Y+5	; 0x05
    4314:	9e 81       	ldd	r25, Y+6	; 0x06
    4316:	9a 83       	std	Y+2, r25	; 0x02
    4318:	89 83       	std	Y+1, r24	; 0x01
    431a:	89 81       	ldd	r24, Y+1	; 0x01
    431c:	9a 81       	ldd	r25, Y+2	; 0x02
    431e:	01 97       	sbiw	r24, 0x01	; 1
    4320:	f1 f7       	brne	.-4      	; 0x431e <welcome_change_password+0x1c2>
    4322:	9a 83       	std	Y+2, r25	; 0x02
    4324:	89 83       	std	Y+1, r24	; 0x01
	} else {

		_delay_ms(100);
	}

}
    4326:	2f 96       	adiw	r28, 0x0f	; 15
    4328:	0f b6       	in	r0, 0x3f	; 63
    432a:	f8 94       	cli
    432c:	de bf       	out	0x3e, r29	; 62
    432e:	0f be       	out	0x3f, r0	; 63
    4330:	cd bf       	out	0x3d, r28	; 61
    4332:	cf 91       	pop	r28
    4334:	df 91       	pop	r29
    4336:	08 95       	ret

00004338 <not_allowed>:
u8 y = 0;
void not_allowed(void) {
    4338:	df 93       	push	r29
    433a:	cf 93       	push	r28
    433c:	cd b7       	in	r28, 0x3d	; 61
    433e:	de b7       	in	r29, 0x3e	; 62
    4340:	6d 97       	sbiw	r28, 0x1d	; 29
    4342:	0f b6       	in	r0, 0x3f	; 63
    4344:	f8 94       	cli
    4346:	de bf       	out	0x3e, r29	; 62
    4348:	0f be       	out	0x3f, r0	; 63
    434a:	cd bf       	out	0x3d, r28	; 61
	while (1) {
		for (u8 i = 0; i < 50; i++) {
    434c:	1d 8e       	std	Y+29, r1	; 0x1d
    434e:	4a c1       	rjmp	.+660    	; 0x45e4 <not_allowed+0x2ac>
			if (y == 0) {
    4350:	80 91 be 00 	lds	r24, 0x00BE
    4354:	88 23       	and	r24, r24
    4356:	39 f4       	brne	.+14     	; 0x4366 <not_allowed+0x2e>
				sendSMS();
    4358:	0e 94 e3 05 	call	0xbc6	; 0xbc6 <sendSMS>
				y++;
    435c:	80 91 be 00 	lds	r24, 0x00BE
    4360:	8f 5f       	subi	r24, 0xFF	; 255
    4362:	80 93 be 00 	sts	0x00BE, r24
			}
			LCD_WriteCommand(0b00000001);
    4366:	81 e0       	ldi	r24, 0x01	; 1
    4368:	0e 94 60 0b 	call	0x16c0	; 0x16c0 <LCD_WriteCommand>
			LCD_WriteCommand(0b10000000);
    436c:	80 e8       	ldi	r24, 0x80	; 128
    436e:	0e 94 60 0b 	call	0x16c0	; 0x16c0 <LCD_WriteCommand>
			LCD_WriteData(' ');
    4372:	80 e2       	ldi	r24, 0x20	; 32
    4374:	0e 94 06 0c 	call	0x180c	; 0x180c <LCD_WriteData>
			LCD_WriteData(' ');
    4378:	80 e2       	ldi	r24, 0x20	; 32
    437a:	0e 94 06 0c 	call	0x180c	; 0x180c <LCD_WriteData>
			LCD_WriteData(' ');
    437e:	80 e2       	ldi	r24, 0x20	; 32
    4380:	0e 94 06 0c 	call	0x180c	; 0x180c <LCD_WriteData>
			LCD_WriteData('N');
    4384:	8e e4       	ldi	r24, 0x4E	; 78
    4386:	0e 94 06 0c 	call	0x180c	; 0x180c <LCD_WriteData>
			LCD_WriteData('o');
    438a:	8f e6       	ldi	r24, 0x6F	; 111
    438c:	0e 94 06 0c 	call	0x180c	; 0x180c <LCD_WriteData>
			LCD_WriteData('t');
    4390:	84 e7       	ldi	r24, 0x74	; 116
    4392:	0e 94 06 0c 	call	0x180c	; 0x180c <LCD_WriteData>
			LCD_WriteData(' ');
    4396:	80 e2       	ldi	r24, 0x20	; 32
    4398:	0e 94 06 0c 	call	0x180c	; 0x180c <LCD_WriteData>
			LCD_WriteData('a');
    439c:	81 e6       	ldi	r24, 0x61	; 97
    439e:	0e 94 06 0c 	call	0x180c	; 0x180c <LCD_WriteData>
			LCD_WriteData('l');
    43a2:	8c e6       	ldi	r24, 0x6C	; 108
    43a4:	0e 94 06 0c 	call	0x180c	; 0x180c <LCD_WriteData>
			LCD_WriteData('l');
    43a8:	8c e6       	ldi	r24, 0x6C	; 108
    43aa:	0e 94 06 0c 	call	0x180c	; 0x180c <LCD_WriteData>
			LCD_WriteData('o');
    43ae:	8f e6       	ldi	r24, 0x6F	; 111
    43b0:	0e 94 06 0c 	call	0x180c	; 0x180c <LCD_WriteData>
			LCD_WriteData('w');
    43b4:	87 e7       	ldi	r24, 0x77	; 119
    43b6:	0e 94 06 0c 	call	0x180c	; 0x180c <LCD_WriteData>
			LCD_WriteData('e');
    43ba:	85 e6       	ldi	r24, 0x65	; 101
    43bc:	0e 94 06 0c 	call	0x180c	; 0x180c <LCD_WriteData>
			LCD_WriteData('d');
    43c0:	84 e6       	ldi	r24, 0x64	; 100
    43c2:	0e 94 06 0c 	call	0x180c	; 0x180c <LCD_WriteData>
			LCD_WriteData(' ');
    43c6:	80 e2       	ldi	r24, 0x20	; 32
    43c8:	0e 94 06 0c 	call	0x180c	; 0x180c <LCD_WriteData>
			LCD_WriteData(' ');
    43cc:	80 e2       	ldi	r24, 0x20	; 32
    43ce:	0e 94 06 0c 	call	0x180c	; 0x180c <LCD_WriteData>
			LCD_WriteData('!');
    43d2:	81 e2       	ldi	r24, 0x21	; 33
    43d4:	0e 94 06 0c 	call	0x180c	; 0x180c <LCD_WriteData>

			SETBIT(PORTD, 4); //Buzzer
    43d8:	a2 e3       	ldi	r26, 0x32	; 50
    43da:	b0 e0       	ldi	r27, 0x00	; 0
    43dc:	e2 e3       	ldi	r30, 0x32	; 50
    43de:	f0 e0       	ldi	r31, 0x00	; 0
    43e0:	80 81       	ld	r24, Z
    43e2:	80 61       	ori	r24, 0x10	; 16
    43e4:	8c 93       	st	X, r24
			SETBIT(PORTD, 5); //LED
    43e6:	a2 e3       	ldi	r26, 0x32	; 50
    43e8:	b0 e0       	ldi	r27, 0x00	; 0
    43ea:	e2 e3       	ldi	r30, 0x32	; 50
    43ec:	f0 e0       	ldi	r31, 0x00	; 0
    43ee:	80 81       	ld	r24, Z
    43f0:	80 62       	ori	r24, 0x20	; 32
    43f2:	8c 93       	st	X, r24
    43f4:	80 e0       	ldi	r24, 0x00	; 0
    43f6:	90 e0       	ldi	r25, 0x00	; 0
    43f8:	a6 e9       	ldi	r26, 0x96	; 150
    43fa:	b3 e4       	ldi	r27, 0x43	; 67
    43fc:	89 8f       	std	Y+25, r24	; 0x19
    43fe:	9a 8f       	std	Y+26, r25	; 0x1a
    4400:	ab 8f       	std	Y+27, r26	; 0x1b
    4402:	bc 8f       	std	Y+28, r27	; 0x1c
 */
void
_delay_ms(double __ms)
{
	uint16_t __ticks;
	double __tmp = ((F_CPU) / 4e3) * __ms;
    4404:	69 8d       	ldd	r22, Y+25	; 0x19
    4406:	7a 8d       	ldd	r23, Y+26	; 0x1a
    4408:	8b 8d       	ldd	r24, Y+27	; 0x1b
    440a:	9c 8d       	ldd	r25, Y+28	; 0x1c
    440c:	20 e0       	ldi	r18, 0x00	; 0
    440e:	30 e0       	ldi	r19, 0x00	; 0
    4410:	4a ef       	ldi	r20, 0xFA	; 250
    4412:	54 e4       	ldi	r21, 0x44	; 68
    4414:	0e 94 1f 02 	call	0x43e	; 0x43e <__mulsf3>
    4418:	dc 01       	movw	r26, r24
    441a:	cb 01       	movw	r24, r22
    441c:	8d 8b       	std	Y+21, r24	; 0x15
    441e:	9e 8b       	std	Y+22, r25	; 0x16
    4420:	af 8b       	std	Y+23, r26	; 0x17
    4422:	b8 8f       	std	Y+24, r27	; 0x18
	if (__tmp < 1.0)
    4424:	6d 89       	ldd	r22, Y+21	; 0x15
    4426:	7e 89       	ldd	r23, Y+22	; 0x16
    4428:	8f 89       	ldd	r24, Y+23	; 0x17
    442a:	98 8d       	ldd	r25, Y+24	; 0x18
    442c:	20 e0       	ldi	r18, 0x00	; 0
    442e:	30 e0       	ldi	r19, 0x00	; 0
    4430:	40 e8       	ldi	r20, 0x80	; 128
    4432:	5f e3       	ldi	r21, 0x3F	; 63
    4434:	0e 94 79 03 	call	0x6f2	; 0x6f2 <__ltsf2>
    4438:	88 23       	and	r24, r24
    443a:	2c f4       	brge	.+10     	; 0x4446 <not_allowed+0x10e>
		__ticks = 1;
    443c:	81 e0       	ldi	r24, 0x01	; 1
    443e:	90 e0       	ldi	r25, 0x00	; 0
    4440:	9c 8b       	std	Y+20, r25	; 0x14
    4442:	8b 8b       	std	Y+19, r24	; 0x13
    4444:	3f c0       	rjmp	.+126    	; 0x44c4 <not_allowed+0x18c>
	else if (__tmp > 65535)
    4446:	6d 89       	ldd	r22, Y+21	; 0x15
    4448:	7e 89       	ldd	r23, Y+22	; 0x16
    444a:	8f 89       	ldd	r24, Y+23	; 0x17
    444c:	98 8d       	ldd	r25, Y+24	; 0x18
    444e:	20 e0       	ldi	r18, 0x00	; 0
    4450:	3f ef       	ldi	r19, 0xFF	; 255
    4452:	4f e7       	ldi	r20, 0x7F	; 127
    4454:	57 e4       	ldi	r21, 0x47	; 71
    4456:	0e 94 19 03 	call	0x632	; 0x632 <__gtsf2>
    445a:	18 16       	cp	r1, r24
    445c:	4c f5       	brge	.+82     	; 0x44b0 <not_allowed+0x178>
	{
		//	__ticks = requested delay in 1/10 ms
		__ticks = (uint16_t) (__ms * 10.0);
    445e:	69 8d       	ldd	r22, Y+25	; 0x19
    4460:	7a 8d       	ldd	r23, Y+26	; 0x1a
    4462:	8b 8d       	ldd	r24, Y+27	; 0x1b
    4464:	9c 8d       	ldd	r25, Y+28	; 0x1c
    4466:	20 e0       	ldi	r18, 0x00	; 0
    4468:	30 e0       	ldi	r19, 0x00	; 0
    446a:	40 e2       	ldi	r20, 0x20	; 32
    446c:	51 e4       	ldi	r21, 0x41	; 65
    446e:	0e 94 1f 02 	call	0x43e	; 0x43e <__mulsf3>
    4472:	dc 01       	movw	r26, r24
    4474:	cb 01       	movw	r24, r22
    4476:	bc 01       	movw	r22, r24
    4478:	cd 01       	movw	r24, r26
    447a:	0e 94 49 00 	call	0x92	; 0x92 <__fixunssfsi>
    447e:	dc 01       	movw	r26, r24
    4480:	cb 01       	movw	r24, r22
    4482:	9c 8b       	std	Y+20, r25	; 0x14
    4484:	8b 8b       	std	Y+19, r24	; 0x13
    4486:	0f c0       	rjmp	.+30     	; 0x44a6 <not_allowed+0x16e>
    4488:	88 ec       	ldi	r24, 0xC8	; 200
    448a:	90 e0       	ldi	r25, 0x00	; 0
    448c:	9a 8b       	std	Y+18, r25	; 0x12
    448e:	89 8b       	std	Y+17, r24	; 0x11
    4490:	89 89       	ldd	r24, Y+17	; 0x11
    4492:	9a 89       	ldd	r25, Y+18	; 0x12
    4494:	01 97       	sbiw	r24, 0x01	; 1
    4496:	f1 f7       	brne	.-4      	; 0x4494 <not_allowed+0x15c>
    4498:	9a 8b       	std	Y+18, r25	; 0x12
    449a:	89 8b       	std	Y+17, r24	; 0x11
		while(__ticks)
		{
			// wait 1/10 ms
			_delay_loop_2(((F_CPU) / 4e3) / 10);
			__ticks --;
    449c:	8b 89       	ldd	r24, Y+19	; 0x13
    449e:	9c 89       	ldd	r25, Y+20	; 0x14
    44a0:	01 97       	sbiw	r24, 0x01	; 1
    44a2:	9c 8b       	std	Y+20, r25	; 0x14
    44a4:	8b 8b       	std	Y+19, r24	; 0x13
		__ticks = 1;
	else if (__tmp > 65535)
	{
		//	__ticks = requested delay in 1/10 ms
		__ticks = (uint16_t) (__ms * 10.0);
		while(__ticks)
    44a6:	8b 89       	ldd	r24, Y+19	; 0x13
    44a8:	9c 89       	ldd	r25, Y+20	; 0x14
    44aa:	00 97       	sbiw	r24, 0x00	; 0
    44ac:	69 f7       	brne	.-38     	; 0x4488 <not_allowed+0x150>
    44ae:	14 c0       	rjmp	.+40     	; 0x44d8 <not_allowed+0x1a0>
			__ticks --;
		}
		return;
	}
	else
		__ticks = (uint16_t)__tmp;
    44b0:	6d 89       	ldd	r22, Y+21	; 0x15
    44b2:	7e 89       	ldd	r23, Y+22	; 0x16
    44b4:	8f 89       	ldd	r24, Y+23	; 0x17
    44b6:	98 8d       	ldd	r25, Y+24	; 0x18
    44b8:	0e 94 49 00 	call	0x92	; 0x92 <__fixunssfsi>
    44bc:	dc 01       	movw	r26, r24
    44be:	cb 01       	movw	r24, r22
    44c0:	9c 8b       	std	Y+20, r25	; 0x14
    44c2:	8b 8b       	std	Y+19, r24	; 0x13
    44c4:	8b 89       	ldd	r24, Y+19	; 0x13
    44c6:	9c 89       	ldd	r25, Y+20	; 0x14
    44c8:	98 8b       	std	Y+16, r25	; 0x10
    44ca:	8f 87       	std	Y+15, r24	; 0x0f
    44cc:	8f 85       	ldd	r24, Y+15	; 0x0f
    44ce:	98 89       	ldd	r25, Y+16	; 0x10
    44d0:	01 97       	sbiw	r24, 0x01	; 1
    44d2:	f1 f7       	brne	.-4      	; 0x44d0 <not_allowed+0x198>
    44d4:	98 8b       	std	Y+16, r25	; 0x10
    44d6:	8f 87       	std	Y+15, r24	; 0x0f
			_delay_ms(300);
			LCD_WriteCommand(0b00000001);
    44d8:	81 e0       	ldi	r24, 0x01	; 1
    44da:	0e 94 60 0b 	call	0x16c0	; 0x16c0 <LCD_WriteCommand>
			CLRBIT(PORTD, 4);
    44de:	a2 e3       	ldi	r26, 0x32	; 50
    44e0:	b0 e0       	ldi	r27, 0x00	; 0
    44e2:	e2 e3       	ldi	r30, 0x32	; 50
    44e4:	f0 e0       	ldi	r31, 0x00	; 0
    44e6:	80 81       	ld	r24, Z
    44e8:	8f 7e       	andi	r24, 0xEF	; 239
    44ea:	8c 93       	st	X, r24
			CLRBIT(PORTD, 5);
    44ec:	a2 e3       	ldi	r26, 0x32	; 50
    44ee:	b0 e0       	ldi	r27, 0x00	; 0
    44f0:	e2 e3       	ldi	r30, 0x32	; 50
    44f2:	f0 e0       	ldi	r31, 0x00	; 0
    44f4:	80 81       	ld	r24, Z
    44f6:	8f 7d       	andi	r24, 0xDF	; 223
    44f8:	8c 93       	st	X, r24
    44fa:	80 e0       	ldi	r24, 0x00	; 0
    44fc:	90 e0       	ldi	r25, 0x00	; 0
    44fe:	a6 e9       	ldi	r26, 0x96	; 150
    4500:	b3 e4       	ldi	r27, 0x43	; 67
    4502:	8b 87       	std	Y+11, r24	; 0x0b
    4504:	9c 87       	std	Y+12, r25	; 0x0c
    4506:	ad 87       	std	Y+13, r26	; 0x0d
    4508:	be 87       	std	Y+14, r27	; 0x0e
 */
void
_delay_ms(double __ms)
{
	uint16_t __ticks;
	double __tmp = ((F_CPU) / 4e3) * __ms;
    450a:	6b 85       	ldd	r22, Y+11	; 0x0b
    450c:	7c 85       	ldd	r23, Y+12	; 0x0c
    450e:	8d 85       	ldd	r24, Y+13	; 0x0d
    4510:	9e 85       	ldd	r25, Y+14	; 0x0e
    4512:	20 e0       	ldi	r18, 0x00	; 0
    4514:	30 e0       	ldi	r19, 0x00	; 0
    4516:	4a ef       	ldi	r20, 0xFA	; 250
    4518:	54 e4       	ldi	r21, 0x44	; 68
    451a:	0e 94 1f 02 	call	0x43e	; 0x43e <__mulsf3>
    451e:	dc 01       	movw	r26, r24
    4520:	cb 01       	movw	r24, r22
    4522:	8f 83       	std	Y+7, r24	; 0x07
    4524:	98 87       	std	Y+8, r25	; 0x08
    4526:	a9 87       	std	Y+9, r26	; 0x09
    4528:	ba 87       	std	Y+10, r27	; 0x0a
	if (__tmp < 1.0)
    452a:	6f 81       	ldd	r22, Y+7	; 0x07
    452c:	78 85       	ldd	r23, Y+8	; 0x08
    452e:	89 85       	ldd	r24, Y+9	; 0x09
    4530:	9a 85       	ldd	r25, Y+10	; 0x0a
    4532:	20 e0       	ldi	r18, 0x00	; 0
    4534:	30 e0       	ldi	r19, 0x00	; 0
    4536:	40 e8       	ldi	r20, 0x80	; 128
    4538:	5f e3       	ldi	r21, 0x3F	; 63
    453a:	0e 94 79 03 	call	0x6f2	; 0x6f2 <__ltsf2>
    453e:	88 23       	and	r24, r24
    4540:	2c f4       	brge	.+10     	; 0x454c <not_allowed+0x214>
		__ticks = 1;
    4542:	81 e0       	ldi	r24, 0x01	; 1
    4544:	90 e0       	ldi	r25, 0x00	; 0
    4546:	9e 83       	std	Y+6, r25	; 0x06
    4548:	8d 83       	std	Y+5, r24	; 0x05
    454a:	3f c0       	rjmp	.+126    	; 0x45ca <not_allowed+0x292>
	else if (__tmp > 65535)
    454c:	6f 81       	ldd	r22, Y+7	; 0x07
    454e:	78 85       	ldd	r23, Y+8	; 0x08
    4550:	89 85       	ldd	r24, Y+9	; 0x09
    4552:	9a 85       	ldd	r25, Y+10	; 0x0a
    4554:	20 e0       	ldi	r18, 0x00	; 0
    4556:	3f ef       	ldi	r19, 0xFF	; 255
    4558:	4f e7       	ldi	r20, 0x7F	; 127
    455a:	57 e4       	ldi	r21, 0x47	; 71
    455c:	0e 94 19 03 	call	0x632	; 0x632 <__gtsf2>
    4560:	18 16       	cp	r1, r24
    4562:	4c f5       	brge	.+82     	; 0x45b6 <not_allowed+0x27e>
	{
		//	__ticks = requested delay in 1/10 ms
		__ticks = (uint16_t) (__ms * 10.0);
    4564:	6b 85       	ldd	r22, Y+11	; 0x0b
    4566:	7c 85       	ldd	r23, Y+12	; 0x0c
    4568:	8d 85       	ldd	r24, Y+13	; 0x0d
    456a:	9e 85       	ldd	r25, Y+14	; 0x0e
    456c:	20 e0       	ldi	r18, 0x00	; 0
    456e:	30 e0       	ldi	r19, 0x00	; 0
    4570:	40 e2       	ldi	r20, 0x20	; 32
    4572:	51 e4       	ldi	r21, 0x41	; 65
    4574:	0e 94 1f 02 	call	0x43e	; 0x43e <__mulsf3>
    4578:	dc 01       	movw	r26, r24
    457a:	cb 01       	movw	r24, r22
    457c:	bc 01       	movw	r22, r24
    457e:	cd 01       	movw	r24, r26
    4580:	0e 94 49 00 	call	0x92	; 0x92 <__fixunssfsi>
    4584:	dc 01       	movw	r26, r24
    4586:	cb 01       	movw	r24, r22
    4588:	9e 83       	std	Y+6, r25	; 0x06
    458a:	8d 83       	std	Y+5, r24	; 0x05
    458c:	0f c0       	rjmp	.+30     	; 0x45ac <not_allowed+0x274>
    458e:	88 ec       	ldi	r24, 0xC8	; 200
    4590:	90 e0       	ldi	r25, 0x00	; 0
    4592:	9c 83       	std	Y+4, r25	; 0x04
    4594:	8b 83       	std	Y+3, r24	; 0x03
    4596:	8b 81       	ldd	r24, Y+3	; 0x03
    4598:	9c 81       	ldd	r25, Y+4	; 0x04
    459a:	01 97       	sbiw	r24, 0x01	; 1
    459c:	f1 f7       	brne	.-4      	; 0x459a <not_allowed+0x262>
    459e:	9c 83       	std	Y+4, r25	; 0x04
    45a0:	8b 83       	std	Y+3, r24	; 0x03
		while(__ticks)
		{
			// wait 1/10 ms
			_delay_loop_2(((F_CPU) / 4e3) / 10);
			__ticks --;
    45a2:	8d 81       	ldd	r24, Y+5	; 0x05
    45a4:	9e 81       	ldd	r25, Y+6	; 0x06
    45a6:	01 97       	sbiw	r24, 0x01	; 1
    45a8:	9e 83       	std	Y+6, r25	; 0x06
    45aa:	8d 83       	std	Y+5, r24	; 0x05
		__ticks = 1;
	else if (__tmp > 65535)
	{
		//	__ticks = requested delay in 1/10 ms
		__ticks = (uint16_t) (__ms * 10.0);
		while(__ticks)
    45ac:	8d 81       	ldd	r24, Y+5	; 0x05
    45ae:	9e 81       	ldd	r25, Y+6	; 0x06
    45b0:	00 97       	sbiw	r24, 0x00	; 0
    45b2:	69 f7       	brne	.-38     	; 0x458e <not_allowed+0x256>
    45b4:	14 c0       	rjmp	.+40     	; 0x45de <not_allowed+0x2a6>
			__ticks --;
		}
		return;
	}
	else
		__ticks = (uint16_t)__tmp;
    45b6:	6f 81       	ldd	r22, Y+7	; 0x07
    45b8:	78 85       	ldd	r23, Y+8	; 0x08
    45ba:	89 85       	ldd	r24, Y+9	; 0x09
    45bc:	9a 85       	ldd	r25, Y+10	; 0x0a
    45be:	0e 94 49 00 	call	0x92	; 0x92 <__fixunssfsi>
    45c2:	dc 01       	movw	r26, r24
    45c4:	cb 01       	movw	r24, r22
    45c6:	9e 83       	std	Y+6, r25	; 0x06
    45c8:	8d 83       	std	Y+5, r24	; 0x05
    45ca:	8d 81       	ldd	r24, Y+5	; 0x05
    45cc:	9e 81       	ldd	r25, Y+6	; 0x06
    45ce:	9a 83       	std	Y+2, r25	; 0x02
    45d0:	89 83       	std	Y+1, r24	; 0x01
    45d2:	89 81       	ldd	r24, Y+1	; 0x01
    45d4:	9a 81       	ldd	r25, Y+2	; 0x02
    45d6:	01 97       	sbiw	r24, 0x01	; 1
    45d8:	f1 f7       	brne	.-4      	; 0x45d6 <not_allowed+0x29e>
    45da:	9a 83       	std	Y+2, r25	; 0x02
    45dc:	89 83       	std	Y+1, r24	; 0x01

}
u8 y = 0;
void not_allowed(void) {
	while (1) {
		for (u8 i = 0; i < 50; i++) {
    45de:	8d 8d       	ldd	r24, Y+29	; 0x1d
    45e0:	8f 5f       	subi	r24, 0xFF	; 255
    45e2:	8d 8f       	std	Y+29, r24	; 0x1d
    45e4:	8d 8d       	ldd	r24, Y+29	; 0x1d
    45e6:	82 33       	cpi	r24, 0x32	; 50
    45e8:	08 f4       	brcc	.+2      	; 0x45ec <not_allowed+0x2b4>
    45ea:	b2 ce       	rjmp	.-668    	; 0x4350 <not_allowed+0x18>
    45ec:	af ce       	rjmp	.-674    	; 0x434c <not_allowed+0x14>

000045ee <__prologue_saves__>:
    45ee:	2f 92       	push	r2
    45f0:	3f 92       	push	r3
    45f2:	4f 92       	push	r4
    45f4:	5f 92       	push	r5
    45f6:	6f 92       	push	r6
    45f8:	7f 92       	push	r7
    45fa:	8f 92       	push	r8
    45fc:	9f 92       	push	r9
    45fe:	af 92       	push	r10
    4600:	bf 92       	push	r11
    4602:	cf 92       	push	r12
    4604:	df 92       	push	r13
    4606:	ef 92       	push	r14
    4608:	ff 92       	push	r15
    460a:	0f 93       	push	r16
    460c:	1f 93       	push	r17
    460e:	cf 93       	push	r28
    4610:	df 93       	push	r29
    4612:	cd b7       	in	r28, 0x3d	; 61
    4614:	de b7       	in	r29, 0x3e	; 62
    4616:	ca 1b       	sub	r28, r26
    4618:	db 0b       	sbc	r29, r27
    461a:	0f b6       	in	r0, 0x3f	; 63
    461c:	f8 94       	cli
    461e:	de bf       	out	0x3e, r29	; 62
    4620:	0f be       	out	0x3f, r0	; 63
    4622:	cd bf       	out	0x3d, r28	; 61
    4624:	09 94       	ijmp

00004626 <__epilogue_restores__>:
    4626:	2a 88       	ldd	r2, Y+18	; 0x12
    4628:	39 88       	ldd	r3, Y+17	; 0x11
    462a:	48 88       	ldd	r4, Y+16	; 0x10
    462c:	5f 84       	ldd	r5, Y+15	; 0x0f
    462e:	6e 84       	ldd	r6, Y+14	; 0x0e
    4630:	7d 84       	ldd	r7, Y+13	; 0x0d
    4632:	8c 84       	ldd	r8, Y+12	; 0x0c
    4634:	9b 84       	ldd	r9, Y+11	; 0x0b
    4636:	aa 84       	ldd	r10, Y+10	; 0x0a
    4638:	b9 84       	ldd	r11, Y+9	; 0x09
    463a:	c8 84       	ldd	r12, Y+8	; 0x08
    463c:	df 80       	ldd	r13, Y+7	; 0x07
    463e:	ee 80       	ldd	r14, Y+6	; 0x06
    4640:	fd 80       	ldd	r15, Y+5	; 0x05
    4642:	0c 81       	ldd	r16, Y+4	; 0x04
    4644:	1b 81       	ldd	r17, Y+3	; 0x03
    4646:	aa 81       	ldd	r26, Y+2	; 0x02
    4648:	b9 81       	ldd	r27, Y+1	; 0x01
    464a:	ce 0f       	add	r28, r30
    464c:	d1 1d       	adc	r29, r1
    464e:	0f b6       	in	r0, 0x3f	; 63
    4650:	f8 94       	cli
    4652:	de bf       	out	0x3e, r29	; 62
    4654:	0f be       	out	0x3f, r0	; 63
    4656:	cd bf       	out	0x3d, r28	; 61
    4658:	ed 01       	movw	r28, r26
    465a:	08 95       	ret

0000465c <strlen>:
    465c:	fc 01       	movw	r30, r24
    465e:	01 90       	ld	r0, Z+
    4660:	00 20       	and	r0, r0
    4662:	e9 f7       	brne	.-6      	; 0x465e <strlen+0x2>
    4664:	80 95       	com	r24
    4666:	90 95       	com	r25
    4668:	8e 0f       	add	r24, r30
    466a:	9f 1f       	adc	r25, r31
    466c:	08 95       	ret

0000466e <_exit>:
    466e:	f8 94       	cli

00004670 <__stop_program>:
    4670:	ff cf       	rjmp	.-2      	; 0x4670 <__stop_program>
